ISO-10303-21;
HEADER;
/*Generated by software containing ST-Developer
 * from STEP Tools, Inc. (www.steptools.com) 
 */
/*OPTION: using custom renumber hook */
/*description */
/*implementation_level */
FILE_DESCRIPTION(('STEP AP242 Edition 2','STEP AP242 Edition 2''CAx-IF Rec.Pracs.---Representation and Presentation of Product Manufa
cturing Information (PMI)---4.0---2014-10-13','STEP AP242 Edition 2''CAx-IF Rec.Pracs.---Representation and Presentation of Product Manufa
cturing Information (PMI)---4.0---2014-10-13''CAx-IF Rec.Pracs.---3D Tessellated Geometry---0.4---2014-09-14','STEP AP242 Edition 2''CAx-IF Rec.Pracs.---Representation and Presentation of Product Manufa
cturing Information (PMI)---4.0---2014-10-13''CAx-IF Rec.Pracs.---3D Tessellated Geometry---0.4---2014-09-14''2;1','STEP AP242 Edition 2''CAx-IF Rec.Pracs.---Representation and Presentation of Product Manufa
cturing Information (PMI)---4.0---2014-10-13''CAx-IF Rec.Pracs.---3D Tessellated Geometry---0.4---2014-09-14''2;1''CAx-IF Rec.Pracs.---User Defined Attributes---1.5---2016-08-15'),'2;1');
/*name */
/*time_stamp */
/*author */
/*organization */
/*preprocessor_version */
/*originating_system */
/*authorisation */
FILE_NAME('/vol/tmp/translate-7480644423731050506/Board_Extended_Main.step','2026-03-20T02:11:34',(''),(''),'ST-DEVELOPER v20','ONSHAPE BY PTC INC, 1.212','  ');
FILE_SCHEMA(('AP242_MANAGED_MODEL_BASED_3D_ENGINEERING_MIM_LF { 1 0 10303 442 3 1 4 }'));
ENDSEC;
DATA;
#10=B_SPLINE_CURVE_WITH_KNOTS('',3,(#13306,#13307,#13308,#13309),.UNSPECIFIED.,.F.,.F.,(4,4),(0.,0.896111645887318),.PIECEWISE_BEZIER_KNOTS.);
#11=B_SPLINE_CURVE_WITH_KNOTS('',3,(#13319,#13320,#13321,#13322),.UNSPECIFIED.,.F.,.F.,(4,4),(0.0933533502223658,1.),.PIECEWISE_BEZIER_KNOTS.);
#12=B_SPLINE_CURVE_WITH_KNOTS('',3,(#13368,#13369,#13370,#13371),.UNSPECIFIED.,.F.,.F.,(4,4),(0.0933533502223658,1.),.PIECEWISE_BEZIER_KNOTS.);
#13=B_SPLINE_CURVE_WITH_KNOTS('',3,(#13514,#13515,#13516,#13517),.UNSPECIFIED.,.F.,.F.,(4,4),(0.,0.896111645887318),.PIECEWISE_BEZIER_KNOTS.);
#14=B_SPLINE_CURVE_WITH_KNOTS('',3,(#13519,#13520,#13521,#13522),.UNSPECIFIED.,.F.,.F.,(4,4),(0.,0.896111645887318),.PIECEWISE_BEZIER_KNOTS.);
#15=B_SPLINE_CURVE_WITH_KNOTS('',3,(#13528,#13529,#13530,#13531),.UNSPECIFIED.,.F.,.F.,(4,4),(0.,0.896111645887318),.PIECEWISE_BEZIER_KNOTS.);
#16=B_SPLINE_CURVE_WITH_KNOTS('',3,(#13573,#13574,#13575,#13576),.UNSPECIFIED.,.F.,.F.,(4,4),(0.0933533502223658,1.),.PIECEWISE_BEZIER_KNOTS.);
#17=B_SPLINE_CURVE_WITH_KNOTS('',3,(#13577,#13578,#13579,#13580),.UNSPECIFIED.,.F.,.F.,(4,4),(0.0933533502223658,1.),.PIECEWISE_BEZIER_KNOTS.);
#18=B_SPLINE_CURVE_WITH_KNOTS('',3,(#14808,#14809,#14810,#14811),.UNSPECIFIED.,.F.,.F.,(4,4),(0.0933533502223658,1.),.PIECEWISE_BEZIER_KNOTS.);
#19=B_SPLINE_CURVE_WITH_KNOTS('',3,(#14837,#14838,#14839,#14840),.UNSPECIFIED.,.F.,.F.,(4,4),(0.0933533502223658,1.),.PIECEWISE_BEZIER_KNOTS.);
#20=B_SPLINE_CURVE_WITH_KNOTS('',3,(#14847,#14848,#14849,#14850),.UNSPECIFIED.,.F.,.F.,(4,4),(0.0933533502223658,1.),.PIECEWISE_BEZIER_KNOTS.);
#21=B_SPLINE_CURVE_WITH_KNOTS('',3,(#14851,#14852,#14853,#14854),.UNSPECIFIED.,.F.,.F.,(4,4),(0.0933533502223658,1.),.PIECEWISE_BEZIER_KNOTS.);
#22=B_SPLINE_CURVE_WITH_KNOTS('',3,(#14857,#14858,#14859,#14860),.UNSPECIFIED.,.F.,.F.,(4,4),(0.0933533502223658,1.),.PIECEWISE_BEZIER_KNOTS.);
#23=B_SPLINE_CURVE_WITH_KNOTS('',3,(#14861,#14862,#14863,#14864),.UNSPECIFIED.,.F.,.F.,(4,4),(0.0933533502223658,1.),.PIECEWISE_BEZIER_KNOTS.);
#24=B_SPLINE_CURVE_WITH_KNOTS('',3,(#14868,#14869,#14870,#14871),.UNSPECIFIED.,.F.,.F.,(4,4),(0.0933533502223658,1.),.PIECEWISE_BEZIER_KNOTS.);
#25=B_SPLINE_CURVE_WITH_KNOTS('',3,(#14955,#14956,#14957,#14958),.UNSPECIFIED.,.F.,.F.,(4,4),(0.0933533502223658,1.),.PIECEWISE_BEZIER_KNOTS.);
#26=B_SPLINE_CURVE_WITH_KNOTS('',3,(#15066,#15067,#15068,#15069),.UNSPECIFIED.,.F.,.F.,(4,4),(0.0933533502223658,1.),.PIECEWISE_BEZIER_KNOTS.);
#27=B_SPLINE_CURVE_WITH_KNOTS('',3,(#15070,#15071,#15072,#15073),.UNSPECIFIED.,.F.,.F.,(4,4),(0.0933533502223658,1.),.PIECEWISE_BEZIER_KNOTS.);
#28=SHAPE_REPRESENTATION_RELATIONSHIP('','',#8565,#40);
#29=SHAPE_REPRESENTATION_RELATIONSHIP('','',#8566,#41);
#30=SHAPE_REPRESENTATION_RELATIONSHIP('','',#8567,#42);
#31=SHAPE_REPRESENTATION_RELATIONSHIP('','',#8568,#43);
#32=SHAPE_REPRESENTATION_RELATIONSHIP('','',#8569,#44);
#33=SHAPE_REPRESENTATION_RELATIONSHIP('','',#8570,#45);
#34=SHAPE_REPRESENTATION_RELATIONSHIP('','',#8571,#46);
#35=SHAPE_REPRESENTATION_RELATIONSHIP('','',#8572,#47);
#36=SHAPE_REPRESENTATION_RELATIONSHIP('','',#8573,#48);
#37=SHAPE_REPRESENTATION_RELATIONSHIP('','',#8574,#49);
#38=SHAPE_REPRESENTATION_RELATIONSHIP('','',#8575,#50);
#39=SHAPE_REPRESENTATION_RELATIONSHIP('','',#8576,#51);
#40=ADVANCED_BREP_SHAPE_REPRESENTATION('',(#8541),#15561);
#41=ADVANCED_BREP_SHAPE_REPRESENTATION('',(#8542),#15562);
#42=ADVANCED_BREP_SHAPE_REPRESENTATION('',(#8543),#15563);
#43=ADVANCED_BREP_SHAPE_REPRESENTATION('',(#8544),#15564);
#44=ADVANCED_BREP_SHAPE_REPRESENTATION('',(#8545),#15565);
#45=ADVANCED_BREP_SHAPE_REPRESENTATION('',(#8546),#15566);
#46=ADVANCED_BREP_SHAPE_REPRESENTATION('',(#8547),#15567);
#47=ADVANCED_BREP_SHAPE_REPRESENTATION('',(#8548),#15568);
#48=ADVANCED_BREP_SHAPE_REPRESENTATION('',(#8549),#15569);
#49=ADVANCED_BREP_SHAPE_REPRESENTATION('',(#8550),#15570);
#50=ADVANCED_BREP_SHAPE_REPRESENTATION('',(#8551),#15571);
#51=ADVANCED_BREP_SHAPE_REPRESENTATION('',(#8552),#15572);
#52=LINE('',#10651,#747);
#53=LINE('',#10654,#748);
#54=LINE('',#10656,#749);
#55=LINE('',#10658,#750);
#56=LINE('',#10663,#751);
#57=LINE('',#10666,#752);
#58=LINE('',#10668,#753);
#59=LINE('',#10670,#754);
#60=LINE('',#10675,#755);
#61=LINE('',#10678,#756);
#62=LINE('',#10680,#757);
#63=LINE('',#10682,#758);
#64=LINE('',#10687,#759);
#65=LINE('',#10690,#760);
#66=LINE('',#10692,#761);
#67=LINE('',#10694,#762);
#68=LINE('',#10699,#763);
#69=LINE('',#10704,#764);
#70=LINE('',#10710,#765);
#71=LINE('',#10714,#766);
#72=LINE('',#10717,#767);
#73=LINE('',#10720,#768);
#74=LINE('',#10722,#769);
#75=LINE('',#10724,#770);
#76=LINE('',#10726,#771);
#77=LINE('',#10728,#772);
#78=LINE('',#10729,#773);
#79=LINE('',#10732,#774);
#80=LINE('',#10734,#775);
#81=LINE('',#10736,#776);
#82=LINE('',#10738,#777);
#83=LINE('',#10740,#778);
#84=LINE('',#10741,#779);
#85=LINE('',#10744,#780);
#86=LINE('',#10746,#781);
#87=LINE('',#10748,#782);
#88=LINE('',#10750,#783);
#89=LINE('',#10752,#784);
#90=LINE('',#10757,#785);
#91=LINE('',#10762,#786);
#92=LINE('',#10766,#787);
#93=LINE('',#10770,#788);
#94=LINE('',#10779,#789);
#95=LINE('',#10781,#790);
#96=LINE('',#10783,#791);
#97=LINE('',#10788,#792);
#98=LINE('',#10790,#793);
#99=LINE('',#10795,#794);
#100=LINE('',#10797,#795);
#101=LINE('',#10802,#796);
#102=LINE('',#10804,#797);
#103=LINE('',#10809,#798);
#104=LINE('',#10811,#799);
#105=LINE('',#10816,#800);
#106=LINE('',#10825,#801);
#107=LINE('',#10827,#802);
#108=LINE('',#10829,#803);
#109=LINE('',#10834,#804);
#110=LINE('',#10836,#805);
#111=LINE('',#10841,#806);
#112=LINE('',#10843,#807);
#113=LINE('',#10848,#808);
#114=LINE('',#10850,#809);
#115=LINE('',#10855,#810);
#116=LINE('',#10857,#811);
#117=LINE('',#10862,#812);
#118=LINE('',#10871,#813);
#119=LINE('',#10873,#814);
#120=LINE('',#10875,#815);
#121=LINE('',#10880,#816);
#122=LINE('',#10882,#817);
#123=LINE('',#10887,#818);
#124=LINE('',#10889,#819);
#125=LINE('',#10894,#820);
#126=LINE('',#10896,#821);
#127=LINE('',#10901,#822);
#128=LINE('',#10903,#823);
#129=LINE('',#10908,#824);
#130=LINE('',#11308,#825);
#131=LINE('',#11311,#826);
#132=LINE('',#11313,#827);
#133=LINE('',#11315,#828);
#134=LINE('',#11320,#829);
#135=LINE('',#11323,#830);
#136=LINE('',#11325,#831);
#137=LINE('',#11327,#832);
#138=LINE('',#11332,#833);
#139=LINE('',#11335,#834);
#140=LINE('',#11337,#835);
#141=LINE('',#11339,#836);
#142=LINE('',#11344,#837);
#143=LINE('',#11347,#838);
#144=LINE('',#11349,#839);
#145=LINE('',#11351,#840);
#146=LINE('',#11356,#841);
#147=LINE('',#11361,#842);
#148=LINE('',#11365,#843);
#149=LINE('',#11371,#844);
#150=LINE('',#11381,#845);
#151=LINE('',#11386,#846);
#152=LINE('',#11390,#847);
#153=LINE('',#11394,#848);
#154=LINE('',#11713,#849);
#155=LINE('',#11716,#850);
#156=LINE('',#11718,#851);
#157=LINE('',#11720,#852);
#158=LINE('',#11735,#853);
#159=LINE('',#11742,#854);
#160=LINE('',#11744,#855);
#161=LINE('',#11746,#856);
#162=LINE('',#11759,#857);
#163=LINE('',#11764,#858);
#164=LINE('',#11766,#859);
#165=LINE('',#11768,#860);
#166=LINE('',#11773,#861);
#167=LINE('',#11775,#862);
#168=LINE('',#11777,#863);
#169=LINE('',#11782,#864);
#170=LINE('',#11784,#865);
#171=LINE('',#11786,#866);
#172=LINE('',#11803,#867);
#173=LINE('',#11808,#868);
#174=LINE('',#11810,#869);
#175=LINE('',#11812,#870);
#176=LINE('',#11825,#871);
#177=LINE('',#11830,#872);
#178=LINE('',#11832,#873);
#179=LINE('',#11834,#874);
#180=LINE('',#11847,#875);
#181=LINE('',#11852,#876);
#182=LINE('',#11854,#877);
#183=LINE('',#11856,#878);
#184=LINE('',#11869,#879);
#185=LINE('',#11874,#880);
#186=LINE('',#11876,#881);
#187=LINE('',#11878,#882);
#188=LINE('',#11891,#883);
#189=LINE('',#11896,#884);
#190=LINE('',#11898,#885);
#191=LINE('',#11900,#886);
#192=LINE('',#11905,#887);
#193=LINE('',#11907,#888);
#194=LINE('',#11909,#889);
#195=LINE('',#11914,#890);
#196=LINE('',#11916,#891);
#197=LINE('',#11918,#892);
#198=LINE('',#11931,#893);
#199=LINE('',#11936,#894);
#200=LINE('',#11938,#895);
#201=LINE('',#11940,#896);
#202=LINE('',#11953,#897);
#203=LINE('',#11958,#898);
#204=LINE('',#11960,#899);
#205=LINE('',#11962,#900);
#206=LINE('',#11975,#901);
#207=LINE('',#11980,#902);
#208=LINE('',#11982,#903);
#209=LINE('',#11984,#904);
#210=LINE('',#11997,#905);
#211=LINE('',#12002,#906);
#212=LINE('',#12004,#907);
#213=LINE('',#12006,#908);
#214=LINE('',#12023,#909);
#215=LINE('',#12028,#910);
#216=LINE('',#12030,#911);
#217=LINE('',#12032,#912);
#218=LINE('',#12037,#913);
#219=LINE('',#12039,#914);
#220=LINE('',#12041,#915);
#221=LINE('',#12046,#916);
#222=LINE('',#12048,#917);
#223=LINE('',#12050,#918);
#224=LINE('',#12063,#919);
#225=LINE('',#12068,#920);
#226=LINE('',#12070,#921);
#227=LINE('',#12072,#922);
#228=LINE('',#12087,#923);
#229=LINE('',#12094,#924);
#230=LINE('',#12096,#925);
#231=LINE('',#12098,#926);
#232=LINE('',#12111,#927);
#233=LINE('',#12116,#928);
#234=LINE('',#12118,#929);
#235=LINE('',#12120,#930);
#236=LINE('',#12133,#931);
#237=LINE('',#12138,#932);
#238=LINE('',#12140,#933);
#239=LINE('',#12142,#934);
#240=LINE('',#12155,#935);
#241=LINE('',#12160,#936);
#242=LINE('',#12162,#937);
#243=LINE('',#12164,#938);
#244=LINE('',#12169,#939);
#245=LINE('',#12171,#940);
#246=LINE('',#12173,#941);
#247=LINE('',#12178,#942);
#248=LINE('',#12180,#943);
#249=LINE('',#12182,#944);
#250=LINE('',#12195,#945);
#251=LINE('',#12200,#946);
#252=LINE('',#12202,#947);
#253=LINE('',#12204,#948);
#254=LINE('',#12225,#949);
#255=LINE('',#12232,#950);
#256=LINE('',#12234,#951);
#257=LINE('',#12236,#952);
#258=LINE('',#12324,#953);
#259=LINE('',#12327,#954);
#260=LINE('',#12329,#955);
#261=LINE('',#12331,#956);
#262=LINE('',#12336,#957);
#263=LINE('',#12338,#958);
#264=LINE('',#12340,#959);
#265=LINE('',#12345,#960);
#266=LINE('',#12347,#961);
#267=LINE('',#12349,#962);
#268=LINE('',#12374,#963);
#269=LINE('',#12375,#964);
#270=LINE('',#12453,#965);
#271=LINE('',#12456,#966);
#272=LINE('',#12458,#967);
#273=LINE('',#12460,#968);
#274=LINE('',#12465,#969);
#275=LINE('',#12467,#970);
#276=LINE('',#12469,#971);
#277=LINE('',#12474,#972);
#278=LINE('',#12476,#973);
#279=LINE('',#12478,#974);
#280=LINE('',#12503,#975);
#281=LINE('',#12504,#976);
#282=LINE('',#12582,#977);
#283=LINE('',#12585,#978);
#284=LINE('',#12587,#979);
#285=LINE('',#12589,#980);
#286=LINE('',#12594,#981);
#287=LINE('',#12596,#982);
#288=LINE('',#12598,#983);
#289=LINE('',#12603,#984);
#290=LINE('',#12605,#985);
#291=LINE('',#12607,#986);
#292=LINE('',#12632,#987);
#293=LINE('',#12633,#988);
#294=LINE('',#12711,#989);
#295=LINE('',#12714,#990);
#296=LINE('',#12716,#991);
#297=LINE('',#12718,#992);
#298=LINE('',#12723,#993);
#299=LINE('',#12725,#994);
#300=LINE('',#12727,#995);
#301=LINE('',#12732,#996);
#302=LINE('',#12734,#997);
#303=LINE('',#12736,#998);
#304=LINE('',#12761,#999);
#305=LINE('',#12762,#1000);
#306=LINE('',#12840,#1001);
#307=LINE('',#12843,#1002);
#308=LINE('',#12845,#1003);
#309=LINE('',#12847,#1004);
#310=LINE('',#12852,#1005);
#311=LINE('',#12854,#1006);
#312=LINE('',#12856,#1007);
#313=LINE('',#12861,#1008);
#314=LINE('',#12863,#1009);
#315=LINE('',#12865,#1010);
#316=LINE('',#12890,#1011);
#317=LINE('',#12891,#1012);
#318=LINE('',#12969,#1013);
#319=LINE('',#12972,#1014);
#320=LINE('',#12974,#1015);
#321=LINE('',#12976,#1016);
#322=LINE('',#12981,#1017);
#323=LINE('',#12983,#1018);
#324=LINE('',#12985,#1019);
#325=LINE('',#12990,#1020);
#326=LINE('',#12992,#1021);
#327=LINE('',#12994,#1022);
#328=LINE('',#13019,#1023);
#329=LINE('',#13020,#1024);
#330=LINE('',#13074,#1025);
#331=LINE('',#13091,#1026);
#332=LINE('',#13222,#1027);
#333=LINE('',#13225,#1028);
#334=LINE('',#13227,#1029);
#335=LINE('',#13229,#1030);
#336=LINE('',#13234,#1031);
#337=LINE('',#13237,#1032);
#338=LINE('',#13239,#1033);
#339=LINE('',#13241,#1034);
#340=LINE('',#13243,#1035);
#341=LINE('',#13245,#1036);
#342=LINE('',#13247,#1037);
#343=LINE('',#13249,#1038);
#344=LINE('',#13251,#1039);
#345=LINE('',#13253,#1040);
#346=LINE('',#13255,#1041);
#347=LINE('',#13257,#1042);
#348=LINE('',#13259,#1043);
#349=LINE('',#13261,#1044);
#350=LINE('',#13263,#1045);
#351=LINE('',#13265,#1046);
#352=LINE('',#13270,#1047);
#353=LINE('',#13273,#1048);
#354=LINE('',#13275,#1049);
#355=LINE('',#13277,#1050);
#356=LINE('',#13282,#1051);
#357=LINE('',#13285,#1052);
#358=LINE('',#13287,#1053);
#359=LINE('',#13289,#1054);
#360=LINE('',#13294,#1055);
#361=LINE('',#13297,#1056);
#362=LINE('',#13299,#1057);
#363=LINE('',#13301,#1058);
#364=LINE('',#13311,#1059);
#365=LINE('',#13312,#1060);
#366=LINE('',#13314,#1061);
#367=LINE('',#13325,#1062);
#368=LINE('',#13327,#1063);
#369=LINE('',#13329,#1064);
#370=LINE('',#13330,#1065);
#371=LINE('',#13335,#1066);
#372=LINE('',#13337,#1067);
#373=LINE('',#13339,#1068);
#374=LINE('',#13350,#1069);
#375=LINE('',#13352,#1070);
#376=LINE('',#13354,#1071);
#377=LINE('',#13359,#1072);
#378=LINE('',#13362,#1073);
#379=LINE('',#13364,#1074);
#380=LINE('',#13365,#1075);
#381=LINE('',#13367,#1076);
#382=LINE('',#13375,#1077);
#383=LINE('',#13377,#1078);
#384=LINE('',#13382,#1079);
#385=LINE('',#13385,#1080);
#386=LINE('',#13386,#1081);
#387=LINE('',#13387,#1082);
#388=LINE('',#13388,#1083);
#389=LINE('',#13390,#1084);
#390=LINE('',#13392,#1085);
#391=LINE('',#13394,#1086);
#392=LINE('',#13396,#1087);
#393=LINE('',#13398,#1088);
#394=LINE('',#13399,#1089);
#395=LINE('',#13400,#1090);
#396=LINE('',#13402,#1091);
#397=LINE('',#13404,#1092);
#398=LINE('',#13409,#1093);
#399=LINE('',#13412,#1094);
#400=LINE('',#13414,#1095);
#401=LINE('',#13415,#1096);
#402=LINE('',#13418,#1097);
#403=LINE('',#13425,#1098);
#404=LINE('',#13434,#1099);
#405=LINE('',#13437,#1100);
#406=LINE('',#13438,#1101);
#407=LINE('',#13443,#1102);
#408=LINE('',#13445,#1103);
#409=LINE('',#13450,#1104);
#410=LINE('',#13455,#1105);
#411=LINE('',#13457,#1106);
#412=LINE('',#13462,#1107);
#413=LINE('',#13465,#1108);
#414=LINE('',#13467,#1109);
#415=LINE('',#13469,#1110);
#416=LINE('',#13474,#1111);
#417=LINE('',#13477,#1112);
#418=LINE('',#13478,#1113);
#419=LINE('',#13483,#1114);
#420=LINE('',#13486,#1115);
#421=LINE('',#13487,#1116);
#422=LINE('',#13492,#1117);
#423=LINE('',#13495,#1118);
#424=LINE('',#13496,#1119);
#425=LINE('',#13501,#1120);
#426=LINE('',#13504,#1121);
#427=LINE('',#13505,#1122);
#428=LINE('',#13518,#1123);
#429=LINE('',#13524,#1124);
#430=LINE('',#13526,#1125);
#431=LINE('',#13540,#1126);
#432=LINE('',#13549,#1127);
#433=LINE('',#13550,#1128);
#434=LINE('',#13555,#1129);
#435=LINE('',#13564,#1130);
#436=LINE('',#13582,#1131);
#437=LINE('',#13583,#1132);
#438=LINE('',#13642,#1133);
#439=LINE('',#13643,#1134);
#440=LINE('',#13648,#1135);
#441=LINE('',#13657,#1136);
#442=LINE('',#13659,#1137);
#443=LINE('',#13664,#1138);
#444=LINE('',#13666,#1139);
#445=LINE('',#13670,#1140);
#446=LINE('',#13676,#1141);
#447=LINE('',#13683,#1142);
#448=LINE('',#13685,#1143);
#449=LINE('',#13687,#1144);
#450=LINE('',#13692,#1145);
#451=LINE('',#13697,#1146);
#452=LINE('',#13718,#1147);
#453=LINE('',#13723,#1148);
#454=LINE('',#13728,#1149);
#455=LINE('',#13729,#1150);
#456=LINE('',#13738,#1151);
#457=LINE('',#13747,#1152);
#458=LINE('',#13764,#1153);
#459=LINE('',#13766,#1154);
#460=LINE('',#13768,#1155);
#461=LINE('',#13787,#1156);
#462=LINE('',#13792,#1157);
#463=LINE('',#13794,#1158);
#464=LINE('',#13830,#1159);
#465=LINE('',#13836,#1160);
#466=LINE('',#13841,#1161);
#467=LINE('',#13843,#1162);
#468=LINE('',#13862,#1163);
#469=LINE('',#13867,#1164);
#470=LINE('',#13901,#1165);
#471=LINE('',#13931,#1166);
#472=LINE('',#13981,#1167);
#473=LINE('',#13984,#1168);
#474=LINE('',#13986,#1169);
#475=LINE('',#13988,#1170);
#476=LINE('',#14003,#1171);
#477=LINE('',#14010,#1172);
#478=LINE('',#14012,#1173);
#479=LINE('',#14014,#1174);
#480=LINE('',#14027,#1175);
#481=LINE('',#14032,#1176);
#482=LINE('',#14034,#1177);
#483=LINE('',#14036,#1178);
#484=LINE('',#14041,#1179);
#485=LINE('',#14043,#1180);
#486=LINE('',#14045,#1181);
#487=LINE('',#14050,#1182);
#488=LINE('',#14052,#1183);
#489=LINE('',#14054,#1184);
#490=LINE('',#14071,#1185);
#491=LINE('',#14076,#1186);
#492=LINE('',#14078,#1187);
#493=LINE('',#14080,#1188);
#494=LINE('',#14093,#1189);
#495=LINE('',#14098,#1190);
#496=LINE('',#14100,#1191);
#497=LINE('',#14102,#1192);
#498=LINE('',#14115,#1193);
#499=LINE('',#14120,#1194);
#500=LINE('',#14122,#1195);
#501=LINE('',#14124,#1196);
#502=LINE('',#14137,#1197);
#503=LINE('',#14142,#1198);
#504=LINE('',#14144,#1199);
#505=LINE('',#14146,#1200);
#506=LINE('',#14159,#1201);
#507=LINE('',#14164,#1202);
#508=LINE('',#14166,#1203);
#509=LINE('',#14168,#1204);
#510=LINE('',#14173,#1205);
#511=LINE('',#14175,#1206);
#512=LINE('',#14177,#1207);
#513=LINE('',#14182,#1208);
#514=LINE('',#14184,#1209);
#515=LINE('',#14186,#1210);
#516=LINE('',#14199,#1211);
#517=LINE('',#14204,#1212);
#518=LINE('',#14206,#1213);
#519=LINE('',#14208,#1214);
#520=LINE('',#14221,#1215);
#521=LINE('',#14226,#1216);
#522=LINE('',#14228,#1217);
#523=LINE('',#14230,#1218);
#524=LINE('',#14243,#1219);
#525=LINE('',#14248,#1220);
#526=LINE('',#14250,#1221);
#527=LINE('',#14252,#1222);
#528=LINE('',#14265,#1223);
#529=LINE('',#14270,#1224);
#530=LINE('',#14272,#1225);
#531=LINE('',#14274,#1226);
#532=LINE('',#14291,#1227);
#533=LINE('',#14296,#1228);
#534=LINE('',#14298,#1229);
#535=LINE('',#14300,#1230);
#536=LINE('',#14305,#1231);
#537=LINE('',#14307,#1232);
#538=LINE('',#14309,#1233);
#539=LINE('',#14314,#1234);
#540=LINE('',#14316,#1235);
#541=LINE('',#14318,#1236);
#542=LINE('',#14331,#1237);
#543=LINE('',#14336,#1238);
#544=LINE('',#14338,#1239);
#545=LINE('',#14340,#1240);
#546=LINE('',#14355,#1241);
#547=LINE('',#14362,#1242);
#548=LINE('',#14364,#1243);
#549=LINE('',#14366,#1244);
#550=LINE('',#14379,#1245);
#551=LINE('',#14384,#1246);
#552=LINE('',#14386,#1247);
#553=LINE('',#14388,#1248);
#554=LINE('',#14401,#1249);
#555=LINE('',#14406,#1250);
#556=LINE('',#14408,#1251);
#557=LINE('',#14410,#1252);
#558=LINE('',#14423,#1253);
#559=LINE('',#14428,#1254);
#560=LINE('',#14430,#1255);
#561=LINE('',#14432,#1256);
#562=LINE('',#14437,#1257);
#563=LINE('',#14439,#1258);
#564=LINE('',#14441,#1259);
#565=LINE('',#14446,#1260);
#566=LINE('',#14448,#1261);
#567=LINE('',#14450,#1262);
#568=LINE('',#14463,#1263);
#569=LINE('',#14468,#1264);
#570=LINE('',#14470,#1265);
#571=LINE('',#14472,#1266);
#572=LINE('',#14493,#1267);
#573=LINE('',#14500,#1268);
#574=LINE('',#14502,#1269);
#575=LINE('',#14504,#1270);
#576=LINE('',#14568,#1271);
#577=LINE('',#14585,#1272);
#578=LINE('',#14716,#1273);
#579=LINE('',#14719,#1274);
#580=LINE('',#14721,#1275);
#581=LINE('',#14723,#1276);
#582=LINE('',#14728,#1277);
#583=LINE('',#14731,#1278);
#584=LINE('',#14733,#1279);
#585=LINE('',#14735,#1280);
#586=LINE('',#14736,#1281);
#587=LINE('',#14739,#1282);
#588=LINE('',#14741,#1283);
#589=LINE('',#14743,#1284);
#590=LINE('',#14745,#1285);
#591=LINE('',#14747,#1286);
#592=LINE('',#14749,#1287);
#593=LINE('',#14751,#1288);
#594=LINE('',#14753,#1289);
#595=LINE('',#14755,#1290);
#596=LINE('',#14757,#1291);
#597=LINE('',#14759,#1292);
#598=LINE('',#14761,#1293);
#599=LINE('',#14763,#1294);
#600=LINE('',#14765,#1295);
#601=LINE('',#14767,#1296);
#602=LINE('',#14772,#1297);
#603=LINE('',#14775,#1298);
#604=LINE('',#14777,#1299);
#605=LINE('',#14779,#1300);
#606=LINE('',#14784,#1301);
#607=LINE('',#14787,#1302);
#608=LINE('',#14789,#1303);
#609=LINE('',#14791,#1304);
#610=LINE('',#14796,#1305);
#611=LINE('',#14799,#1306);
#612=LINE('',#14801,#1307);
#613=LINE('',#14803,#1308);
#614=LINE('',#14814,#1309);
#615=LINE('',#14816,#1310);
#616=LINE('',#14818,#1311);
#617=LINE('',#14819,#1312);
#618=LINE('',#14824,#1313);
#619=LINE('',#14826,#1314);
#620=LINE('',#14828,#1315);
#621=LINE('',#14843,#1316);
#622=LINE('',#14845,#1317);
#623=LINE('',#14855,#1318);
#624=LINE('',#14866,#1319);
#625=LINE('',#14873,#1320);
#626=LINE('',#14884,#1321);
#627=LINE('',#14891,#1322);
#628=LINE('',#14893,#1323);
#629=LINE('',#14895,#1324);
#630=LINE('',#14897,#1325);
#631=LINE('',#14899,#1326);
#632=LINE('',#14901,#1327);
#633=LINE('',#14903,#1328);
#634=LINE('',#14908,#1329);
#635=LINE('',#14911,#1330);
#636=LINE('',#14913,#1331);
#637=LINE('',#14915,#1332);
#638=LINE('',#14917,#1333);
#639=LINE('',#14919,#1334);
#640=LINE('',#14921,#1335);
#641=LINE('',#14923,#1336);
#642=LINE('',#14934,#1337);
#643=LINE('',#14936,#1338);
#644=LINE('',#14938,#1339);
#645=LINE('',#14943,#1340);
#646=LINE('',#14946,#1341);
#647=LINE('',#14948,#1342);
#648=LINE('',#14950,#1343);
#649=LINE('',#14952,#1344);
#650=LINE('',#14954,#1345);
#651=LINE('',#14962,#1346);
#652=LINE('',#14964,#1347);
#653=LINE('',#14969,#1348);
#654=LINE('',#14972,#1349);
#655=LINE('',#14974,#1350);
#656=LINE('',#14976,#1351);
#657=LINE('',#14981,#1352);
#658=LINE('',#14984,#1353);
#659=LINE('',#14985,#1354);
#660=LINE('',#14990,#1355);
#661=LINE('',#14991,#1356);
#662=LINE('',#14996,#1357);
#663=LINE('',#14999,#1358);
#664=LINE('',#15000,#1359);
#665=LINE('',#15005,#1360);
#666=LINE('',#15008,#1361);
#667=LINE('',#15009,#1362);
#668=LINE('',#15014,#1363);
#669=LINE('',#15016,#1364);
#670=LINE('',#15021,#1365);
#671=LINE('',#15023,#1366);
#672=LINE('',#15028,#1367);
#673=LINE('',#15030,#1368);
#674=LINE('',#15035,#1369);
#675=LINE('',#15037,#1370);
#676=LINE('',#15042,#1371);
#677=LINE('',#15045,#1372);
#678=LINE('',#15046,#1373);
#679=LINE('',#15057,#1374);
#680=LINE('',#15075,#1375);
#681=LINE('',#15076,#1376);
#682=LINE('',#15136,#1377);
#683=LINE('',#15137,#1378);
#684=LINE('',#15142,#1379);
#685=LINE('',#15147,#1380);
#686=LINE('',#15149,#1381);
#687=LINE('',#15150,#1382);
#688=LINE('',#15152,#1383);
#689=LINE('',#15154,#1384);
#690=LINE('',#15155,#1385);
#691=LINE('',#15156,#1386);
#692=LINE('',#15157,#1387);
#693=LINE('',#15159,#1388);
#694=LINE('',#15161,#1389);
#695=LINE('',#15162,#1390);
#696=LINE('',#15165,#1391);
#697=LINE('',#15166,#1392);
#698=LINE('',#15184,#1393);
#699=LINE('',#15186,#1394);
#700=LINE('',#15187,#1395);
#701=LINE('',#15189,#1396);
#702=LINE('',#15190,#1397);
#703=LINE('',#15191,#1398);
#704=LINE('',#15198,#1399);
#705=LINE('',#15205,#1400);
#706=LINE('',#15207,#1401);
#707=LINE('',#15208,#1402);
#708=LINE('',#15213,#1403);
#709=LINE('',#15214,#1404);
#710=LINE('',#15219,#1405);
#711=LINE('',#15228,#1406);
#712=LINE('',#15233,#1407);
#713=LINE('',#15254,#1408);
#714=LINE('',#15255,#1409);
#715=LINE('',#15264,#1410);
#716=LINE('',#15265,#1411);
#717=LINE('',#15274,#1412);
#718=LINE('',#15279,#1413);
#719=LINE('',#15284,#1414);
#720=LINE('',#15293,#1415);
#721=LINE('',#15298,#1416);
#722=LINE('',#15300,#1417);
#723=LINE('',#15305,#1418);
#724=LINE('',#15310,#1419);
#725=LINE('',#15319,#1420);
#726=LINE('',#15321,#1421);
#727=LINE('',#15323,#1422);
#728=LINE('',#15328,#1423);
#729=LINE('',#15330,#1424);
#730=LINE('',#15335,#1425);
#731=LINE('',#15337,#1426);
#732=LINE('',#15342,#1427);
#733=LINE('',#15359,#1428);
#734=LINE('',#15361,#1429);
#735=LINE('',#15363,#1430);
#736=LINE('',#15382,#1431);
#737=LINE('',#15387,#1432);
#738=LINE('',#15389,#1433);
#739=LINE('',#15413,#1434);
#740=LINE('',#15415,#1435);
#741=LINE('',#15417,#1436);
#742=LINE('',#15434,#1437);
#743=LINE('',#15439,#1438);
#744=LINE('',#15441,#1439);
#745=LINE('',#15491,#1440);
#746=LINE('',#15527,#1441);
#747=VECTOR('',#9033,1.);
#748=VECTOR('',#9034,1.);
#749=VECTOR('',#9035,1.);
#750=VECTOR('',#9036,1.);
#751=VECTOR('',#9037,1.);
#752=VECTOR('',#9038,1.);
#753=VECTOR('',#9039,1.);
#754=VECTOR('',#9040,1.);
#755=VECTOR('',#9041,1.);
#756=VECTOR('',#9042,1.);
#757=VECTOR('',#9043,1.);
#758=VECTOR('',#9044,1.);
#759=VECTOR('',#9045,1.);
#760=VECTOR('',#9046,1.);
#761=VECTOR('',#9047,1.);
#762=VECTOR('',#9048,1.);
#763=VECTOR('',#9049,1.);
#764=VECTOR('',#9052,1.);
#765=VECTOR('',#9057,1.);
#766=VECTOR('',#9060,1.);
#767=VECTOR('',#9063,1.);
#768=VECTOR('',#9064,1.);
#769=VECTOR('',#9065,1.);
#770=VECTOR('',#9066,1.);
#771=VECTOR('',#9067,1.);
#772=VECTOR('',#9068,1.);
#773=VECTOR('',#9069,1.);
#774=VECTOR('',#9070,1.);
#775=VECTOR('',#9071,1.);
#776=VECTOR('',#9072,1.);
#777=VECTOR('',#9073,1.);
#778=VECTOR('',#9074,1.);
#779=VECTOR('',#9075,1.);
#780=VECTOR('',#9076,1.);
#781=VECTOR('',#9077,1.);
#782=VECTOR('',#9078,1.);
#783=VECTOR('',#9079,1.);
#784=VECTOR('',#9080,1.);
#785=VECTOR('',#9081,1.);
#786=VECTOR('',#9084,1.);
#787=VECTOR('',#9087,1.);
#788=VECTOR('',#9090,1.);
#789=VECTOR('',#9095,1.);
#790=VECTOR('',#9096,1.);
#791=VECTOR('',#9097,1.);
#792=VECTOR('',#9098,1.);
#793=VECTOR('',#9099,1.);
#794=VECTOR('',#9100,1.);
#795=VECTOR('',#9101,1.);
#796=VECTOR('',#9102,1.);
#797=VECTOR('',#9103,1.);
#798=VECTOR('',#9104,1.);
#799=VECTOR('',#9105,1.);
#800=VECTOR('',#9106,1.);
#801=VECTOR('',#9107,1.);
#802=VECTOR('',#9108,1.);
#803=VECTOR('',#9109,1.);
#804=VECTOR('',#9110,1.);
#805=VECTOR('',#9111,1.);
#806=VECTOR('',#9112,1.);
#807=VECTOR('',#9113,1.);
#808=VECTOR('',#9114,1.);
#809=VECTOR('',#9115,1.);
#810=VECTOR('',#9116,1.);
#811=VECTOR('',#9117,1.);
#812=VECTOR('',#9118,1.);
#813=VECTOR('',#9119,1.);
#814=VECTOR('',#9120,1.);
#815=VECTOR('',#9121,1.);
#816=VECTOR('',#9122,1.);
#817=VECTOR('',#9123,1.);
#818=VECTOR('',#9124,1.);
#819=VECTOR('',#9125,1.);
#820=VECTOR('',#9126,1.);
#821=VECTOR('',#9127,1.);
#822=VECTOR('',#9128,1.);
#823=VECTOR('',#9129,1.);
#824=VECTOR('',#9130,1.);
#825=VECTOR('',#9221,1.);
#826=VECTOR('',#9222,1.);
#827=VECTOR('',#9223,1.);
#828=VECTOR('',#9224,1.);
#829=VECTOR('',#9225,1.);
#830=VECTOR('',#9226,1.);
#831=VECTOR('',#9227,1.);
#832=VECTOR('',#9228,1.);
#833=VECTOR('',#9229,1.);
#834=VECTOR('',#9230,1.);
#835=VECTOR('',#9231,1.);
#836=VECTOR('',#9232,1.);
#837=VECTOR('',#9233,1.);
#838=VECTOR('',#9234,1.);
#839=VECTOR('',#9235,1.);
#840=VECTOR('',#9236,1.);
#841=VECTOR('',#9237,1.);
#842=VECTOR('',#9240,1.);
#843=VECTOR('',#9243,1.);
#844=VECTOR('',#9248,1.);
#845=VECTOR('',#9257,1.);
#846=VECTOR('',#9260,1.);
#847=VECTOR('',#9263,1.);
#848=VECTOR('',#9266,1.);
#849=VECTOR('',#9335,1.);
#850=VECTOR('',#9336,1.);
#851=VECTOR('',#9337,1.);
#852=VECTOR('',#9338,1.);
#853=VECTOR('',#9345,1.);
#854=VECTOR('',#9348,1.);
#855=VECTOR('',#9349,1.);
#856=VECTOR('',#9350,1.);
#857=VECTOR('',#9355,1.);
#858=VECTOR('',#9356,1.);
#859=VECTOR('',#9357,1.);
#860=VECTOR('',#9358,1.);
#861=VECTOR('',#9359,1.);
#862=VECTOR('',#9360,1.);
#863=VECTOR('',#9361,1.);
#864=VECTOR('',#9362,1.);
#865=VECTOR('',#9363,1.);
#866=VECTOR('',#9364,1.);
#867=VECTOR('',#9373,1.);
#868=VECTOR('',#9374,1.);
#869=VECTOR('',#9375,1.);
#870=VECTOR('',#9376,1.);
#871=VECTOR('',#9381,1.);
#872=VECTOR('',#9382,1.);
#873=VECTOR('',#9383,1.);
#874=VECTOR('',#9384,1.);
#875=VECTOR('',#9389,1.);
#876=VECTOR('',#9390,1.);
#877=VECTOR('',#9391,1.);
#878=VECTOR('',#9392,1.);
#879=VECTOR('',#9397,1.);
#880=VECTOR('',#9398,1.);
#881=VECTOR('',#9399,1.);
#882=VECTOR('',#9400,1.);
#883=VECTOR('',#9405,1.);
#884=VECTOR('',#9406,1.);
#885=VECTOR('',#9407,1.);
#886=VECTOR('',#9408,1.);
#887=VECTOR('',#9409,1.);
#888=VECTOR('',#9410,1.);
#889=VECTOR('',#9411,1.);
#890=VECTOR('',#9412,1.);
#891=VECTOR('',#9413,1.);
#892=VECTOR('',#9414,1.);
#893=VECTOR('',#9419,1.);
#894=VECTOR('',#9420,1.);
#895=VECTOR('',#9421,1.);
#896=VECTOR('',#9422,1.);
#897=VECTOR('',#9427,1.);
#898=VECTOR('',#9428,1.);
#899=VECTOR('',#9429,1.);
#900=VECTOR('',#9430,1.);
#901=VECTOR('',#9435,1.);
#902=VECTOR('',#9436,1.);
#903=VECTOR('',#9437,1.);
#904=VECTOR('',#9438,1.);
#905=VECTOR('',#9443,1.);
#906=VECTOR('',#9444,1.);
#907=VECTOR('',#9445,1.);
#908=VECTOR('',#9446,1.);
#909=VECTOR('',#9455,1.);
#910=VECTOR('',#9456,1.);
#911=VECTOR('',#9457,1.);
#912=VECTOR('',#9458,1.);
#913=VECTOR('',#9459,1.);
#914=VECTOR('',#9460,1.);
#915=VECTOR('',#9461,1.);
#916=VECTOR('',#9462,1.);
#917=VECTOR('',#9463,1.);
#918=VECTOR('',#9464,1.);
#919=VECTOR('',#9469,1.);
#920=VECTOR('',#9470,1.);
#921=VECTOR('',#9471,1.);
#922=VECTOR('',#9472,1.);
#923=VECTOR('',#9479,1.);
#924=VECTOR('',#9482,1.);
#925=VECTOR('',#9483,1.);
#926=VECTOR('',#9484,1.);
#927=VECTOR('',#9489,1.);
#928=VECTOR('',#9490,1.);
#929=VECTOR('',#9491,1.);
#930=VECTOR('',#9492,1.);
#931=VECTOR('',#9497,1.);
#932=VECTOR('',#9498,1.);
#933=VECTOR('',#9499,1.);
#934=VECTOR('',#9500,1.);
#935=VECTOR('',#9505,1.);
#936=VECTOR('',#9506,1.);
#937=VECTOR('',#9507,1.);
#938=VECTOR('',#9508,1.);
#939=VECTOR('',#9509,1.);
#940=VECTOR('',#9510,1.);
#941=VECTOR('',#9511,1.);
#942=VECTOR('',#9512,1.);
#943=VECTOR('',#9513,1.);
#944=VECTOR('',#9514,1.);
#945=VECTOR('',#9519,1.);
#946=VECTOR('',#9520,1.);
#947=VECTOR('',#9521,1.);
#948=VECTOR('',#9522,1.);
#949=VECTOR('',#9529,1.);
#950=VECTOR('',#9532,1.);
#951=VECTOR('',#9533,1.);
#952=VECTOR('',#9534,1.);
#953=VECTOR('',#9557,1.);
#954=VECTOR('',#9558,1.);
#955=VECTOR('',#9559,1.);
#956=VECTOR('',#9560,1.);
#957=VECTOR('',#9561,1.);
#958=VECTOR('',#9562,1.);
#959=VECTOR('',#9563,1.);
#960=VECTOR('',#9564,1.);
#961=VECTOR('',#9565,1.);
#962=VECTOR('',#9566,1.);
#963=VECTOR('',#9575,1.);
#964=VECTOR('',#9576,1.);
#965=VECTOR('',#9595,1.);
#966=VECTOR('',#9596,1.);
#967=VECTOR('',#9597,1.);
#968=VECTOR('',#9598,1.);
#969=VECTOR('',#9599,1.);
#970=VECTOR('',#9600,1.);
#971=VECTOR('',#9601,1.);
#972=VECTOR('',#9602,1.);
#973=VECTOR('',#9603,1.);
#974=VECTOR('',#9604,1.);
#975=VECTOR('',#9613,1.);
#976=VECTOR('',#9614,1.);
#977=VECTOR('',#9633,1.);
#978=VECTOR('',#9634,1.);
#979=VECTOR('',#9635,1.);
#980=VECTOR('',#9636,1.);
#981=VECTOR('',#9637,1.);
#982=VECTOR('',#9638,1.);
#983=VECTOR('',#9639,1.);
#984=VECTOR('',#9640,1.);
#985=VECTOR('',#9641,1.);
#986=VECTOR('',#9642,1.);
#987=VECTOR('',#9651,1.);
#988=VECTOR('',#9652,1.);
#989=VECTOR('',#9671,1.);
#990=VECTOR('',#9672,1.);
#991=VECTOR('',#9673,1.);
#992=VECTOR('',#9674,1.);
#993=VECTOR('',#9675,1.);
#994=VECTOR('',#9676,1.);
#995=VECTOR('',#9677,1.);
#996=VECTOR('',#9678,1.);
#997=VECTOR('',#9679,1.);
#998=VECTOR('',#9680,1.);
#999=VECTOR('',#9689,1.);
#1000=VECTOR('',#9690,1.);
#1001=VECTOR('',#9709,1.);
#1002=VECTOR('',#9710,1.);
#1003=VECTOR('',#9711,1.);
#1004=VECTOR('',#9712,1.);
#1005=VECTOR('',#9713,1.);
#1006=VECTOR('',#9714,1.);
#1007=VECTOR('',#9715,1.);
#1008=VECTOR('',#9716,1.);
#1009=VECTOR('',#9717,1.);
#1010=VECTOR('',#9718,1.);
#1011=VECTOR('',#9727,1.);
#1012=VECTOR('',#9728,1.);
#1013=VECTOR('',#9747,1.);
#1014=VECTOR('',#9748,1.);
#1015=VECTOR('',#9749,1.);
#1016=VECTOR('',#9750,1.);
#1017=VECTOR('',#9751,1.);
#1018=VECTOR('',#9752,1.);
#1019=VECTOR('',#9753,1.);
#1020=VECTOR('',#9754,1.);
#1021=VECTOR('',#9755,1.);
#1022=VECTOR('',#9756,1.);
#1023=VECTOR('',#9765,1.);
#1024=VECTOR('',#9766,1.);
#1025=VECTOR('',#9781,1.);
#1026=VECTOR('',#9786,1.);
#1027=VECTOR('',#9815,1.);
#1028=VECTOR('',#9816,1.);
#1029=VECTOR('',#9817,1.);
#1030=VECTOR('',#9818,1.);
#1031=VECTOR('',#9819,1.);
#1032=VECTOR('',#9820,1.);
#1033=VECTOR('',#9821,1.);
#1034=VECTOR('',#9822,1.);
#1035=VECTOR('',#9823,1.);
#1036=VECTOR('',#9824,1.);
#1037=VECTOR('',#9825,1.);
#1038=VECTOR('',#9826,1.);
#1039=VECTOR('',#9827,1.);
#1040=VECTOR('',#9828,1.);
#1041=VECTOR('',#9829,1.);
#1042=VECTOR('',#9830,1.);
#1043=VECTOR('',#9831,1.);
#1044=VECTOR('',#9832,1.);
#1045=VECTOR('',#9833,1.);
#1046=VECTOR('',#9834,1.);
#1047=VECTOR('',#9835,1.);
#1048=VECTOR('',#9836,1.);
#1049=VECTOR('',#9837,1.);
#1050=VECTOR('',#9838,1.);
#1051=VECTOR('',#9839,1.);
#1052=VECTOR('',#9840,1.);
#1053=VECTOR('',#9841,1.);
#1054=VECTOR('',#9842,1.);
#1055=VECTOR('',#9843,1.);
#1056=VECTOR('',#9844,1.);
#1057=VECTOR('',#9845,1.);
#1058=VECTOR('',#9846,1.);
#1059=VECTOR('',#9847,1.);
#1060=VECTOR('',#9848,1.);
#1061=VECTOR('',#9849,1.);
#1062=VECTOR('',#9850,1.);
#1063=VECTOR('',#9851,1.);
#1064=VECTOR('',#9852,1.);
#1065=VECTOR('',#9853,1.);
#1066=VECTOR('',#9854,1.);
#1067=VECTOR('',#9855,1.);
#1068=VECTOR('',#9856,1.);
#1069=VECTOR('',#9869,1.);
#1070=VECTOR('',#9870,1.);
#1071=VECTOR('',#9871,1.);
#1072=VECTOR('',#9872,1.);
#1073=VECTOR('',#9873,1.);
#1074=VECTOR('',#9874,1.);
#1075=VECTOR('',#9875,1.);
#1076=VECTOR('',#9876,1.);
#1077=VECTOR('',#9879,1.);
#1078=VECTOR('',#9880,1.);
#1079=VECTOR('',#9881,1.);
#1080=VECTOR('',#9882,1.);
#1081=VECTOR('',#9883,1.);
#1082=VECTOR('',#9884,1.);
#1083=VECTOR('',#9885,1.);
#1084=VECTOR('',#9886,1.);
#1085=VECTOR('',#9887,1.);
#1086=VECTOR('',#9888,1.);
#1087=VECTOR('',#9889,1.);
#1088=VECTOR('',#9890,1.);
#1089=VECTOR('',#9891,1.);
#1090=VECTOR('',#9892,1.);
#1091=VECTOR('',#9893,1.);
#1092=VECTOR('',#9894,1.);
#1093=VECTOR('',#9895,1.);
#1094=VECTOR('',#9896,1.);
#1095=VECTOR('',#9897,1.);
#1096=VECTOR('',#9898,1.);
#1097=VECTOR('',#9901,1.);
#1098=VECTOR('',#9906,1.);
#1099=VECTOR('',#9911,1.);
#1100=VECTOR('',#9912,1.);
#1101=VECTOR('',#9913,1.);
#1102=VECTOR('',#9914,1.);
#1103=VECTOR('',#9915,1.);
#1104=VECTOR('',#9916,1.);
#1105=VECTOR('',#9917,1.);
#1106=VECTOR('',#9918,1.);
#1107=VECTOR('',#9919,1.);
#1108=VECTOR('',#9920,1.);
#1109=VECTOR('',#9921,1.);
#1110=VECTOR('',#9922,1.);
#1111=VECTOR('',#9923,1.);
#1112=VECTOR('',#9924,1.);
#1113=VECTOR('',#9925,1.);
#1114=VECTOR('',#9926,1.);
#1115=VECTOR('',#9927,1.);
#1116=VECTOR('',#9928,1.);
#1117=VECTOR('',#9929,1.);
#1118=VECTOR('',#9930,1.);
#1119=VECTOR('',#9931,1.);
#1120=VECTOR('',#9932,1.);
#1121=VECTOR('',#9933,1.);
#1122=VECTOR('',#9934,1.);
#1123=VECTOR('',#9935,1.);
#1124=VECTOR('',#9936,1.);
#1125=VECTOR('',#9937,1.);
#1126=VECTOR('',#9938,1.);
#1127=VECTOR('',#9943,1.);
#1128=VECTOR('',#9944,1.);
#1129=VECTOR('',#9945,1.);
#1130=VECTOR('',#9946,1.);
#1131=VECTOR('',#9947,1.);
#1132=VECTOR('',#9948,1.);
#1133=VECTOR('',#9961,1.);
#1134=VECTOR('',#9962,1.);
#1135=VECTOR('',#9963,1.);
#1136=VECTOR('',#9964,1.);
#1137=VECTOR('',#9965,1.);
#1138=VECTOR('',#9966,1.);
#1139=VECTOR('',#9967,1.);
#1140=VECTOR('',#9970,1.);
#1141=VECTOR('',#9975,1.);
#1142=VECTOR('',#9978,1.);
#1143=VECTOR('',#9979,1.);
#1144=VECTOR('',#9980,1.);
#1145=VECTOR('',#9981,1.);
#1146=VECTOR('',#9982,1.);
#1147=VECTOR('',#9999,1.);
#1148=VECTOR('',#10000,1.);
#1149=VECTOR('',#10001,1.);
#1150=VECTOR('',#10002,1.);
#1151=VECTOR('',#10003,1.);
#1152=VECTOR('',#10004,1.);
#1153=VECTOR('',#10005,1.);
#1154=VECTOR('',#10006,1.);
#1155=VECTOR('',#10007,1.);
#1156=VECTOR('',#10012,1.);
#1157=VECTOR('',#10013,1.);
#1158=VECTOR('',#10014,1.);
#1159=VECTOR('',#10019,1.);
#1160=VECTOR('',#10024,1.);
#1161=VECTOR('',#10025,1.);
#1162=VECTOR('',#10026,1.);
#1163=VECTOR('',#10031,1.);
#1164=VECTOR('',#10032,1.);
#1165=VECTOR('',#10037,1.);
#1166=VECTOR('',#10042,1.);
#1167=VECTOR('',#10053,1.);
#1168=VECTOR('',#10054,1.);
#1169=VECTOR('',#10055,1.);
#1170=VECTOR('',#10056,1.);
#1171=VECTOR('',#10063,1.);
#1172=VECTOR('',#10066,1.);
#1173=VECTOR('',#10067,1.);
#1174=VECTOR('',#10068,1.);
#1175=VECTOR('',#10073,1.);
#1176=VECTOR('',#10074,1.);
#1177=VECTOR('',#10075,1.);
#1178=VECTOR('',#10076,1.);
#1179=VECTOR('',#10077,1.);
#1180=VECTOR('',#10078,1.);
#1181=VECTOR('',#10079,1.);
#1182=VECTOR('',#10080,1.);
#1183=VECTOR('',#10081,1.);
#1184=VECTOR('',#10082,1.);
#1185=VECTOR('',#10091,1.);
#1186=VECTOR('',#10092,1.);
#1187=VECTOR('',#10093,1.);
#1188=VECTOR('',#10094,1.);
#1189=VECTOR('',#10099,1.);
#1190=VECTOR('',#10100,1.);
#1191=VECTOR('',#10101,1.);
#1192=VECTOR('',#10102,1.);
#1193=VECTOR('',#10107,1.);
#1194=VECTOR('',#10108,1.);
#1195=VECTOR('',#10109,1.);
#1196=VECTOR('',#10110,1.);
#1197=VECTOR('',#10115,1.);
#1198=VECTOR('',#10116,1.);
#1199=VECTOR('',#10117,1.);
#1200=VECTOR('',#10118,1.);
#1201=VECTOR('',#10123,1.);
#1202=VECTOR('',#10124,1.);
#1203=VECTOR('',#10125,1.);
#1204=VECTOR('',#10126,1.);
#1205=VECTOR('',#10127,1.);
#1206=VECTOR('',#10128,1.);
#1207=VECTOR('',#10129,1.);
#1208=VECTOR('',#10130,1.);
#1209=VECTOR('',#10131,1.);
#1210=VECTOR('',#10132,1.);
#1211=VECTOR('',#10137,1.);
#1212=VECTOR('',#10138,1.);
#1213=VECTOR('',#10139,1.);
#1214=VECTOR('',#10140,1.);
#1215=VECTOR('',#10145,1.);
#1216=VECTOR('',#10146,1.);
#1217=VECTOR('',#10147,1.);
#1218=VECTOR('',#10148,1.);
#1219=VECTOR('',#10153,1.);
#1220=VECTOR('',#10154,1.);
#1221=VECTOR('',#10155,1.);
#1222=VECTOR('',#10156,1.);
#1223=VECTOR('',#10161,1.);
#1224=VECTOR('',#10162,1.);
#1225=VECTOR('',#10163,1.);
#1226=VECTOR('',#10164,1.);
#1227=VECTOR('',#10173,1.);
#1228=VECTOR('',#10174,1.);
#1229=VECTOR('',#10175,1.);
#1230=VECTOR('',#10176,1.);
#1231=VECTOR('',#10177,1.);
#1232=VECTOR('',#10178,1.);
#1233=VECTOR('',#10179,1.);
#1234=VECTOR('',#10180,1.);
#1235=VECTOR('',#10181,1.);
#1236=VECTOR('',#10182,1.);
#1237=VECTOR('',#10187,1.);
#1238=VECTOR('',#10188,1.);
#1239=VECTOR('',#10189,1.);
#1240=VECTOR('',#10190,1.);
#1241=VECTOR('',#10197,1.);
#1242=VECTOR('',#10200,1.);
#1243=VECTOR('',#10201,1.);
#1244=VECTOR('',#10202,1.);
#1245=VECTOR('',#10207,1.);
#1246=VECTOR('',#10208,1.);
#1247=VECTOR('',#10209,1.);
#1248=VECTOR('',#10210,1.);
#1249=VECTOR('',#10215,1.);
#1250=VECTOR('',#10216,1.);
#1251=VECTOR('',#10217,1.);
#1252=VECTOR('',#10218,1.);
#1253=VECTOR('',#10223,1.);
#1254=VECTOR('',#10224,1.);
#1255=VECTOR('',#10225,1.);
#1256=VECTOR('',#10226,1.);
#1257=VECTOR('',#10227,1.);
#1258=VECTOR('',#10228,1.);
#1259=VECTOR('',#10229,1.);
#1260=VECTOR('',#10230,1.);
#1261=VECTOR('',#10231,1.);
#1262=VECTOR('',#10232,1.);
#1263=VECTOR('',#10237,1.);
#1264=VECTOR('',#10238,1.);
#1265=VECTOR('',#10239,1.);
#1266=VECTOR('',#10240,1.);
#1267=VECTOR('',#10247,1.);
#1268=VECTOR('',#10250,1.);
#1269=VECTOR('',#10251,1.);
#1270=VECTOR('',#10252,1.);
#1271=VECTOR('',#10271,1.);
#1272=VECTOR('',#10276,1.);
#1273=VECTOR('',#10305,1.);
#1274=VECTOR('',#10306,1.);
#1275=VECTOR('',#10307,1.);
#1276=VECTOR('',#10308,1.);
#1277=VECTOR('',#10309,1.);
#1278=VECTOR('',#10310,1.);
#1279=VECTOR('',#10311,1.);
#1280=VECTOR('',#10312,1.);
#1281=VECTOR('',#10313,1.);
#1282=VECTOR('',#10314,1.);
#1283=VECTOR('',#10315,1.);
#1284=VECTOR('',#10316,1.);
#1285=VECTOR('',#10317,1.);
#1286=VECTOR('',#10318,1.);
#1287=VECTOR('',#10319,1.);
#1288=VECTOR('',#10320,1.);
#1289=VECTOR('',#10321,1.);
#1290=VECTOR('',#10322,1.);
#1291=VECTOR('',#10323,1.);
#1292=VECTOR('',#10324,1.);
#1293=VECTOR('',#10325,1.);
#1294=VECTOR('',#10326,1.);
#1295=VECTOR('',#10327,1.);
#1296=VECTOR('',#10328,1.);
#1297=VECTOR('',#10329,1.);
#1298=VECTOR('',#10330,1.);
#1299=VECTOR('',#10331,1.);
#1300=VECTOR('',#10332,1.);
#1301=VECTOR('',#10333,1.);
#1302=VECTOR('',#10334,1.);
#1303=VECTOR('',#10335,1.);
#1304=VECTOR('',#10336,1.);
#1305=VECTOR('',#10337,1.);
#1306=VECTOR('',#10338,1.);
#1307=VECTOR('',#10339,1.);
#1308=VECTOR('',#10340,1.);
#1309=VECTOR('',#10341,1.);
#1310=VECTOR('',#10342,1.);
#1311=VECTOR('',#10343,1.);
#1312=VECTOR('',#10344,1.);
#1313=VECTOR('',#10345,1.);
#1314=VECTOR('',#10346,1.);
#1315=VECTOR('',#10347,1.);
#1316=VECTOR('',#10348,1.);
#1317=VECTOR('',#10349,1.);
#1318=VECTOR('',#10350,1.);
#1319=VECTOR('',#10351,1.);
#1320=VECTOR('',#10352,1.);
#1321=VECTOR('',#10355,1.);
#1322=VECTOR('',#10358,1.);
#1323=VECTOR('',#10359,1.);
#1324=VECTOR('',#10360,1.);
#1325=VECTOR('',#10361,1.);
#1326=VECTOR('',#10362,1.);
#1327=VECTOR('',#10363,1.);
#1328=VECTOR('',#10364,1.);
#1329=VECTOR('',#10365,1.);
#1330=VECTOR('',#10366,1.);
#1331=VECTOR('',#10367,1.);
#1332=VECTOR('',#10368,1.);
#1333=VECTOR('',#10369,1.);
#1334=VECTOR('',#10370,1.);
#1335=VECTOR('',#10371,1.);
#1336=VECTOR('',#10372,1.);
#1337=VECTOR('',#10385,1.);
#1338=VECTOR('',#10386,1.);
#1339=VECTOR('',#10387,1.);
#1340=VECTOR('',#10388,1.);
#1341=VECTOR('',#10389,1.);
#1342=VECTOR('',#10390,1.);
#1343=VECTOR('',#10391,1.);
#1344=VECTOR('',#10392,1.);
#1345=VECTOR('',#10393,1.);
#1346=VECTOR('',#10396,1.);
#1347=VECTOR('',#10397,1.);
#1348=VECTOR('',#10398,1.);
#1349=VECTOR('',#10399,1.);
#1350=VECTOR('',#10400,1.);
#1351=VECTOR('',#10401,1.);
#1352=VECTOR('',#10402,1.);
#1353=VECTOR('',#10403,1.);
#1354=VECTOR('',#10404,1.);
#1355=VECTOR('',#10405,1.);
#1356=VECTOR('',#10406,1.);
#1357=VECTOR('',#10407,1.);
#1358=VECTOR('',#10408,1.);
#1359=VECTOR('',#10409,1.);
#1360=VECTOR('',#10410,1.);
#1361=VECTOR('',#10411,1.);
#1362=VECTOR('',#10412,1.);
#1363=VECTOR('',#10413,1.);
#1364=VECTOR('',#10414,1.);
#1365=VECTOR('',#10415,1.);
#1366=VECTOR('',#10416,1.);
#1367=VECTOR('',#10417,1.);
#1368=VECTOR('',#10418,1.);
#1369=VECTOR('',#10419,1.);
#1370=VECTOR('',#10420,1.);
#1371=VECTOR('',#10421,1.);
#1372=VECTOR('',#10422,1.);
#1373=VECTOR('',#10423,1.);
#1374=VECTOR('',#10426,1.);
#1375=VECTOR('',#10427,1.);
#1376=VECTOR('',#10428,1.);
#1377=VECTOR('',#10443,1.);
#1378=VECTOR('',#10444,1.);
#1379=VECTOR('',#10445,1.);
#1380=VECTOR('',#10446,1.);
#1381=VECTOR('',#10447,1.);
#1382=VECTOR('',#10448,1.);
#1383=VECTOR('',#10449,1.);
#1384=VECTOR('',#10450,1.);
#1385=VECTOR('',#10451,1.);
#1386=VECTOR('',#10452,1.);
#1387=VECTOR('',#10453,1.);
#1388=VECTOR('',#10454,1.);
#1389=VECTOR('',#10455,1.);
#1390=VECTOR('',#10456,1.);
#1391=VECTOR('',#10457,1.);
#1392=VECTOR('',#10458,1.);
#1393=VECTOR('',#10461,1.);
#1394=VECTOR('',#10462,1.);
#1395=VECTOR('',#10463,1.);
#1396=VECTOR('',#10464,1.);
#1397=VECTOR('',#10465,1.);
#1398=VECTOR('',#10466,1.);
#1399=VECTOR('',#10471,1.);
#1400=VECTOR('',#10474,1.);
#1401=VECTOR('',#10475,1.);
#1402=VECTOR('',#10476,1.);
#1403=VECTOR('',#10477,1.);
#1404=VECTOR('',#10478,1.);
#1405=VECTOR('',#10481,1.);
#1406=VECTOR('',#10486,1.);
#1407=VECTOR('',#10487,1.);
#1408=VECTOR('',#10504,1.);
#1409=VECTOR('',#10505,1.);
#1410=VECTOR('',#10506,1.);
#1411=VECTOR('',#10507,1.);
#1412=VECTOR('',#10508,1.);
#1413=VECTOR('',#10509,1.);
#1414=VECTOR('',#10510,1.);
#1415=VECTOR('',#10511,1.);
#1416=VECTOR('',#10512,1.);
#1417=VECTOR('',#10513,1.);
#1418=VECTOR('',#10514,1.);
#1419=VECTOR('',#10515,1.);
#1420=VECTOR('',#10516,1.);
#1421=VECTOR('',#10517,1.);
#1422=VECTOR('',#10518,1.);
#1423=VECTOR('',#10519,1.);
#1424=VECTOR('',#10520,1.);
#1425=VECTOR('',#10521,1.);
#1426=VECTOR('',#10522,1.);
#1427=VECTOR('',#10523,1.);
#1428=VECTOR('',#10524,1.);
#1429=VECTOR('',#10525,1.);
#1430=VECTOR('',#10526,1.);
#1431=VECTOR('',#10531,1.);
#1432=VECTOR('',#10532,1.);
#1433=VECTOR('',#10533,1.);
#1434=VECTOR('',#10536,1.);
#1435=VECTOR('',#10537,1.);
#1436=VECTOR('',#10538,1.);
#1437=VECTOR('',#10541,1.);
#1438=VECTOR('',#10542,1.);
#1439=VECTOR('',#10543,1.);
#1440=VECTOR('',#10554,1.);
#1441=VECTOR('',#10559,1.);
#1442=B_SPLINE_SURFACE_WITH_KNOTS('',1,1,((#10647,#10648),(#10649,#10650)),.PLANE_SURF.,.F.,.F.,.F.,(2,2),(2,2),(0.,1.),(0.,1.),.UNSPECIFIED.);
#1443=B_SPLINE_SURFACE_WITH_KNOTS('',1,1,((#10659,#10660),(#10661,#10662)),.PLANE_SURF.,.F.,.F.,.F.,(2,2),(2,2),(0.,1.),(0.,1.),.UNSPECIFIED.);
#1444=B_SPLINE_SURFACE_WITH_KNOTS('',1,1,((#10671,#10672),(#10673,#10674)),.PLANE_SURF.,.F.,.F.,.F.,(2,2),(2,2),(0.,1.),(0.,1.),.UNSPECIFIED.);
#1445=B_SPLINE_SURFACE_WITH_KNOTS('',1,1,((#10683,#10684),(#10685,#10686)),.PLANE_SURF.,.F.,.F.,.F.,(2,2),(2,2),(0.,1.),(0.,1.),.UNSPECIFIED.);
#1446=B_SPLINE_SURFACE_WITH_KNOTS('',1,1,((#10695,#10696),(#10697,#10698)),.PLANE_SURF.,.F.,.F.,.F.,(2,2),(2,2),(0.,1.),(0.,1.),.UNSPECIFIED.);
#1447=B_SPLINE_SURFACE_WITH_KNOTS('',1,1,((#10753,#10754),(#10755,#10756)),.PLANE_SURF.,.F.,.F.,.F.,(2,2),(2,2),(0.,1.),(0.,1.),.UNSPECIFIED.);
#1448=B_SPLINE_SURFACE_WITH_KNOTS('',1,1,((#10775,#10776),(#10777,#10778)),.PLANE_SURF.,.F.,.F.,.F.,(2,2),(2,2),(0.,1.),(0.,1.),.UNSPECIFIED.);
#1449=B_SPLINE_SURFACE_WITH_KNOTS('',1,1,((#10784,#10785),(#10786,#10787)),.PLANE_SURF.,.F.,.F.,.F.,(2,2),(2,2),(0.,1.),(0.,1.),.UNSPECIFIED.);
#1450=B_SPLINE_SURFACE_WITH_KNOTS('',1,1,((#10791,#10792),(#10793,#10794)),.PLANE_SURF.,.F.,.F.,.F.,(2,2),(2,2),(0.,1.),(0.,1.),.UNSPECIFIED.);
#1451=B_SPLINE_SURFACE_WITH_KNOTS('',1,1,((#10798,#10799),(#10800,#10801)),.PLANE_SURF.,.F.,.F.,.F.,(2,2),(2,2),(0.,1.),(0.,1.),.UNSPECIFIED.);
#1452=B_SPLINE_SURFACE_WITH_KNOTS('',1,1,((#10805,#10806),(#10807,#10808)),.PLANE_SURF.,.F.,.F.,.F.,(2,2),(2,2),(0.,1.),(0.,1.),.UNSPECIFIED.);
#1453=B_SPLINE_SURFACE_WITH_KNOTS('',1,1,((#10812,#10813),(#10814,#10815)),.PLANE_SURF.,.F.,.F.,.F.,(2,2),(2,2),(0.,1.),(0.,1.),.UNSPECIFIED.);
#1454=B_SPLINE_SURFACE_WITH_KNOTS('',1,1,((#10817,#10818),(#10819,#10820)),.PLANE_SURF.,.F.,.F.,.F.,(2,2),(2,2),(0.,1.),(0.,1.),.UNSPECIFIED.);
#1455=B_SPLINE_SURFACE_WITH_KNOTS('',1,1,((#10821,#10822),(#10823,#10824)),.PLANE_SURF.,.F.,.F.,.F.,(2,2),(2,2),(0.,1.),(0.,1.),.UNSPECIFIED.);
#1456=B_SPLINE_SURFACE_WITH_KNOTS('',1,1,((#10830,#10831),(#10832,#10833)),.PLANE_SURF.,.F.,.F.,.F.,(2,2),(2,2),(0.,1.),(0.,1.),.UNSPECIFIED.);
#1457=B_SPLINE_SURFACE_WITH_KNOTS('',1,1,((#10837,#10838),(#10839,#10840)),.PLANE_SURF.,.F.,.F.,.F.,(2,2),(2,2),(0.,1.),(0.,1.),.UNSPECIFIED.);
#1458=B_SPLINE_SURFACE_WITH_KNOTS('',1,1,((#10844,#10845),(#10846,#10847)),.PLANE_SURF.,.F.,.F.,.F.,(2,2),(2,2),(0.,1.),(0.,1.),.UNSPECIFIED.);
#1459=B_SPLINE_SURFACE_WITH_KNOTS('',1,1,((#10851,#10852),(#10853,#10854)),.PLANE_SURF.,.F.,.F.,.F.,(2,2),(2,2),(0.,1.),(0.,1.),.UNSPECIFIED.);
#1460=B_SPLINE_SURFACE_WITH_KNOTS('',1,1,((#10858,#10859),(#10860,#10861)),.PLANE_SURF.,.F.,.F.,.F.,(2,2),(2,2),(0.,1.),(0.,1.),.UNSPECIFIED.);
#1461=B_SPLINE_SURFACE_WITH_KNOTS('',1,1,((#10863,#10864),(#10865,#10866)),.PLANE_SURF.,.F.,.F.,.F.,(2,2),(2,2),(0.,1.),(0.,1.),.UNSPECIFIED.);
#1462=B_SPLINE_SURFACE_WITH_KNOTS('',1,1,((#10867,#10868),(#10869,#10870)),.PLANE_SURF.,.F.,.F.,.F.,(2,2),(2,2),(0.,1.),(0.,1.),.UNSPECIFIED.);
#1463=B_SPLINE_SURFACE_WITH_KNOTS('',1,1,((#10876,#10877),(#10878,#10879)),.PLANE_SURF.,.F.,.F.,.F.,(2,2),(2,2),(0.,1.),(0.,1.),.UNSPECIFIED.);
#1464=B_SPLINE_SURFACE_WITH_KNOTS('',1,1,((#10883,#10884),(#10885,#10886)),.PLANE_SURF.,.F.,.F.,.F.,(2,2),(2,2),(0.,1.),(0.,1.),.UNSPECIFIED.);
#1465=B_SPLINE_SURFACE_WITH_KNOTS('',1,1,((#10890,#10891),(#10892,#10893)),.PLANE_SURF.,.F.,.F.,.F.,(2,2),(2,2),(0.,1.),(0.,1.),.UNSPECIFIED.);
#1466=B_SPLINE_SURFACE_WITH_KNOTS('',1,1,((#10897,#10898),(#10899,#10900)),.PLANE_SURF.,.F.,.F.,.F.,(2,2),(2,2),(0.,1.),(0.,1.),.UNSPECIFIED.);
#1467=B_SPLINE_SURFACE_WITH_KNOTS('',1,1,((#10904,#10905),(#10906,#10907)),.PLANE_SURF.,.F.,.F.,.F.,(2,2),(2,2),(0.,1.),(0.,1.),.UNSPECIFIED.);
#1468=B_SPLINE_SURFACE_WITH_KNOTS('',1,1,((#10909,#10910),(#10911,#10912)),.PLANE_SURF.,.F.,.F.,.F.,(2,2),(2,2),(0.,1.),(0.,1.),.UNSPECIFIED.);
#1469=B_SPLINE_SURFACE_WITH_KNOTS('',1,1,((#11304,#11305),(#11306,#11307)),.PLANE_SURF.,.F.,.F.,.F.,(2,2),(2,2),(0.,1.),(0.,1.),.UNSPECIFIED.);
#1470=B_SPLINE_SURFACE_WITH_KNOTS('',1,1,((#11316,#11317),(#11318,#11319)),.PLANE_SURF.,.F.,.F.,.F.,(2,2),(2,2),(0.,1.),(0.,1.),.UNSPECIFIED.);
#1471=B_SPLINE_SURFACE_WITH_KNOTS('',1,1,((#11328,#11329),(#11330,#11331)),.PLANE_SURF.,.F.,.F.,.F.,(2,2),(2,2),(0.,1.),(0.,1.),.UNSPECIFIED.);
#1472=B_SPLINE_SURFACE_WITH_KNOTS('',1,1,((#11340,#11341),(#11342,#11343)),.PLANE_SURF.,.F.,.F.,.F.,(2,2),(2,2),(0.,1.),(0.,1.),.UNSPECIFIED.);
#1473=B_SPLINE_SURFACE_WITH_KNOTS('',1,1,((#11352,#11353),(#11354,#11355)),.PLANE_SURF.,.F.,.F.,.F.,(2,2),(2,2),(0.,1.),(0.,1.),.UNSPECIFIED.);
#1474=B_SPLINE_SURFACE_WITH_KNOTS('',1,1,((#11377,#11378),(#11379,#11380)),.PLANE_SURF.,.F.,.F.,.F.,(2,2),(2,2),(0.,1.),(0.,1.),.UNSPECIFIED.);
#1475=B_SPLINE_SURFACE_WITH_KNOTS('',1,1,((#11408,#11409),(#11410,#11411)),.PLANE_SURF.,.F.,.F.,.F.,(2,2),(2,2),(0.0427315991146126,0.954561694782074),(0.0419418409000899,0.95612115358382),.PIECEWISE_BEZIER_KNOTS.);
#1476=B_SPLINE_SURFACE_WITH_KNOTS('',1,1,((#11421,#11422),(#11423,#11424)),.PLANE_SURF.,.F.,.F.,.F.,(2,2),(2,2),(0.042731599114613,0.954561694782075),(0.041941840900089,0.956121153583821),.PIECEWISE_BEZIER_KNOTS.);
#1477=B_SPLINE_SURFACE_WITH_KNOTS('',1,1,((#11434,#11435),(#11436,#11437)),.PLANE_SURF.,.F.,.F.,.F.,(2,2),(2,2),(0.0427315991146132,0.954561694782075),(0.0419418409000899,0.95612115358382),.PIECEWISE_BEZIER_KNOTS.);
#1478=B_SPLINE_SURFACE_WITH_KNOTS('',1,1,((#11709,#11710),(#11711,#11712)),.PLANE_SURF.,.F.,.F.,.F.,(2,2),(2,2),(0.,1.),(0.,1.),.UNSPECIFIED.);
#1479=B_SPLINE_SURFACE_WITH_KNOTS('',1,1,((#11738,#11739),(#11740,#11741)),.PLANE_SURF.,.F.,.F.,.F.,(2,2),(2,2),(0.,1.),(0.,1.),.UNSPECIFIED.);
#1480=B_SPLINE_SURFACE_WITH_KNOTS('',1,1,((#11760,#11761),(#11762,#11763)),.PLANE_SURF.,.F.,.F.,.F.,(2,2),(2,2),(0.,1.),(0.,1.),.UNSPECIFIED.);
#1481=B_SPLINE_SURFACE_WITH_KNOTS('',1,1,((#11769,#11770),(#11771,#11772)),.PLANE_SURF.,.F.,.F.,.F.,(2,2),(2,2),(0.,1.),(0.,1.),.UNSPECIFIED.);
#1482=B_SPLINE_SURFACE_WITH_KNOTS('',1,1,((#11778,#11779),(#11780,#11781)),.PLANE_SURF.,.F.,.F.,.F.,(2,2),(2,2),(0.,1.),(0.,1.),.UNSPECIFIED.);
#1483=B_SPLINE_SURFACE_WITH_KNOTS('',1,1,((#11804,#11805),(#11806,#11807)),.PLANE_SURF.,.F.,.F.,.F.,(2,2),(2,2),(0.,1.),(0.,1.),.UNSPECIFIED.);
#1484=B_SPLINE_SURFACE_WITH_KNOTS('',1,1,((#11826,#11827),(#11828,#11829)),.PLANE_SURF.,.F.,.F.,.F.,(2,2),(2,2),(0.,1.),(0.,1.),.UNSPECIFIED.);
#1485=B_SPLINE_SURFACE_WITH_KNOTS('',1,1,((#11848,#11849),(#11850,#11851)),.PLANE_SURF.,.F.,.F.,.F.,(2,2),(2,2),(0.,1.),(0.,1.),.UNSPECIFIED.);
#1486=B_SPLINE_SURFACE_WITH_KNOTS('',1,1,((#11870,#11871),(#11872,#11873)),.PLANE_SURF.,.F.,.F.,.F.,(2,2),(2,2),(0.,1.),(0.,1.),.UNSPECIFIED.);
#1487=B_SPLINE_SURFACE_WITH_KNOTS('',1,1,((#11892,#11893),(#11894,#11895)),.PLANE_SURF.,.F.,.F.,.F.,(2,2),(2,2),(0.,1.),(0.,1.),.UNSPECIFIED.);
#1488=B_SPLINE_SURFACE_WITH_KNOTS('',1,1,((#11901,#11902),(#11903,#11904)),.PLANE_SURF.,.F.,.F.,.F.,(2,2),(2,2),(0.,1.),(0.,1.),.UNSPECIFIED.);
#1489=B_SPLINE_SURFACE_WITH_KNOTS('',1,1,((#11910,#11911),(#11912,#11913)),.PLANE_SURF.,.F.,.F.,.F.,(2,2),(2,2),(0.,1.),(0.,1.),.UNSPECIFIED.);
#1490=B_SPLINE_SURFACE_WITH_KNOTS('',1,1,((#11932,#11933),(#11934,#11935)),.PLANE_SURF.,.F.,.F.,.F.,(2,2),(2,2),(0.,1.),(0.,1.),.UNSPECIFIED.);
#1491=B_SPLINE_SURFACE_WITH_KNOTS('',1,1,((#11954,#11955),(#11956,#11957)),.PLANE_SURF.,.F.,.F.,.F.,(2,2),(2,2),(0.,1.),(0.,1.),.UNSPECIFIED.);
#1492=B_SPLINE_SURFACE_WITH_KNOTS('',1,1,((#11976,#11977),(#11978,#11979)),.PLANE_SURF.,.F.,.F.,.F.,(2,2),(2,2),(0.,1.),(0.,1.),.UNSPECIFIED.);
#1493=B_SPLINE_SURFACE_WITH_KNOTS('',1,1,((#11998,#11999),(#12000,#12001)),.PLANE_SURF.,.F.,.F.,.F.,(2,2),(2,2),(0.,1.),(0.,1.),.UNSPECIFIED.);
#1494=B_SPLINE_SURFACE_WITH_KNOTS('',1,1,((#12024,#12025),(#12026,#12027)),.PLANE_SURF.,.F.,.F.,.F.,(2,2),(2,2),(0.,1.),(0.,1.),.UNSPECIFIED.);
#1495=B_SPLINE_SURFACE_WITH_KNOTS('',1,1,((#12033,#12034),(#12035,#12036)),.PLANE_SURF.,.F.,.F.,.F.,(2,2),(2,2),(0.,1.),(0.,1.),.UNSPECIFIED.);
#1496=B_SPLINE_SURFACE_WITH_KNOTS('',1,1,((#12042,#12043),(#12044,#12045)),.PLANE_SURF.,.F.,.F.,.F.,(2,2),(2,2),(0.,1.),(0.,1.),.UNSPECIFIED.);
#1497=B_SPLINE_SURFACE_WITH_KNOTS('',1,1,((#12064,#12065),(#12066,#12067)),.PLANE_SURF.,.F.,.F.,.F.,(2,2),(2,2),(0.,1.),(0.,1.),.UNSPECIFIED.);
#1498=B_SPLINE_SURFACE_WITH_KNOTS('',1,1,((#12090,#12091),(#12092,#12093)),.PLANE_SURF.,.F.,.F.,.F.,(2,2),(2,2),(0.,1.),(0.,1.),.UNSPECIFIED.);
#1499=B_SPLINE_SURFACE_WITH_KNOTS('',1,1,((#12112,#12113),(#12114,#12115)),.PLANE_SURF.,.F.,.F.,.F.,(2,2),(2,2),(0.,1.),(0.,1.),.UNSPECIFIED.);
#1500=B_SPLINE_SURFACE_WITH_KNOTS('',1,1,((#12134,#12135),(#12136,#12137)),.PLANE_SURF.,.F.,.F.,.F.,(2,2),(2,2),(0.,1.),(0.,1.),.UNSPECIFIED.);
#1501=B_SPLINE_SURFACE_WITH_KNOTS('',1,1,((#12156,#12157),(#12158,#12159)),.PLANE_SURF.,.F.,.F.,.F.,(2,2),(2,2),(0.,1.),(0.,1.),.UNSPECIFIED.);
#1502=B_SPLINE_SURFACE_WITH_KNOTS('',1,1,((#12165,#12166),(#12167,#12168)),.PLANE_SURF.,.F.,.F.,.F.,(2,2),(2,2),(0.,1.),(0.,1.),.UNSPECIFIED.);
#1503=B_SPLINE_SURFACE_WITH_KNOTS('',1,1,((#12174,#12175),(#12176,#12177)),.PLANE_SURF.,.F.,.F.,.F.,(2,2),(2,2),(0.,1.),(0.,1.),.UNSPECIFIED.);
#1504=B_SPLINE_SURFACE_WITH_KNOTS('',1,1,((#12196,#12197),(#12198,#12199)),.PLANE_SURF.,.F.,.F.,.F.,(2,2),(2,2),(0.,1.),(0.,1.),.UNSPECIFIED.);
#1505=B_SPLINE_SURFACE_WITH_KNOTS('',1,1,((#12228,#12229),(#12230,#12231)),.PLANE_SURF.,.F.,.F.,.F.,(2,2),(2,2),(0.,1.),(0.,1.),.UNSPECIFIED.);
#1506=B_SPLINE_SURFACE_WITH_KNOTS('',1,1,((#12257,#12258),(#12259,#12260)),.PLANE_SURF.,.F.,.F.,.F.,(2,2),(2,2),(0.,1.),(0.,1.),.UNSPECIFIED.);
#1507=B_SPLINE_SURFACE_WITH_KNOTS('',1,1,((#12261,#12262),(#12263,#12264)),.PLANE_SURF.,.F.,.F.,.F.,(2,2),(2,2),(0.,1.),(0.,1.),.UNSPECIFIED.);
#1508=B_SPLINE_SURFACE_WITH_KNOTS('',1,1,((#12320,#12321),(#12322,#12323)),.PLANE_SURF.,.F.,.F.,.F.,(2,2),(2,2),(0.,1.),(0.,1.),.UNSPECIFIED.);
#1509=B_SPLINE_SURFACE_WITH_KNOTS('',1,1,((#12332,#12333),(#12334,#12335)),.PLANE_SURF.,.F.,.F.,.F.,(2,2),(2,2),(0.,1.),(0.,1.),.UNSPECIFIED.);
#1510=B_SPLINE_SURFACE_WITH_KNOTS('',1,1,((#12341,#12342),(#12343,#12344)),.PLANE_SURF.,.F.,.F.,.F.,(2,2),(2,2),(0.,1.),(0.,1.),.UNSPECIFIED.);
#1511=B_SPLINE_SURFACE_WITH_KNOTS('',1,1,((#12370,#12371),(#12372,#12373)),.PLANE_SURF.,.F.,.F.,.F.,(2,2),(2,2),(0.,1.),(0.,1.),.UNSPECIFIED.);
#1512=B_SPLINE_SURFACE_WITH_KNOTS('',1,1,((#12386,#12387),(#12388,#12389)),.PLANE_SURF.,.F.,.F.,.F.,(2,2),(2,2),(0.,1.),(0.,1.),.UNSPECIFIED.);
#1513=B_SPLINE_SURFACE_WITH_KNOTS('',1,1,((#12390,#12391),(#12392,#12393)),.PLANE_SURF.,.F.,.F.,.F.,(2,2),(2,2),(0.,1.),(0.,1.),.UNSPECIFIED.);
#1514=B_SPLINE_SURFACE_WITH_KNOTS('',1,1,((#12449,#12450),(#12451,#12452)),.PLANE_SURF.,.F.,.F.,.F.,(2,2),(2,2),(0.,1.),(0.,1.),.UNSPECIFIED.);
#1515=B_SPLINE_SURFACE_WITH_KNOTS('',1,1,((#12461,#12462),(#12463,#12464)),.PLANE_SURF.,.F.,.F.,.F.,(2,2),(2,2),(0.,1.),(0.,1.),.UNSPECIFIED.);
#1516=B_SPLINE_SURFACE_WITH_KNOTS('',1,1,((#12470,#12471),(#12472,#12473)),.PLANE_SURF.,.F.,.F.,.F.,(2,2),(2,2),(0.,1.),(0.,1.),.UNSPECIFIED.);
#1517=B_SPLINE_SURFACE_WITH_KNOTS('',1,1,((#12499,#12500),(#12501,#12502)),.PLANE_SURF.,.F.,.F.,.F.,(2,2),(2,2),(0.,1.),(0.,1.),.UNSPECIFIED.);
#1518=B_SPLINE_SURFACE_WITH_KNOTS('',1,1,((#12515,#12516),(#12517,#12518)),.PLANE_SURF.,.F.,.F.,.F.,(2,2),(2,2),(0.,1.),(0.,1.),.UNSPECIFIED.);
#1519=B_SPLINE_SURFACE_WITH_KNOTS('',1,1,((#12519,#12520),(#12521,#12522)),.PLANE_SURF.,.F.,.F.,.F.,(2,2),(2,2),(0.,1.),(0.,1.),.UNSPECIFIED.);
#1520=B_SPLINE_SURFACE_WITH_KNOTS('',1,1,((#12578,#12579),(#12580,#12581)),.PLANE_SURF.,.F.,.F.,.F.,(2,2),(2,2),(0.,1.),(0.,1.),.UNSPECIFIED.);
#1521=B_SPLINE_SURFACE_WITH_KNOTS('',1,1,((#12590,#12591),(#12592,#12593)),.PLANE_SURF.,.F.,.F.,.F.,(2,2),(2,2),(0.,1.),(0.,1.),.UNSPECIFIED.);
#1522=B_SPLINE_SURFACE_WITH_KNOTS('',1,1,((#12599,#12600),(#12601,#12602)),.PLANE_SURF.,.F.,.F.,.F.,(2,2),(2,2),(0.,1.),(0.,1.),.UNSPECIFIED.);
#1523=B_SPLINE_SURFACE_WITH_KNOTS('',1,1,((#12628,#12629),(#12630,#12631)),.PLANE_SURF.,.F.,.F.,.F.,(2,2),(2,2),(0.,1.),(0.,1.),.UNSPECIFIED.);
#1524=B_SPLINE_SURFACE_WITH_KNOTS('',1,1,((#12644,#12645),(#12646,#12647)),.PLANE_SURF.,.F.,.F.,.F.,(2,2),(2,2),(0.,1.),(0.,1.),.UNSPECIFIED.);
#1525=B_SPLINE_SURFACE_WITH_KNOTS('',1,1,((#12648,#12649),(#12650,#12651)),.PLANE_SURF.,.F.,.F.,.F.,(2,2),(2,2),(0.,1.),(0.,1.),.UNSPECIFIED.);
#1526=B_SPLINE_SURFACE_WITH_KNOTS('',1,1,((#12707,#12708),(#12709,#12710)),.PLANE_SURF.,.F.,.F.,.F.,(2,2),(2,2),(0.,1.),(0.,1.),.UNSPECIFIED.);
#1527=B_SPLINE_SURFACE_WITH_KNOTS('',1,1,((#12719,#12720),(#12721,#12722)),.PLANE_SURF.,.F.,.F.,.F.,(2,2),(2,2),(0.,1.),(0.,1.),.UNSPECIFIED.);
#1528=B_SPLINE_SURFACE_WITH_KNOTS('',1,1,((#12728,#12729),(#12730,#12731)),.PLANE_SURF.,.F.,.F.,.F.,(2,2),(2,2),(0.,1.),(0.,1.),.UNSPECIFIED.);
#1529=B_SPLINE_SURFACE_WITH_KNOTS('',1,1,((#12757,#12758),(#12759,#12760)),.PLANE_SURF.,.F.,.F.,.F.,(2,2),(2,2),(0.,1.),(0.,1.),.UNSPECIFIED.);
#1530=B_SPLINE_SURFACE_WITH_KNOTS('',1,1,((#12773,#12774),(#12775,#12776)),.PLANE_SURF.,.F.,.F.,.F.,(2,2),(2,2),(0.,1.),(0.,1.),.UNSPECIFIED.);
#1531=B_SPLINE_SURFACE_WITH_KNOTS('',1,1,((#12777,#12778),(#12779,#12780)),.PLANE_SURF.,.F.,.F.,.F.,(2,2),(2,2),(0.,1.),(0.,1.),.UNSPECIFIED.);
#1532=B_SPLINE_SURFACE_WITH_KNOTS('',1,1,((#12836,#12837),(#12838,#12839)),.PLANE_SURF.,.F.,.F.,.F.,(2,2),(2,2),(0.,1.),(0.,1.),.UNSPECIFIED.);
#1533=B_SPLINE_SURFACE_WITH_KNOTS('',1,1,((#12848,#12849),(#12850,#12851)),.PLANE_SURF.,.F.,.F.,.F.,(2,2),(2,2),(0.,1.),(0.,1.),.UNSPECIFIED.);
#1534=B_SPLINE_SURFACE_WITH_KNOTS('',1,1,((#12857,#12858),(#12859,#12860)),.PLANE_SURF.,.F.,.F.,.F.,(2,2),(2,2),(0.,1.),(0.,1.),.UNSPECIFIED.);
#1535=B_SPLINE_SURFACE_WITH_KNOTS('',1,1,((#12886,#12887),(#12888,#12889)),.PLANE_SURF.,.F.,.F.,.F.,(2,2),(2,2),(0.,1.),(0.,1.),.UNSPECIFIED.);
#1536=B_SPLINE_SURFACE_WITH_KNOTS('',1,1,((#12902,#12903),(#12904,#12905)),.PLANE_SURF.,.F.,.F.,.F.,(2,2),(2,2),(0.,1.),(0.,1.),.UNSPECIFIED.);
#1537=B_SPLINE_SURFACE_WITH_KNOTS('',1,1,((#12906,#12907),(#12908,#12909)),.PLANE_SURF.,.F.,.F.,.F.,(2,2),(2,2),(0.,1.),(0.,1.),.UNSPECIFIED.);
#1538=B_SPLINE_SURFACE_WITH_KNOTS('',1,1,((#12965,#12966),(#12967,#12968)),.PLANE_SURF.,.F.,.F.,.F.,(2,2),(2,2),(0.,1.),(0.,1.),.UNSPECIFIED.);
#1539=B_SPLINE_SURFACE_WITH_KNOTS('',1,1,((#12977,#12978),(#12979,#12980)),.PLANE_SURF.,.F.,.F.,.F.,(2,2),(2,2),(0.,1.),(0.,1.),.UNSPECIFIED.);
#1540=B_SPLINE_SURFACE_WITH_KNOTS('',1,1,((#12986,#12987),(#12988,#12989)),.PLANE_SURF.,.F.,.F.,.F.,(2,2),(2,2),(0.,1.),(0.,1.),.UNSPECIFIED.);
#1541=B_SPLINE_SURFACE_WITH_KNOTS('',1,1,((#13015,#13016),(#13017,#13018)),.PLANE_SURF.,.F.,.F.,.F.,(2,2),(2,2),(0.,1.),(0.,1.),.UNSPECIFIED.);
#1542=B_SPLINE_SURFACE_WITH_KNOTS('',1,1,((#13031,#13032),(#13033,#13034)),.PLANE_SURF.,.F.,.F.,.F.,(2,2),(2,2),(0.,1.),(0.,1.),.UNSPECIFIED.);
#1543=B_SPLINE_SURFACE_WITH_KNOTS('',1,1,((#13035,#13036),(#13037,#13038)),.PLANE_SURF.,.F.,.F.,.F.,(2,2),(2,2),(0.,1.),(0.,1.),.UNSPECIFIED.);
#1544=B_SPLINE_SURFACE_WITH_KNOTS('',1,1,((#13218,#13219),(#13220,#13221)),.PLANE_SURF.,.F.,.F.,.F.,(2,2),(2,2),(0.,1.),(0.,1.),.UNSPECIFIED.);
#1545=B_SPLINE_SURFACE_WITH_KNOTS('',1,1,((#13230,#13231),(#13232,#13233)),.PLANE_SURF.,.F.,.F.,.F.,(2,2),(2,2),(0.,1.),(0.,1.),.UNSPECIFIED.);
#1546=B_SPLINE_SURFACE_WITH_KNOTS('',1,1,((#13266,#13267),(#13268,#13269)),.PLANE_SURF.,.F.,.F.,.F.,(2,2),(2,2),(0.,1.),(0.,1.),.UNSPECIFIED.);
#1547=B_SPLINE_SURFACE_WITH_KNOTS('',1,1,((#13278,#13279),(#13280,#13281)),.PLANE_SURF.,.F.,.F.,.F.,(2,2),(2,2),(0.,1.),(0.,1.),.UNSPECIFIED.);
#1548=B_SPLINE_SURFACE_WITH_KNOTS('',1,1,((#13290,#13291),(#13292,#13293)),.PLANE_SURF.,.F.,.F.,.F.,(2,2),(2,2),(0.,1.),(0.,1.),.UNSPECIFIED.);
#1549=B_SPLINE_SURFACE_WITH_KNOTS('',1,1,((#13302,#13303),(#13304,#13305)),.PLANE_SURF.,.F.,.F.,.F.,(2,2),(2,2),(0.,1.),(0.,1.),.UNSPECIFIED.);
#1550=B_SPLINE_SURFACE_WITH_KNOTS('',1,1,((#13315,#13316),(#13317,#13318)),.PLANE_SURF.,.F.,.F.,.F.,(2,2),(2,2),(0.,1.),(0.,1.),.UNSPECIFIED.);
#1551=B_SPLINE_SURFACE_WITH_KNOTS('',1,1,((#13331,#13332),(#13333,#13334)),.PLANE_SURF.,.F.,.F.,.F.,(2,2),(2,2),(0.,1.),(0.,1.),.UNSPECIFIED.);
#1552=B_SPLINE_SURFACE_WITH_KNOTS('',1,1,((#13340,#13341),(#13342,#13343)),.PLANE_SURF.,.F.,.F.,.F.,(2,2),(2,2),(0.,1.),(0.,1.),.UNSPECIFIED.);
#1553=B_SPLINE_SURFACE_WITH_KNOTS('',1,1,((#13355,#13356),(#13357,#13358)),.PLANE_SURF.,.F.,.F.,.F.,(2,2),(2,2),(0.0807261844996491,0.954545454545455),(0.67774762550882,0.954545454545454),.PIECEWISE_BEZIER_KNOTS.);
#1554=B_SPLINE_SURFACE_WITH_KNOTS('',1,1,((#13378,#13379),(#13380,#13381)),.PLANE_SURF.,.F.,.F.,.F.,(2,2),(2,2),(0.,1.),(0.,1.),.UNSPECIFIED.);
#1555=B_SPLINE_SURFACE_WITH_KNOTS('',1,1,((#13405,#13406),(#13407,#13408)),.PLANE_SURF.,.F.,.F.,.F.,(2,2),(2,2),(0.,1.),(0.,1.),.UNSPECIFIED.);
#1556=B_SPLINE_SURFACE_WITH_KNOTS('',1,1,((#13430,#13431),(#13432,#13433)),.PLANE_SURF.,.F.,.F.,.F.,(2,2),(2,2),(0.,1.),(0.,1.),.UNSPECIFIED.);
#1557=B_SPLINE_SURFACE_WITH_KNOTS('',1,1,((#13439,#13440),(#13441,#13442)),.PLANE_SURF.,.F.,.F.,.F.,(2,2),(2,2),(0.,1.),(0.,1.),.UNSPECIFIED.);
#1558=B_SPLINE_SURFACE_WITH_KNOTS('',1,1,((#13446,#13447),(#13448,#13449)),.PLANE_SURF.,.F.,.F.,.F.,(2,2),(2,2),(0.,1.),(0.,1.),.UNSPECIFIED.);
#1559=B_SPLINE_SURFACE_WITH_KNOTS('',1,1,((#13451,#13452),(#13453,#13454)),.PLANE_SURF.,.F.,.F.,.F.,(2,2),(2,2),(0.,1.),(0.,1.),.UNSPECIFIED.);
#1560=B_SPLINE_SURFACE_WITH_KNOTS('',1,1,((#13458,#13459),(#13460,#13461)),.PLANE_SURF.,.F.,.F.,.F.,(2,2),(2,2),(0.,1.),(0.,1.),.UNSPECIFIED.);
#1561=B_SPLINE_SURFACE_WITH_KNOTS('',1,1,((#13470,#13471),(#13472,#13473)),.PLANE_SURF.,.F.,.F.,.F.,(2,2),(2,2),(0.,1.),(0.,1.),.UNSPECIFIED.);
#1562=B_SPLINE_SURFACE_WITH_KNOTS('',1,1,((#13479,#13480),(#13481,#13482)),.PLANE_SURF.,.F.,.F.,.F.,(2,2),(2,2),(0.,1.),(0.,1.),.UNSPECIFIED.);
#1563=B_SPLINE_SURFACE_WITH_KNOTS('',1,1,((#13488,#13489),(#13490,#13491)),.PLANE_SURF.,.F.,.F.,.F.,(2,2),(2,2),(0.,1.),(0.,1.),.UNSPECIFIED.);
#1564=B_SPLINE_SURFACE_WITH_KNOTS('',1,1,((#13497,#13498),(#13499,#13500)),.PLANE_SURF.,.F.,.F.,.F.,(2,2),(2,2),(0.,1.),(0.,1.),.UNSPECIFIED.);
#1565=B_SPLINE_SURFACE_WITH_KNOTS('',3,1,((#13506,#13507),(#13508,#13509),(#13510,#13511),(#13512,#13513)),.SURF_OF_LINEAR_EXTRUSION.,.F.,.F.,.F.,(4,4),(2,2),(0.,0.896111645887318),(0.0454545454545455,0.954545454545455),.PIECEWISE_BEZIER_KNOTS.);
#1566=B_SPLINE_SURFACE_WITH_KNOTS('',1,1,((#13545,#13546),(#13547,#13548)),.PLANE_SURF.,.F.,.F.,.F.,(2,2),(2,2),(0.,1.),(0.,1.),.UNSPECIFIED.);
#1567=B_SPLINE_SURFACE_WITH_KNOTS('',1,1,((#13551,#13552),(#13553,#13554)),.PLANE_SURF.,.F.,.F.,.F.,(2,2),(2,2),(0.,1.),(0.,1.),.UNSPECIFIED.);
#1568=B_SPLINE_SURFACE_WITH_KNOTS('',3,1,((#13565,#13566),(#13567,#13568),(#13569,#13570),(#13571,#13572)),.SURF_OF_LINEAR_EXTRUSION.,.F.,.F.,.F.,(4,4),(2,2),(0.0933533502223658,1.),(0.0454545454545453,0.954545454545455),.PIECEWISE_BEZIER_KNOTS.);
#1569=B_SPLINE_SURFACE_WITH_KNOTS('',1,1,((#13638,#13639),(#13640,#13641)),.PLANE_SURF.,.F.,.F.,.F.,(2,2),(2,2),(0.,1.),(0.,1.),.UNSPECIFIED.);
#1570=B_SPLINE_SURFACE_WITH_KNOTS('',1,1,((#13644,#13645),(#13646,#13647)),.PLANE_SURF.,.F.,.F.,.F.,(2,2),(2,2),(0.,1.),(0.,1.),.UNSPECIFIED.);
#1571=B_SPLINE_SURFACE_WITH_KNOTS('',1,1,((#13649,#13650),(#13651,#13652)),.PLANE_SURF.,.F.,.F.,.F.,(2,2),(2,2),(0.0807261778994569,0.954545454545455),(0.0454545454545455,0.32225237449118),.PIECEWISE_BEZIER_KNOTS.);
#1572=B_SPLINE_SURFACE_WITH_KNOTS('',1,1,((#13653,#13654),(#13655,#13656)),.PLANE_SURF.,.F.,.F.,.F.,(2,2),(2,2),(0.,1.),(0.,1.),.UNSPECIFIED.);
#1573=B_SPLINE_SURFACE_WITH_KNOTS('',1,1,((#13660,#13661),(#13662,#13663)),.PLANE_SURF.,.F.,.F.,.F.,(2,2),(2,2),(0.,1.),(0.,1.),.UNSPECIFIED.);
#1574=B_SPLINE_SURFACE_WITH_KNOTS('',1,1,((#13679,#13680),(#13681,#13682)),.PLANE_SURF.,.F.,.F.,.F.,(2,2),(2,2),(0.,1.),(0.,1.),.UNSPECIFIED.);
#1575=B_SPLINE_SURFACE_WITH_KNOTS('',1,1,((#13688,#13689),(#13690,#13691)),.PLANE_SURF.,.F.,.F.,.F.,(2,2),(2,2),(0.,1.),(0.,1.),.UNSPECIFIED.);
#1576=B_SPLINE_SURFACE_WITH_KNOTS('',1,1,((#13693,#13694),(#13695,#13696)),.PLANE_SURF.,.F.,.F.,.F.,(2,2),(2,2),(0.,1.),(0.,1.),.UNSPECIFIED.);
#1577=B_SPLINE_SURFACE_WITH_KNOTS('',1,1,((#13698,#13699),(#13700,#13701)),.PLANE_SURF.,.F.,.F.,.F.,(2,2),(2,2),(0.,1.),(0.,1.),.UNSPECIFIED.);
#1578=B_SPLINE_SURFACE_WITH_KNOTS('',1,1,((#13714,#13715),(#13716,#13717)),.PLANE_SURF.,.F.,.F.,.F.,(2,2),(2,2),(0.,1.),(0.,1.),.UNSPECIFIED.);
#1579=B_SPLINE_SURFACE_WITH_KNOTS('',1,1,((#13719,#13720),(#13721,#13722)),.PLANE_SURF.,.F.,.F.,.F.,(2,2),(2,2),(0.,1.),(0.,1.),.UNSPECIFIED.);
#1580=B_SPLINE_SURFACE_WITH_KNOTS('',1,1,((#13724,#13725),(#13726,#13727)),.PLANE_SURF.,.F.,.F.,.F.,(2,2),(2,2),(0.,1.),(0.,1.),.UNSPECIFIED.);
#1581=B_SPLINE_SURFACE_WITH_KNOTS('',1,1,((#13730,#13731),(#13732,#13733)),.PLANE_SURF.,.F.,.F.,.F.,(2,2),(2,2),(0.,1.),(0.,1.),.UNSPECIFIED.);
#1582=B_SPLINE_SURFACE_WITH_KNOTS('',1,1,((#13734,#13735),(#13736,#13737)),.PLANE_SURF.,.F.,.F.,.F.,(2,2),(2,2),(0.,1.),(0.,1.),.UNSPECIFIED.);
#1583=B_SPLINE_SURFACE_WITH_KNOTS('',1,1,((#13739,#13740),(#13741,#13742)),.PLANE_SURF.,.F.,.F.,.F.,(2,2),(2,2),(0.,1.),(0.,1.),.UNSPECIFIED.);
#1584=B_SPLINE_SURFACE_WITH_KNOTS('',1,1,((#13743,#13744),(#13745,#13746)),.PLANE_SURF.,.F.,.F.,.F.,(2,2),(2,2),(0.,1.),(0.,1.),.UNSPECIFIED.);
#1585=B_SPLINE_SURFACE_WITH_KNOTS('',1,1,((#13748,#13749),(#13750,#13751)),.PLANE_SURF.,.F.,.F.,.F.,(2,2),(2,2),(0.,1.),(0.,1.),.UNSPECIFIED.);
#1586=B_SPLINE_SURFACE_WITH_KNOTS('',1,1,((#13752,#13753),(#13754,#13755)),.PLANE_SURF.,.F.,.F.,.F.,(2,2),(2,2),(0.,1.),(0.,1.),.UNSPECIFIED.);
#1587=B_SPLINE_SURFACE_WITH_KNOTS('',1,1,((#13756,#13757),(#13758,#13759)),.PLANE_SURF.,.F.,.F.,.F.,(2,2),(2,2),(0.,1.),(0.,1.),.UNSPECIFIED.);
#1588=B_SPLINE_SURFACE_WITH_KNOTS('',1,1,((#13760,#13761),(#13762,#13763)),.PLANE_SURF.,.F.,.F.,.F.,(2,2),(2,2),(0.,1.),(0.,1.),.UNSPECIFIED.);
#1589=B_SPLINE_SURFACE_WITH_KNOTS('',1,1,((#13788,#13789),(#13790,#13791)),.PLANE_SURF.,.F.,.F.,.F.,(2,2),(2,2),(0.,1.),(0.,1.),.UNSPECIFIED.);
#1590=B_SPLINE_SURFACE_WITH_KNOTS('',1,1,((#13812,#13813),(#13814,#13815)),.PLANE_SURF.,.F.,.F.,.F.,(2,2),(2,2),(0.,1.),(0.,1.),.UNSPECIFIED.);
#1591=B_SPLINE_SURFACE_WITH_KNOTS('',1,1,((#13837,#13838),(#13839,#13840)),.PLANE_SURF.,.F.,.F.,.F.,(2,2),(2,2),(0.,1.),(0.,1.),.UNSPECIFIED.);
#1592=B_SPLINE_SURFACE_WITH_KNOTS('',1,1,((#13863,#13864),(#13865,#13866)),.PLANE_SURF.,.F.,.F.,.F.,(2,2),(2,2),(0.,1.),(0.,1.),.UNSPECIFIED.);
#1593=B_SPLINE_SURFACE_WITH_KNOTS('',1,1,((#13868,#13869),(#13870,#13871)),.PLANE_SURF.,.F.,.F.,.F.,(2,2),(2,2),(0.,1.),(0.,1.),.UNSPECIFIED.);
#1594=B_SPLINE_SURFACE_WITH_KNOTS('',1,1,((#13881,#13882),(#13883,#13884)),.PLANE_SURF.,.F.,.F.,.F.,(2,2),(2,2),(0.0454383052179264,0.957268400885384),(0.0438788464161792,0.958058159099911),.PIECEWISE_BEZIER_KNOTS.);
#1595=B_SPLINE_SURFACE_WITH_KNOTS('',1,1,((#13911,#13912),(#13913,#13914)),.PLANE_SURF.,.F.,.F.,.F.,(2,2),(2,2),(0.,1.),(0.,1.),.UNSPECIFIED.);
#1596=B_SPLINE_SURFACE_WITH_KNOTS('',1,1,((#13941,#13942),(#13943,#13944)),.PLANE_SURF.,.F.,.F.,.F.,(2,2),(2,2),(0.,1.),(0.,1.),.UNSPECIFIED.);
#1597=B_SPLINE_SURFACE_WITH_KNOTS('',1,1,((#13954,#13955),(#13956,#13957)),.PLANE_SURF.,.F.,.F.,.F.,(2,2),(2,2),(0.,1.),(0.,1.),.UNSPECIFIED.);
#1598=B_SPLINE_SURFACE_WITH_KNOTS('',1,1,((#13977,#13978),(#13979,#13980)),.PLANE_SURF.,.F.,.F.,.F.,(2,2),(2,2),(0.,1.),(0.,1.),.UNSPECIFIED.);
#1599=B_SPLINE_SURFACE_WITH_KNOTS('',1,1,((#14006,#14007),(#14008,#14009)),.PLANE_SURF.,.F.,.F.,.F.,(2,2),(2,2),(0.,1.),(0.,1.),.UNSPECIFIED.);
#1600=B_SPLINE_SURFACE_WITH_KNOTS('',1,1,((#14028,#14029),(#14030,#14031)),.PLANE_SURF.,.F.,.F.,.F.,(2,2),(2,2),(0.,1.),(0.,1.),.UNSPECIFIED.);
#1601=B_SPLINE_SURFACE_WITH_KNOTS('',1,1,((#14037,#14038),(#14039,#14040)),.PLANE_SURF.,.F.,.F.,.F.,(2,2),(2,2),(0.,1.),(0.,1.),.UNSPECIFIED.);
#1602=B_SPLINE_SURFACE_WITH_KNOTS('',1,1,((#14046,#14047),(#14048,#14049)),.PLANE_SURF.,.F.,.F.,.F.,(2,2),(2,2),(0.,1.),(0.,1.),.UNSPECIFIED.);
#1603=B_SPLINE_SURFACE_WITH_KNOTS('',1,1,((#14072,#14073),(#14074,#14075)),.PLANE_SURF.,.F.,.F.,.F.,(2,2),(2,2),(0.,1.),(0.,1.),.UNSPECIFIED.);
#1604=B_SPLINE_SURFACE_WITH_KNOTS('',1,1,((#14094,#14095),(#14096,#14097)),.PLANE_SURF.,.F.,.F.,.F.,(2,2),(2,2),(0.,1.),(0.,1.),.UNSPECIFIED.);
#1605=B_SPLINE_SURFACE_WITH_KNOTS('',1,1,((#14116,#14117),(#14118,#14119)),.PLANE_SURF.,.F.,.F.,.F.,(2,2),(2,2),(0.,1.),(0.,1.),.UNSPECIFIED.);
#1606=B_SPLINE_SURFACE_WITH_KNOTS('',1,1,((#14138,#14139),(#14140,#14141)),.PLANE_SURF.,.F.,.F.,.F.,(2,2),(2,2),(0.,1.),(0.,1.),.UNSPECIFIED.);
#1607=B_SPLINE_SURFACE_WITH_KNOTS('',1,1,((#14160,#14161),(#14162,#14163)),.PLANE_SURF.,.F.,.F.,.F.,(2,2),(2,2),(0.,1.),(0.,1.),.UNSPECIFIED.);
#1608=B_SPLINE_SURFACE_WITH_KNOTS('',1,1,((#14169,#14170),(#14171,#14172)),.PLANE_SURF.,.F.,.F.,.F.,(2,2),(2,2),(0.,1.),(0.,1.),.UNSPECIFIED.);
#1609=B_SPLINE_SURFACE_WITH_KNOTS('',1,1,((#14178,#14179),(#14180,#14181)),.PLANE_SURF.,.F.,.F.,.F.,(2,2),(2,2),(0.,1.),(0.,1.),.UNSPECIFIED.);
#1610=B_SPLINE_SURFACE_WITH_KNOTS('',1,1,((#14200,#14201),(#14202,#14203)),.PLANE_SURF.,.F.,.F.,.F.,(2,2),(2,2),(0.,1.),(0.,1.),.UNSPECIFIED.);
#1611=B_SPLINE_SURFACE_WITH_KNOTS('',1,1,((#14222,#14223),(#14224,#14225)),.PLANE_SURF.,.F.,.F.,.F.,(2,2),(2,2),(0.,1.),(0.,1.),.UNSPECIFIED.);
#1612=B_SPLINE_SURFACE_WITH_KNOTS('',1,1,((#14244,#14245),(#14246,#14247)),.PLANE_SURF.,.F.,.F.,.F.,(2,2),(2,2),(0.,1.),(0.,1.),.UNSPECIFIED.);
#1613=B_SPLINE_SURFACE_WITH_KNOTS('',1,1,((#14266,#14267),(#14268,#14269)),.PLANE_SURF.,.F.,.F.,.F.,(2,2),(2,2),(0.,1.),(0.,1.),.UNSPECIFIED.);
#1614=B_SPLINE_SURFACE_WITH_KNOTS('',1,1,((#14292,#14293),(#14294,#14295)),.PLANE_SURF.,.F.,.F.,.F.,(2,2),(2,2),(0.,1.),(0.,1.),.UNSPECIFIED.);
#1615=B_SPLINE_SURFACE_WITH_KNOTS('',1,1,((#14301,#14302),(#14303,#14304)),.PLANE_SURF.,.F.,.F.,.F.,(2,2),(2,2),(0.,1.),(0.,1.),.UNSPECIFIED.);
#1616=B_SPLINE_SURFACE_WITH_KNOTS('',1,1,((#14310,#14311),(#14312,#14313)),.PLANE_SURF.,.F.,.F.,.F.,(2,2),(2,2),(0.,1.),(0.,1.),.UNSPECIFIED.);
#1617=B_SPLINE_SURFACE_WITH_KNOTS('',1,1,((#14332,#14333),(#14334,#14335)),.PLANE_SURF.,.F.,.F.,.F.,(2,2),(2,2),(0.,1.),(0.,1.),.UNSPECIFIED.);
#1618=B_SPLINE_SURFACE_WITH_KNOTS('',1,1,((#14358,#14359),(#14360,#14361)),.PLANE_SURF.,.F.,.F.,.F.,(2,2),(2,2),(0.,1.),(0.,1.),.UNSPECIFIED.);
#1619=B_SPLINE_SURFACE_WITH_KNOTS('',1,1,((#14380,#14381),(#14382,#14383)),.PLANE_SURF.,.F.,.F.,.F.,(2,2),(2,2),(0.,1.),(0.,1.),.UNSPECIFIED.);
#1620=B_SPLINE_SURFACE_WITH_KNOTS('',1,1,((#14402,#14403),(#14404,#14405)),.PLANE_SURF.,.F.,.F.,.F.,(2,2),(2,2),(0.,1.),(0.,1.),.UNSPECIFIED.);
#1621=B_SPLINE_SURFACE_WITH_KNOTS('',1,1,((#14424,#14425),(#14426,#14427)),.PLANE_SURF.,.F.,.F.,.F.,(2,2),(2,2),(0.,1.),(0.,1.),.UNSPECIFIED.);
#1622=B_SPLINE_SURFACE_WITH_KNOTS('',1,1,((#14433,#14434),(#14435,#14436)),.PLANE_SURF.,.F.,.F.,.F.,(2,2),(2,2),(0.,1.),(0.,1.),.UNSPECIFIED.);
#1623=B_SPLINE_SURFACE_WITH_KNOTS('',1,1,((#14442,#14443),(#14444,#14445)),.PLANE_SURF.,.F.,.F.,.F.,(2,2),(2,2),(0.,1.),(0.,1.),.UNSPECIFIED.);
#1624=B_SPLINE_SURFACE_WITH_KNOTS('',1,1,((#14464,#14465),(#14466,#14467)),.PLANE_SURF.,.F.,.F.,.F.,(2,2),(2,2),(0.,1.),(0.,1.),.UNSPECIFIED.);
#1625=B_SPLINE_SURFACE_WITH_KNOTS('',1,1,((#14496,#14497),(#14498,#14499)),.PLANE_SURF.,.F.,.F.,.F.,(2,2),(2,2),(0.,1.),(0.,1.),.UNSPECIFIED.);
#1626=B_SPLINE_SURFACE_WITH_KNOTS('',1,1,((#14525,#14526),(#14527,#14528)),.PLANE_SURF.,.F.,.F.,.F.,(2,2),(2,2),(0.,1.),(0.,1.),.UNSPECIFIED.);
#1627=B_SPLINE_SURFACE_WITH_KNOTS('',1,1,((#14529,#14530),(#14531,#14532)),.PLANE_SURF.,.F.,.F.,.F.,(2,2),(2,2),(0.,1.),(0.,1.),.UNSPECIFIED.);
#1628=B_SPLINE_SURFACE_WITH_KNOTS('',1,1,((#14712,#14713),(#14714,#14715)),.PLANE_SURF.,.F.,.F.,.F.,(2,2),(2,2),(0.,1.),(0.,1.),.UNSPECIFIED.);
#1629=B_SPLINE_SURFACE_WITH_KNOTS('',1,1,((#14724,#14725),(#14726,#14727)),.PLANE_SURF.,.F.,.F.,.F.,(2,2),(2,2),(0.,1.),(0.,1.),.UNSPECIFIED.);
#1630=B_SPLINE_SURFACE_WITH_KNOTS('',1,1,((#14768,#14769),(#14770,#14771)),.PLANE_SURF.,.F.,.F.,.F.,(2,2),(2,2),(0.,1.),(0.,1.),.UNSPECIFIED.);
#1631=B_SPLINE_SURFACE_WITH_KNOTS('',1,1,((#14780,#14781),(#14782,#14783)),.PLANE_SURF.,.F.,.F.,.F.,(2,2),(2,2),(0.,1.),(0.,1.),.UNSPECIFIED.);
#1632=B_SPLINE_SURFACE_WITH_KNOTS('',1,1,((#14792,#14793),(#14794,#14795)),.PLANE_SURF.,.F.,.F.,.F.,(2,2),(2,2),(0.,1.),(0.,1.),.UNSPECIFIED.);
#1633=B_SPLINE_SURFACE_WITH_KNOTS('',1,1,((#14804,#14805),(#14806,#14807)),.PLANE_SURF.,.F.,.F.,.F.,(2,2),(2,2),(0.,1.),(0.,1.),.UNSPECIFIED.);
#1634=B_SPLINE_SURFACE_WITH_KNOTS('',1,1,((#14820,#14821),(#14822,#14823)),.PLANE_SURF.,.F.,.F.,.F.,(2,2),(2,2),(0.,1.),(0.,1.),.UNSPECIFIED.);
#1635=B_SPLINE_SURFACE_WITH_KNOTS('',3,1,((#14829,#14830),(#14831,#14832),(#14833,#14834),(#14835,#14836)),.SURF_OF_LINEAR_EXTRUSION.,.F.,.F.,.F.,(4,4),(2,2),(0.0933533502223658,1.),(0.0454545454545456,0.954545454545455),.PIECEWISE_BEZIER_KNOTS.);
#1636=B_SPLINE_SURFACE_WITH_KNOTS('',1,1,((#14887,#14888),(#14889,#14890)),.PLANE_SURF.,.F.,.F.,.F.,(2,2),(2,2),(0.,1.),(0.,1.),.UNSPECIFIED.);
#1637=B_SPLINE_SURFACE_WITH_KNOTS('',1,1,((#14904,#14905),(#14906,#14907)),.PLANE_SURF.,.F.,.F.,.F.,(2,2),(2,2),(0.,1.),(0.,1.),.UNSPECIFIED.);
#1638=B_SPLINE_SURFACE_WITH_KNOTS('',1,1,((#14924,#14925),(#14926,#14927)),.PLANE_SURF.,.F.,.F.,.F.,(2,2),(2,2),(0.,1.),(0.,1.),.UNSPECIFIED.);
#1639=B_SPLINE_SURFACE_WITH_KNOTS('',1,1,((#14939,#14940),(#14941,#14942)),.PLANE_SURF.,.F.,.F.,.F.,(2,2),(2,2),(0.0454545454545453,0.919273815500351),(0.0454545454545455,0.32225237449118),.PIECEWISE_BEZIER_KNOTS.);
#1640=B_SPLINE_SURFACE_WITH_KNOTS('',1,1,((#14965,#14966),(#14967,#14968)),.PLANE_SURF.,.F.,.F.,.F.,(2,2),(2,2),(0.,1.),(0.,1.),.UNSPECIFIED.);
#1641=B_SPLINE_SURFACE_WITH_KNOTS('',1,1,((#14977,#14978),(#14979,#14980)),.PLANE_SURF.,.F.,.F.,.F.,(2,2),(2,2),(0.,1.),(0.,1.),.UNSPECIFIED.);
#1642=B_SPLINE_SURFACE_WITH_KNOTS('',1,1,((#14986,#14987),(#14988,#14989)),.PLANE_SURF.,.F.,.F.,.F.,(2,2),(2,2),(0.,1.),(0.,1.),.UNSPECIFIED.);
#1643=B_SPLINE_SURFACE_WITH_KNOTS('',1,1,((#14992,#14993),(#14994,#14995)),.PLANE_SURF.,.F.,.F.,.F.,(2,2),(2,2),(0.,1.),(0.,1.),.UNSPECIFIED.);
#1644=B_SPLINE_SURFACE_WITH_KNOTS('',1,1,((#15001,#15002),(#15003,#15004)),.PLANE_SURF.,.F.,.F.,.F.,(2,2),(2,2),(0.,1.),(0.,1.),.UNSPECIFIED.);
#1645=B_SPLINE_SURFACE_WITH_KNOTS('',1,1,((#15010,#15011),(#15012,#15013)),.PLANE_SURF.,.F.,.F.,.F.,(2,2),(2,2),(0.,1.),(0.,1.),.UNSPECIFIED.);
#1646=B_SPLINE_SURFACE_WITH_KNOTS('',1,1,((#15017,#15018),(#15019,#15020)),.PLANE_SURF.,.F.,.F.,.F.,(2,2),(2,2),(0.,1.),(0.,1.),.UNSPECIFIED.);
#1647=B_SPLINE_SURFACE_WITH_KNOTS('',1,1,((#15024,#15025),(#15026,#15027)),.PLANE_SURF.,.F.,.F.,.F.,(2,2),(2,2),(0.,1.),(0.,1.),.UNSPECIFIED.);
#1648=B_SPLINE_SURFACE_WITH_KNOTS('',1,1,((#15031,#15032),(#15033,#15034)),.PLANE_SURF.,.F.,.F.,.F.,(2,2),(2,2),(0.,1.),(0.,1.),.UNSPECIFIED.);
#1649=B_SPLINE_SURFACE_WITH_KNOTS('',1,1,((#15038,#15039),(#15040,#15041)),.PLANE_SURF.,.F.,.F.,.F.,(2,2),(2,2),(0.,1.),(0.,1.),.UNSPECIFIED.);
#1650=B_SPLINE_SURFACE_WITH_KNOTS('',3,1,((#15058,#15059),(#15060,#15061),(#15062,#15063),(#15064,#15065)),.SURF_OF_LINEAR_EXTRUSION.,.F.,.F.,.F.,(4,4),(2,2),(0.0933533502223658,1.),(0.0454545454545455,0.954545454545455),.PIECEWISE_BEZIER_KNOTS.);
#1651=B_SPLINE_SURFACE_WITH_KNOTS('',1,1,((#15132,#15133),(#15134,#15135)),.PLANE_SURF.,.F.,.F.,.F.,(2,2),(2,2),(0.,1.),(0.,1.),.UNSPECIFIED.);
#1652=B_SPLINE_SURFACE_WITH_KNOTS('',1,1,((#15138,#15139),(#15140,#15141)),.PLANE_SURF.,.F.,.F.,.F.,(2,2),(2,2),(0.,1.),(0.,1.),.UNSPECIFIED.);
#1653=B_SPLINE_SURFACE_WITH_KNOTS('',1,1,((#15143,#15144),(#15145,#15146)),.PLANE_SURF.,.F.,.F.,.F.,(2,2),(2,2),(0.,1.),(0.,1.),.UNSPECIFIED.);
#1654=B_SPLINE_SURFACE_WITH_KNOTS('',1,1,((#15176,#15177),(#15178,#15179)),.PLANE_SURF.,.F.,.F.,.F.,(2,2),(2,2),(0.0454545454545453,0.919273815526388),(0.67774762550882,0.954545454545454),.PIECEWISE_BEZIER_KNOTS.);
#1655=B_SPLINE_SURFACE_WITH_KNOTS('',1,1,((#15180,#15181),(#15182,#15183)),.PLANE_SURF.,.F.,.F.,.F.,(2,2),(2,2),(0.,1.),(0.,1.),.UNSPECIFIED.);
#1656=B_SPLINE_SURFACE_WITH_KNOTS('',1,1,((#15201,#15202),(#15203,#15204)),.PLANE_SURF.,.F.,.F.,.F.,(2,2),(2,2),(0.,1.),(0.,1.),.UNSPECIFIED.);
#1657=B_SPLINE_SURFACE_WITH_KNOTS('',1,1,((#15209,#15210),(#15211,#15212)),.PLANE_SURF.,.F.,.F.,.F.,(2,2),(2,2),(0.,1.),(0.,1.),.UNSPECIFIED.);
#1658=B_SPLINE_SURFACE_WITH_KNOTS('',1,1,((#15224,#15225),(#15226,#15227)),.PLANE_SURF.,.F.,.F.,.F.,(2,2),(2,2),(0.,1.),(0.,1.),.UNSPECIFIED.);
#1659=B_SPLINE_SURFACE_WITH_KNOTS('',1,1,((#15229,#15230),(#15231,#15232)),.PLANE_SURF.,.F.,.F.,.F.,(2,2),(2,2),(0.,1.),(0.,1.),.UNSPECIFIED.);
#1660=B_SPLINE_SURFACE_WITH_KNOTS('',1,1,((#15234,#15235),(#15236,#15237)),.PLANE_SURF.,.F.,.F.,.F.,(2,2),(2,2),(0.,1.),(0.,1.),.UNSPECIFIED.);
#1661=B_SPLINE_SURFACE_WITH_KNOTS('',1,1,((#15250,#15251),(#15252,#15253)),.PLANE_SURF.,.F.,.F.,.F.,(2,2),(2,2),(0.,1.),(0.,1.),.UNSPECIFIED.);
#1662=B_SPLINE_SURFACE_WITH_KNOTS('',1,1,((#15256,#15257),(#15258,#15259)),.PLANE_SURF.,.F.,.F.,.F.,(2,2),(2,2),(0.,1.),(0.,1.),.UNSPECIFIED.);
#1663=B_SPLINE_SURFACE_WITH_KNOTS('',1,1,((#15260,#15261),(#15262,#15263)),.PLANE_SURF.,.F.,.F.,.F.,(2,2),(2,2),(0.,1.),(0.,1.),.UNSPECIFIED.);
#1664=B_SPLINE_SURFACE_WITH_KNOTS('',1,1,((#15266,#15267),(#15268,#15269)),.PLANE_SURF.,.F.,.F.,.F.,(2,2),(2,2),(0.,1.),(0.,1.),.UNSPECIFIED.);
#1665=B_SPLINE_SURFACE_WITH_KNOTS('',1,1,((#15270,#15271),(#15272,#15273)),.PLANE_SURF.,.F.,.F.,.F.,(2,2),(2,2),(0.,1.),(0.,1.),.UNSPECIFIED.);
#1666=B_SPLINE_SURFACE_WITH_KNOTS('',1,1,((#15275,#15276),(#15277,#15278)),.PLANE_SURF.,.F.,.F.,.F.,(2,2),(2,2),(0.,1.),(0.,1.),.UNSPECIFIED.);
#1667=B_SPLINE_SURFACE_WITH_KNOTS('',1,1,((#15280,#15281),(#15282,#15283)),.PLANE_SURF.,.F.,.F.,.F.,(2,2),(2,2),(0.,1.),(0.,1.),.UNSPECIFIED.);
#1668=B_SPLINE_SURFACE_WITH_KNOTS('',1,1,((#15285,#15286),(#15287,#15288)),.PLANE_SURF.,.F.,.F.,.F.,(2,2),(2,2),(0.,1.),(0.,1.),.UNSPECIFIED.);
#1669=B_SPLINE_SURFACE_WITH_KNOTS('',1,1,((#15289,#15290),(#15291,#15292)),.PLANE_SURF.,.F.,.F.,.F.,(2,2),(2,2),(0.,1.),(0.,1.),.UNSPECIFIED.);
#1670=B_SPLINE_SURFACE_WITH_KNOTS('',1,1,((#15294,#15295),(#15296,#15297)),.PLANE_SURF.,.F.,.F.,.F.,(2,2),(2,2),(0.,1.),(0.,1.),.UNSPECIFIED.);
#1671=B_SPLINE_SURFACE_WITH_KNOTS('',1,1,((#15301,#15302),(#15303,#15304)),.PLANE_SURF.,.F.,.F.,.F.,(2,2),(2,2),(0.,1.),(0.,1.),.UNSPECIFIED.);
#1672=B_SPLINE_SURFACE_WITH_KNOTS('',1,1,((#15306,#15307),(#15308,#15309)),.PLANE_SURF.,.F.,.F.,.F.,(2,2),(2,2),(0.,1.),(0.,1.),.UNSPECIFIED.);
#1673=B_SPLINE_SURFACE_WITH_KNOTS('',1,1,((#15311,#15312),(#15313,#15314)),.PLANE_SURF.,.F.,.F.,.F.,(2,2),(2,2),(0.,1.),(0.,1.),.UNSPECIFIED.);
#1674=B_SPLINE_SURFACE_WITH_KNOTS('',1,1,((#15315,#15316),(#15317,#15318)),.PLANE_SURF.,.F.,.F.,.F.,(2,2),(2,2),(0.,1.),(0.,1.),.UNSPECIFIED.);
#1675=B_SPLINE_SURFACE_WITH_KNOTS('',1,1,((#15324,#15325),(#15326,#15327)),.PLANE_SURF.,.F.,.F.,.F.,(2,2),(2,2),(0.,1.),(0.,1.),.UNSPECIFIED.);
#1676=B_SPLINE_SURFACE_WITH_KNOTS('',1,1,((#15331,#15332),(#15333,#15334)),.PLANE_SURF.,.F.,.F.,.F.,(2,2),(2,2),(0.,1.),(0.,1.),.UNSPECIFIED.);
#1677=B_SPLINE_SURFACE_WITH_KNOTS('',1,1,((#15338,#15339),(#15340,#15341)),.PLANE_SURF.,.F.,.F.,.F.,(2,2),(2,2),(0.,1.),(0.,1.),.UNSPECIFIED.);
#1678=B_SPLINE_SURFACE_WITH_KNOTS('',1,1,((#15343,#15344),(#15345,#15346)),.PLANE_SURF.,.F.,.F.,.F.,(2,2),(2,2),(0.,1.),(0.,1.),.UNSPECIFIED.);
#1679=B_SPLINE_SURFACE_WITH_KNOTS('',1,1,((#15347,#15348),(#15349,#15350)),.PLANE_SURF.,.F.,.F.,.F.,(2,2),(2,2),(0.,1.),(0.,1.),.UNSPECIFIED.);
#1680=B_SPLINE_SURFACE_WITH_KNOTS('',1,1,((#15351,#15352),(#15353,#15354)),.PLANE_SURF.,.F.,.F.,.F.,(2,2),(2,2),(0.,1.),(0.,1.),.UNSPECIFIED.);
#1681=B_SPLINE_SURFACE_WITH_KNOTS('',1,1,((#15355,#15356),(#15357,#15358)),.PLANE_SURF.,.F.,.F.,.F.,(2,2),(2,2),(0.,1.),(0.,1.),.UNSPECIFIED.);
#1682=B_SPLINE_SURFACE_WITH_KNOTS('',1,1,((#15383,#15384),(#15385,#15386)),.PLANE_SURF.,.F.,.F.,.F.,(2,2),(2,2),(0.,1.),(0.,1.),.UNSPECIFIED.);
#1683=B_SPLINE_SURFACE_WITH_KNOTS('',1,1,((#15405,#15406),(#15407,#15408)),.PLANE_SURF.,.F.,.F.,.F.,(2,2),(2,2),(0.,1.),(0.,1.),.UNSPECIFIED.);
#1684=B_SPLINE_SURFACE_WITH_KNOTS('',1,1,((#15409,#15410),(#15411,#15412)),.PLANE_SURF.,.F.,.F.,.F.,(2,2),(2,2),(0.,1.),(0.,1.),.UNSPECIFIED.);
#1685=B_SPLINE_SURFACE_WITH_KNOTS('',1,1,((#15435,#15436),(#15437,#15438)),.PLANE_SURF.,.F.,.F.,.F.,(2,2),(2,2),(0.,1.),(0.,1.),.UNSPECIFIED.);
#1686=B_SPLINE_SURFACE_WITH_KNOTS('',1,1,((#15459,#15460),(#15461,#15462)),.PLANE_SURF.,.F.,.F.,.F.,(2,2),(2,2),(0.,1.),(0.,1.),.UNSPECIFIED.);
#1687=B_SPLINE_SURFACE_WITH_KNOTS('',1,1,((#15463,#15464),(#15465,#15466)),.PLANE_SURF.,.F.,.F.,.F.,(2,2),(2,2),(0.0454383052179264,0.957268400885384),(0.0438788464161792,0.958058159099911),.PIECEWISE_BEZIER_KNOTS.);
#1688=B_SPLINE_SURFACE_WITH_KNOTS('',1,1,((#15476,#15477),(#15478,#15479)),.PLANE_SURF.,.F.,.F.,.F.,(2,2),(2,2),(0.,1.),(0.,1.),.UNSPECIFIED.);
#1689=B_SPLINE_SURFACE_WITH_KNOTS('',1,1,((#15506,#15507),(#15508,#15509)),.PLANE_SURF.,.F.,.F.,.F.,(2,2),(2,2),(0.,1.),(0.,1.),.UNSPECIFIED.);
#1690=B_SPLINE_SURFACE_WITH_KNOTS('',1,1,((#15536,#15537),(#15538,#15539)),.PLANE_SURF.,.F.,.F.,.F.,(2,2),(2,2),(0.0454383052179264,0.957268400885384),(0.0438788464161792,0.958058159099911),.PIECEWISE_BEZIER_KNOTS.);
#1691=(
B_SPLINE_CURVE(1,(#10574,#10575),.UNSPECIFIED.,.F.,.F.)
B_SPLINE_CURVE_WITH_KNOTS((2,2),(0.,1.),.PIECEWISE_BEZIER_KNOTS.)
BOUNDED_CURVE()
CURVE()
GEOMETRIC_REPRESENTATION_ITEM()
RATIONAL_B_SPLINE_CURVE((1.,1.))
REPRESENTATION_ITEM('')
);
#1692=(
B_SPLINE_CURVE(1,(#10579,#10580),.UNSPECIFIED.,.F.,.F.)
B_SPLINE_CURVE_WITH_KNOTS((2,2),(0.,1.),.PIECEWISE_BEZIER_KNOTS.)
BOUNDED_CURVE()
CURVE()
GEOMETRIC_REPRESENTATION_ITEM()
RATIONAL_B_SPLINE_CURVE((1.,1.))
REPRESENTATION_ITEM('')
);
#1693=(
B_SPLINE_CURVE(1,(#10592,#10593),.UNSPECIFIED.,.F.,.F.)
B_SPLINE_CURVE_WITH_KNOTS((2,2),(0.,1.),.PIECEWISE_BEZIER_KNOTS.)
BOUNDED_CURVE()
CURVE()
GEOMETRIC_REPRESENTATION_ITEM()
RATIONAL_B_SPLINE_CURVE((1.,1.))
REPRESENTATION_ITEM('')
);
#1694=(
B_SPLINE_CURVE(1,(#10597,#10598),.UNSPECIFIED.,.F.,.F.)
B_SPLINE_CURVE_WITH_KNOTS((2,2),(0.,1.),.PIECEWISE_BEZIER_KNOTS.)
BOUNDED_CURVE()
CURVE()
GEOMETRIC_REPRESENTATION_ITEM()
RATIONAL_B_SPLINE_CURVE((1.,1.))
REPRESENTATION_ITEM('')
);
#1695=(
B_SPLINE_CURVE(1,(#10610,#10611),.UNSPECIFIED.,.F.,.F.)
B_SPLINE_CURVE_WITH_KNOTS((2,2),(0.,1.),.PIECEWISE_BEZIER_KNOTS.)
BOUNDED_CURVE()
CURVE()
GEOMETRIC_REPRESENTATION_ITEM()
RATIONAL_B_SPLINE_CURVE((1.,1.))
REPRESENTATION_ITEM('')
);
#1696=(
B_SPLINE_CURVE(1,(#10615,#10616),.UNSPECIFIED.,.F.,.F.)
B_SPLINE_CURVE_WITH_KNOTS((2,2),(0.,1.),.PIECEWISE_BEZIER_KNOTS.)
BOUNDED_CURVE()
CURVE()
GEOMETRIC_REPRESENTATION_ITEM()
RATIONAL_B_SPLINE_CURVE((1.,1.))
REPRESENTATION_ITEM('')
);
#1697=(
B_SPLINE_CURVE(1,(#11177,#11178),.UNSPECIFIED.,.F.,.F.)
B_SPLINE_CURVE_WITH_KNOTS((2,2),(0.,1.),.PIECEWISE_BEZIER_KNOTS.)
BOUNDED_CURVE()
CURVE()
GEOMETRIC_REPRESENTATION_ITEM()
RATIONAL_B_SPLINE_CURVE((1.,1.))
REPRESENTATION_ITEM('')
);
#1698=(
B_SPLINE_CURVE(1,(#11182,#11183),.UNSPECIFIED.,.F.,.F.)
B_SPLINE_CURVE_WITH_KNOTS((2,2),(0.,1.),.PIECEWISE_BEZIER_KNOTS.)
BOUNDED_CURVE()
CURVE()
GEOMETRIC_REPRESENTATION_ITEM()
RATIONAL_B_SPLINE_CURVE((1.,1.))
REPRESENTATION_ITEM('')
);
#1699=(
B_SPLINE_CURVE(1,(#11195,#11196),.UNSPECIFIED.,.F.,.F.)
B_SPLINE_CURVE_WITH_KNOTS((2,2),(0.,1.),.PIECEWISE_BEZIER_KNOTS.)
BOUNDED_CURVE()
CURVE()
GEOMETRIC_REPRESENTATION_ITEM()
RATIONAL_B_SPLINE_CURVE((1.,1.))
REPRESENTATION_ITEM('')
);
#1700=(
B_SPLINE_CURVE(1,(#11200,#11201),.UNSPECIFIED.,.F.,.F.)
B_SPLINE_CURVE_WITH_KNOTS((2,2),(0.,1.),.PIECEWISE_BEZIER_KNOTS.)
BOUNDED_CURVE()
CURVE()
GEOMETRIC_REPRESENTATION_ITEM()
RATIONAL_B_SPLINE_CURVE((1.,1.))
REPRESENTATION_ITEM('')
);
#1701=(
B_SPLINE_CURVE(1,(#11213,#11214),.UNSPECIFIED.,.F.,.F.)
B_SPLINE_CURVE_WITH_KNOTS((2,2),(0.,1.),.PIECEWISE_BEZIER_KNOTS.)
BOUNDED_CURVE()
CURVE()
GEOMETRIC_REPRESENTATION_ITEM()
RATIONAL_B_SPLINE_CURVE((1.,1.))
REPRESENTATION_ITEM('')
);
#1702=(
B_SPLINE_CURVE(1,(#11218,#11219),.UNSPECIFIED.,.F.,.F.)
B_SPLINE_CURVE_WITH_KNOTS((2,2),(0.,1.),.PIECEWISE_BEZIER_KNOTS.)
BOUNDED_CURVE()
CURVE()
GEOMETRIC_REPRESENTATION_ITEM()
RATIONAL_B_SPLINE_CURVE((1.,1.))
REPRESENTATION_ITEM('')
);
#1703=(
B_SPLINE_CURVE(1,(#11231,#11232),.UNSPECIFIED.,.F.,.F.)
B_SPLINE_CURVE_WITH_KNOTS((2,2),(0.,1.),.PIECEWISE_BEZIER_KNOTS.)
BOUNDED_CURVE()
CURVE()
GEOMETRIC_REPRESENTATION_ITEM()
RATIONAL_B_SPLINE_CURVE((1.,1.))
REPRESENTATION_ITEM('')
);
#1704=(
B_SPLINE_CURVE(1,(#11236,#11237),.UNSPECIFIED.,.F.,.F.)
B_SPLINE_CURVE_WITH_KNOTS((2,2),(0.,1.),.PIECEWISE_BEZIER_KNOTS.)
BOUNDED_CURVE()
CURVE()
GEOMETRIC_REPRESENTATION_ITEM()
RATIONAL_B_SPLINE_CURVE((1.,1.))
REPRESENTATION_ITEM('')
);
#1705=(
B_SPLINE_CURVE(1,(#11249,#11250),.UNSPECIFIED.,.F.,.F.)
B_SPLINE_CURVE_WITH_KNOTS((2,2),(0.,1.),.PIECEWISE_BEZIER_KNOTS.)
BOUNDED_CURVE()
CURVE()
GEOMETRIC_REPRESENTATION_ITEM()
RATIONAL_B_SPLINE_CURVE((1.,1.))
REPRESENTATION_ITEM('')
);
#1706=(
B_SPLINE_CURVE(1,(#11254,#11255),.UNSPECIFIED.,.F.,.F.)
B_SPLINE_CURVE_WITH_KNOTS((2,2),(0.,1.),.PIECEWISE_BEZIER_KNOTS.)
BOUNDED_CURVE()
CURVE()
GEOMETRIC_REPRESENTATION_ITEM()
RATIONAL_B_SPLINE_CURVE((1.,1.))
REPRESENTATION_ITEM('')
);
#1707=(
B_SPLINE_CURVE(1,(#11267,#11268),.UNSPECIFIED.,.F.,.F.)
B_SPLINE_CURVE_WITH_KNOTS((2,2),(0.,1.),.PIECEWISE_BEZIER_KNOTS.)
BOUNDED_CURVE()
CURVE()
GEOMETRIC_REPRESENTATION_ITEM()
RATIONAL_B_SPLINE_CURVE((1.,1.))
REPRESENTATION_ITEM('')
);
#1708=(
B_SPLINE_CURVE(1,(#11272,#11273),.UNSPECIFIED.,.F.,.F.)
B_SPLINE_CURVE_WITH_KNOTS((2,2),(0.,1.),.PIECEWISE_BEZIER_KNOTS.)
BOUNDED_CURVE()
CURVE()
GEOMETRIC_REPRESENTATION_ITEM()
RATIONAL_B_SPLINE_CURVE((1.,1.))
REPRESENTATION_ITEM('')
);
#1709=(
B_SPLINE_CURVE(1,(#11702,#11703),.UNSPECIFIED.,.F.,.F.)
B_SPLINE_CURVE_WITH_KNOTS((2,2),(0.,1.),.PIECEWISE_BEZIER_KNOTS.)
BOUNDED_CURVE()
CURVE()
GEOMETRIC_REPRESENTATION_ITEM()
RATIONAL_B_SPLINE_CURVE((1.,1.))
REPRESENTATION_ITEM('')
);
#1710=(
B_SPLINE_CURVE(1,(#11707,#11708),.UNSPECIFIED.,.F.,.F.)
B_SPLINE_CURVE_WITH_KNOTS((2,2),(0.,1.),.PIECEWISE_BEZIER_KNOTS.)
BOUNDED_CURVE()
CURVE()
GEOMETRIC_REPRESENTATION_ITEM()
RATIONAL_B_SPLINE_CURVE((1.,1.))
REPRESENTATION_ITEM('')
);
#1711=(
B_SPLINE_CURVE(1,(#12277,#12278),.UNSPECIFIED.,.F.,.F.)
B_SPLINE_CURVE_WITH_KNOTS((2,2),(0.,1.),.PIECEWISE_BEZIER_KNOTS.)
BOUNDED_CURVE()
CURVE()
GEOMETRIC_REPRESENTATION_ITEM()
RATIONAL_B_SPLINE_CURVE((1.,1.))
REPRESENTATION_ITEM('')
);
#1712=(
B_SPLINE_CURVE(1,(#12282,#12283),.UNSPECIFIED.,.F.,.F.)
B_SPLINE_CURVE_WITH_KNOTS((2,2),(0.,1.),.PIECEWISE_BEZIER_KNOTS.)
BOUNDED_CURVE()
CURVE()
GEOMETRIC_REPRESENTATION_ITEM()
RATIONAL_B_SPLINE_CURVE((1.,1.))
REPRESENTATION_ITEM('')
);
#1713=(
B_SPLINE_CURVE(1,(#12295,#12296),.UNSPECIFIED.,.F.,.F.)
B_SPLINE_CURVE_WITH_KNOTS((2,2),(0.,1.),.PIECEWISE_BEZIER_KNOTS.)
BOUNDED_CURVE()
CURVE()
GEOMETRIC_REPRESENTATION_ITEM()
RATIONAL_B_SPLINE_CURVE((1.,1.))
REPRESENTATION_ITEM('')
);
#1714=(
B_SPLINE_CURVE(1,(#12300,#12301),.UNSPECIFIED.,.F.,.F.)
B_SPLINE_CURVE_WITH_KNOTS((2,2),(0.,1.),.PIECEWISE_BEZIER_KNOTS.)
BOUNDED_CURVE()
CURVE()
GEOMETRIC_REPRESENTATION_ITEM()
RATIONAL_B_SPLINE_CURVE((1.,1.))
REPRESENTATION_ITEM('')
);
#1715=(
B_SPLINE_CURVE(1,(#12313,#12314),.UNSPECIFIED.,.F.,.F.)
B_SPLINE_CURVE_WITH_KNOTS((2,2),(0.,1.),.PIECEWISE_BEZIER_KNOTS.)
BOUNDED_CURVE()
CURVE()
GEOMETRIC_REPRESENTATION_ITEM()
RATIONAL_B_SPLINE_CURVE((1.,1.))
REPRESENTATION_ITEM('')
);
#1716=(
B_SPLINE_CURVE(1,(#12318,#12319),.UNSPECIFIED.,.F.,.F.)
B_SPLINE_CURVE_WITH_KNOTS((2,2),(0.,1.),.PIECEWISE_BEZIER_KNOTS.)
BOUNDED_CURVE()
CURVE()
GEOMETRIC_REPRESENTATION_ITEM()
RATIONAL_B_SPLINE_CURVE((1.,1.))
REPRESENTATION_ITEM('')
);
#1717=(
B_SPLINE_CURVE(1,(#12406,#12407),.UNSPECIFIED.,.F.,.F.)
B_SPLINE_CURVE_WITH_KNOTS((2,2),(0.,1.),.PIECEWISE_BEZIER_KNOTS.)
BOUNDED_CURVE()
CURVE()
GEOMETRIC_REPRESENTATION_ITEM()
RATIONAL_B_SPLINE_CURVE((1.,1.))
REPRESENTATION_ITEM('')
);
#1718=(
B_SPLINE_CURVE(1,(#12411,#12412),.UNSPECIFIED.,.F.,.F.)
B_SPLINE_CURVE_WITH_KNOTS((2,2),(0.,1.),.PIECEWISE_BEZIER_KNOTS.)
BOUNDED_CURVE()
CURVE()
GEOMETRIC_REPRESENTATION_ITEM()
RATIONAL_B_SPLINE_CURVE((1.,1.))
REPRESENTATION_ITEM('')
);
#1719=(
B_SPLINE_CURVE(1,(#12424,#12425),.UNSPECIFIED.,.F.,.F.)
B_SPLINE_CURVE_WITH_KNOTS((2,2),(0.,1.),.PIECEWISE_BEZIER_KNOTS.)
BOUNDED_CURVE()
CURVE()
GEOMETRIC_REPRESENTATION_ITEM()
RATIONAL_B_SPLINE_CURVE((1.,1.))
REPRESENTATION_ITEM('')
);
#1720=(
B_SPLINE_CURVE(1,(#12429,#12430),.UNSPECIFIED.,.F.,.F.)
B_SPLINE_CURVE_WITH_KNOTS((2,2),(0.,1.),.PIECEWISE_BEZIER_KNOTS.)
BOUNDED_CURVE()
CURVE()
GEOMETRIC_REPRESENTATION_ITEM()
RATIONAL_B_SPLINE_CURVE((1.,1.))
REPRESENTATION_ITEM('')
);
#1721=(
B_SPLINE_CURVE(1,(#12442,#12443),.UNSPECIFIED.,.F.,.F.)
B_SPLINE_CURVE_WITH_KNOTS((2,2),(0.,1.),.PIECEWISE_BEZIER_KNOTS.)
BOUNDED_CURVE()
CURVE()
GEOMETRIC_REPRESENTATION_ITEM()
RATIONAL_B_SPLINE_CURVE((1.,1.))
REPRESENTATION_ITEM('')
);
#1722=(
B_SPLINE_CURVE(1,(#12447,#12448),.UNSPECIFIED.,.F.,.F.)
B_SPLINE_CURVE_WITH_KNOTS((2,2),(0.,1.),.PIECEWISE_BEZIER_KNOTS.)
BOUNDED_CURVE()
CURVE()
GEOMETRIC_REPRESENTATION_ITEM()
RATIONAL_B_SPLINE_CURVE((1.,1.))
REPRESENTATION_ITEM('')
);
#1723=(
B_SPLINE_CURVE(1,(#12535,#12536),.UNSPECIFIED.,.F.,.F.)
B_SPLINE_CURVE_WITH_KNOTS((2,2),(0.,1.),.PIECEWISE_BEZIER_KNOTS.)
BOUNDED_CURVE()
CURVE()
GEOMETRIC_REPRESENTATION_ITEM()
RATIONAL_B_SPLINE_CURVE((1.,1.))
REPRESENTATION_ITEM('')
);
#1724=(
B_SPLINE_CURVE(1,(#12540,#12541),.UNSPECIFIED.,.F.,.F.)
B_SPLINE_CURVE_WITH_KNOTS((2,2),(0.,1.),.PIECEWISE_BEZIER_KNOTS.)
BOUNDED_CURVE()
CURVE()
GEOMETRIC_REPRESENTATION_ITEM()
RATIONAL_B_SPLINE_CURVE((1.,1.))
REPRESENTATION_ITEM('')
);
#1725=(
B_SPLINE_CURVE(1,(#12553,#12554),.UNSPECIFIED.,.F.,.F.)
B_SPLINE_CURVE_WITH_KNOTS((2,2),(0.,1.),.PIECEWISE_BEZIER_KNOTS.)
BOUNDED_CURVE()
CURVE()
GEOMETRIC_REPRESENTATION_ITEM()
RATIONAL_B_SPLINE_CURVE((1.,1.))
REPRESENTATION_ITEM('')
);
#1726=(
B_SPLINE_CURVE(1,(#12558,#12559),.UNSPECIFIED.,.F.,.F.)
B_SPLINE_CURVE_WITH_KNOTS((2,2),(0.,1.),.PIECEWISE_BEZIER_KNOTS.)
BOUNDED_CURVE()
CURVE()
GEOMETRIC_REPRESENTATION_ITEM()
RATIONAL_B_SPLINE_CURVE((1.,1.))
REPRESENTATION_ITEM('')
);
#1727=(
B_SPLINE_CURVE(1,(#12571,#12572),.UNSPECIFIED.,.F.,.F.)
B_SPLINE_CURVE_WITH_KNOTS((2,2),(0.,1.),.PIECEWISE_BEZIER_KNOTS.)
BOUNDED_CURVE()
CURVE()
GEOMETRIC_REPRESENTATION_ITEM()
RATIONAL_B_SPLINE_CURVE((1.,1.))
REPRESENTATION_ITEM('')
);
#1728=(
B_SPLINE_CURVE(1,(#12576,#12577),.UNSPECIFIED.,.F.,.F.)
B_SPLINE_CURVE_WITH_KNOTS((2,2),(0.,1.),.PIECEWISE_BEZIER_KNOTS.)
BOUNDED_CURVE()
CURVE()
GEOMETRIC_REPRESENTATION_ITEM()
RATIONAL_B_SPLINE_CURVE((1.,1.))
REPRESENTATION_ITEM('')
);
#1729=(
B_SPLINE_CURVE(1,(#12664,#12665),.UNSPECIFIED.,.F.,.F.)
B_SPLINE_CURVE_WITH_KNOTS((2,2),(0.,1.),.PIECEWISE_BEZIER_KNOTS.)
BOUNDED_CURVE()
CURVE()
GEOMETRIC_REPRESENTATION_ITEM()
RATIONAL_B_SPLINE_CURVE((1.,1.))
REPRESENTATION_ITEM('')
);
#1730=(
B_SPLINE_CURVE(1,(#12669,#12670),.UNSPECIFIED.,.F.,.F.)
B_SPLINE_CURVE_WITH_KNOTS((2,2),(0.,1.),.PIECEWISE_BEZIER_KNOTS.)
BOUNDED_CURVE()
CURVE()
GEOMETRIC_REPRESENTATION_ITEM()
RATIONAL_B_SPLINE_CURVE((1.,1.))
REPRESENTATION_ITEM('')
);
#1731=(
B_SPLINE_CURVE(1,(#12682,#12683),.UNSPECIFIED.,.F.,.F.)
B_SPLINE_CURVE_WITH_KNOTS((2,2),(0.,1.),.PIECEWISE_BEZIER_KNOTS.)
BOUNDED_CURVE()
CURVE()
GEOMETRIC_REPRESENTATION_ITEM()
RATIONAL_B_SPLINE_CURVE((1.,1.))
REPRESENTATION_ITEM('')
);
#1732=(
B_SPLINE_CURVE(1,(#12687,#12688),.UNSPECIFIED.,.F.,.F.)
B_SPLINE_CURVE_WITH_KNOTS((2,2),(0.,1.),.PIECEWISE_BEZIER_KNOTS.)
BOUNDED_CURVE()
CURVE()
GEOMETRIC_REPRESENTATION_ITEM()
RATIONAL_B_SPLINE_CURVE((1.,1.))
REPRESENTATION_ITEM('')
);
#1733=(
B_SPLINE_CURVE(1,(#12700,#12701),.UNSPECIFIED.,.F.,.F.)
B_SPLINE_CURVE_WITH_KNOTS((2,2),(0.,1.),.PIECEWISE_BEZIER_KNOTS.)
BOUNDED_CURVE()
CURVE()
GEOMETRIC_REPRESENTATION_ITEM()
RATIONAL_B_SPLINE_CURVE((1.,1.))
REPRESENTATION_ITEM('')
);
#1734=(
B_SPLINE_CURVE(1,(#12705,#12706),.UNSPECIFIED.,.F.,.F.)
B_SPLINE_CURVE_WITH_KNOTS((2,2),(0.,1.),.PIECEWISE_BEZIER_KNOTS.)
BOUNDED_CURVE()
CURVE()
GEOMETRIC_REPRESENTATION_ITEM()
RATIONAL_B_SPLINE_CURVE((1.,1.))
REPRESENTATION_ITEM('')
);
#1735=(
B_SPLINE_CURVE(1,(#12793,#12794),.UNSPECIFIED.,.F.,.F.)
B_SPLINE_CURVE_WITH_KNOTS((2,2),(0.,1.),.PIECEWISE_BEZIER_KNOTS.)
BOUNDED_CURVE()
CURVE()
GEOMETRIC_REPRESENTATION_ITEM()
RATIONAL_B_SPLINE_CURVE((1.,1.))
REPRESENTATION_ITEM('')
);
#1736=(
B_SPLINE_CURVE(1,(#12798,#12799),.UNSPECIFIED.,.F.,.F.)
B_SPLINE_CURVE_WITH_KNOTS((2,2),(0.,1.),.PIECEWISE_BEZIER_KNOTS.)
BOUNDED_CURVE()
CURVE()
GEOMETRIC_REPRESENTATION_ITEM()
RATIONAL_B_SPLINE_CURVE((1.,1.))
REPRESENTATION_ITEM('')
);
#1737=(
B_SPLINE_CURVE(1,(#12811,#12812),.UNSPECIFIED.,.F.,.F.)
B_SPLINE_CURVE_WITH_KNOTS((2,2),(0.,1.),.PIECEWISE_BEZIER_KNOTS.)
BOUNDED_CURVE()
CURVE()
GEOMETRIC_REPRESENTATION_ITEM()
RATIONAL_B_SPLINE_CURVE((1.,1.))
REPRESENTATION_ITEM('')
);
#1738=(
B_SPLINE_CURVE(1,(#12816,#12817),.UNSPECIFIED.,.F.,.F.)
B_SPLINE_CURVE_WITH_KNOTS((2,2),(0.,1.),.PIECEWISE_BEZIER_KNOTS.)
BOUNDED_CURVE()
CURVE()
GEOMETRIC_REPRESENTATION_ITEM()
RATIONAL_B_SPLINE_CURVE((1.,1.))
REPRESENTATION_ITEM('')
);
#1739=(
B_SPLINE_CURVE(1,(#12829,#12830),.UNSPECIFIED.,.F.,.F.)
B_SPLINE_CURVE_WITH_KNOTS((2,2),(0.,1.),.PIECEWISE_BEZIER_KNOTS.)
BOUNDED_CURVE()
CURVE()
GEOMETRIC_REPRESENTATION_ITEM()
RATIONAL_B_SPLINE_CURVE((1.,1.))
REPRESENTATION_ITEM('')
);
#1740=(
B_SPLINE_CURVE(1,(#12834,#12835),.UNSPECIFIED.,.F.,.F.)
B_SPLINE_CURVE_WITH_KNOTS((2,2),(0.,1.),.PIECEWISE_BEZIER_KNOTS.)
BOUNDED_CURVE()
CURVE()
GEOMETRIC_REPRESENTATION_ITEM()
RATIONAL_B_SPLINE_CURVE((1.,1.))
REPRESENTATION_ITEM('')
);
#1741=(
B_SPLINE_CURVE(1,(#12922,#12923),.UNSPECIFIED.,.F.,.F.)
B_SPLINE_CURVE_WITH_KNOTS((2,2),(0.,1.),.PIECEWISE_BEZIER_KNOTS.)
BOUNDED_CURVE()
CURVE()
GEOMETRIC_REPRESENTATION_ITEM()
RATIONAL_B_SPLINE_CURVE((1.,1.))
REPRESENTATION_ITEM('')
);
#1742=(
B_SPLINE_CURVE(1,(#12927,#12928),.UNSPECIFIED.,.F.,.F.)
B_SPLINE_CURVE_WITH_KNOTS((2,2),(0.,1.),.PIECEWISE_BEZIER_KNOTS.)
BOUNDED_CURVE()
CURVE()
GEOMETRIC_REPRESENTATION_ITEM()
RATIONAL_B_SPLINE_CURVE((1.,1.))
REPRESENTATION_ITEM('')
);
#1743=(
B_SPLINE_CURVE(1,(#12940,#12941),.UNSPECIFIED.,.F.,.F.)
B_SPLINE_CURVE_WITH_KNOTS((2,2),(0.,1.),.PIECEWISE_BEZIER_KNOTS.)
BOUNDED_CURVE()
CURVE()
GEOMETRIC_REPRESENTATION_ITEM()
RATIONAL_B_SPLINE_CURVE((1.,1.))
REPRESENTATION_ITEM('')
);
#1744=(
B_SPLINE_CURVE(1,(#12945,#12946),.UNSPECIFIED.,.F.,.F.)
B_SPLINE_CURVE_WITH_KNOTS((2,2),(0.,1.),.PIECEWISE_BEZIER_KNOTS.)
BOUNDED_CURVE()
CURVE()
GEOMETRIC_REPRESENTATION_ITEM()
RATIONAL_B_SPLINE_CURVE((1.,1.))
REPRESENTATION_ITEM('')
);
#1745=(
B_SPLINE_CURVE(1,(#12958,#12959),.UNSPECIFIED.,.F.,.F.)
B_SPLINE_CURVE_WITH_KNOTS((2,2),(0.,1.),.PIECEWISE_BEZIER_KNOTS.)
BOUNDED_CURVE()
CURVE()
GEOMETRIC_REPRESENTATION_ITEM()
RATIONAL_B_SPLINE_CURVE((1.,1.))
REPRESENTATION_ITEM('')
);
#1746=(
B_SPLINE_CURVE(1,(#12963,#12964),.UNSPECIFIED.,.F.,.F.)
B_SPLINE_CURVE_WITH_KNOTS((2,2),(0.,1.),.PIECEWISE_BEZIER_KNOTS.)
BOUNDED_CURVE()
CURVE()
GEOMETRIC_REPRESENTATION_ITEM()
RATIONAL_B_SPLINE_CURVE((1.,1.))
REPRESENTATION_ITEM('')
);
#1747=(
B_SPLINE_CURVE(1,(#13051,#13052),.UNSPECIFIED.,.F.,.F.)
B_SPLINE_CURVE_WITH_KNOTS((2,2),(0.,1.),.PIECEWISE_BEZIER_KNOTS.)
BOUNDED_CURVE()
CURVE()
GEOMETRIC_REPRESENTATION_ITEM()
RATIONAL_B_SPLINE_CURVE((1.,1.))
REPRESENTATION_ITEM('')
);
#1748=(
B_SPLINE_CURVE(1,(#13056,#13057),.UNSPECIFIED.,.F.,.F.)
B_SPLINE_CURVE_WITH_KNOTS((2,2),(0.,1.),.PIECEWISE_BEZIER_KNOTS.)
BOUNDED_CURVE()
CURVE()
GEOMETRIC_REPRESENTATION_ITEM()
RATIONAL_B_SPLINE_CURVE((1.,1.))
REPRESENTATION_ITEM('')
);
#1749=(
B_SPLINE_CURVE(1,(#13069,#13070),.UNSPECIFIED.,.F.,.F.)
B_SPLINE_CURVE_WITH_KNOTS((2,2),(0.,1.),.PIECEWISE_BEZIER_KNOTS.)
BOUNDED_CURVE()
CURVE()
GEOMETRIC_REPRESENTATION_ITEM()
RATIONAL_B_SPLINE_CURVE((1.,1.))
REPRESENTATION_ITEM('')
);
#1750=(
B_SPLINE_CURVE(1,(#13086,#13087),.UNSPECIFIED.,.F.,.F.)
B_SPLINE_CURVE_WITH_KNOTS((2,2),(0.,1.),.PIECEWISE_BEZIER_KNOTS.)
BOUNDED_CURVE()
CURVE()
GEOMETRIC_REPRESENTATION_ITEM()
RATIONAL_B_SPLINE_CURVE((1.,1.))
REPRESENTATION_ITEM('')
);
#1751=(
B_SPLINE_CURVE(1,(#13103,#13104),.UNSPECIFIED.,.F.,.F.)
B_SPLINE_CURVE_WITH_KNOTS((2,2),(0.,1.),.PIECEWISE_BEZIER_KNOTS.)
BOUNDED_CURVE()
CURVE()
GEOMETRIC_REPRESENTATION_ITEM()
RATIONAL_B_SPLINE_CURVE((1.,1.))
REPRESENTATION_ITEM('')
);
#1752=(
B_SPLINE_CURVE(1,(#13108,#13109),.UNSPECIFIED.,.F.,.F.)
B_SPLINE_CURVE_WITH_KNOTS((2,2),(0.,1.),.PIECEWISE_BEZIER_KNOTS.)
BOUNDED_CURVE()
CURVE()
GEOMETRIC_REPRESENTATION_ITEM()
RATIONAL_B_SPLINE_CURVE((1.,1.))
REPRESENTATION_ITEM('')
);
#1753=(
B_SPLINE_CURVE(1,(#13121,#13122),.UNSPECIFIED.,.F.,.F.)
B_SPLINE_CURVE_WITH_KNOTS((2,2),(0.,1.),.PIECEWISE_BEZIER_KNOTS.)
BOUNDED_CURVE()
CURVE()
GEOMETRIC_REPRESENTATION_ITEM()
RATIONAL_B_SPLINE_CURVE((1.,1.))
REPRESENTATION_ITEM('')
);
#1754=(
B_SPLINE_CURVE(1,(#13126,#13127),.UNSPECIFIED.,.F.,.F.)
B_SPLINE_CURVE_WITH_KNOTS((2,2),(0.,1.),.PIECEWISE_BEZIER_KNOTS.)
BOUNDED_CURVE()
CURVE()
GEOMETRIC_REPRESENTATION_ITEM()
RATIONAL_B_SPLINE_CURVE((1.,1.))
REPRESENTATION_ITEM('')
);
#1755=(
B_SPLINE_CURVE(1,(#13139,#13140),.UNSPECIFIED.,.F.,.F.)
B_SPLINE_CURVE_WITH_KNOTS((2,2),(0.,1.),.PIECEWISE_BEZIER_KNOTS.)
BOUNDED_CURVE()
CURVE()
GEOMETRIC_REPRESENTATION_ITEM()
RATIONAL_B_SPLINE_CURVE((1.,1.))
REPRESENTATION_ITEM('')
);
#1756=(
B_SPLINE_CURVE(1,(#13144,#13145),.UNSPECIFIED.,.F.,.F.)
B_SPLINE_CURVE_WITH_KNOTS((2,2),(0.,1.),.PIECEWISE_BEZIER_KNOTS.)
BOUNDED_CURVE()
CURVE()
GEOMETRIC_REPRESENTATION_ITEM()
RATIONAL_B_SPLINE_CURVE((1.,1.))
REPRESENTATION_ITEM('')
);
#1757=(
B_SPLINE_CURVE(1,(#13157,#13158),.UNSPECIFIED.,.F.,.F.)
B_SPLINE_CURVE_WITH_KNOTS((2,2),(0.,1.),.PIECEWISE_BEZIER_KNOTS.)
BOUNDED_CURVE()
CURVE()
GEOMETRIC_REPRESENTATION_ITEM()
RATIONAL_B_SPLINE_CURVE((1.,1.))
REPRESENTATION_ITEM('')
);
#1758=(
B_SPLINE_CURVE(1,(#13162,#13163),.UNSPECIFIED.,.F.,.F.)
B_SPLINE_CURVE_WITH_KNOTS((2,2),(0.,1.),.PIECEWISE_BEZIER_KNOTS.)
BOUNDED_CURVE()
CURVE()
GEOMETRIC_REPRESENTATION_ITEM()
RATIONAL_B_SPLINE_CURVE((1.,1.))
REPRESENTATION_ITEM('')
);
#1759=(
B_SPLINE_CURVE(1,(#13175,#13176),.UNSPECIFIED.,.F.,.F.)
B_SPLINE_CURVE_WITH_KNOTS((2,2),(0.,1.),.PIECEWISE_BEZIER_KNOTS.)
BOUNDED_CURVE()
CURVE()
GEOMETRIC_REPRESENTATION_ITEM()
RATIONAL_B_SPLINE_CURVE((1.,1.))
REPRESENTATION_ITEM('')
);
#1760=(
B_SPLINE_CURVE(1,(#13180,#13181),.UNSPECIFIED.,.F.,.F.)
B_SPLINE_CURVE_WITH_KNOTS((2,2),(0.,1.),.PIECEWISE_BEZIER_KNOTS.)
BOUNDED_CURVE()
CURVE()
GEOMETRIC_REPRESENTATION_ITEM()
RATIONAL_B_SPLINE_CURVE((1.,1.))
REPRESENTATION_ITEM('')
);
#1761=(
B_SPLINE_CURVE(1,(#13193,#13194),.UNSPECIFIED.,.F.,.F.)
B_SPLINE_CURVE_WITH_KNOTS((2,2),(0.,1.),.PIECEWISE_BEZIER_KNOTS.)
BOUNDED_CURVE()
CURVE()
GEOMETRIC_REPRESENTATION_ITEM()
RATIONAL_B_SPLINE_CURVE((1.,1.))
REPRESENTATION_ITEM('')
);
#1762=(
B_SPLINE_CURVE(1,(#13198,#13199),.UNSPECIFIED.,.F.,.F.)
B_SPLINE_CURVE_WITH_KNOTS((2,2),(0.,1.),.PIECEWISE_BEZIER_KNOTS.)
BOUNDED_CURVE()
CURVE()
GEOMETRIC_REPRESENTATION_ITEM()
RATIONAL_B_SPLINE_CURVE((1.,1.))
REPRESENTATION_ITEM('')
);
#1763=(
B_SPLINE_CURVE(1,(#13211,#13212),.UNSPECIFIED.,.F.,.F.)
B_SPLINE_CURVE_WITH_KNOTS((2,2),(0.,1.),.PIECEWISE_BEZIER_KNOTS.)
BOUNDED_CURVE()
CURVE()
GEOMETRIC_REPRESENTATION_ITEM()
RATIONAL_B_SPLINE_CURVE((1.,1.))
REPRESENTATION_ITEM('')
);
#1764=(
B_SPLINE_CURVE(1,(#13216,#13217),.UNSPECIFIED.,.F.,.F.)
B_SPLINE_CURVE_WITH_KNOTS((2,2),(0.,1.),.PIECEWISE_BEZIER_KNOTS.)
BOUNDED_CURVE()
CURVE()
GEOMETRIC_REPRESENTATION_ITEM()
RATIONAL_B_SPLINE_CURVE((1.,1.))
REPRESENTATION_ITEM('')
);
#1765=(
B_SPLINE_CURVE(1,(#13970,#13971),.UNSPECIFIED.,.F.,.F.)
B_SPLINE_CURVE_WITH_KNOTS((2,2),(0.,1.),.PIECEWISE_BEZIER_KNOTS.)
BOUNDED_CURVE()
CURVE()
GEOMETRIC_REPRESENTATION_ITEM()
RATIONAL_B_SPLINE_CURVE((1.,1.))
REPRESENTATION_ITEM('')
);
#1766=(
B_SPLINE_CURVE(1,(#13975,#13976),.UNSPECIFIED.,.F.,.F.)
B_SPLINE_CURVE_WITH_KNOTS((2,2),(0.,1.),.PIECEWISE_BEZIER_KNOTS.)
BOUNDED_CURVE()
CURVE()
GEOMETRIC_REPRESENTATION_ITEM()
RATIONAL_B_SPLINE_CURVE((1.,1.))
REPRESENTATION_ITEM('')
);
#1767=(
B_SPLINE_CURVE(1,(#14545,#14546),.UNSPECIFIED.,.F.,.F.)
B_SPLINE_CURVE_WITH_KNOTS((2,2),(0.,1.),.PIECEWISE_BEZIER_KNOTS.)
BOUNDED_CURVE()
CURVE()
GEOMETRIC_REPRESENTATION_ITEM()
RATIONAL_B_SPLINE_CURVE((1.,1.))
REPRESENTATION_ITEM('')
);
#1768=(
B_SPLINE_CURVE(1,(#14550,#14551),.UNSPECIFIED.,.F.,.F.)
B_SPLINE_CURVE_WITH_KNOTS((2,2),(0.,1.),.PIECEWISE_BEZIER_KNOTS.)
BOUNDED_CURVE()
CURVE()
GEOMETRIC_REPRESENTATION_ITEM()
RATIONAL_B_SPLINE_CURVE((1.,1.))
REPRESENTATION_ITEM('')
);
#1769=(
B_SPLINE_CURVE(1,(#14563,#14564),.UNSPECIFIED.,.F.,.F.)
B_SPLINE_CURVE_WITH_KNOTS((2,2),(0.,1.),.PIECEWISE_BEZIER_KNOTS.)
BOUNDED_CURVE()
CURVE()
GEOMETRIC_REPRESENTATION_ITEM()
RATIONAL_B_SPLINE_CURVE((1.,1.))
REPRESENTATION_ITEM('')
);
#1770=(
B_SPLINE_CURVE(1,(#14580,#14581),.UNSPECIFIED.,.F.,.F.)
B_SPLINE_CURVE_WITH_KNOTS((2,2),(0.,1.),.PIECEWISE_BEZIER_KNOTS.)
BOUNDED_CURVE()
CURVE()
GEOMETRIC_REPRESENTATION_ITEM()
RATIONAL_B_SPLINE_CURVE((1.,1.))
REPRESENTATION_ITEM('')
);
#1771=(
B_SPLINE_CURVE(1,(#14597,#14598),.UNSPECIFIED.,.F.,.F.)
B_SPLINE_CURVE_WITH_KNOTS((2,2),(0.,1.),.PIECEWISE_BEZIER_KNOTS.)
BOUNDED_CURVE()
CURVE()
GEOMETRIC_REPRESENTATION_ITEM()
RATIONAL_B_SPLINE_CURVE((1.,1.))
REPRESENTATION_ITEM('')
);
#1772=(
B_SPLINE_CURVE(1,(#14602,#14603),.UNSPECIFIED.,.F.,.F.)
B_SPLINE_CURVE_WITH_KNOTS((2,2),(0.,1.),.PIECEWISE_BEZIER_KNOTS.)
BOUNDED_CURVE()
CURVE()
GEOMETRIC_REPRESENTATION_ITEM()
RATIONAL_B_SPLINE_CURVE((1.,1.))
REPRESENTATION_ITEM('')
);
#1773=(
B_SPLINE_CURVE(1,(#14615,#14616),.UNSPECIFIED.,.F.,.F.)
B_SPLINE_CURVE_WITH_KNOTS((2,2),(0.,1.),.PIECEWISE_BEZIER_KNOTS.)
BOUNDED_CURVE()
CURVE()
GEOMETRIC_REPRESENTATION_ITEM()
RATIONAL_B_SPLINE_CURVE((1.,1.))
REPRESENTATION_ITEM('')
);
#1774=(
B_SPLINE_CURVE(1,(#14620,#14621),.UNSPECIFIED.,.F.,.F.)
B_SPLINE_CURVE_WITH_KNOTS((2,2),(0.,1.),.PIECEWISE_BEZIER_KNOTS.)
BOUNDED_CURVE()
CURVE()
GEOMETRIC_REPRESENTATION_ITEM()
RATIONAL_B_SPLINE_CURVE((1.,1.))
REPRESENTATION_ITEM('')
);
#1775=(
B_SPLINE_CURVE(1,(#14633,#14634),.UNSPECIFIED.,.F.,.F.)
B_SPLINE_CURVE_WITH_KNOTS((2,2),(0.,1.),.PIECEWISE_BEZIER_KNOTS.)
BOUNDED_CURVE()
CURVE()
GEOMETRIC_REPRESENTATION_ITEM()
RATIONAL_B_SPLINE_CURVE((1.,1.))
REPRESENTATION_ITEM('')
);
#1776=(
B_SPLINE_CURVE(1,(#14638,#14639),.UNSPECIFIED.,.F.,.F.)
B_SPLINE_CURVE_WITH_KNOTS((2,2),(0.,1.),.PIECEWISE_BEZIER_KNOTS.)
BOUNDED_CURVE()
CURVE()
GEOMETRIC_REPRESENTATION_ITEM()
RATIONAL_B_SPLINE_CURVE((1.,1.))
REPRESENTATION_ITEM('')
);
#1777=(
B_SPLINE_CURVE(1,(#14651,#14652),.UNSPECIFIED.,.F.,.F.)
B_SPLINE_CURVE_WITH_KNOTS((2,2),(0.,1.),.PIECEWISE_BEZIER_KNOTS.)
BOUNDED_CURVE()
CURVE()
GEOMETRIC_REPRESENTATION_ITEM()
RATIONAL_B_SPLINE_CURVE((1.,1.))
REPRESENTATION_ITEM('')
);
#1778=(
B_SPLINE_CURVE(1,(#14656,#14657),.UNSPECIFIED.,.F.,.F.)
B_SPLINE_CURVE_WITH_KNOTS((2,2),(0.,1.),.PIECEWISE_BEZIER_KNOTS.)
BOUNDED_CURVE()
CURVE()
GEOMETRIC_REPRESENTATION_ITEM()
RATIONAL_B_SPLINE_CURVE((1.,1.))
REPRESENTATION_ITEM('')
);
#1779=(
B_SPLINE_CURVE(1,(#14669,#14670),.UNSPECIFIED.,.F.,.F.)
B_SPLINE_CURVE_WITH_KNOTS((2,2),(0.,1.),.PIECEWISE_BEZIER_KNOTS.)
BOUNDED_CURVE()
CURVE()
GEOMETRIC_REPRESENTATION_ITEM()
RATIONAL_B_SPLINE_CURVE((1.,1.))
REPRESENTATION_ITEM('')
);
#1780=(
B_SPLINE_CURVE(1,(#14674,#14675),.UNSPECIFIED.,.F.,.F.)
B_SPLINE_CURVE_WITH_KNOTS((2,2),(0.,1.),.PIECEWISE_BEZIER_KNOTS.)
BOUNDED_CURVE()
CURVE()
GEOMETRIC_REPRESENTATION_ITEM()
RATIONAL_B_SPLINE_CURVE((1.,1.))
REPRESENTATION_ITEM('')
);
#1781=(
B_SPLINE_CURVE(1,(#14687,#14688),.UNSPECIFIED.,.F.,.F.)
B_SPLINE_CURVE_WITH_KNOTS((2,2),(0.,1.),.PIECEWISE_BEZIER_KNOTS.)
BOUNDED_CURVE()
CURVE()
GEOMETRIC_REPRESENTATION_ITEM()
RATIONAL_B_SPLINE_CURVE((1.,1.))
REPRESENTATION_ITEM('')
);
#1782=(
B_SPLINE_CURVE(1,(#14692,#14693),.UNSPECIFIED.,.F.,.F.)
B_SPLINE_CURVE_WITH_KNOTS((2,2),(0.,1.),.PIECEWISE_BEZIER_KNOTS.)
BOUNDED_CURVE()
CURVE()
GEOMETRIC_REPRESENTATION_ITEM()
RATIONAL_B_SPLINE_CURVE((1.,1.))
REPRESENTATION_ITEM('')
);
#1783=(
B_SPLINE_CURVE(1,(#14705,#14706),.UNSPECIFIED.,.F.,.F.)
B_SPLINE_CURVE_WITH_KNOTS((2,2),(0.,1.),.PIECEWISE_BEZIER_KNOTS.)
BOUNDED_CURVE()
CURVE()
GEOMETRIC_REPRESENTATION_ITEM()
RATIONAL_B_SPLINE_CURVE((1.,1.))
REPRESENTATION_ITEM('')
);
#1784=(
B_SPLINE_CURVE(1,(#14710,#14711),.UNSPECIFIED.,.F.,.F.)
B_SPLINE_CURVE_WITH_KNOTS((2,2),(0.,1.),.PIECEWISE_BEZIER_KNOTS.)
BOUNDED_CURVE()
CURVE()
GEOMETRIC_REPRESENTATION_ITEM()
RATIONAL_B_SPLINE_CURVE((1.,1.))
REPRESENTATION_ITEM('')
);
#1785=ORIENTED_EDGE('',*,*,#4235,.F.);
#1786=ORIENTED_EDGE('',*,*,#4236,.T.);
#1787=ORIENTED_EDGE('',*,*,#4237,.T.);
#1788=ORIENTED_EDGE('',*,*,#4238,.F.);
#1789=ORIENTED_EDGE('',*,*,#4239,.F.);
#1790=ORIENTED_EDGE('',*,*,#4240,.T.);
#1791=ORIENTED_EDGE('',*,*,#4241,.T.);
#1792=ORIENTED_EDGE('',*,*,#4242,.F.);
#1793=ORIENTED_EDGE('',*,*,#4243,.F.);
#1794=ORIENTED_EDGE('',*,*,#4244,.T.);
#1795=ORIENTED_EDGE('',*,*,#4245,.T.);
#1796=ORIENTED_EDGE('',*,*,#4246,.F.);
#1797=ORIENTED_EDGE('',*,*,#4244,.F.);
#1798=ORIENTED_EDGE('',*,*,#4247,.F.);
#1799=ORIENTED_EDGE('',*,*,#4246,.T.);
#1800=ORIENTED_EDGE('',*,*,#4248,.T.);
#1801=ORIENTED_EDGE('',*,*,#4240,.F.);
#1802=ORIENTED_EDGE('',*,*,#4249,.F.);
#1803=ORIENTED_EDGE('',*,*,#4242,.T.);
#1804=ORIENTED_EDGE('',*,*,#4250,.T.);
#1805=ORIENTED_EDGE('',*,*,#4236,.F.);
#1806=ORIENTED_EDGE('',*,*,#4251,.F.);
#1807=ORIENTED_EDGE('',*,*,#4238,.T.);
#1808=ORIENTED_EDGE('',*,*,#4252,.T.);
#1809=ORIENTED_EDGE('',*,*,#4253,.T.);
#1810=ORIENTED_EDGE('',*,*,#4254,.T.);
#1811=ORIENTED_EDGE('',*,*,#4255,.T.);
#1812=ORIENTED_EDGE('',*,*,#4256,.T.);
#1813=ORIENTED_EDGE('',*,*,#4257,.T.);
#1814=ORIENTED_EDGE('',*,*,#4258,.T.);
#1815=ORIENTED_EDGE('',*,*,#4259,.T.);
#1816=ORIENTED_EDGE('',*,*,#4260,.T.);
#1817=ORIENTED_EDGE('',*,*,#4261,.T.);
#1818=ORIENTED_EDGE('',*,*,#4262,.T.);
#1819=ORIENTED_EDGE('',*,*,#4263,.T.);
#1820=ORIENTED_EDGE('',*,*,#4264,.T.);
#1821=ORIENTED_EDGE('',*,*,#4265,.T.);
#1822=ORIENTED_EDGE('',*,*,#4266,.T.);
#1823=ORIENTED_EDGE('',*,*,#4267,.T.);
#1824=ORIENTED_EDGE('',*,*,#4268,.T.);
#1825=ORIENTED_EDGE('',*,*,#4269,.T.);
#1826=ORIENTED_EDGE('',*,*,#4270,.T.);
#1827=ORIENTED_EDGE('',*,*,#4271,.T.);
#1828=ORIENTED_EDGE('',*,*,#4272,.T.);
#1829=ORIENTED_EDGE('',*,*,#4273,.T.);
#1830=ORIENTED_EDGE('',*,*,#4274,.T.);
#1831=ORIENTED_EDGE('',*,*,#4275,.T.);
#1832=ORIENTED_EDGE('',*,*,#4276,.T.);
#1833=ORIENTED_EDGE('',*,*,#4277,.T.);
#1834=ORIENTED_EDGE('',*,*,#4278,.F.);
#1835=ORIENTED_EDGE('',*,*,#4279,.F.);
#1836=ORIENTED_EDGE('',*,*,#4280,.F.);
#1837=ORIENTED_EDGE('',*,*,#4281,.F.);
#1838=ORIENTED_EDGE('',*,*,#4282,.F.);
#1839=ORIENTED_EDGE('',*,*,#4283,.F.);
#1840=ORIENTED_EDGE('',*,*,#4284,.F.);
#1841=ORIENTED_EDGE('',*,*,#4285,.F.);
#1842=ORIENTED_EDGE('',*,*,#4286,.F.);
#1843=ORIENTED_EDGE('',*,*,#4287,.F.);
#1844=ORIENTED_EDGE('',*,*,#4288,.F.);
#1845=ORIENTED_EDGE('',*,*,#4289,.F.);
#1846=ORIENTED_EDGE('',*,*,#4290,.F.);
#1847=ORIENTED_EDGE('',*,*,#4291,.F.);
#1848=ORIENTED_EDGE('',*,*,#4292,.F.);
#1849=ORIENTED_EDGE('',*,*,#4293,.F.);
#1850=ORIENTED_EDGE('',*,*,#4294,.F.);
#1851=ORIENTED_EDGE('',*,*,#4295,.F.);
#1852=ORIENTED_EDGE('',*,*,#4296,.T.);
#1853=ORIENTED_EDGE('',*,*,#4297,.T.);
#1854=ORIENTED_EDGE('',*,*,#4298,.T.);
#1855=ORIENTED_EDGE('',*,*,#4299,.T.);
#1856=ORIENTED_EDGE('',*,*,#4300,.T.);
#1857=ORIENTED_EDGE('',*,*,#4301,.T.);
#1858=ORIENTED_EDGE('',*,*,#4302,.T.);
#1859=ORIENTED_EDGE('',*,*,#4303,.T.);
#1860=ORIENTED_EDGE('',*,*,#4304,.T.);
#1861=ORIENTED_EDGE('',*,*,#4250,.F.);
#1862=ORIENTED_EDGE('',*,*,#4241,.F.);
#1863=ORIENTED_EDGE('',*,*,#4248,.F.);
#1864=ORIENTED_EDGE('',*,*,#4245,.F.);
#1865=ORIENTED_EDGE('',*,*,#4252,.F.);
#1866=ORIENTED_EDGE('',*,*,#4237,.F.);
#1867=ORIENTED_EDGE('',*,*,#4291,.T.);
#1868=ORIENTED_EDGE('',*,*,#4305,.F.);
#1869=ORIENTED_EDGE('',*,*,#4306,.F.);
#1870=ORIENTED_EDGE('',*,*,#4307,.T.);
#1871=ORIENTED_EDGE('',*,*,#4290,.T.);
#1872=ORIENTED_EDGE('',*,*,#4308,.F.);
#1873=ORIENTED_EDGE('',*,*,#4309,.F.);
#1874=ORIENTED_EDGE('',*,*,#4305,.T.);
#1875=ORIENTED_EDGE('',*,*,#4295,.T.);
#1876=ORIENTED_EDGE('',*,*,#4310,.F.);
#1877=ORIENTED_EDGE('',*,*,#4311,.F.);
#1878=ORIENTED_EDGE('',*,*,#4308,.T.);
#1879=ORIENTED_EDGE('',*,*,#4294,.T.);
#1880=ORIENTED_EDGE('',*,*,#4312,.F.);
#1881=ORIENTED_EDGE('',*,*,#4313,.F.);
#1882=ORIENTED_EDGE('',*,*,#4310,.T.);
#1883=ORIENTED_EDGE('',*,*,#4293,.T.);
#1884=ORIENTED_EDGE('',*,*,#4314,.F.);
#1885=ORIENTED_EDGE('',*,*,#4315,.F.);
#1886=ORIENTED_EDGE('',*,*,#4312,.T.);
#1887=ORIENTED_EDGE('',*,*,#4292,.T.);
#1888=ORIENTED_EDGE('',*,*,#4307,.F.);
#1889=ORIENTED_EDGE('',*,*,#4316,.F.);
#1890=ORIENTED_EDGE('',*,*,#4314,.T.);
#1891=ORIENTED_EDGE('',*,*,#4251,.T.);
#1892=ORIENTED_EDGE('',*,*,#4235,.T.);
#1893=ORIENTED_EDGE('',*,*,#4306,.T.);
#1894=ORIENTED_EDGE('',*,*,#4309,.T.);
#1895=ORIENTED_EDGE('',*,*,#4311,.T.);
#1896=ORIENTED_EDGE('',*,*,#4313,.T.);
#1897=ORIENTED_EDGE('',*,*,#4315,.T.);
#1898=ORIENTED_EDGE('',*,*,#4316,.T.);
#1899=ORIENTED_EDGE('',*,*,#4285,.T.);
#1900=ORIENTED_EDGE('',*,*,#4317,.F.);
#1901=ORIENTED_EDGE('',*,*,#4318,.F.);
#1902=ORIENTED_EDGE('',*,*,#4319,.T.);
#1903=ORIENTED_EDGE('',*,*,#4284,.T.);
#1904=ORIENTED_EDGE('',*,*,#4320,.F.);
#1905=ORIENTED_EDGE('',*,*,#4321,.F.);
#1906=ORIENTED_EDGE('',*,*,#4317,.T.);
#1907=ORIENTED_EDGE('',*,*,#4289,.T.);
#1908=ORIENTED_EDGE('',*,*,#4322,.F.);
#1909=ORIENTED_EDGE('',*,*,#4323,.F.);
#1910=ORIENTED_EDGE('',*,*,#4320,.T.);
#1911=ORIENTED_EDGE('',*,*,#4288,.T.);
#1912=ORIENTED_EDGE('',*,*,#4324,.F.);
#1913=ORIENTED_EDGE('',*,*,#4325,.F.);
#1914=ORIENTED_EDGE('',*,*,#4322,.T.);
#1915=ORIENTED_EDGE('',*,*,#4287,.T.);
#1916=ORIENTED_EDGE('',*,*,#4326,.F.);
#1917=ORIENTED_EDGE('',*,*,#4327,.F.);
#1918=ORIENTED_EDGE('',*,*,#4324,.T.);
#1919=ORIENTED_EDGE('',*,*,#4286,.T.);
#1920=ORIENTED_EDGE('',*,*,#4319,.F.);
#1921=ORIENTED_EDGE('',*,*,#4328,.F.);
#1922=ORIENTED_EDGE('',*,*,#4326,.T.);
#1923=ORIENTED_EDGE('',*,*,#4247,.T.);
#1924=ORIENTED_EDGE('',*,*,#4243,.T.);
#1925=ORIENTED_EDGE('',*,*,#4318,.T.);
#1926=ORIENTED_EDGE('',*,*,#4321,.T.);
#1927=ORIENTED_EDGE('',*,*,#4323,.T.);
#1928=ORIENTED_EDGE('',*,*,#4325,.T.);
#1929=ORIENTED_EDGE('',*,*,#4327,.T.);
#1930=ORIENTED_EDGE('',*,*,#4328,.T.);
#1931=ORIENTED_EDGE('',*,*,#4279,.T.);
#1932=ORIENTED_EDGE('',*,*,#4329,.F.);
#1933=ORIENTED_EDGE('',*,*,#4330,.F.);
#1934=ORIENTED_EDGE('',*,*,#4331,.T.);
#1935=ORIENTED_EDGE('',*,*,#4278,.T.);
#1936=ORIENTED_EDGE('',*,*,#4332,.F.);
#1937=ORIENTED_EDGE('',*,*,#4333,.F.);
#1938=ORIENTED_EDGE('',*,*,#4329,.T.);
#1939=ORIENTED_EDGE('',*,*,#4283,.T.);
#1940=ORIENTED_EDGE('',*,*,#4334,.F.);
#1941=ORIENTED_EDGE('',*,*,#4335,.F.);
#1942=ORIENTED_EDGE('',*,*,#4332,.T.);
#1943=ORIENTED_EDGE('',*,*,#4282,.T.);
#1944=ORIENTED_EDGE('',*,*,#4336,.F.);
#1945=ORIENTED_EDGE('',*,*,#4337,.F.);
#1946=ORIENTED_EDGE('',*,*,#4334,.T.);
#1947=ORIENTED_EDGE('',*,*,#4281,.T.);
#1948=ORIENTED_EDGE('',*,*,#4338,.F.);
#1949=ORIENTED_EDGE('',*,*,#4339,.F.);
#1950=ORIENTED_EDGE('',*,*,#4336,.T.);
#1951=ORIENTED_EDGE('',*,*,#4280,.T.);
#1952=ORIENTED_EDGE('',*,*,#4331,.F.);
#1953=ORIENTED_EDGE('',*,*,#4340,.F.);
#1954=ORIENTED_EDGE('',*,*,#4338,.T.);
#1955=ORIENTED_EDGE('',*,*,#4249,.T.);
#1956=ORIENTED_EDGE('',*,*,#4239,.T.);
#1957=ORIENTED_EDGE('',*,*,#4330,.T.);
#1958=ORIENTED_EDGE('',*,*,#4333,.T.);
#1959=ORIENTED_EDGE('',*,*,#4335,.T.);
#1960=ORIENTED_EDGE('',*,*,#4337,.T.);
#1961=ORIENTED_EDGE('',*,*,#4339,.T.);
#1962=ORIENTED_EDGE('',*,*,#4340,.T.);
#1963=ORIENTED_EDGE('',*,*,#4259,.F.);
#1964=ORIENTED_EDGE('',*,*,#4341,.T.);
#1965=ORIENTED_EDGE('',*,*,#4342,.T.);
#1966=ORIENTED_EDGE('',*,*,#4261,.F.);
#1967=ORIENTED_EDGE('',*,*,#4343,.T.);
#1968=ORIENTED_EDGE('',*,*,#4344,.T.);
#1969=ORIENTED_EDGE('',*,*,#4255,.F.);
#1970=ORIENTED_EDGE('',*,*,#4345,.T.);
#1971=ORIENTED_EDGE('',*,*,#4257,.F.);
#1972=ORIENTED_EDGE('',*,*,#4346,.T.);
#1973=ORIENTED_EDGE('',*,*,#4267,.F.);
#1974=ORIENTED_EDGE('',*,*,#4347,.T.);
#1975=ORIENTED_EDGE('',*,*,#4253,.F.);
#1976=ORIENTED_EDGE('',*,*,#4348,.T.);
#1977=ORIENTED_EDGE('',*,*,#4263,.F.);
#1978=ORIENTED_EDGE('',*,*,#4349,.T.);
#1979=ORIENTED_EDGE('',*,*,#4265,.F.);
#1980=ORIENTED_EDGE('',*,*,#4350,.T.);
#1981=ORIENTED_EDGE('',*,*,#4351,.F.);
#1982=ORIENTED_EDGE('',*,*,#4345,.F.);
#1983=ORIENTED_EDGE('',*,*,#4352,.F.);
#1984=ORIENTED_EDGE('',*,*,#4275,.F.);
#1985=ORIENTED_EDGE('',*,*,#4352,.T.);
#1986=ORIENTED_EDGE('',*,*,#4254,.F.);
#1987=ORIENTED_EDGE('',*,*,#4353,.F.);
#1988=ORIENTED_EDGE('',*,*,#4276,.F.);
#1989=ORIENTED_EDGE('',*,*,#4351,.T.);
#1990=ORIENTED_EDGE('',*,*,#4274,.F.);
#1991=ORIENTED_EDGE('',*,*,#4354,.F.);
#1992=ORIENTED_EDGE('',*,*,#4258,.F.);
#1993=ORIENTED_EDGE('',*,*,#4353,.T.);
#1994=ORIENTED_EDGE('',*,*,#4347,.F.);
#1995=ORIENTED_EDGE('',*,*,#4355,.F.);
#1996=ORIENTED_EDGE('',*,*,#4277,.F.);
#1997=ORIENTED_EDGE('',*,*,#4354,.T.);
#1998=ORIENTED_EDGE('',*,*,#4273,.F.);
#1999=ORIENTED_EDGE('',*,*,#4272,.F.);
#2000=ORIENTED_EDGE('',*,*,#4356,.F.);
#2001=ORIENTED_EDGE('',*,*,#4342,.F.);
#2002=ORIENTED_EDGE('',*,*,#4341,.F.);
#2003=ORIENTED_EDGE('',*,*,#4355,.T.);
#2004=ORIENTED_EDGE('',*,*,#4266,.F.);
#2005=ORIENTED_EDGE('',*,*,#4357,.F.);
#2006=ORIENTED_EDGE('',*,*,#4269,.F.);
#2007=ORIENTED_EDGE('',*,*,#4356,.T.);
#2008=ORIENTED_EDGE('',*,*,#4271,.F.);
#2009=ORIENTED_EDGE('',*,*,#4358,.F.);
#2010=ORIENTED_EDGE('',*,*,#4262,.F.);
#2011=ORIENTED_EDGE('',*,*,#4357,.T.);
#2012=ORIENTED_EDGE('',*,*,#4349,.F.);
#2013=ORIENTED_EDGE('',*,*,#4358,.T.);
#2014=ORIENTED_EDGE('',*,*,#4270,.F.);
#2015=ORIENTED_EDGE('',*,*,#4359,.F.);
#2016=ORIENTED_EDGE('',*,*,#4346,.F.);
#2017=ORIENTED_EDGE('',*,*,#4360,.F.);
#2018=ORIENTED_EDGE('',*,*,#4301,.F.);
#2019=ORIENTED_EDGE('',*,*,#4360,.T.);
#2020=ORIENTED_EDGE('',*,*,#4260,.F.);
#2021=ORIENTED_EDGE('',*,*,#4361,.F.);
#2022=ORIENTED_EDGE('',*,*,#4302,.F.);
#2023=ORIENTED_EDGE('',*,*,#4359,.T.);
#2024=ORIENTED_EDGE('',*,*,#4300,.F.);
#2025=ORIENTED_EDGE('',*,*,#4362,.F.);
#2026=ORIENTED_EDGE('',*,*,#4256,.F.);
#2027=ORIENTED_EDGE('',*,*,#4361,.T.);
#2028=ORIENTED_EDGE('',*,*,#4344,.F.);
#2029=ORIENTED_EDGE('',*,*,#4343,.F.);
#2030=ORIENTED_EDGE('',*,*,#4363,.F.);
#2031=ORIENTED_EDGE('',*,*,#4304,.F.);
#2032=ORIENTED_EDGE('',*,*,#4303,.F.);
#2033=ORIENTED_EDGE('',*,*,#4362,.T.);
#2034=ORIENTED_EDGE('',*,*,#4299,.F.);
#2035=ORIENTED_EDGE('',*,*,#4364,.F.);
#2036=ORIENTED_EDGE('',*,*,#4348,.F.);
#2037=ORIENTED_EDGE('',*,*,#4363,.T.);
#2038=ORIENTED_EDGE('',*,*,#4264,.F.);
#2039=ORIENTED_EDGE('',*,*,#4365,.F.);
#2040=ORIENTED_EDGE('',*,*,#4296,.F.);
#2041=ORIENTED_EDGE('',*,*,#4364,.T.);
#2042=ORIENTED_EDGE('',*,*,#4298,.F.);
#2043=ORIENTED_EDGE('',*,*,#4366,.F.);
#2044=ORIENTED_EDGE('',*,*,#4268,.F.);
#2045=ORIENTED_EDGE('',*,*,#4365,.T.);
#2046=ORIENTED_EDGE('',*,*,#4350,.F.);
#2047=ORIENTED_EDGE('',*,*,#4366,.T.);
#2048=ORIENTED_EDGE('',*,*,#4297,.F.);
#2049=ORIENTED_EDGE('',*,*,#4367,.F.);
#2050=ORIENTED_EDGE('',*,*,#4368,.T.);
#2051=ORIENTED_EDGE('',*,*,#4369,.T.);
#2052=ORIENTED_EDGE('',*,*,#4370,.F.);
#2053=ORIENTED_EDGE('',*,*,#4371,.F.);
#2054=ORIENTED_EDGE('',*,*,#4372,.T.);
#2055=ORIENTED_EDGE('',*,*,#4373,.T.);
#2056=ORIENTED_EDGE('',*,*,#4374,.F.);
#2057=ORIENTED_EDGE('',*,*,#4375,.F.);
#2058=ORIENTED_EDGE('',*,*,#4376,.T.);
#2059=ORIENTED_EDGE('',*,*,#4377,.T.);
#2060=ORIENTED_EDGE('',*,*,#4378,.F.);
#2061=ORIENTED_EDGE('',*,*,#4379,.T.);
#2062=ORIENTED_EDGE('',*,*,#4380,.T.);
#2063=ORIENTED_EDGE('',*,*,#4381,.F.);
#2064=ORIENTED_EDGE('',*,*,#4382,.F.);
#2065=ORIENTED_EDGE('',*,*,#4383,.T.);
#2066=ORIENTED_EDGE('',*,*,#4384,.T.);
#2067=ORIENTED_EDGE('',*,*,#4385,.F.);
#2068=ORIENTED_EDGE('',*,*,#4386,.F.);
#2069=ORIENTED_EDGE('',*,*,#4387,.T.);
#2070=ORIENTED_EDGE('',*,*,#4388,.T.);
#2071=ORIENTED_EDGE('',*,*,#4389,.F.);
#2072=ORIENTED_EDGE('',*,*,#4390,.F.);
#2073=ORIENTED_EDGE('',*,*,#4388,.F.);
#2074=ORIENTED_EDGE('',*,*,#4391,.T.);
#2075=ORIENTED_EDGE('',*,*,#4390,.T.);
#2076=ORIENTED_EDGE('',*,*,#4392,.F.);
#2077=ORIENTED_EDGE('',*,*,#4384,.F.);
#2078=ORIENTED_EDGE('',*,*,#4393,.T.);
#2079=ORIENTED_EDGE('',*,*,#4386,.T.);
#2080=ORIENTED_EDGE('',*,*,#4394,.F.);
#2081=ORIENTED_EDGE('',*,*,#4380,.F.);
#2082=ORIENTED_EDGE('',*,*,#4395,.T.);
#2083=ORIENTED_EDGE('',*,*,#4382,.T.);
#2084=ORIENTED_EDGE('',*,*,#4396,.F.);
#2085=ORIENTED_EDGE('',*,*,#4397,.T.);
#2086=ORIENTED_EDGE('',*,*,#4398,.T.);
#2087=ORIENTED_EDGE('',*,*,#4399,.T.);
#2088=ORIENTED_EDGE('',*,*,#4400,.T.);
#2089=ORIENTED_EDGE('',*,*,#4401,.T.);
#2090=ORIENTED_EDGE('',*,*,#4402,.T.);
#2091=ORIENTED_EDGE('',*,*,#4403,.T.);
#2092=ORIENTED_EDGE('',*,*,#4404,.T.);
#2093=ORIENTED_EDGE('',*,*,#4405,.T.);
#2094=ORIENTED_EDGE('',*,*,#4406,.T.);
#2095=ORIENTED_EDGE('',*,*,#4407,.T.);
#2096=ORIENTED_EDGE('',*,*,#4408,.T.);
#2097=ORIENTED_EDGE('',*,*,#4409,.T.);
#2098=ORIENTED_EDGE('',*,*,#4410,.T.);
#2099=ORIENTED_EDGE('',*,*,#4411,.T.);
#2100=ORIENTED_EDGE('',*,*,#4412,.T.);
#2101=ORIENTED_EDGE('',*,*,#4413,.T.);
#2102=ORIENTED_EDGE('',*,*,#4414,.T.);
#2103=ORIENTED_EDGE('',*,*,#4415,.T.);
#2104=ORIENTED_EDGE('',*,*,#4416,.T.);
#2105=ORIENTED_EDGE('',*,*,#4417,.T.);
#2106=ORIENTED_EDGE('',*,*,#4418,.T.);
#2107=ORIENTED_EDGE('',*,*,#4419,.T.);
#2108=ORIENTED_EDGE('',*,*,#4420,.T.);
#2109=ORIENTED_EDGE('',*,*,#4421,.T.);
#2110=ORIENTED_EDGE('',*,*,#4422,.F.);
#2111=ORIENTED_EDGE('',*,*,#4369,.F.);
#2112=ORIENTED_EDGE('',*,*,#4423,.F.);
#2113=ORIENTED_EDGE('',*,*,#4373,.F.);
#2114=ORIENTED_EDGE('',*,*,#4424,.F.);
#2115=ORIENTED_EDGE('',*,*,#4377,.F.);
#2116=ORIENTED_EDGE('',*,*,#4425,.T.);
#2117=ORIENTED_EDGE('',*,*,#4426,.T.);
#2118=ORIENTED_EDGE('',*,*,#4427,.T.);
#2119=ORIENTED_EDGE('',*,*,#4428,.T.);
#2120=ORIENTED_EDGE('',*,*,#4429,.T.);
#2121=ORIENTED_EDGE('',*,*,#4430,.T.);
#2122=ORIENTED_EDGE('',*,*,#4431,.T.);
#2123=ORIENTED_EDGE('',*,*,#4432,.T.);
#2124=ORIENTED_EDGE('',*,*,#4433,.T.);
#2125=ORIENTED_EDGE('',*,*,#4385,.T.);
#2126=ORIENTED_EDGE('',*,*,#4394,.T.);
#2127=ORIENTED_EDGE('',*,*,#4389,.T.);
#2128=ORIENTED_EDGE('',*,*,#4392,.T.);
#2129=ORIENTED_EDGE('',*,*,#4381,.T.);
#2130=ORIENTED_EDGE('',*,*,#4396,.T.);
#2131=ORIENTED_EDGE('',*,*,#4376,.F.);
#2132=ORIENTED_EDGE('',*,*,#4434,.F.);
#2133=ORIENTED_EDGE('',*,*,#4378,.T.);
#2134=ORIENTED_EDGE('',*,*,#4424,.T.);
#2135=ORIENTED_EDGE('',*,*,#4379,.F.);
#2136=ORIENTED_EDGE('',*,*,#4395,.F.);
#2137=ORIENTED_EDGE('',*,*,#4434,.T.);
#2138=ORIENTED_EDGE('',*,*,#4375,.T.);
#2139=ORIENTED_EDGE('',*,*,#4372,.F.);
#2140=ORIENTED_EDGE('',*,*,#4435,.F.);
#2141=ORIENTED_EDGE('',*,*,#4374,.T.);
#2142=ORIENTED_EDGE('',*,*,#4423,.T.);
#2143=ORIENTED_EDGE('',*,*,#4387,.F.);
#2144=ORIENTED_EDGE('',*,*,#4391,.F.);
#2145=ORIENTED_EDGE('',*,*,#4435,.T.);
#2146=ORIENTED_EDGE('',*,*,#4371,.T.);
#2147=ORIENTED_EDGE('',*,*,#4368,.F.);
#2148=ORIENTED_EDGE('',*,*,#4436,.F.);
#2149=ORIENTED_EDGE('',*,*,#4370,.T.);
#2150=ORIENTED_EDGE('',*,*,#4422,.T.);
#2151=ORIENTED_EDGE('',*,*,#4383,.F.);
#2152=ORIENTED_EDGE('',*,*,#4393,.F.);
#2153=ORIENTED_EDGE('',*,*,#4436,.T.);
#2154=ORIENTED_EDGE('',*,*,#4367,.T.);
#2155=ORIENTED_EDGE('',*,*,#4399,.F.);
#2156=ORIENTED_EDGE('',*,*,#4437,.T.);
#2157=ORIENTED_EDGE('',*,*,#4401,.F.);
#2158=ORIENTED_EDGE('',*,*,#4438,.T.);
#2159=ORIENTED_EDGE('',*,*,#4407,.F.);
#2160=ORIENTED_EDGE('',*,*,#4439,.T.);
#2161=ORIENTED_EDGE('',*,*,#4409,.F.);
#2162=ORIENTED_EDGE('',*,*,#4440,.T.);
#2163=ORIENTED_EDGE('',*,*,#4403,.F.);
#2164=ORIENTED_EDGE('',*,*,#4441,.T.);
#2165=ORIENTED_EDGE('',*,*,#4405,.F.);
#2166=ORIENTED_EDGE('',*,*,#4442,.T.);
#2167=ORIENTED_EDGE('',*,*,#4411,.F.);
#2168=ORIENTED_EDGE('',*,*,#4443,.T.);
#2169=ORIENTED_EDGE('',*,*,#4444,.T.);
#2170=ORIENTED_EDGE('',*,*,#4397,.F.);
#2171=ORIENTED_EDGE('',*,*,#4445,.T.);
#2172=ORIENTED_EDGE('',*,*,#4446,.T.);
#2173=ORIENTED_EDGE('',*,*,#4447,.F.);
#2174=ORIENTED_EDGE('',*,*,#4437,.F.);
#2175=ORIENTED_EDGE('',*,*,#4448,.F.);
#2176=ORIENTED_EDGE('',*,*,#4430,.F.);
#2177=ORIENTED_EDGE('',*,*,#4448,.T.);
#2178=ORIENTED_EDGE('',*,*,#4398,.F.);
#2179=ORIENTED_EDGE('',*,*,#4449,.F.);
#2180=ORIENTED_EDGE('',*,*,#4431,.F.);
#2181=ORIENTED_EDGE('',*,*,#4447,.T.);
#2182=ORIENTED_EDGE('',*,*,#4429,.F.);
#2183=ORIENTED_EDGE('',*,*,#4450,.F.);
#2184=ORIENTED_EDGE('',*,*,#4402,.F.);
#2185=ORIENTED_EDGE('',*,*,#4449,.T.);
#2186=ORIENTED_EDGE('',*,*,#4444,.F.);
#2187=ORIENTED_EDGE('',*,*,#4443,.F.);
#2188=ORIENTED_EDGE('',*,*,#4451,.F.);
#2189=ORIENTED_EDGE('',*,*,#4433,.F.);
#2190=ORIENTED_EDGE('',*,*,#4432,.F.);
#2191=ORIENTED_EDGE('',*,*,#4450,.T.);
#2192=ORIENTED_EDGE('',*,*,#4428,.F.);
#2193=ORIENTED_EDGE('',*,*,#4452,.F.);
#2194=ORIENTED_EDGE('',*,*,#4441,.F.);
#2195=ORIENTED_EDGE('',*,*,#4451,.T.);
#2196=ORIENTED_EDGE('',*,*,#4410,.F.);
#2197=ORIENTED_EDGE('',*,*,#4453,.F.);
#2198=ORIENTED_EDGE('',*,*,#4425,.F.);
#2199=ORIENTED_EDGE('',*,*,#4452,.T.);
#2200=ORIENTED_EDGE('',*,*,#4427,.F.);
#2201=ORIENTED_EDGE('',*,*,#4454,.F.);
#2202=ORIENTED_EDGE('',*,*,#4406,.F.);
#2203=ORIENTED_EDGE('',*,*,#4453,.T.);
#2204=ORIENTED_EDGE('',*,*,#4439,.F.);
#2205=ORIENTED_EDGE('',*,*,#4454,.T.);
#2206=ORIENTED_EDGE('',*,*,#4426,.F.);
#2207=ORIENTED_EDGE('',*,*,#4455,.F.);
#2208=ORIENTED_EDGE('',*,*,#4446,.F.);
#2209=ORIENTED_EDGE('',*,*,#4445,.F.);
#2210=ORIENTED_EDGE('',*,*,#4456,.F.);
#2211=ORIENTED_EDGE('',*,*,#4419,.F.);
#2212=ORIENTED_EDGE('',*,*,#4418,.F.);
#2213=ORIENTED_EDGE('',*,*,#4456,.T.);
#2214=ORIENTED_EDGE('',*,*,#4400,.F.);
#2215=ORIENTED_EDGE('',*,*,#4457,.F.);
#2216=ORIENTED_EDGE('',*,*,#4420,.F.);
#2217=ORIENTED_EDGE('',*,*,#4455,.T.);
#2218=ORIENTED_EDGE('',*,*,#4417,.F.);
#2219=ORIENTED_EDGE('',*,*,#4458,.F.);
#2220=ORIENTED_EDGE('',*,*,#4412,.F.);
#2221=ORIENTED_EDGE('',*,*,#4457,.T.);
#2222=ORIENTED_EDGE('',*,*,#4438,.F.);
#2223=ORIENTED_EDGE('',*,*,#4459,.F.);
#2224=ORIENTED_EDGE('',*,*,#4421,.F.);
#2225=ORIENTED_EDGE('',*,*,#4458,.T.);
#2226=ORIENTED_EDGE('',*,*,#4416,.F.);
#2227=ORIENTED_EDGE('',*,*,#4460,.F.);
#2228=ORIENTED_EDGE('',*,*,#4440,.F.);
#2229=ORIENTED_EDGE('',*,*,#4459,.T.);
#2230=ORIENTED_EDGE('',*,*,#4404,.F.);
#2231=ORIENTED_EDGE('',*,*,#4461,.F.);
#2232=ORIENTED_EDGE('',*,*,#4413,.F.);
#2233=ORIENTED_EDGE('',*,*,#4460,.T.);
#2234=ORIENTED_EDGE('',*,*,#4415,.F.);
#2235=ORIENTED_EDGE('',*,*,#4462,.F.);
#2236=ORIENTED_EDGE('',*,*,#4408,.F.);
#2237=ORIENTED_EDGE('',*,*,#4461,.T.);
#2238=ORIENTED_EDGE('',*,*,#4442,.F.);
#2239=ORIENTED_EDGE('',*,*,#4462,.T.);
#2240=ORIENTED_EDGE('',*,*,#4414,.F.);
#2241=ORIENTED_EDGE('',*,*,#4463,.F.);
#2242=ORIENTED_EDGE('',*,*,#4464,.T.);
#2243=ORIENTED_EDGE('',*,*,#4465,.T.);
#2244=ORIENTED_EDGE('',*,*,#4466,.F.);
#2245=ORIENTED_EDGE('',*,*,#4467,.T.);
#2246=ORIENTED_EDGE('',*,*,#4468,.F.);
#2247=ORIENTED_EDGE('',*,*,#4469,.F.);
#2248=ORIENTED_EDGE('',*,*,#4470,.T.);
#2249=ORIENTED_EDGE('',*,*,#4471,.F.);
#2250=ORIENTED_EDGE('',*,*,#4470,.F.);
#2251=ORIENTED_EDGE('',*,*,#4472,.T.);
#2252=ORIENTED_EDGE('',*,*,#4473,.T.);
#2253=ORIENTED_EDGE('',*,*,#4474,.T.);
#2254=ORIENTED_EDGE('',*,*,#4475,.F.);
#2255=ORIENTED_EDGE('',*,*,#4476,.T.);
#2256=ORIENTED_EDGE('',*,*,#4474,.F.);
#2257=ORIENTED_EDGE('',*,*,#4477,.F.);
#2258=ORIENTED_EDGE('',*,*,#4478,.T.);
#2259=ORIENTED_EDGE('',*,*,#4479,.T.);
#2260=ORIENTED_EDGE('',*,*,#4478,.F.);
#2261=ORIENTED_EDGE('',*,*,#4480,.F.);
#2262=ORIENTED_EDGE('',*,*,#4481,.T.);
#2263=ORIENTED_EDGE('',*,*,#4482,.F.);
#2264=ORIENTED_EDGE('',*,*,#4481,.F.);
#2265=ORIENTED_EDGE('',*,*,#4483,.T.);
#2266=ORIENTED_EDGE('',*,*,#4484,.T.);
#2267=ORIENTED_EDGE('',*,*,#4485,.T.);
#2268=ORIENTED_EDGE('',*,*,#4484,.F.);
#2269=ORIENTED_EDGE('',*,*,#4486,.F.);
#2270=ORIENTED_EDGE('',*,*,#4487,.T.);
#2271=ORIENTED_EDGE('',*,*,#4488,.T.);
#2272=ORIENTED_EDGE('',*,*,#4487,.F.);
#2273=ORIENTED_EDGE('',*,*,#4489,.F.);
#2274=ORIENTED_EDGE('',*,*,#4490,.T.);
#2275=ORIENTED_EDGE('',*,*,#4491,.T.);
#2276=ORIENTED_EDGE('',*,*,#4492,.T.);
#2277=ORIENTED_EDGE('',*,*,#4490,.F.);
#2278=ORIENTED_EDGE('',*,*,#4493,.F.);
#2279=ORIENTED_EDGE('',*,*,#4494,.F.);
#2280=ORIENTED_EDGE('',*,*,#4495,.T.);
#2281=ORIENTED_EDGE('',*,*,#4496,.F.);
#2282=ORIENTED_EDGE('',*,*,#4495,.F.);
#2283=ORIENTED_EDGE('',*,*,#4497,.T.);
#2284=ORIENTED_EDGE('',*,*,#4498,.T.);
#2285=ORIENTED_EDGE('',*,*,#4499,.F.);
#2286=ORIENTED_EDGE('',*,*,#4498,.F.);
#2287=ORIENTED_EDGE('',*,*,#4500,.T.);
#2288=ORIENTED_EDGE('',*,*,#4501,.T.);
#2289=ORIENTED_EDGE('',*,*,#4502,.T.);
#2290=ORIENTED_EDGE('',*,*,#4501,.F.);
#2291=ORIENTED_EDGE('',*,*,#4503,.F.);
#2292=ORIENTED_EDGE('',*,*,#4504,.T.);
#2293=ORIENTED_EDGE('',*,*,#4505,.F.);
#2294=ORIENTED_EDGE('',*,*,#4504,.F.);
#2295=ORIENTED_EDGE('',*,*,#4506,.T.);
#2296=ORIENTED_EDGE('',*,*,#4507,.T.);
#2297=ORIENTED_EDGE('',*,*,#4508,.T.);
#2298=ORIENTED_EDGE('',*,*,#4507,.F.);
#2299=ORIENTED_EDGE('',*,*,#4509,.F.);
#2300=ORIENTED_EDGE('',*,*,#4510,.T.);
#2301=ORIENTED_EDGE('',*,*,#4511,.F.);
#2302=ORIENTED_EDGE('',*,*,#4510,.F.);
#2303=ORIENTED_EDGE('',*,*,#4512,.T.);
#2304=ORIENTED_EDGE('',*,*,#4513,.T.);
#2305=ORIENTED_EDGE('',*,*,#4514,.T.);
#2306=ORIENTED_EDGE('',*,*,#4513,.F.);
#2307=ORIENTED_EDGE('',*,*,#4515,.F.);
#2308=ORIENTED_EDGE('',*,*,#4516,.T.);
#2309=ORIENTED_EDGE('',*,*,#4517,.T.);
#2310=ORIENTED_EDGE('',*,*,#4516,.F.);
#2311=ORIENTED_EDGE('',*,*,#4518,.F.);
#2312=ORIENTED_EDGE('',*,*,#4519,.T.);
#2313=ORIENTED_EDGE('',*,*,#4520,.F.);
#2314=ORIENTED_EDGE('',*,*,#4519,.F.);
#2315=ORIENTED_EDGE('',*,*,#4521,.T.);
#2316=ORIENTED_EDGE('',*,*,#4522,.T.);
#2317=ORIENTED_EDGE('',*,*,#4523,.T.);
#2318=ORIENTED_EDGE('',*,*,#4522,.F.);
#2319=ORIENTED_EDGE('',*,*,#4524,.F.);
#2320=ORIENTED_EDGE('',*,*,#4525,.T.);
#2321=ORIENTED_EDGE('',*,*,#4526,.T.);
#2322=ORIENTED_EDGE('',*,*,#4525,.F.);
#2323=ORIENTED_EDGE('',*,*,#4527,.F.);
#2324=ORIENTED_EDGE('',*,*,#4528,.T.);
#2325=ORIENTED_EDGE('',*,*,#4529,.T.);
#2326=ORIENTED_EDGE('',*,*,#4528,.F.);
#2327=ORIENTED_EDGE('',*,*,#4530,.F.);
#2328=ORIENTED_EDGE('',*,*,#4531,.T.);
#2329=ORIENTED_EDGE('',*,*,#4532,.F.);
#2330=ORIENTED_EDGE('',*,*,#4531,.F.);
#2331=ORIENTED_EDGE('',*,*,#4533,.T.);
#2332=ORIENTED_EDGE('',*,*,#4534,.T.);
#2333=ORIENTED_EDGE('',*,*,#4535,.F.);
#2334=ORIENTED_EDGE('',*,*,#4534,.F.);
#2335=ORIENTED_EDGE('',*,*,#4536,.T.);
#2336=ORIENTED_EDGE('',*,*,#4537,.T.);
#2337=ORIENTED_EDGE('',*,*,#4538,.T.);
#2338=ORIENTED_EDGE('',*,*,#4537,.F.);
#2339=ORIENTED_EDGE('',*,*,#4539,.F.);
#2340=ORIENTED_EDGE('',*,*,#4540,.T.);
#2341=ORIENTED_EDGE('',*,*,#4541,.F.);
#2342=ORIENTED_EDGE('',*,*,#4540,.F.);
#2343=ORIENTED_EDGE('',*,*,#4542,.T.);
#2344=ORIENTED_EDGE('',*,*,#4543,.T.);
#2345=ORIENTED_EDGE('',*,*,#4544,.F.);
#2346=ORIENTED_EDGE('',*,*,#4543,.F.);
#2347=ORIENTED_EDGE('',*,*,#4545,.T.);
#2348=ORIENTED_EDGE('',*,*,#4546,.T.);
#2349=ORIENTED_EDGE('',*,*,#4547,.F.);
#2350=ORIENTED_EDGE('',*,*,#4546,.F.);
#2351=ORIENTED_EDGE('',*,*,#4548,.T.);
#2352=ORIENTED_EDGE('',*,*,#4549,.T.);
#2353=ORIENTED_EDGE('',*,*,#4550,.T.);
#2354=ORIENTED_EDGE('',*,*,#4549,.F.);
#2355=ORIENTED_EDGE('',*,*,#4551,.F.);
#2356=ORIENTED_EDGE('',*,*,#4552,.T.);
#2357=ORIENTED_EDGE('',*,*,#4553,.T.);
#2358=ORIENTED_EDGE('',*,*,#4554,.T.);
#2359=ORIENTED_EDGE('',*,*,#4552,.F.);
#2360=ORIENTED_EDGE('',*,*,#4555,.F.);
#2361=ORIENTED_EDGE('',*,*,#4556,.F.);
#2362=ORIENTED_EDGE('',*,*,#4557,.T.);
#2363=ORIENTED_EDGE('',*,*,#4558,.F.);
#2364=ORIENTED_EDGE('',*,*,#4557,.F.);
#2365=ORIENTED_EDGE('',*,*,#4559,.T.);
#2366=ORIENTED_EDGE('',*,*,#4560,.T.);
#2367=ORIENTED_EDGE('',*,*,#4561,.F.);
#2368=ORIENTED_EDGE('',*,*,#4560,.F.);
#2369=ORIENTED_EDGE('',*,*,#4562,.T.);
#2370=ORIENTED_EDGE('',*,*,#4563,.T.);
#2371=ORIENTED_EDGE('',*,*,#4564,.T.);
#2372=ORIENTED_EDGE('',*,*,#4563,.F.);
#2373=ORIENTED_EDGE('',*,*,#4565,.F.);
#2374=ORIENTED_EDGE('',*,*,#4566,.T.);
#2375=ORIENTED_EDGE('',*,*,#4567,.T.);
#2376=ORIENTED_EDGE('',*,*,#4566,.F.);
#2377=ORIENTED_EDGE('',*,*,#4568,.F.);
#2378=ORIENTED_EDGE('',*,*,#4569,.T.);
#2379=ORIENTED_EDGE('',*,*,#4570,.F.);
#2380=ORIENTED_EDGE('',*,*,#4569,.F.);
#2381=ORIENTED_EDGE('',*,*,#4571,.T.);
#2382=ORIENTED_EDGE('',*,*,#4572,.T.);
#2383=ORIENTED_EDGE('',*,*,#4573,.F.);
#2384=ORIENTED_EDGE('',*,*,#4572,.F.);
#2385=ORIENTED_EDGE('',*,*,#4574,.T.);
#2386=ORIENTED_EDGE('',*,*,#4575,.T.);
#2387=ORIENTED_EDGE('',*,*,#4576,.T.);
#2388=ORIENTED_EDGE('',*,*,#4577,.F.);
#2389=ORIENTED_EDGE('',*,*,#4578,.F.);
#2390=ORIENTED_EDGE('',*,*,#4576,.F.);
#2391=ORIENTED_EDGE('',*,*,#4579,.T.);
#2392=ORIENTED_EDGE('',*,*,#4580,.T.);
#2393=ORIENTED_EDGE('',*,*,#4581,.F.);
#2394=ORIENTED_EDGE('',*,*,#4580,.F.);
#2395=ORIENTED_EDGE('',*,*,#4582,.T.);
#2396=ORIENTED_EDGE('',*,*,#4583,.T.);
#2397=ORIENTED_EDGE('',*,*,#4584,.F.);
#2398=ORIENTED_EDGE('',*,*,#4583,.F.);
#2399=ORIENTED_EDGE('',*,*,#4585,.T.);
#2400=ORIENTED_EDGE('',*,*,#4586,.T.);
#2401=ORIENTED_EDGE('',*,*,#4587,.F.);
#2402=ORIENTED_EDGE('',*,*,#4586,.F.);
#2403=ORIENTED_EDGE('',*,*,#4588,.T.);
#2404=ORIENTED_EDGE('',*,*,#4589,.T.);
#2405=ORIENTED_EDGE('',*,*,#4590,.T.);
#2406=ORIENTED_EDGE('',*,*,#4589,.F.);
#2407=ORIENTED_EDGE('',*,*,#4591,.F.);
#2408=ORIENTED_EDGE('',*,*,#4592,.T.);
#2409=ORIENTED_EDGE('',*,*,#4593,.T.);
#2410=ORIENTED_EDGE('',*,*,#4592,.F.);
#2411=ORIENTED_EDGE('',*,*,#4594,.F.);
#2412=ORIENTED_EDGE('',*,*,#4595,.T.);
#2413=ORIENTED_EDGE('',*,*,#4596,.F.);
#2414=ORIENTED_EDGE('',*,*,#4595,.F.);
#2415=ORIENTED_EDGE('',*,*,#4597,.T.);
#2416=ORIENTED_EDGE('',*,*,#4598,.T.);
#2417=ORIENTED_EDGE('',*,*,#4599,.F.);
#2418=ORIENTED_EDGE('',*,*,#4598,.F.);
#2419=ORIENTED_EDGE('',*,*,#4600,.T.);
#2420=ORIENTED_EDGE('',*,*,#4601,.T.);
#2421=ORIENTED_EDGE('',*,*,#4602,.T.);
#2422=ORIENTED_EDGE('',*,*,#4601,.F.);
#2423=ORIENTED_EDGE('',*,*,#4603,.F.);
#2424=ORIENTED_EDGE('',*,*,#4604,.T.);
#2425=ORIENTED_EDGE('',*,*,#4605,.T.);
#2426=ORIENTED_EDGE('',*,*,#4604,.F.);
#2427=ORIENTED_EDGE('',*,*,#4606,.F.);
#2428=ORIENTED_EDGE('',*,*,#4607,.T.);
#2429=ORIENTED_EDGE('',*,*,#4608,.F.);
#2430=ORIENTED_EDGE('',*,*,#4607,.F.);
#2431=ORIENTED_EDGE('',*,*,#4609,.T.);
#2432=ORIENTED_EDGE('',*,*,#4610,.T.);
#2433=ORIENTED_EDGE('',*,*,#4611,.F.);
#2434=ORIENTED_EDGE('',*,*,#4610,.F.);
#2435=ORIENTED_EDGE('',*,*,#4612,.T.);
#2436=ORIENTED_EDGE('',*,*,#4613,.T.);
#2437=ORIENTED_EDGE('',*,*,#4614,.T.);
#2438=ORIENTED_EDGE('',*,*,#4615,.F.);
#2439=ORIENTED_EDGE('',*,*,#4616,.F.);
#2440=ORIENTED_EDGE('',*,*,#4614,.F.);
#2441=ORIENTED_EDGE('',*,*,#4617,.T.);
#2442=ORIENTED_EDGE('',*,*,#4618,.T.);
#2443=ORIENTED_EDGE('',*,*,#4619,.F.);
#2444=ORIENTED_EDGE('',*,*,#4618,.F.);
#2445=ORIENTED_EDGE('',*,*,#4620,.T.);
#2446=ORIENTED_EDGE('',*,*,#4468,.T.);
#2447=ORIENTED_EDGE('',*,*,#4464,.F.);
#2448=ORIENTED_EDGE('',*,*,#4621,.F.);
#2449=ORIENTED_EDGE('',*,*,#4466,.T.);
#2450=ORIENTED_EDGE('',*,*,#4622,.T.);
#2451=ORIENTED_EDGE('',*,*,#4469,.T.);
#2452=ORIENTED_EDGE('',*,*,#4620,.F.);
#2453=ORIENTED_EDGE('',*,*,#4617,.F.);
#2454=ORIENTED_EDGE('',*,*,#4613,.F.);
#2455=ORIENTED_EDGE('',*,*,#4612,.F.);
#2456=ORIENTED_EDGE('',*,*,#4609,.F.);
#2457=ORIENTED_EDGE('',*,*,#4606,.T.);
#2458=ORIENTED_EDGE('',*,*,#4603,.T.);
#2459=ORIENTED_EDGE('',*,*,#4600,.F.);
#2460=ORIENTED_EDGE('',*,*,#4597,.F.);
#2461=ORIENTED_EDGE('',*,*,#4594,.T.);
#2462=ORIENTED_EDGE('',*,*,#4591,.T.);
#2463=ORIENTED_EDGE('',*,*,#4588,.F.);
#2464=ORIENTED_EDGE('',*,*,#4585,.F.);
#2465=ORIENTED_EDGE('',*,*,#4582,.F.);
#2466=ORIENTED_EDGE('',*,*,#4579,.F.);
#2467=ORIENTED_EDGE('',*,*,#4575,.F.);
#2468=ORIENTED_EDGE('',*,*,#4574,.F.);
#2469=ORIENTED_EDGE('',*,*,#4571,.F.);
#2470=ORIENTED_EDGE('',*,*,#4568,.T.);
#2471=ORIENTED_EDGE('',*,*,#4565,.T.);
#2472=ORIENTED_EDGE('',*,*,#4562,.F.);
#2473=ORIENTED_EDGE('',*,*,#4559,.F.);
#2474=ORIENTED_EDGE('',*,*,#4556,.T.);
#2475=ORIENTED_EDGE('',*,*,#4555,.T.);
#2476=ORIENTED_EDGE('',*,*,#4551,.T.);
#2477=ORIENTED_EDGE('',*,*,#4548,.F.);
#2478=ORIENTED_EDGE('',*,*,#4545,.F.);
#2479=ORIENTED_EDGE('',*,*,#4542,.F.);
#2480=ORIENTED_EDGE('',*,*,#4539,.T.);
#2481=ORIENTED_EDGE('',*,*,#4536,.F.);
#2482=ORIENTED_EDGE('',*,*,#4533,.F.);
#2483=ORIENTED_EDGE('',*,*,#4530,.T.);
#2484=ORIENTED_EDGE('',*,*,#4527,.T.);
#2485=ORIENTED_EDGE('',*,*,#4524,.T.);
#2486=ORIENTED_EDGE('',*,*,#4521,.F.);
#2487=ORIENTED_EDGE('',*,*,#4518,.T.);
#2488=ORIENTED_EDGE('',*,*,#4515,.T.);
#2489=ORIENTED_EDGE('',*,*,#4512,.F.);
#2490=ORIENTED_EDGE('',*,*,#4509,.T.);
#2491=ORIENTED_EDGE('',*,*,#4506,.F.);
#2492=ORIENTED_EDGE('',*,*,#4503,.T.);
#2493=ORIENTED_EDGE('',*,*,#4500,.F.);
#2494=ORIENTED_EDGE('',*,*,#4497,.F.);
#2495=ORIENTED_EDGE('',*,*,#4494,.T.);
#2496=ORIENTED_EDGE('',*,*,#4493,.T.);
#2497=ORIENTED_EDGE('',*,*,#4489,.T.);
#2498=ORIENTED_EDGE('',*,*,#4486,.T.);
#2499=ORIENTED_EDGE('',*,*,#4483,.F.);
#2500=ORIENTED_EDGE('',*,*,#4480,.T.);
#2501=ORIENTED_EDGE('',*,*,#4477,.T.);
#2502=ORIENTED_EDGE('',*,*,#4473,.F.);
#2503=ORIENTED_EDGE('',*,*,#4472,.F.);
#2504=ORIENTED_EDGE('',*,*,#4621,.T.);
#2505=ORIENTED_EDGE('',*,*,#4463,.T.);
#2506=ORIENTED_EDGE('',*,*,#4467,.F.);
#2507=ORIENTED_EDGE('',*,*,#4471,.T.);
#2508=ORIENTED_EDGE('',*,*,#4475,.T.);
#2509=ORIENTED_EDGE('',*,*,#4476,.F.);
#2510=ORIENTED_EDGE('',*,*,#4479,.F.);
#2511=ORIENTED_EDGE('',*,*,#4482,.T.);
#2512=ORIENTED_EDGE('',*,*,#4485,.F.);
#2513=ORIENTED_EDGE('',*,*,#4488,.F.);
#2514=ORIENTED_EDGE('',*,*,#4492,.F.);
#2515=ORIENTED_EDGE('',*,*,#4491,.F.);
#2516=ORIENTED_EDGE('',*,*,#4496,.T.);
#2517=ORIENTED_EDGE('',*,*,#4499,.T.);
#2518=ORIENTED_EDGE('',*,*,#4502,.F.);
#2519=ORIENTED_EDGE('',*,*,#4505,.T.);
#2520=ORIENTED_EDGE('',*,*,#4508,.F.);
#2521=ORIENTED_EDGE('',*,*,#4511,.T.);
#2522=ORIENTED_EDGE('',*,*,#4514,.F.);
#2523=ORIENTED_EDGE('',*,*,#4517,.F.);
#2524=ORIENTED_EDGE('',*,*,#4520,.T.);
#2525=ORIENTED_EDGE('',*,*,#4523,.F.);
#2526=ORIENTED_EDGE('',*,*,#4526,.F.);
#2527=ORIENTED_EDGE('',*,*,#4529,.F.);
#2528=ORIENTED_EDGE('',*,*,#4532,.T.);
#2529=ORIENTED_EDGE('',*,*,#4535,.T.);
#2530=ORIENTED_EDGE('',*,*,#4538,.F.);
#2531=ORIENTED_EDGE('',*,*,#4541,.T.);
#2532=ORIENTED_EDGE('',*,*,#4544,.T.);
#2533=ORIENTED_EDGE('',*,*,#4547,.T.);
#2534=ORIENTED_EDGE('',*,*,#4550,.F.);
#2535=ORIENTED_EDGE('',*,*,#4554,.F.);
#2536=ORIENTED_EDGE('',*,*,#4553,.F.);
#2537=ORIENTED_EDGE('',*,*,#4558,.T.);
#2538=ORIENTED_EDGE('',*,*,#4561,.T.);
#2539=ORIENTED_EDGE('',*,*,#4564,.F.);
#2540=ORIENTED_EDGE('',*,*,#4567,.F.);
#2541=ORIENTED_EDGE('',*,*,#4570,.T.);
#2542=ORIENTED_EDGE('',*,*,#4573,.T.);
#2543=ORIENTED_EDGE('',*,*,#4577,.T.);
#2544=ORIENTED_EDGE('',*,*,#4578,.T.);
#2545=ORIENTED_EDGE('',*,*,#4581,.T.);
#2546=ORIENTED_EDGE('',*,*,#4584,.T.);
#2547=ORIENTED_EDGE('',*,*,#4587,.T.);
#2548=ORIENTED_EDGE('',*,*,#4590,.F.);
#2549=ORIENTED_EDGE('',*,*,#4593,.F.);
#2550=ORIENTED_EDGE('',*,*,#4596,.T.);
#2551=ORIENTED_EDGE('',*,*,#4599,.T.);
#2552=ORIENTED_EDGE('',*,*,#4602,.F.);
#2553=ORIENTED_EDGE('',*,*,#4605,.F.);
#2554=ORIENTED_EDGE('',*,*,#4608,.T.);
#2555=ORIENTED_EDGE('',*,*,#4611,.T.);
#2556=ORIENTED_EDGE('',*,*,#4615,.T.);
#2557=ORIENTED_EDGE('',*,*,#4616,.T.);
#2558=ORIENTED_EDGE('',*,*,#4619,.T.);
#2559=ORIENTED_EDGE('',*,*,#4622,.F.);
#2560=ORIENTED_EDGE('',*,*,#4465,.F.);
#2561=ORIENTED_EDGE('',*,*,#4623,.F.);
#2562=ORIENTED_EDGE('',*,*,#4624,.T.);
#2563=ORIENTED_EDGE('',*,*,#4625,.T.);
#2564=ORIENTED_EDGE('',*,*,#4626,.F.);
#2565=ORIENTED_EDGE('',*,*,#4627,.F.);
#2566=ORIENTED_EDGE('',*,*,#4628,.T.);
#2567=ORIENTED_EDGE('',*,*,#4629,.T.);
#2568=ORIENTED_EDGE('',*,*,#4630,.F.);
#2569=ORIENTED_EDGE('',*,*,#4631,.F.);
#2570=ORIENTED_EDGE('',*,*,#4632,.T.);
#2571=ORIENTED_EDGE('',*,*,#4633,.T.);
#2572=ORIENTED_EDGE('',*,*,#4634,.F.);
#2573=ORIENTED_EDGE('',*,*,#4635,.T.);
#2574=ORIENTED_EDGE('',*,*,#4636,.F.);
#2575=ORIENTED_EDGE('',*,*,#4637,.F.);
#2576=ORIENTED_EDGE('',*,*,#4638,.T.);
#2577=ORIENTED_EDGE('',*,*,#4639,.T.);
#2578=ORIENTED_EDGE('',*,*,#4638,.F.);
#2579=ORIENTED_EDGE('',*,*,#4640,.F.);
#2580=ORIENTED_EDGE('',*,*,#4641,.T.);
#2581=ORIENTED_EDGE('',*,*,#4642,.F.);
#2582=ORIENTED_EDGE('',*,*,#4641,.F.);
#2583=ORIENTED_EDGE('',*,*,#4643,.T.);
#2584=ORIENTED_EDGE('',*,*,#4644,.T.);
#2585=ORIENTED_EDGE('',*,*,#4632,.F.);
#2586=ORIENTED_EDGE('',*,*,#4645,.F.);
#2587=ORIENTED_EDGE('',*,*,#4634,.T.);
#2588=ORIENTED_EDGE('',*,*,#4646,.T.);
#2589=ORIENTED_EDGE('',*,*,#4628,.F.);
#2590=ORIENTED_EDGE('',*,*,#4647,.F.);
#2591=ORIENTED_EDGE('',*,*,#4630,.T.);
#2592=ORIENTED_EDGE('',*,*,#4648,.T.);
#2593=ORIENTED_EDGE('',*,*,#4649,.T.);
#2594=ORIENTED_EDGE('',*,*,#4644,.F.);
#2595=ORIENTED_EDGE('',*,*,#4650,.F.);
#2596=ORIENTED_EDGE('',*,*,#4636,.T.);
#2597=ORIENTED_EDGE('',*,*,#4624,.F.);
#2598=ORIENTED_EDGE('',*,*,#4651,.F.);
#2599=ORIENTED_EDGE('',*,*,#4626,.T.);
#2600=ORIENTED_EDGE('',*,*,#4652,.T.);
#2601=ORIENTED_EDGE('',*,*,#4637,.T.);
#2602=ORIENTED_EDGE('',*,*,#4650,.T.);
#2603=ORIENTED_EDGE('',*,*,#4643,.F.);
#2604=ORIENTED_EDGE('',*,*,#4640,.T.);
#2605=ORIENTED_EDGE('',*,*,#4647,.T.);
#2606=ORIENTED_EDGE('',*,*,#4627,.T.);
#2607=ORIENTED_EDGE('',*,*,#4645,.T.);
#2608=ORIENTED_EDGE('',*,*,#4631,.T.);
#2609=ORIENTED_EDGE('',*,*,#4651,.T.);
#2610=ORIENTED_EDGE('',*,*,#4623,.T.);
#2611=ORIENTED_EDGE('',*,*,#4635,.F.);
#2612=ORIENTED_EDGE('',*,*,#4639,.F.);
#2613=ORIENTED_EDGE('',*,*,#4642,.T.);
#2614=ORIENTED_EDGE('',*,*,#4649,.F.);
#2615=ORIENTED_EDGE('',*,*,#4648,.F.);
#2616=ORIENTED_EDGE('',*,*,#4629,.F.);
#2617=ORIENTED_EDGE('',*,*,#4646,.F.);
#2618=ORIENTED_EDGE('',*,*,#4633,.F.);
#2619=ORIENTED_EDGE('',*,*,#4652,.F.);
#2620=ORIENTED_EDGE('',*,*,#4625,.F.);
#2621=ORIENTED_EDGE('',*,*,#4653,.F.);
#2622=ORIENTED_EDGE('',*,*,#4654,.T.);
#2623=ORIENTED_EDGE('',*,*,#4655,.T.);
#2624=ORIENTED_EDGE('',*,*,#4656,.F.);
#2625=ORIENTED_EDGE('',*,*,#4657,.F.);
#2626=ORIENTED_EDGE('',*,*,#4658,.T.);
#2627=ORIENTED_EDGE('',*,*,#4659,.T.);
#2628=ORIENTED_EDGE('',*,*,#4660,.F.);
#2629=ORIENTED_EDGE('',*,*,#4661,.F.);
#2630=ORIENTED_EDGE('',*,*,#4662,.T.);
#2631=ORIENTED_EDGE('',*,*,#4663,.T.);
#2632=ORIENTED_EDGE('',*,*,#4664,.F.);
#2633=ORIENTED_EDGE('',*,*,#4665,.F.);
#2634=ORIENTED_EDGE('',*,*,#4666,.F.);
#2635=ORIENTED_EDGE('',*,*,#4667,.T.);
#2636=ORIENTED_EDGE('',*,*,#4668,.T.);
#2637=ORIENTED_EDGE('',*,*,#4669,.T.);
#2638=ORIENTED_EDGE('',*,*,#4668,.F.);
#2639=ORIENTED_EDGE('',*,*,#4670,.F.);
#2640=ORIENTED_EDGE('',*,*,#4671,.T.);
#2641=ORIENTED_EDGE('',*,*,#4672,.T.);
#2642=ORIENTED_EDGE('',*,*,#4671,.F.);
#2643=ORIENTED_EDGE('',*,*,#4673,.F.);
#2644=ORIENTED_EDGE('',*,*,#4674,.T.);
#2645=ORIENTED_EDGE('',*,*,#4662,.F.);
#2646=ORIENTED_EDGE('',*,*,#4675,.F.);
#2647=ORIENTED_EDGE('',*,*,#4664,.T.);
#2648=ORIENTED_EDGE('',*,*,#4676,.T.);
#2649=ORIENTED_EDGE('',*,*,#4658,.F.);
#2650=ORIENTED_EDGE('',*,*,#4677,.F.);
#2651=ORIENTED_EDGE('',*,*,#4660,.T.);
#2652=ORIENTED_EDGE('',*,*,#4678,.T.);
#2653=ORIENTED_EDGE('',*,*,#4679,.F.);
#2654=ORIENTED_EDGE('',*,*,#4674,.F.);
#2655=ORIENTED_EDGE('',*,*,#4680,.T.);
#2656=ORIENTED_EDGE('',*,*,#4666,.T.);
#2657=ORIENTED_EDGE('',*,*,#4654,.F.);
#2658=ORIENTED_EDGE('',*,*,#4681,.F.);
#2659=ORIENTED_EDGE('',*,*,#4656,.T.);
#2660=ORIENTED_EDGE('',*,*,#4682,.T.);
#2661=ORIENTED_EDGE('',*,*,#4667,.F.);
#2662=ORIENTED_EDGE('',*,*,#4680,.F.);
#2663=ORIENTED_EDGE('',*,*,#4673,.T.);
#2664=ORIENTED_EDGE('',*,*,#4670,.T.);
#2665=ORIENTED_EDGE('',*,*,#4677,.T.);
#2666=ORIENTED_EDGE('',*,*,#4657,.T.);
#2667=ORIENTED_EDGE('',*,*,#4675,.T.);
#2668=ORIENTED_EDGE('',*,*,#4661,.T.);
#2669=ORIENTED_EDGE('',*,*,#4681,.T.);
#2670=ORIENTED_EDGE('',*,*,#4653,.T.);
#2671=ORIENTED_EDGE('',*,*,#4665,.T.);
#2672=ORIENTED_EDGE('',*,*,#4669,.F.);
#2673=ORIENTED_EDGE('',*,*,#4672,.F.);
#2674=ORIENTED_EDGE('',*,*,#4679,.T.);
#2675=ORIENTED_EDGE('',*,*,#4678,.F.);
#2676=ORIENTED_EDGE('',*,*,#4659,.F.);
#2677=ORIENTED_EDGE('',*,*,#4676,.F.);
#2678=ORIENTED_EDGE('',*,*,#4663,.F.);
#2679=ORIENTED_EDGE('',*,*,#4682,.F.);
#2680=ORIENTED_EDGE('',*,*,#4655,.F.);
#2681=ORIENTED_EDGE('',*,*,#4683,.F.);
#2682=ORIENTED_EDGE('',*,*,#4684,.T.);
#2683=ORIENTED_EDGE('',*,*,#4685,.T.);
#2684=ORIENTED_EDGE('',*,*,#4686,.F.);
#2685=ORIENTED_EDGE('',*,*,#4687,.F.);
#2686=ORIENTED_EDGE('',*,*,#4688,.T.);
#2687=ORIENTED_EDGE('',*,*,#4689,.T.);
#2688=ORIENTED_EDGE('',*,*,#4690,.F.);
#2689=ORIENTED_EDGE('',*,*,#4691,.F.);
#2690=ORIENTED_EDGE('',*,*,#4692,.T.);
#2691=ORIENTED_EDGE('',*,*,#4693,.T.);
#2692=ORIENTED_EDGE('',*,*,#4694,.F.);
#2693=ORIENTED_EDGE('',*,*,#4695,.T.);
#2694=ORIENTED_EDGE('',*,*,#4696,.F.);
#2695=ORIENTED_EDGE('',*,*,#4697,.F.);
#2696=ORIENTED_EDGE('',*,*,#4698,.T.);
#2697=ORIENTED_EDGE('',*,*,#4699,.F.);
#2698=ORIENTED_EDGE('',*,*,#4698,.F.);
#2699=ORIENTED_EDGE('',*,*,#4700,.T.);
#2700=ORIENTED_EDGE('',*,*,#4701,.T.);
#2701=ORIENTED_EDGE('',*,*,#4702,.F.);
#2702=ORIENTED_EDGE('',*,*,#4701,.F.);
#2703=ORIENTED_EDGE('',*,*,#4703,.T.);
#2704=ORIENTED_EDGE('',*,*,#4704,.T.);
#2705=ORIENTED_EDGE('',*,*,#4692,.F.);
#2706=ORIENTED_EDGE('',*,*,#4705,.F.);
#2707=ORIENTED_EDGE('',*,*,#4694,.T.);
#2708=ORIENTED_EDGE('',*,*,#4706,.T.);
#2709=ORIENTED_EDGE('',*,*,#4688,.F.);
#2710=ORIENTED_EDGE('',*,*,#4707,.F.);
#2711=ORIENTED_EDGE('',*,*,#4690,.T.);
#2712=ORIENTED_EDGE('',*,*,#4708,.T.);
#2713=ORIENTED_EDGE('',*,*,#4709,.F.);
#2714=ORIENTED_EDGE('',*,*,#4704,.F.);
#2715=ORIENTED_EDGE('',*,*,#4710,.T.);
#2716=ORIENTED_EDGE('',*,*,#4696,.T.);
#2717=ORIENTED_EDGE('',*,*,#4684,.F.);
#2718=ORIENTED_EDGE('',*,*,#4711,.F.);
#2719=ORIENTED_EDGE('',*,*,#4686,.T.);
#2720=ORIENTED_EDGE('',*,*,#4712,.T.);
#2721=ORIENTED_EDGE('',*,*,#4697,.T.);
#2722=ORIENTED_EDGE('',*,*,#4710,.F.);
#2723=ORIENTED_EDGE('',*,*,#4703,.F.);
#2724=ORIENTED_EDGE('',*,*,#4700,.F.);
#2725=ORIENTED_EDGE('',*,*,#4707,.T.);
#2726=ORIENTED_EDGE('',*,*,#4687,.T.);
#2727=ORIENTED_EDGE('',*,*,#4705,.T.);
#2728=ORIENTED_EDGE('',*,*,#4691,.T.);
#2729=ORIENTED_EDGE('',*,*,#4711,.T.);
#2730=ORIENTED_EDGE('',*,*,#4683,.T.);
#2731=ORIENTED_EDGE('',*,*,#4695,.F.);
#2732=ORIENTED_EDGE('',*,*,#4699,.T.);
#2733=ORIENTED_EDGE('',*,*,#4702,.T.);
#2734=ORIENTED_EDGE('',*,*,#4709,.T.);
#2735=ORIENTED_EDGE('',*,*,#4708,.F.);
#2736=ORIENTED_EDGE('',*,*,#4689,.F.);
#2737=ORIENTED_EDGE('',*,*,#4706,.F.);
#2738=ORIENTED_EDGE('',*,*,#4693,.F.);
#2739=ORIENTED_EDGE('',*,*,#4712,.F.);
#2740=ORIENTED_EDGE('',*,*,#4685,.F.);
#2741=ORIENTED_EDGE('',*,*,#4713,.T.);
#2742=ORIENTED_EDGE('',*,*,#4714,.T.);
#2743=ORIENTED_EDGE('',*,*,#4715,.F.);
#2744=ORIENTED_EDGE('',*,*,#4716,.F.);
#2745=ORIENTED_EDGE('',*,*,#4717,.T.);
#2746=ORIENTED_EDGE('',*,*,#4718,.T.);
#2747=ORIENTED_EDGE('',*,*,#4719,.F.);
#2748=ORIENTED_EDGE('',*,*,#4720,.F.);
#2749=ORIENTED_EDGE('',*,*,#4721,.T.);
#2750=ORIENTED_EDGE('',*,*,#4722,.T.);
#2751=ORIENTED_EDGE('',*,*,#4723,.F.);
#2752=ORIENTED_EDGE('',*,*,#4724,.F.);
#2753=ORIENTED_EDGE('',*,*,#4725,.F.);
#2754=ORIENTED_EDGE('',*,*,#4726,.F.);
#2755=ORIENTED_EDGE('',*,*,#4727,.T.);
#2756=ORIENTED_EDGE('',*,*,#4728,.T.);
#2757=ORIENTED_EDGE('',*,*,#4729,.F.);
#2758=ORIENTED_EDGE('',*,*,#4730,.F.);
#2759=ORIENTED_EDGE('',*,*,#4731,.T.);
#2760=ORIENTED_EDGE('',*,*,#4726,.T.);
#2761=ORIENTED_EDGE('',*,*,#4732,.F.);
#2762=ORIENTED_EDGE('',*,*,#4733,.F.);
#2763=ORIENTED_EDGE('',*,*,#4734,.T.);
#2764=ORIENTED_EDGE('',*,*,#4730,.T.);
#2765=ORIENTED_EDGE('',*,*,#4722,.F.);
#2766=ORIENTED_EDGE('',*,*,#4735,.T.);
#2767=ORIENTED_EDGE('',*,*,#4724,.T.);
#2768=ORIENTED_EDGE('',*,*,#4736,.F.);
#2769=ORIENTED_EDGE('',*,*,#4718,.F.);
#2770=ORIENTED_EDGE('',*,*,#4737,.T.);
#2771=ORIENTED_EDGE('',*,*,#4720,.T.);
#2772=ORIENTED_EDGE('',*,*,#4738,.F.);
#2773=ORIENTED_EDGE('',*,*,#4739,.T.);
#2774=ORIENTED_EDGE('',*,*,#4728,.F.);
#2775=ORIENTED_EDGE('',*,*,#4740,.F.);
#2776=ORIENTED_EDGE('',*,*,#4733,.T.);
#2777=ORIENTED_EDGE('',*,*,#4714,.F.);
#2778=ORIENTED_EDGE('',*,*,#4741,.T.);
#2779=ORIENTED_EDGE('',*,*,#4716,.T.);
#2780=ORIENTED_EDGE('',*,*,#4742,.F.);
#2781=ORIENTED_EDGE('',*,*,#4727,.F.);
#2782=ORIENTED_EDGE('',*,*,#4731,.F.);
#2783=ORIENTED_EDGE('',*,*,#4734,.F.);
#2784=ORIENTED_EDGE('',*,*,#4740,.T.);
#2785=ORIENTED_EDGE('',*,*,#4717,.F.);
#2786=ORIENTED_EDGE('',*,*,#4737,.F.);
#2787=ORIENTED_EDGE('',*,*,#4721,.F.);
#2788=ORIENTED_EDGE('',*,*,#4735,.F.);
#2789=ORIENTED_EDGE('',*,*,#4713,.F.);
#2790=ORIENTED_EDGE('',*,*,#4741,.F.);
#2791=ORIENTED_EDGE('',*,*,#4725,.T.);
#2792=ORIENTED_EDGE('',*,*,#4739,.F.);
#2793=ORIENTED_EDGE('',*,*,#4732,.T.);
#2794=ORIENTED_EDGE('',*,*,#4729,.T.);
#2795=ORIENTED_EDGE('',*,*,#4719,.T.);
#2796=ORIENTED_EDGE('',*,*,#4738,.T.);
#2797=ORIENTED_EDGE('',*,*,#4723,.T.);
#2798=ORIENTED_EDGE('',*,*,#4736,.T.);
#2799=ORIENTED_EDGE('',*,*,#4715,.T.);
#2800=ORIENTED_EDGE('',*,*,#4742,.T.);
#2801=ORIENTED_EDGE('',*,*,#4743,.T.);
#2802=ORIENTED_EDGE('',*,*,#4744,.T.);
#2803=ORIENTED_EDGE('',*,*,#4745,.F.);
#2804=ORIENTED_EDGE('',*,*,#4746,.F.);
#2805=ORIENTED_EDGE('',*,*,#4747,.T.);
#2806=ORIENTED_EDGE('',*,*,#4748,.T.);
#2807=ORIENTED_EDGE('',*,*,#4749,.F.);
#2808=ORIENTED_EDGE('',*,*,#4750,.F.);
#2809=ORIENTED_EDGE('',*,*,#4751,.T.);
#2810=ORIENTED_EDGE('',*,*,#4752,.T.);
#2811=ORIENTED_EDGE('',*,*,#4753,.F.);
#2812=ORIENTED_EDGE('',*,*,#4754,.F.);
#2813=ORIENTED_EDGE('',*,*,#4755,.F.);
#2814=ORIENTED_EDGE('',*,*,#4756,.F.);
#2815=ORIENTED_EDGE('',*,*,#4757,.T.);
#2816=ORIENTED_EDGE('',*,*,#4758,.T.);
#2817=ORIENTED_EDGE('',*,*,#4759,.F.);
#2818=ORIENTED_EDGE('',*,*,#4760,.F.);
#2819=ORIENTED_EDGE('',*,*,#4761,.T.);
#2820=ORIENTED_EDGE('',*,*,#4756,.T.);
#2821=ORIENTED_EDGE('',*,*,#4762,.T.);
#2822=ORIENTED_EDGE('',*,*,#4763,.F.);
#2823=ORIENTED_EDGE('',*,*,#4764,.F.);
#2824=ORIENTED_EDGE('',*,*,#4760,.T.);
#2825=ORIENTED_EDGE('',*,*,#4752,.F.);
#2826=ORIENTED_EDGE('',*,*,#4765,.T.);
#2827=ORIENTED_EDGE('',*,*,#4754,.T.);
#2828=ORIENTED_EDGE('',*,*,#4766,.F.);
#2829=ORIENTED_EDGE('',*,*,#4748,.F.);
#2830=ORIENTED_EDGE('',*,*,#4767,.T.);
#2831=ORIENTED_EDGE('',*,*,#4750,.T.);
#2832=ORIENTED_EDGE('',*,*,#4768,.F.);
#2833=ORIENTED_EDGE('',*,*,#4769,.T.);
#2834=ORIENTED_EDGE('',*,*,#4758,.F.);
#2835=ORIENTED_EDGE('',*,*,#4770,.F.);
#2836=ORIENTED_EDGE('',*,*,#4763,.T.);
#2837=ORIENTED_EDGE('',*,*,#4744,.F.);
#2838=ORIENTED_EDGE('',*,*,#4771,.T.);
#2839=ORIENTED_EDGE('',*,*,#4746,.T.);
#2840=ORIENTED_EDGE('',*,*,#4772,.F.);
#2841=ORIENTED_EDGE('',*,*,#4757,.F.);
#2842=ORIENTED_EDGE('',*,*,#4761,.F.);
#2843=ORIENTED_EDGE('',*,*,#4764,.T.);
#2844=ORIENTED_EDGE('',*,*,#4770,.T.);
#2845=ORIENTED_EDGE('',*,*,#4747,.F.);
#2846=ORIENTED_EDGE('',*,*,#4767,.F.);
#2847=ORIENTED_EDGE('',*,*,#4751,.F.);
#2848=ORIENTED_EDGE('',*,*,#4765,.F.);
#2849=ORIENTED_EDGE('',*,*,#4743,.F.);
#2850=ORIENTED_EDGE('',*,*,#4771,.F.);
#2851=ORIENTED_EDGE('',*,*,#4755,.T.);
#2852=ORIENTED_EDGE('',*,*,#4769,.F.);
#2853=ORIENTED_EDGE('',*,*,#4762,.F.);
#2854=ORIENTED_EDGE('',*,*,#4759,.T.);
#2855=ORIENTED_EDGE('',*,*,#4749,.T.);
#2856=ORIENTED_EDGE('',*,*,#4768,.T.);
#2857=ORIENTED_EDGE('',*,*,#4753,.T.);
#2858=ORIENTED_EDGE('',*,*,#4766,.T.);
#2859=ORIENTED_EDGE('',*,*,#4745,.T.);
#2860=ORIENTED_EDGE('',*,*,#4772,.T.);
#2861=ORIENTED_EDGE('',*,*,#4773,.T.);
#2862=ORIENTED_EDGE('',*,*,#4774,.T.);
#2863=ORIENTED_EDGE('',*,*,#4775,.F.);
#2864=ORIENTED_EDGE('',*,*,#4776,.F.);
#2865=ORIENTED_EDGE('',*,*,#4777,.T.);
#2866=ORIENTED_EDGE('',*,*,#4778,.T.);
#2867=ORIENTED_EDGE('',*,*,#4779,.F.);
#2868=ORIENTED_EDGE('',*,*,#4780,.F.);
#2869=ORIENTED_EDGE('',*,*,#4781,.T.);
#2870=ORIENTED_EDGE('',*,*,#4782,.T.);
#2871=ORIENTED_EDGE('',*,*,#4783,.F.);
#2872=ORIENTED_EDGE('',*,*,#4784,.F.);
#2873=ORIENTED_EDGE('',*,*,#4785,.F.);
#2874=ORIENTED_EDGE('',*,*,#4786,.F.);
#2875=ORIENTED_EDGE('',*,*,#4787,.T.);
#2876=ORIENTED_EDGE('',*,*,#4788,.T.);
#2877=ORIENTED_EDGE('',*,*,#4789,.F.);
#2878=ORIENTED_EDGE('',*,*,#4790,.F.);
#2879=ORIENTED_EDGE('',*,*,#4791,.T.);
#2880=ORIENTED_EDGE('',*,*,#4786,.T.);
#2881=ORIENTED_EDGE('',*,*,#4792,.T.);
#2882=ORIENTED_EDGE('',*,*,#4793,.F.);
#2883=ORIENTED_EDGE('',*,*,#4794,.F.);
#2884=ORIENTED_EDGE('',*,*,#4790,.T.);
#2885=ORIENTED_EDGE('',*,*,#4782,.F.);
#2886=ORIENTED_EDGE('',*,*,#4795,.T.);
#2887=ORIENTED_EDGE('',*,*,#4784,.T.);
#2888=ORIENTED_EDGE('',*,*,#4796,.F.);
#2889=ORIENTED_EDGE('',*,*,#4778,.F.);
#2890=ORIENTED_EDGE('',*,*,#4797,.T.);
#2891=ORIENTED_EDGE('',*,*,#4780,.T.);
#2892=ORIENTED_EDGE('',*,*,#4798,.F.);
#2893=ORIENTED_EDGE('',*,*,#4799,.T.);
#2894=ORIENTED_EDGE('',*,*,#4788,.F.);
#2895=ORIENTED_EDGE('',*,*,#4800,.F.);
#2896=ORIENTED_EDGE('',*,*,#4793,.T.);
#2897=ORIENTED_EDGE('',*,*,#4774,.F.);
#2898=ORIENTED_EDGE('',*,*,#4801,.T.);
#2899=ORIENTED_EDGE('',*,*,#4776,.T.);
#2900=ORIENTED_EDGE('',*,*,#4802,.F.);
#2901=ORIENTED_EDGE('',*,*,#4787,.F.);
#2902=ORIENTED_EDGE('',*,*,#4791,.F.);
#2903=ORIENTED_EDGE('',*,*,#4794,.T.);
#2904=ORIENTED_EDGE('',*,*,#4800,.T.);
#2905=ORIENTED_EDGE('',*,*,#4777,.F.);
#2906=ORIENTED_EDGE('',*,*,#4797,.F.);
#2907=ORIENTED_EDGE('',*,*,#4781,.F.);
#2908=ORIENTED_EDGE('',*,*,#4795,.F.);
#2909=ORIENTED_EDGE('',*,*,#4773,.F.);
#2910=ORIENTED_EDGE('',*,*,#4801,.F.);
#2911=ORIENTED_EDGE('',*,*,#4785,.T.);
#2912=ORIENTED_EDGE('',*,*,#4799,.F.);
#2913=ORIENTED_EDGE('',*,*,#4792,.F.);
#2914=ORIENTED_EDGE('',*,*,#4789,.T.);
#2915=ORIENTED_EDGE('',*,*,#4779,.T.);
#2916=ORIENTED_EDGE('',*,*,#4798,.T.);
#2917=ORIENTED_EDGE('',*,*,#4783,.T.);
#2918=ORIENTED_EDGE('',*,*,#4796,.T.);
#2919=ORIENTED_EDGE('',*,*,#4775,.T.);
#2920=ORIENTED_EDGE('',*,*,#4802,.T.);
#2921=ORIENTED_EDGE('',*,*,#4803,.T.);
#2922=ORIENTED_EDGE('',*,*,#4804,.T.);
#2923=ORIENTED_EDGE('',*,*,#4805,.T.);
#2924=ORIENTED_EDGE('',*,*,#4806,.F.);
#2925=ORIENTED_EDGE('',*,*,#4807,.T.);
#2926=ORIENTED_EDGE('',*,*,#4808,.T.);
#2927=ORIENTED_EDGE('',*,*,#4809,.T.);
#2928=ORIENTED_EDGE('',*,*,#4810,.F.);
#2929=ORIENTED_EDGE('',*,*,#4811,.T.);
#2930=ORIENTED_EDGE('',*,*,#4812,.T.);
#2931=ORIENTED_EDGE('',*,*,#4813,.T.);
#2932=ORIENTED_EDGE('',*,*,#4814,.F.);
#2933=ORIENTED_EDGE('',*,*,#4815,.T.);
#2934=ORIENTED_EDGE('',*,*,#4816,.T.);
#2935=ORIENTED_EDGE('',*,*,#4817,.T.);
#2936=ORIENTED_EDGE('',*,*,#4818,.F.);
#2937=ORIENTED_EDGE('',*,*,#4819,.T.);
#2938=ORIENTED_EDGE('',*,*,#4820,.T.);
#2939=ORIENTED_EDGE('',*,*,#4821,.F.);
#2940=ORIENTED_EDGE('',*,*,#4822,.F.);
#2941=ORIENTED_EDGE('',*,*,#4823,.T.);
#2942=ORIENTED_EDGE('',*,*,#4824,.T.);
#2943=ORIENTED_EDGE('',*,*,#4825,.F.);
#2944=ORIENTED_EDGE('',*,*,#4826,.F.);
#2945=ORIENTED_EDGE('',*,*,#4827,.T.);
#2946=ORIENTED_EDGE('',*,*,#4828,.T.);
#2947=ORIENTED_EDGE('',*,*,#4829,.F.);
#2948=ORIENTED_EDGE('',*,*,#4830,.F.);
#2949=ORIENTED_EDGE('',*,*,#4831,.T.);
#2950=ORIENTED_EDGE('',*,*,#4832,.T.);
#2951=ORIENTED_EDGE('',*,*,#4833,.F.);
#2952=ORIENTED_EDGE('',*,*,#4834,.F.);
#2953=ORIENTED_EDGE('',*,*,#4835,.T.);
#2954=ORIENTED_EDGE('',*,*,#4836,.T.);
#2955=ORIENTED_EDGE('',*,*,#4837,.F.);
#2956=ORIENTED_EDGE('',*,*,#4838,.F.);
#2957=ORIENTED_EDGE('',*,*,#4839,.T.);
#2958=ORIENTED_EDGE('',*,*,#4840,.T.);
#2959=ORIENTED_EDGE('',*,*,#4841,.F.);
#2960=ORIENTED_EDGE('',*,*,#4842,.F.);
#2961=ORIENTED_EDGE('',*,*,#4843,.T.);
#2962=ORIENTED_EDGE('',*,*,#4844,.T.);
#2963=ORIENTED_EDGE('',*,*,#4845,.F.);
#2964=ORIENTED_EDGE('',*,*,#4846,.T.);
#2965=ORIENTED_EDGE('',*,*,#4847,.T.);
#2966=ORIENTED_EDGE('',*,*,#4848,.T.);
#2967=ORIENTED_EDGE('',*,*,#4849,.F.);
#2968=ORIENTED_EDGE('',*,*,#4850,.F.);
#2969=ORIENTED_EDGE('',*,*,#4851,.F.);
#2970=ORIENTED_EDGE('',*,*,#4852,.T.);
#2971=ORIENTED_EDGE('',*,*,#4853,.F.);
#2972=ORIENTED_EDGE('',*,*,#4854,.F.);
#2973=ORIENTED_EDGE('',*,*,#4855,.F.);
#2974=ORIENTED_EDGE('',*,*,#4856,.T.);
#2975=ORIENTED_EDGE('',*,*,#4857,.F.);
#2976=ORIENTED_EDGE('',*,*,#4858,.F.);
#2977=ORIENTED_EDGE('',*,*,#4859,.T.);
#2978=ORIENTED_EDGE('',*,*,#4860,.T.);
#2979=ORIENTED_EDGE('',*,*,#4861,.T.);
#2980=ORIENTED_EDGE('',*,*,#4862,.F.);
#2981=ORIENTED_EDGE('',*,*,#4863,.T.);
#2982=ORIENTED_EDGE('',*,*,#4864,.T.);
#2983=ORIENTED_EDGE('',*,*,#4865,.T.);
#2984=ORIENTED_EDGE('',*,*,#4866,.F.);
#2985=ORIENTED_EDGE('',*,*,#4867,.F.);
#2986=ORIENTED_EDGE('',*,*,#4868,.F.);
#2987=ORIENTED_EDGE('',*,*,#4869,.T.);
#2988=ORIENTED_EDGE('',*,*,#4870,.F.);
#2989=ORIENTED_EDGE('',*,*,#4871,.F.);
#2990=ORIENTED_EDGE('',*,*,#4872,.T.);
#2991=ORIENTED_EDGE('',*,*,#4873,.T.);
#2992=ORIENTED_EDGE('',*,*,#4874,.F.);
#2993=ORIENTED_EDGE('',*,*,#4875,.F.);
#2994=ORIENTED_EDGE('',*,*,#4876,.F.);
#2995=ORIENTED_EDGE('',*,*,#4847,.F.);
#2996=ORIENTED_EDGE('',*,*,#4877,.T.);
#2997=ORIENTED_EDGE('',*,*,#4878,.T.);
#2998=ORIENTED_EDGE('',*,*,#4872,.F.);
#2999=ORIENTED_EDGE('',*,*,#4879,.F.);
#3000=ORIENTED_EDGE('',*,*,#4880,.T.);
#3001=ORIENTED_EDGE('',*,*,#4881,.T.);
#3002=ORIENTED_EDGE('',*,*,#4882,.F.);
#3003=ORIENTED_EDGE('',*,*,#4859,.F.);
#3004=ORIENTED_EDGE('',*,*,#4883,.T.);
#3005=ORIENTED_EDGE('',*,*,#4880,.F.);
#3006=ORIENTED_EDGE('',*,*,#4884,.T.);
#3007=ORIENTED_EDGE('',*,*,#4885,.T.);
#3008=ORIENTED_EDGE('',*,*,#4886,.F.);
#3009=ORIENTED_EDGE('',*,*,#4819,.F.);
#3010=ORIENTED_EDGE('',*,*,#4887,.F.);
#3011=ORIENTED_EDGE('',*,*,#4823,.F.);
#3012=ORIENTED_EDGE('',*,*,#4888,.F.);
#3013=ORIENTED_EDGE('',*,*,#4827,.F.);
#3014=ORIENTED_EDGE('',*,*,#4889,.F.);
#3015=ORIENTED_EDGE('',*,*,#4831,.F.);
#3016=ORIENTED_EDGE('',*,*,#4890,.F.);
#3017=ORIENTED_EDGE('',*,*,#4835,.F.);
#3018=ORIENTED_EDGE('',*,*,#4891,.F.);
#3019=ORIENTED_EDGE('',*,*,#4839,.F.);
#3020=ORIENTED_EDGE('',*,*,#4892,.F.);
#3021=ORIENTED_EDGE('',*,*,#4893,.F.);
#3022=ORIENTED_EDGE('',*,*,#4861,.F.);
#3023=ORIENTED_EDGE('',*,*,#4894,.T.);
#3024=ORIENTED_EDGE('',*,*,#4895,.T.);
#3025=ORIENTED_EDGE('',*,*,#4896,.F.);
#3026=ORIENTED_EDGE('',*,*,#4897,.F.);
#3027=ORIENTED_EDGE('',*,*,#4898,.F.);
#3028=ORIENTED_EDGE('',*,*,#4846,.F.);
#3029=ORIENTED_EDGE('',*,*,#4899,.F.);
#3030=ORIENTED_EDGE('',*,*,#4900,.F.);
#3031=ORIENTED_EDGE('',*,*,#4885,.F.);
#3032=ORIENTED_EDGE('',*,*,#4901,.F.);
#3033=ORIENTED_EDGE('',*,*,#4902,.F.);
#3034=ORIENTED_EDGE('',*,*,#4903,.F.);
#3035=ORIENTED_EDGE('',*,*,#4904,.T.);
#3036=ORIENTED_EDGE('',*,*,#4905,.F.);
#3037=ORIENTED_EDGE('',*,*,#4906,.T.);
#3038=ORIENTED_EDGE('',*,*,#4870,.T.);
#3039=ORIENTED_EDGE('',*,*,#4907,.F.);
#3040=ORIENTED_EDGE('',*,*,#4895,.F.);
#3041=ORIENTED_EDGE('',*,*,#4908,.F.);
#3042=ORIENTED_EDGE('',*,*,#4881,.F.);
#3043=ORIENTED_EDGE('',*,*,#4886,.T.);
#3044=ORIENTED_EDGE('',*,*,#4904,.F.);
#3045=ORIENTED_EDGE('',*,*,#4909,.T.);
#3046=ORIENTED_EDGE('',*,*,#4910,.T.);
#3047=ORIENTED_EDGE('',*,*,#4911,.F.);
#3048=ORIENTED_EDGE('',*,*,#4912,.T.);
#3049=ORIENTED_EDGE('',*,*,#4913,.F.);
#3050=ORIENTED_EDGE('',*,*,#4914,.F.);
#3051=ORIENTED_EDGE('',*,*,#4873,.F.);
#3052=ORIENTED_EDGE('',*,*,#4878,.F.);
#3053=ORIENTED_EDGE('',*,*,#4915,.T.);
#3054=ORIENTED_EDGE('',*,*,#4916,.T.);
#3055=ORIENTED_EDGE('',*,*,#4917,.T.);
#3056=ORIENTED_EDGE('',*,*,#4918,.F.);
#3057=ORIENTED_EDGE('',*,*,#4865,.F.);
#3058=ORIENTED_EDGE('',*,*,#4919,.F.);
#3059=ORIENTED_EDGE('',*,*,#4920,.T.);
#3060=ORIENTED_EDGE('',*,*,#4921,.F.);
#3061=ORIENTED_EDGE('',*,*,#4910,.F.);
#3062=ORIENTED_EDGE('',*,*,#4922,.T.);
#3063=ORIENTED_EDGE('',*,*,#4923,.T.);
#3064=ORIENTED_EDGE('',*,*,#4924,.T.);
#3065=ORIENTED_EDGE('',*,*,#4925,.T.);
#3066=ORIENTED_EDGE('',*,*,#4926,.T.);
#3067=ORIENTED_EDGE('',*,*,#4927,.F.);
#3068=ORIENTED_EDGE('',*,*,#4928,.T.);
#3069=ORIENTED_EDGE('',*,*,#4929,.T.);
#3070=ORIENTED_EDGE('',*,*,#4930,.F.);
#3071=ORIENTED_EDGE('',*,*,#4931,.F.);
#3072=ORIENTED_EDGE('',*,*,#4896,.T.);
#3073=ORIENTED_EDGE('',*,*,#4932,.T.);
#3074=ORIENTED_EDGE('',*,*,#4933,.F.);
#3075=ORIENTED_EDGE('',*,*,#4932,.F.);
#3076=ORIENTED_EDGE('',*,*,#4900,.T.);
#3077=ORIENTED_EDGE('',*,*,#4934,.T.);
#3078=ORIENTED_EDGE('',*,*,#4935,.F.);
#3079=ORIENTED_EDGE('',*,*,#4934,.F.);
#3080=ORIENTED_EDGE('',*,*,#4899,.T.);
#3081=ORIENTED_EDGE('',*,*,#4845,.T.);
#3082=ORIENTED_EDGE('',*,*,#4936,.F.);
#3083=ORIENTED_EDGE('',*,*,#4843,.F.);
#3084=ORIENTED_EDGE('',*,*,#4898,.T.);
#3085=ORIENTED_EDGE('',*,*,#4937,.T.);
#3086=ORIENTED_EDGE('',*,*,#4938,.F.);
#3087=ORIENTED_EDGE('',*,*,#4939,.F.);
#3088=ORIENTED_EDGE('',*,*,#4940,.T.);
#3089=ORIENTED_EDGE('',*,*,#4941,.T.);
#3090=ORIENTED_EDGE('',*,*,#4942,.T.);
#3091=ORIENTED_EDGE('',*,*,#4943,.T.);
#3092=ORIENTED_EDGE('',*,*,#4941,.F.);
#3093=ORIENTED_EDGE('',*,*,#4944,.F.);
#3094=ORIENTED_EDGE('',*,*,#4945,.T.);
#3095=ORIENTED_EDGE('',*,*,#4946,.T.);
#3096=ORIENTED_EDGE('',*,*,#4942,.F.);
#3097=ORIENTED_EDGE('',*,*,#4947,.F.);
#3098=ORIENTED_EDGE('',*,*,#4948,.T.);
#3099=ORIENTED_EDGE('',*,*,#4949,.T.);
#3100=ORIENTED_EDGE('',*,*,#4945,.F.);
#3101=ORIENTED_EDGE('',*,*,#4950,.F.);
#3102=ORIENTED_EDGE('',*,*,#4951,.T.);
#3103=ORIENTED_EDGE('',*,*,#4952,.T.);
#3104=ORIENTED_EDGE('',*,*,#4948,.F.);
#3105=ORIENTED_EDGE('',*,*,#4953,.F.);
#3106=ORIENTED_EDGE('',*,*,#4954,.F.);
#3107=ORIENTED_EDGE('',*,*,#4868,.T.);
#3108=ORIENTED_EDGE('',*,*,#4955,.F.);
#3109=ORIENTED_EDGE('',*,*,#4875,.T.);
#3110=ORIENTED_EDGE('',*,*,#4871,.T.);
#3111=ORIENTED_EDGE('',*,*,#4956,.T.);
#3112=ORIENTED_EDGE('',*,*,#4957,.T.);
#3113=ORIENTED_EDGE('',*,*,#4958,.F.);
#3114=ORIENTED_EDGE('',*,*,#4959,.F.);
#3115=ORIENTED_EDGE('',*,*,#4852,.F.);
#3116=ORIENTED_EDGE('',*,*,#4960,.T.);
#3117=ORIENTED_EDGE('',*,*,#4961,.F.);
#3118=ORIENTED_EDGE('',*,*,#4957,.F.);
#3119=ORIENTED_EDGE('',*,*,#4962,.T.);
#3120=ORIENTED_EDGE('',*,*,#4913,.T.);
#3121=ORIENTED_EDGE('',*,*,#4963,.F.);
#3122=ORIENTED_EDGE('',*,*,#4960,.F.);
#3123=ORIENTED_EDGE('',*,*,#4964,.T.);
#3124=ORIENTED_EDGE('',*,*,#4922,.F.);
#3125=ORIENTED_EDGE('',*,*,#4909,.F.);
#3126=ORIENTED_EDGE('',*,*,#4903,.T.);
#3127=ORIENTED_EDGE('',*,*,#4965,.T.);
#3128=ORIENTED_EDGE('',*,*,#4923,.F.);
#3129=ORIENTED_EDGE('',*,*,#4965,.F.);
#3130=ORIENTED_EDGE('',*,*,#4902,.T.);
#3131=ORIENTED_EDGE('',*,*,#4966,.T.);
#3132=ORIENTED_EDGE('',*,*,#4863,.F.);
#3133=ORIENTED_EDGE('',*,*,#4967,.F.);
#3134=ORIENTED_EDGE('',*,*,#4854,.T.);
#3135=ORIENTED_EDGE('',*,*,#4968,.F.);
#3136=ORIENTED_EDGE('',*,*,#4969,.T.);
#3137=ORIENTED_EDGE('',*,*,#4966,.F.);
#3138=ORIENTED_EDGE('',*,*,#4901,.T.);
#3139=ORIENTED_EDGE('',*,*,#4884,.F.);
#3140=ORIENTED_EDGE('',*,*,#4879,.T.);
#3141=ORIENTED_EDGE('',*,*,#4970,.T.);
#3142=ORIENTED_EDGE('',*,*,#4840,.F.);
#3143=ORIENTED_EDGE('',*,*,#4892,.T.);
#3144=ORIENTED_EDGE('',*,*,#4842,.T.);
#3145=ORIENTED_EDGE('',*,*,#4971,.F.);
#3146=ORIENTED_EDGE('',*,*,#4836,.F.);
#3147=ORIENTED_EDGE('',*,*,#4891,.T.);
#3148=ORIENTED_EDGE('',*,*,#4838,.T.);
#3149=ORIENTED_EDGE('',*,*,#4972,.F.);
#3150=ORIENTED_EDGE('',*,*,#4832,.F.);
#3151=ORIENTED_EDGE('',*,*,#4890,.T.);
#3152=ORIENTED_EDGE('',*,*,#4834,.T.);
#3153=ORIENTED_EDGE('',*,*,#4973,.F.);
#3154=ORIENTED_EDGE('',*,*,#4828,.F.);
#3155=ORIENTED_EDGE('',*,*,#4889,.T.);
#3156=ORIENTED_EDGE('',*,*,#4830,.T.);
#3157=ORIENTED_EDGE('',*,*,#4974,.F.);
#3158=ORIENTED_EDGE('',*,*,#4824,.F.);
#3159=ORIENTED_EDGE('',*,*,#4888,.T.);
#3160=ORIENTED_EDGE('',*,*,#4826,.T.);
#3161=ORIENTED_EDGE('',*,*,#4975,.F.);
#3162=ORIENTED_EDGE('',*,*,#4820,.F.);
#3163=ORIENTED_EDGE('',*,*,#4887,.T.);
#3164=ORIENTED_EDGE('',*,*,#4822,.T.);
#3165=ORIENTED_EDGE('',*,*,#4976,.F.);
#3166=ORIENTED_EDGE('',*,*,#4939,.T.);
#3167=ORIENTED_EDGE('',*,*,#4977,.T.);
#3168=ORIENTED_EDGE('',*,*,#4951,.F.);
#3169=ORIENTED_EDGE('',*,*,#4978,.F.);
#3170=ORIENTED_EDGE('',*,*,#4979,.F.);
#3171=ORIENTED_EDGE('',*,*,#4937,.F.);
#3172=ORIENTED_EDGE('',*,*,#4897,.T.);
#3173=ORIENTED_EDGE('',*,*,#4931,.T.);
#3174=ORIENTED_EDGE('',*,*,#4956,.F.);
#3175=ORIENTED_EDGE('',*,*,#4874,.T.);
#3176=ORIENTED_EDGE('',*,*,#4914,.T.);
#3177=ORIENTED_EDGE('',*,*,#4964,.F.);
#3178=ORIENTED_EDGE('',*,*,#4962,.F.);
#3179=ORIENTED_EDGE('',*,*,#4940,.F.);
#3180=ORIENTED_EDGE('',*,*,#4978,.T.);
#3181=ORIENTED_EDGE('',*,*,#4953,.T.);
#3182=ORIENTED_EDGE('',*,*,#4950,.T.);
#3183=ORIENTED_EDGE('',*,*,#4947,.T.);
#3184=ORIENTED_EDGE('',*,*,#4944,.T.);
#3185=ORIENTED_EDGE('',*,*,#4921,.T.);
#3186=ORIENTED_EDGE('',*,*,#4980,.F.);
#3187=ORIENTED_EDGE('',*,*,#4981,.F.);
#3188=ORIENTED_EDGE('',*,*,#4911,.T.);
#3189=ORIENTED_EDGE('',*,*,#4961,.T.);
#3190=ORIENTED_EDGE('',*,*,#4963,.T.);
#3191=ORIENTED_EDGE('',*,*,#4912,.F.);
#3192=ORIENTED_EDGE('',*,*,#4981,.T.);
#3193=ORIENTED_EDGE('',*,*,#4982,.T.);
#3194=ORIENTED_EDGE('',*,*,#4983,.T.);
#3195=ORIENTED_EDGE('',*,*,#4984,.F.);
#3196=ORIENTED_EDGE('',*,*,#4985,.F.);
#3197=ORIENTED_EDGE('',*,*,#4986,.F.);
#3198=ORIENTED_EDGE('',*,*,#4987,.F.);
#3199=ORIENTED_EDGE('',*,*,#4988,.T.);
#3200=ORIENTED_EDGE('',*,*,#4989,.F.);
#3201=ORIENTED_EDGE('',*,*,#4982,.F.);
#3202=ORIENTED_EDGE('',*,*,#4980,.T.);
#3203=ORIENTED_EDGE('',*,*,#4920,.F.);
#3204=ORIENTED_EDGE('',*,*,#4990,.F.);
#3205=ORIENTED_EDGE('',*,*,#4991,.T.);
#3206=ORIENTED_EDGE('',*,*,#4992,.T.);
#3207=ORIENTED_EDGE('',*,*,#4993,.F.);
#3208=ORIENTED_EDGE('',*,*,#4990,.T.);
#3209=ORIENTED_EDGE('',*,*,#4919,.T.);
#3210=ORIENTED_EDGE('',*,*,#4969,.F.);
#3211=ORIENTED_EDGE('',*,*,#4958,.T.);
#3212=ORIENTED_EDGE('',*,*,#4983,.F.);
#3213=ORIENTED_EDGE('',*,*,#4992,.F.);
#3214=ORIENTED_EDGE('',*,*,#4994,.T.);
#3215=ORIENTED_EDGE('',*,*,#4803,.F.);
#3216=ORIENTED_EDGE('',*,*,#4995,.F.);
#3217=ORIENTED_EDGE('',*,*,#4996,.F.);
#3218=ORIENTED_EDGE('',*,*,#4997,.F.);
#3219=ORIENTED_EDGE('',*,*,#4807,.F.);
#3220=ORIENTED_EDGE('',*,*,#4998,.F.);
#3221=ORIENTED_EDGE('',*,*,#4999,.F.);
#3222=ORIENTED_EDGE('',*,*,#5000,.F.);
#3223=ORIENTED_EDGE('',*,*,#4811,.F.);
#3224=ORIENTED_EDGE('',*,*,#5001,.F.);
#3225=ORIENTED_EDGE('',*,*,#4815,.F.);
#3226=ORIENTED_EDGE('',*,*,#5002,.F.);
#3227=ORIENTED_EDGE('',*,*,#4991,.F.);
#3228=ORIENTED_EDGE('',*,*,#4993,.T.);
#3229=ORIENTED_EDGE('',*,*,#4968,.T.);
#3230=ORIENTED_EDGE('',*,*,#4853,.T.);
#3231=ORIENTED_EDGE('',*,*,#4959,.T.);
#3232=ORIENTED_EDGE('',*,*,#4994,.F.);
#3233=ORIENTED_EDGE('',*,*,#4967,.T.);
#3234=ORIENTED_EDGE('',*,*,#4866,.T.);
#3235=ORIENTED_EDGE('',*,*,#4918,.T.);
#3236=ORIENTED_EDGE('',*,*,#5003,.F.);
#3237=ORIENTED_EDGE('',*,*,#4855,.T.);
#3238=ORIENTED_EDGE('',*,*,#5003,.T.);
#3239=ORIENTED_EDGE('',*,*,#4917,.F.);
#3240=ORIENTED_EDGE('',*,*,#5004,.F.);
#3241=ORIENTED_EDGE('',*,*,#4856,.F.);
#3242=ORIENTED_EDGE('',*,*,#4850,.T.);
#3243=ORIENTED_EDGE('',*,*,#5005,.T.);
#3244=ORIENTED_EDGE('',*,*,#4905,.T.);
#3245=ORIENTED_EDGE('',*,*,#5006,.F.);
#3246=ORIENTED_EDGE('',*,*,#4954,.T.);
#3247=ORIENTED_EDGE('',*,*,#4851,.T.);
#3248=ORIENTED_EDGE('',*,*,#5006,.T.);
#3249=ORIENTED_EDGE('',*,*,#4907,.T.);
#3250=ORIENTED_EDGE('',*,*,#4869,.F.);
#3251=ORIENTED_EDGE('',*,*,#5005,.F.);
#3252=ORIENTED_EDGE('',*,*,#4849,.T.);
#3253=ORIENTED_EDGE('',*,*,#5007,.T.);
#3254=ORIENTED_EDGE('',*,*,#4867,.T.);
#3255=ORIENTED_EDGE('',*,*,#4906,.F.);
#3256=ORIENTED_EDGE('',*,*,#4877,.F.);
#3257=ORIENTED_EDGE('',*,*,#4862,.T.);
#3258=ORIENTED_EDGE('',*,*,#4893,.T.);
#3259=ORIENTED_EDGE('',*,*,#4915,.F.);
#3260=ORIENTED_EDGE('',*,*,#5008,.F.);
#3261=ORIENTED_EDGE('',*,*,#4857,.T.);
#3262=ORIENTED_EDGE('',*,*,#5004,.T.);
#3263=ORIENTED_EDGE('',*,*,#4916,.F.);
#3264=ORIENTED_EDGE('',*,*,#4864,.F.);
#3265=ORIENTED_EDGE('',*,*,#4860,.F.);
#3266=ORIENTED_EDGE('',*,*,#4882,.T.);
#3267=ORIENTED_EDGE('',*,*,#4908,.T.);
#3268=ORIENTED_EDGE('',*,*,#4894,.F.);
#3269=ORIENTED_EDGE('',*,*,#5008,.T.);
#3270=ORIENTED_EDGE('',*,*,#4970,.F.);
#3271=ORIENTED_EDGE('',*,*,#4883,.F.);
#3272=ORIENTED_EDGE('',*,*,#4858,.T.);
#3273=ORIENTED_EDGE('',*,*,#4848,.F.);
#3274=ORIENTED_EDGE('',*,*,#4876,.T.);
#3275=ORIENTED_EDGE('',*,*,#4955,.T.);
#3276=ORIENTED_EDGE('',*,*,#5007,.F.);
#3277=ORIENTED_EDGE('',*,*,#4924,.F.);
#3278=ORIENTED_EDGE('',*,*,#5009,.F.);
#3279=ORIENTED_EDGE('',*,*,#5010,.T.);
#3280=ORIENTED_EDGE('',*,*,#5011,.T.);
#3281=ORIENTED_EDGE('',*,*,#4925,.F.);
#3282=ORIENTED_EDGE('',*,*,#5011,.F.);
#3283=ORIENTED_EDGE('',*,*,#5012,.T.);
#3284=ORIENTED_EDGE('',*,*,#5013,.T.);
#3285=ORIENTED_EDGE('',*,*,#5014,.T.);
#3286=ORIENTED_EDGE('',*,*,#4926,.F.);
#3287=ORIENTED_EDGE('',*,*,#4927,.T.);
#3288=ORIENTED_EDGE('',*,*,#5014,.F.);
#3289=ORIENTED_EDGE('',*,*,#5015,.F.);
#3290=ORIENTED_EDGE('',*,*,#5016,.T.);
#3291=ORIENTED_EDGE('',*,*,#4928,.F.);
#3292=ORIENTED_EDGE('',*,*,#5016,.F.);
#3293=ORIENTED_EDGE('',*,*,#5017,.T.);
#3294=ORIENTED_EDGE('',*,*,#5018,.T.);
#3295=ORIENTED_EDGE('',*,*,#5009,.T.);
#3296=ORIENTED_EDGE('',*,*,#4929,.F.);
#3297=ORIENTED_EDGE('',*,*,#5010,.F.);
#3298=ORIENTED_EDGE('',*,*,#5018,.F.);
#3299=ORIENTED_EDGE('',*,*,#5017,.F.);
#3300=ORIENTED_EDGE('',*,*,#5015,.T.);
#3301=ORIENTED_EDGE('',*,*,#5013,.F.);
#3302=ORIENTED_EDGE('',*,*,#5012,.F.);
#3303=ORIENTED_EDGE('',*,*,#4936,.T.);
#3304=ORIENTED_EDGE('',*,*,#4979,.T.);
#3305=ORIENTED_EDGE('',*,*,#4930,.T.);
#3306=ORIENTED_EDGE('',*,*,#4933,.T.);
#3307=ORIENTED_EDGE('',*,*,#4935,.T.);
#3308=ORIENTED_EDGE('',*,*,#4844,.F.);
#3309=ORIENTED_EDGE('',*,*,#4984,.T.);
#3310=ORIENTED_EDGE('',*,*,#4989,.T.);
#3311=ORIENTED_EDGE('',*,*,#5019,.F.);
#3312=ORIENTED_EDGE('',*,*,#5020,.F.);
#3313=ORIENTED_EDGE('',*,*,#5021,.F.);
#3314=ORIENTED_EDGE('',*,*,#5022,.T.);
#3315=ORIENTED_EDGE('',*,*,#4985,.T.);
#3316=ORIENTED_EDGE('',*,*,#5022,.F.);
#3317=ORIENTED_EDGE('',*,*,#5023,.F.);
#3318=ORIENTED_EDGE('',*,*,#5024,.T.);
#3319=ORIENTED_EDGE('',*,*,#4987,.T.);
#3320=ORIENTED_EDGE('',*,*,#4986,.T.);
#3321=ORIENTED_EDGE('',*,*,#5024,.F.);
#3322=ORIENTED_EDGE('',*,*,#5025,.F.);
#3323=ORIENTED_EDGE('',*,*,#5026,.F.);
#3324=ORIENTED_EDGE('',*,*,#5027,.T.);
#3325=ORIENTED_EDGE('',*,*,#4988,.F.);
#3326=ORIENTED_EDGE('',*,*,#5027,.F.);
#3327=ORIENTED_EDGE('',*,*,#5028,.T.);
#3328=ORIENTED_EDGE('',*,*,#5019,.T.);
#3329=ORIENTED_EDGE('',*,*,#4938,.T.);
#3330=ORIENTED_EDGE('',*,*,#4943,.F.);
#3331=ORIENTED_EDGE('',*,*,#4946,.F.);
#3332=ORIENTED_EDGE('',*,*,#4949,.F.);
#3333=ORIENTED_EDGE('',*,*,#4952,.F.);
#3334=ORIENTED_EDGE('',*,*,#4977,.F.);
#3335=ORIENTED_EDGE('',*,*,#5021,.T.);
#3336=ORIENTED_EDGE('',*,*,#5020,.T.);
#3337=ORIENTED_EDGE('',*,*,#5028,.F.);
#3338=ORIENTED_EDGE('',*,*,#5026,.T.);
#3339=ORIENTED_EDGE('',*,*,#5025,.T.);
#3340=ORIENTED_EDGE('',*,*,#5023,.T.);
#3341=ORIENTED_EDGE('',*,*,#4816,.F.);
#3342=ORIENTED_EDGE('',*,*,#5002,.T.);
#3343=ORIENTED_EDGE('',*,*,#4818,.T.);
#3344=ORIENTED_EDGE('',*,*,#5029,.T.);
#3345=ORIENTED_EDGE('',*,*,#4833,.T.);
#3346=ORIENTED_EDGE('',*,*,#4973,.T.);
#3347=ORIENTED_EDGE('',*,*,#5029,.F.);
#3348=ORIENTED_EDGE('',*,*,#4817,.F.);
#3349=ORIENTED_EDGE('',*,*,#4999,.T.);
#3350=ORIENTED_EDGE('',*,*,#5001,.T.);
#3351=ORIENTED_EDGE('',*,*,#4814,.T.);
#3352=ORIENTED_EDGE('',*,*,#5030,.T.);
#3353=ORIENTED_EDGE('',*,*,#5031,.F.);
#3354=ORIENTED_EDGE('',*,*,#4812,.F.);
#3355=ORIENTED_EDGE('',*,*,#5000,.T.);
#3356=ORIENTED_EDGE('',*,*,#5031,.T.);
#3357=ORIENTED_EDGE('',*,*,#5032,.T.);
#3358=ORIENTED_EDGE('',*,*,#4841,.T.);
#3359=ORIENTED_EDGE('',*,*,#4971,.T.);
#3360=ORIENTED_EDGE('',*,*,#4829,.T.);
#3361=ORIENTED_EDGE('',*,*,#4974,.T.);
#3362=ORIENTED_EDGE('',*,*,#5030,.F.);
#3363=ORIENTED_EDGE('',*,*,#4813,.F.);
#3364=ORIENTED_EDGE('',*,*,#5032,.F.);
#3365=ORIENTED_EDGE('',*,*,#4996,.T.);
#3366=ORIENTED_EDGE('',*,*,#4998,.T.);
#3367=ORIENTED_EDGE('',*,*,#4810,.T.);
#3368=ORIENTED_EDGE('',*,*,#5033,.T.);
#3369=ORIENTED_EDGE('',*,*,#5034,.F.);
#3370=ORIENTED_EDGE('',*,*,#4808,.F.);
#3371=ORIENTED_EDGE('',*,*,#4997,.T.);
#3372=ORIENTED_EDGE('',*,*,#5034,.T.);
#3373=ORIENTED_EDGE('',*,*,#5035,.T.);
#3374=ORIENTED_EDGE('',*,*,#4825,.T.);
#3375=ORIENTED_EDGE('',*,*,#4975,.T.);
#3376=ORIENTED_EDGE('',*,*,#4821,.T.);
#3377=ORIENTED_EDGE('',*,*,#4976,.T.);
#3378=ORIENTED_EDGE('',*,*,#5033,.F.);
#3379=ORIENTED_EDGE('',*,*,#4809,.F.);
#3380=ORIENTED_EDGE('',*,*,#5035,.F.);
#3381=ORIENTED_EDGE('',*,*,#4804,.F.);
#3382=ORIENTED_EDGE('',*,*,#4995,.T.);
#3383=ORIENTED_EDGE('',*,*,#4806,.T.);
#3384=ORIENTED_EDGE('',*,*,#5036,.T.);
#3385=ORIENTED_EDGE('',*,*,#4837,.T.);
#3386=ORIENTED_EDGE('',*,*,#4972,.T.);
#3387=ORIENTED_EDGE('',*,*,#5036,.F.);
#3388=ORIENTED_EDGE('',*,*,#4805,.F.);
#3389=ORIENTED_EDGE('',*,*,#5037,.F.);
#3390=ORIENTED_EDGE('',*,*,#5038,.T.);
#3391=ORIENTED_EDGE('',*,*,#5039,.T.);
#3392=ORIENTED_EDGE('',*,*,#5040,.F.);
#3393=ORIENTED_EDGE('',*,*,#5041,.T.);
#3394=ORIENTED_EDGE('',*,*,#5042,.F.);
#3395=ORIENTED_EDGE('',*,*,#5043,.F.);
#3396=ORIENTED_EDGE('',*,*,#5044,.T.);
#3397=ORIENTED_EDGE('',*,*,#5045,.F.);
#3398=ORIENTED_EDGE('',*,*,#5044,.F.);
#3399=ORIENTED_EDGE('',*,*,#5046,.T.);
#3400=ORIENTED_EDGE('',*,*,#5047,.T.);
#3401=ORIENTED_EDGE('',*,*,#5048,.T.);
#3402=ORIENTED_EDGE('',*,*,#5049,.F.);
#3403=ORIENTED_EDGE('',*,*,#5050,.T.);
#3404=ORIENTED_EDGE('',*,*,#5048,.F.);
#3405=ORIENTED_EDGE('',*,*,#5051,.F.);
#3406=ORIENTED_EDGE('',*,*,#5052,.T.);
#3407=ORIENTED_EDGE('',*,*,#5053,.T.);
#3408=ORIENTED_EDGE('',*,*,#5052,.F.);
#3409=ORIENTED_EDGE('',*,*,#5054,.F.);
#3410=ORIENTED_EDGE('',*,*,#5055,.T.);
#3411=ORIENTED_EDGE('',*,*,#5056,.F.);
#3412=ORIENTED_EDGE('',*,*,#5055,.F.);
#3413=ORIENTED_EDGE('',*,*,#5057,.T.);
#3414=ORIENTED_EDGE('',*,*,#5058,.T.);
#3415=ORIENTED_EDGE('',*,*,#5059,.T.);
#3416=ORIENTED_EDGE('',*,*,#5058,.F.);
#3417=ORIENTED_EDGE('',*,*,#5060,.F.);
#3418=ORIENTED_EDGE('',*,*,#5061,.T.);
#3419=ORIENTED_EDGE('',*,*,#5062,.T.);
#3420=ORIENTED_EDGE('',*,*,#5061,.F.);
#3421=ORIENTED_EDGE('',*,*,#5063,.F.);
#3422=ORIENTED_EDGE('',*,*,#5064,.T.);
#3423=ORIENTED_EDGE('',*,*,#5065,.T.);
#3424=ORIENTED_EDGE('',*,*,#5066,.T.);
#3425=ORIENTED_EDGE('',*,*,#5064,.F.);
#3426=ORIENTED_EDGE('',*,*,#5067,.F.);
#3427=ORIENTED_EDGE('',*,*,#5068,.F.);
#3428=ORIENTED_EDGE('',*,*,#5069,.T.);
#3429=ORIENTED_EDGE('',*,*,#5070,.F.);
#3430=ORIENTED_EDGE('',*,*,#5069,.F.);
#3431=ORIENTED_EDGE('',*,*,#5071,.T.);
#3432=ORIENTED_EDGE('',*,*,#5072,.T.);
#3433=ORIENTED_EDGE('',*,*,#5073,.F.);
#3434=ORIENTED_EDGE('',*,*,#5072,.F.);
#3435=ORIENTED_EDGE('',*,*,#5074,.T.);
#3436=ORIENTED_EDGE('',*,*,#5075,.T.);
#3437=ORIENTED_EDGE('',*,*,#5076,.T.);
#3438=ORIENTED_EDGE('',*,*,#5075,.F.);
#3439=ORIENTED_EDGE('',*,*,#5077,.F.);
#3440=ORIENTED_EDGE('',*,*,#5078,.T.);
#3441=ORIENTED_EDGE('',*,*,#5079,.F.);
#3442=ORIENTED_EDGE('',*,*,#5078,.F.);
#3443=ORIENTED_EDGE('',*,*,#5080,.T.);
#3444=ORIENTED_EDGE('',*,*,#5081,.T.);
#3445=ORIENTED_EDGE('',*,*,#5082,.T.);
#3446=ORIENTED_EDGE('',*,*,#5081,.F.);
#3447=ORIENTED_EDGE('',*,*,#5083,.F.);
#3448=ORIENTED_EDGE('',*,*,#5084,.T.);
#3449=ORIENTED_EDGE('',*,*,#5085,.F.);
#3450=ORIENTED_EDGE('',*,*,#5084,.F.);
#3451=ORIENTED_EDGE('',*,*,#5086,.T.);
#3452=ORIENTED_EDGE('',*,*,#5087,.T.);
#3453=ORIENTED_EDGE('',*,*,#5088,.T.);
#3454=ORIENTED_EDGE('',*,*,#5087,.F.);
#3455=ORIENTED_EDGE('',*,*,#5089,.F.);
#3456=ORIENTED_EDGE('',*,*,#5090,.T.);
#3457=ORIENTED_EDGE('',*,*,#5091,.T.);
#3458=ORIENTED_EDGE('',*,*,#5090,.F.);
#3459=ORIENTED_EDGE('',*,*,#5092,.F.);
#3460=ORIENTED_EDGE('',*,*,#5093,.T.);
#3461=ORIENTED_EDGE('',*,*,#5094,.F.);
#3462=ORIENTED_EDGE('',*,*,#5093,.F.);
#3463=ORIENTED_EDGE('',*,*,#5095,.T.);
#3464=ORIENTED_EDGE('',*,*,#5096,.T.);
#3465=ORIENTED_EDGE('',*,*,#5097,.T.);
#3466=ORIENTED_EDGE('',*,*,#5096,.F.);
#3467=ORIENTED_EDGE('',*,*,#5098,.F.);
#3468=ORIENTED_EDGE('',*,*,#5099,.T.);
#3469=ORIENTED_EDGE('',*,*,#5100,.T.);
#3470=ORIENTED_EDGE('',*,*,#5099,.F.);
#3471=ORIENTED_EDGE('',*,*,#5101,.F.);
#3472=ORIENTED_EDGE('',*,*,#5102,.T.);
#3473=ORIENTED_EDGE('',*,*,#5103,.T.);
#3474=ORIENTED_EDGE('',*,*,#5102,.F.);
#3475=ORIENTED_EDGE('',*,*,#5104,.F.);
#3476=ORIENTED_EDGE('',*,*,#5105,.T.);
#3477=ORIENTED_EDGE('',*,*,#5106,.F.);
#3478=ORIENTED_EDGE('',*,*,#5105,.F.);
#3479=ORIENTED_EDGE('',*,*,#5107,.T.);
#3480=ORIENTED_EDGE('',*,*,#5108,.T.);
#3481=ORIENTED_EDGE('',*,*,#5109,.F.);
#3482=ORIENTED_EDGE('',*,*,#5108,.F.);
#3483=ORIENTED_EDGE('',*,*,#5110,.T.);
#3484=ORIENTED_EDGE('',*,*,#5111,.T.);
#3485=ORIENTED_EDGE('',*,*,#5112,.T.);
#3486=ORIENTED_EDGE('',*,*,#5111,.F.);
#3487=ORIENTED_EDGE('',*,*,#5113,.F.);
#3488=ORIENTED_EDGE('',*,*,#5114,.T.);
#3489=ORIENTED_EDGE('',*,*,#5115,.F.);
#3490=ORIENTED_EDGE('',*,*,#5114,.F.);
#3491=ORIENTED_EDGE('',*,*,#5116,.T.);
#3492=ORIENTED_EDGE('',*,*,#5117,.T.);
#3493=ORIENTED_EDGE('',*,*,#5118,.F.);
#3494=ORIENTED_EDGE('',*,*,#5117,.F.);
#3495=ORIENTED_EDGE('',*,*,#5119,.T.);
#3496=ORIENTED_EDGE('',*,*,#5120,.T.);
#3497=ORIENTED_EDGE('',*,*,#5121,.F.);
#3498=ORIENTED_EDGE('',*,*,#5120,.F.);
#3499=ORIENTED_EDGE('',*,*,#5122,.T.);
#3500=ORIENTED_EDGE('',*,*,#5123,.T.);
#3501=ORIENTED_EDGE('',*,*,#5124,.T.);
#3502=ORIENTED_EDGE('',*,*,#5123,.F.);
#3503=ORIENTED_EDGE('',*,*,#5125,.F.);
#3504=ORIENTED_EDGE('',*,*,#5126,.T.);
#3505=ORIENTED_EDGE('',*,*,#5127,.T.);
#3506=ORIENTED_EDGE('',*,*,#5128,.T.);
#3507=ORIENTED_EDGE('',*,*,#5126,.F.);
#3508=ORIENTED_EDGE('',*,*,#5129,.F.);
#3509=ORIENTED_EDGE('',*,*,#5130,.F.);
#3510=ORIENTED_EDGE('',*,*,#5131,.T.);
#3511=ORIENTED_EDGE('',*,*,#5132,.F.);
#3512=ORIENTED_EDGE('',*,*,#5131,.F.);
#3513=ORIENTED_EDGE('',*,*,#5133,.T.);
#3514=ORIENTED_EDGE('',*,*,#5134,.T.);
#3515=ORIENTED_EDGE('',*,*,#5135,.F.);
#3516=ORIENTED_EDGE('',*,*,#5134,.F.);
#3517=ORIENTED_EDGE('',*,*,#5136,.T.);
#3518=ORIENTED_EDGE('',*,*,#5137,.T.);
#3519=ORIENTED_EDGE('',*,*,#5138,.T.);
#3520=ORIENTED_EDGE('',*,*,#5137,.F.);
#3521=ORIENTED_EDGE('',*,*,#5139,.F.);
#3522=ORIENTED_EDGE('',*,*,#5140,.T.);
#3523=ORIENTED_EDGE('',*,*,#5141,.T.);
#3524=ORIENTED_EDGE('',*,*,#5140,.F.);
#3525=ORIENTED_EDGE('',*,*,#5142,.F.);
#3526=ORIENTED_EDGE('',*,*,#5143,.T.);
#3527=ORIENTED_EDGE('',*,*,#5144,.F.);
#3528=ORIENTED_EDGE('',*,*,#5143,.F.);
#3529=ORIENTED_EDGE('',*,*,#5145,.T.);
#3530=ORIENTED_EDGE('',*,*,#5146,.T.);
#3531=ORIENTED_EDGE('',*,*,#5147,.F.);
#3532=ORIENTED_EDGE('',*,*,#5146,.F.);
#3533=ORIENTED_EDGE('',*,*,#5148,.T.);
#3534=ORIENTED_EDGE('',*,*,#5149,.T.);
#3535=ORIENTED_EDGE('',*,*,#5150,.T.);
#3536=ORIENTED_EDGE('',*,*,#5151,.F.);
#3537=ORIENTED_EDGE('',*,*,#5152,.F.);
#3538=ORIENTED_EDGE('',*,*,#5150,.F.);
#3539=ORIENTED_EDGE('',*,*,#5153,.T.);
#3540=ORIENTED_EDGE('',*,*,#5154,.T.);
#3541=ORIENTED_EDGE('',*,*,#5155,.F.);
#3542=ORIENTED_EDGE('',*,*,#5154,.F.);
#3543=ORIENTED_EDGE('',*,*,#5156,.T.);
#3544=ORIENTED_EDGE('',*,*,#5157,.T.);
#3545=ORIENTED_EDGE('',*,*,#5158,.F.);
#3546=ORIENTED_EDGE('',*,*,#5157,.F.);
#3547=ORIENTED_EDGE('',*,*,#5159,.T.);
#3548=ORIENTED_EDGE('',*,*,#5160,.T.);
#3549=ORIENTED_EDGE('',*,*,#5161,.F.);
#3550=ORIENTED_EDGE('',*,*,#5160,.F.);
#3551=ORIENTED_EDGE('',*,*,#5162,.T.);
#3552=ORIENTED_EDGE('',*,*,#5163,.T.);
#3553=ORIENTED_EDGE('',*,*,#5164,.T.);
#3554=ORIENTED_EDGE('',*,*,#5163,.F.);
#3555=ORIENTED_EDGE('',*,*,#5165,.F.);
#3556=ORIENTED_EDGE('',*,*,#5166,.T.);
#3557=ORIENTED_EDGE('',*,*,#5167,.T.);
#3558=ORIENTED_EDGE('',*,*,#5166,.F.);
#3559=ORIENTED_EDGE('',*,*,#5168,.F.);
#3560=ORIENTED_EDGE('',*,*,#5169,.T.);
#3561=ORIENTED_EDGE('',*,*,#5170,.F.);
#3562=ORIENTED_EDGE('',*,*,#5169,.F.);
#3563=ORIENTED_EDGE('',*,*,#5171,.T.);
#3564=ORIENTED_EDGE('',*,*,#5172,.T.);
#3565=ORIENTED_EDGE('',*,*,#5173,.F.);
#3566=ORIENTED_EDGE('',*,*,#5172,.F.);
#3567=ORIENTED_EDGE('',*,*,#5174,.T.);
#3568=ORIENTED_EDGE('',*,*,#5175,.T.);
#3569=ORIENTED_EDGE('',*,*,#5176,.T.);
#3570=ORIENTED_EDGE('',*,*,#5175,.F.);
#3571=ORIENTED_EDGE('',*,*,#5177,.F.);
#3572=ORIENTED_EDGE('',*,*,#5178,.T.);
#3573=ORIENTED_EDGE('',*,*,#5179,.T.);
#3574=ORIENTED_EDGE('',*,*,#5178,.F.);
#3575=ORIENTED_EDGE('',*,*,#5180,.F.);
#3576=ORIENTED_EDGE('',*,*,#5181,.T.);
#3577=ORIENTED_EDGE('',*,*,#5182,.F.);
#3578=ORIENTED_EDGE('',*,*,#5181,.F.);
#3579=ORIENTED_EDGE('',*,*,#5183,.T.);
#3580=ORIENTED_EDGE('',*,*,#5184,.T.);
#3581=ORIENTED_EDGE('',*,*,#5185,.F.);
#3582=ORIENTED_EDGE('',*,*,#5184,.F.);
#3583=ORIENTED_EDGE('',*,*,#5186,.T.);
#3584=ORIENTED_EDGE('',*,*,#5187,.T.);
#3585=ORIENTED_EDGE('',*,*,#5188,.T.);
#3586=ORIENTED_EDGE('',*,*,#5189,.F.);
#3587=ORIENTED_EDGE('',*,*,#5190,.F.);
#3588=ORIENTED_EDGE('',*,*,#5188,.F.);
#3589=ORIENTED_EDGE('',*,*,#5191,.T.);
#3590=ORIENTED_EDGE('',*,*,#5192,.T.);
#3591=ORIENTED_EDGE('',*,*,#5193,.F.);
#3592=ORIENTED_EDGE('',*,*,#5192,.F.);
#3593=ORIENTED_EDGE('',*,*,#5194,.T.);
#3594=ORIENTED_EDGE('',*,*,#5042,.T.);
#3595=ORIENTED_EDGE('',*,*,#5038,.F.);
#3596=ORIENTED_EDGE('',*,*,#5195,.F.);
#3597=ORIENTED_EDGE('',*,*,#5040,.T.);
#3598=ORIENTED_EDGE('',*,*,#5196,.T.);
#3599=ORIENTED_EDGE('',*,*,#5043,.T.);
#3600=ORIENTED_EDGE('',*,*,#5194,.F.);
#3601=ORIENTED_EDGE('',*,*,#5191,.F.);
#3602=ORIENTED_EDGE('',*,*,#5187,.F.);
#3603=ORIENTED_EDGE('',*,*,#5186,.F.);
#3604=ORIENTED_EDGE('',*,*,#5183,.F.);
#3605=ORIENTED_EDGE('',*,*,#5180,.T.);
#3606=ORIENTED_EDGE('',*,*,#5177,.T.);
#3607=ORIENTED_EDGE('',*,*,#5174,.F.);
#3608=ORIENTED_EDGE('',*,*,#5171,.F.);
#3609=ORIENTED_EDGE('',*,*,#5168,.T.);
#3610=ORIENTED_EDGE('',*,*,#5165,.T.);
#3611=ORIENTED_EDGE('',*,*,#5162,.F.);
#3612=ORIENTED_EDGE('',*,*,#5159,.F.);
#3613=ORIENTED_EDGE('',*,*,#5156,.F.);
#3614=ORIENTED_EDGE('',*,*,#5153,.F.);
#3615=ORIENTED_EDGE('',*,*,#5149,.F.);
#3616=ORIENTED_EDGE('',*,*,#5148,.F.);
#3617=ORIENTED_EDGE('',*,*,#5145,.F.);
#3618=ORIENTED_EDGE('',*,*,#5142,.T.);
#3619=ORIENTED_EDGE('',*,*,#5139,.T.);
#3620=ORIENTED_EDGE('',*,*,#5136,.F.);
#3621=ORIENTED_EDGE('',*,*,#5133,.F.);
#3622=ORIENTED_EDGE('',*,*,#5130,.T.);
#3623=ORIENTED_EDGE('',*,*,#5129,.T.);
#3624=ORIENTED_EDGE('',*,*,#5125,.T.);
#3625=ORIENTED_EDGE('',*,*,#5122,.F.);
#3626=ORIENTED_EDGE('',*,*,#5119,.F.);
#3627=ORIENTED_EDGE('',*,*,#5116,.F.);
#3628=ORIENTED_EDGE('',*,*,#5113,.T.);
#3629=ORIENTED_EDGE('',*,*,#5110,.F.);
#3630=ORIENTED_EDGE('',*,*,#5107,.F.);
#3631=ORIENTED_EDGE('',*,*,#5104,.T.);
#3632=ORIENTED_EDGE('',*,*,#5101,.T.);
#3633=ORIENTED_EDGE('',*,*,#5098,.T.);
#3634=ORIENTED_EDGE('',*,*,#5095,.F.);
#3635=ORIENTED_EDGE('',*,*,#5092,.T.);
#3636=ORIENTED_EDGE('',*,*,#5089,.T.);
#3637=ORIENTED_EDGE('',*,*,#5086,.F.);
#3638=ORIENTED_EDGE('',*,*,#5083,.T.);
#3639=ORIENTED_EDGE('',*,*,#5080,.F.);
#3640=ORIENTED_EDGE('',*,*,#5077,.T.);
#3641=ORIENTED_EDGE('',*,*,#5074,.F.);
#3642=ORIENTED_EDGE('',*,*,#5071,.F.);
#3643=ORIENTED_EDGE('',*,*,#5068,.T.);
#3644=ORIENTED_EDGE('',*,*,#5067,.T.);
#3645=ORIENTED_EDGE('',*,*,#5063,.T.);
#3646=ORIENTED_EDGE('',*,*,#5060,.T.);
#3647=ORIENTED_EDGE('',*,*,#5057,.F.);
#3648=ORIENTED_EDGE('',*,*,#5054,.T.);
#3649=ORIENTED_EDGE('',*,*,#5051,.T.);
#3650=ORIENTED_EDGE('',*,*,#5047,.F.);
#3651=ORIENTED_EDGE('',*,*,#5046,.F.);
#3652=ORIENTED_EDGE('',*,*,#5195,.T.);
#3653=ORIENTED_EDGE('',*,*,#5037,.T.);
#3654=ORIENTED_EDGE('',*,*,#5041,.F.);
#3655=ORIENTED_EDGE('',*,*,#5045,.T.);
#3656=ORIENTED_EDGE('',*,*,#5049,.T.);
#3657=ORIENTED_EDGE('',*,*,#5050,.F.);
#3658=ORIENTED_EDGE('',*,*,#5053,.F.);
#3659=ORIENTED_EDGE('',*,*,#5056,.T.);
#3660=ORIENTED_EDGE('',*,*,#5059,.F.);
#3661=ORIENTED_EDGE('',*,*,#5062,.F.);
#3662=ORIENTED_EDGE('',*,*,#5066,.F.);
#3663=ORIENTED_EDGE('',*,*,#5065,.F.);
#3664=ORIENTED_EDGE('',*,*,#5070,.T.);
#3665=ORIENTED_EDGE('',*,*,#5073,.T.);
#3666=ORIENTED_EDGE('',*,*,#5076,.F.);
#3667=ORIENTED_EDGE('',*,*,#5079,.T.);
#3668=ORIENTED_EDGE('',*,*,#5082,.F.);
#3669=ORIENTED_EDGE('',*,*,#5085,.T.);
#3670=ORIENTED_EDGE('',*,*,#5088,.F.);
#3671=ORIENTED_EDGE('',*,*,#5091,.F.);
#3672=ORIENTED_EDGE('',*,*,#5094,.T.);
#3673=ORIENTED_EDGE('',*,*,#5097,.F.);
#3674=ORIENTED_EDGE('',*,*,#5100,.F.);
#3675=ORIENTED_EDGE('',*,*,#5103,.F.);
#3676=ORIENTED_EDGE('',*,*,#5106,.T.);
#3677=ORIENTED_EDGE('',*,*,#5109,.T.);
#3678=ORIENTED_EDGE('',*,*,#5112,.F.);
#3679=ORIENTED_EDGE('',*,*,#5115,.T.);
#3680=ORIENTED_EDGE('',*,*,#5118,.T.);
#3681=ORIENTED_EDGE('',*,*,#5121,.T.);
#3682=ORIENTED_EDGE('',*,*,#5124,.F.);
#3683=ORIENTED_EDGE('',*,*,#5128,.F.);
#3684=ORIENTED_EDGE('',*,*,#5127,.F.);
#3685=ORIENTED_EDGE('',*,*,#5132,.T.);
#3686=ORIENTED_EDGE('',*,*,#5135,.T.);
#3687=ORIENTED_EDGE('',*,*,#5138,.F.);
#3688=ORIENTED_EDGE('',*,*,#5141,.F.);
#3689=ORIENTED_EDGE('',*,*,#5144,.T.);
#3690=ORIENTED_EDGE('',*,*,#5147,.T.);
#3691=ORIENTED_EDGE('',*,*,#5151,.T.);
#3692=ORIENTED_EDGE('',*,*,#5152,.T.);
#3693=ORIENTED_EDGE('',*,*,#5155,.T.);
#3694=ORIENTED_EDGE('',*,*,#5158,.T.);
#3695=ORIENTED_EDGE('',*,*,#5161,.T.);
#3696=ORIENTED_EDGE('',*,*,#5164,.F.);
#3697=ORIENTED_EDGE('',*,*,#5167,.F.);
#3698=ORIENTED_EDGE('',*,*,#5170,.T.);
#3699=ORIENTED_EDGE('',*,*,#5173,.T.);
#3700=ORIENTED_EDGE('',*,*,#5176,.F.);
#3701=ORIENTED_EDGE('',*,*,#5179,.F.);
#3702=ORIENTED_EDGE('',*,*,#5182,.T.);
#3703=ORIENTED_EDGE('',*,*,#5185,.T.);
#3704=ORIENTED_EDGE('',*,*,#5189,.T.);
#3705=ORIENTED_EDGE('',*,*,#5190,.T.);
#3706=ORIENTED_EDGE('',*,*,#5193,.T.);
#3707=ORIENTED_EDGE('',*,*,#5196,.F.);
#3708=ORIENTED_EDGE('',*,*,#5039,.F.);
#3709=ORIENTED_EDGE('',*,*,#5197,.T.);
#3710=ORIENTED_EDGE('',*,*,#5198,.T.);
#3711=ORIENTED_EDGE('',*,*,#5199,.T.);
#3712=ORIENTED_EDGE('',*,*,#5200,.F.);
#3713=ORIENTED_EDGE('',*,*,#5201,.T.);
#3714=ORIENTED_EDGE('',*,*,#5202,.T.);
#3715=ORIENTED_EDGE('',*,*,#5203,.T.);
#3716=ORIENTED_EDGE('',*,*,#5204,.F.);
#3717=ORIENTED_EDGE('',*,*,#5205,.T.);
#3718=ORIENTED_EDGE('',*,*,#5206,.T.);
#3719=ORIENTED_EDGE('',*,*,#5207,.T.);
#3720=ORIENTED_EDGE('',*,*,#5208,.F.);
#3721=ORIENTED_EDGE('',*,*,#5209,.T.);
#3722=ORIENTED_EDGE('',*,*,#5210,.T.);
#3723=ORIENTED_EDGE('',*,*,#5211,.T.);
#3724=ORIENTED_EDGE('',*,*,#5212,.F.);
#3725=ORIENTED_EDGE('',*,*,#5213,.F.);
#3726=ORIENTED_EDGE('',*,*,#5214,.T.);
#3727=ORIENTED_EDGE('',*,*,#5215,.T.);
#3728=ORIENTED_EDGE('',*,*,#5216,.F.);
#3729=ORIENTED_EDGE('',*,*,#5217,.F.);
#3730=ORIENTED_EDGE('',*,*,#5218,.T.);
#3731=ORIENTED_EDGE('',*,*,#5219,.T.);
#3732=ORIENTED_EDGE('',*,*,#5220,.F.);
#3733=ORIENTED_EDGE('',*,*,#5221,.F.);
#3734=ORIENTED_EDGE('',*,*,#5222,.T.);
#3735=ORIENTED_EDGE('',*,*,#5223,.T.);
#3736=ORIENTED_EDGE('',*,*,#5224,.F.);
#3737=ORIENTED_EDGE('',*,*,#5225,.F.);
#3738=ORIENTED_EDGE('',*,*,#5226,.T.);
#3739=ORIENTED_EDGE('',*,*,#5227,.T.);
#3740=ORIENTED_EDGE('',*,*,#5228,.F.);
#3741=ORIENTED_EDGE('',*,*,#5229,.F.);
#3742=ORIENTED_EDGE('',*,*,#5230,.T.);
#3743=ORIENTED_EDGE('',*,*,#5231,.T.);
#3744=ORIENTED_EDGE('',*,*,#5232,.F.);
#3745=ORIENTED_EDGE('',*,*,#5233,.F.);
#3746=ORIENTED_EDGE('',*,*,#5234,.T.);
#3747=ORIENTED_EDGE('',*,*,#5235,.T.);
#3748=ORIENTED_EDGE('',*,*,#5236,.F.);
#3749=ORIENTED_EDGE('',*,*,#5237,.F.);
#3750=ORIENTED_EDGE('',*,*,#5238,.F.);
#3751=ORIENTED_EDGE('',*,*,#5239,.F.);
#3752=ORIENTED_EDGE('',*,*,#5240,.T.);
#3753=ORIENTED_EDGE('',*,*,#5241,.T.);
#3754=ORIENTED_EDGE('',*,*,#5242,.T.);
#3755=ORIENTED_EDGE('',*,*,#5243,.F.);
#3756=ORIENTED_EDGE('',*,*,#5244,.F.);
#3757=ORIENTED_EDGE('',*,*,#5245,.F.);
#3758=ORIENTED_EDGE('',*,*,#5246,.F.);
#3759=ORIENTED_EDGE('',*,*,#5247,.F.);
#3760=ORIENTED_EDGE('',*,*,#5248,.F.);
#3761=ORIENTED_EDGE('',*,*,#5249,.T.);
#3762=ORIENTED_EDGE('',*,*,#5250,.F.);
#3763=ORIENTED_EDGE('',*,*,#5251,.T.);
#3764=ORIENTED_EDGE('',*,*,#5252,.T.);
#3765=ORIENTED_EDGE('',*,*,#5253,.T.);
#3766=ORIENTED_EDGE('',*,*,#5254,.T.);
#3767=ORIENTED_EDGE('',*,*,#5255,.T.);
#3768=ORIENTED_EDGE('',*,*,#5256,.T.);
#3769=ORIENTED_EDGE('',*,*,#5257,.F.);
#3770=ORIENTED_EDGE('',*,*,#5258,.T.);
#3771=ORIENTED_EDGE('',*,*,#5259,.F.);
#3772=ORIENTED_EDGE('',*,*,#5260,.T.);
#3773=ORIENTED_EDGE('',*,*,#5261,.T.);
#3774=ORIENTED_EDGE('',*,*,#5262,.T.);
#3775=ORIENTED_EDGE('',*,*,#5263,.T.);
#3776=ORIENTED_EDGE('',*,*,#5264,.F.);
#3777=ORIENTED_EDGE('',*,*,#5265,.F.);
#3778=ORIENTED_EDGE('',*,*,#5266,.T.);
#3779=ORIENTED_EDGE('',*,*,#5267,.T.);
#3780=ORIENTED_EDGE('',*,*,#5268,.F.);
#3781=ORIENTED_EDGE('',*,*,#5269,.F.);
#3782=ORIENTED_EDGE('',*,*,#5270,.T.);
#3783=ORIENTED_EDGE('',*,*,#5271,.T.);
#3784=ORIENTED_EDGE('',*,*,#5272,.F.);
#3785=ORIENTED_EDGE('',*,*,#5273,.F.);
#3786=ORIENTED_EDGE('',*,*,#5274,.T.);
#3787=ORIENTED_EDGE('',*,*,#5275,.T.);
#3788=ORIENTED_EDGE('',*,*,#5276,.F.);
#3789=ORIENTED_EDGE('',*,*,#5246,.T.);
#3790=ORIENTED_EDGE('',*,*,#5277,.T.);
#3791=ORIENTED_EDGE('',*,*,#5274,.F.);
#3792=ORIENTED_EDGE('',*,*,#5278,.T.);
#3793=ORIENTED_EDGE('',*,*,#5279,.T.);
#3794=ORIENTED_EDGE('',*,*,#5280,.F.);
#3795=ORIENTED_EDGE('',*,*,#5281,.F.);
#3796=ORIENTED_EDGE('',*,*,#5282,.T.);
#3797=ORIENTED_EDGE('',*,*,#5283,.F.);
#3798=ORIENTED_EDGE('',*,*,#5284,.T.);
#3799=ORIENTED_EDGE('',*,*,#5255,.F.);
#3800=ORIENTED_EDGE('',*,*,#5285,.T.);
#3801=ORIENTED_EDGE('',*,*,#5266,.F.);
#3802=ORIENTED_EDGE('',*,*,#5286,.F.);
#3803=ORIENTED_EDGE('',*,*,#5287,.F.);
#3804=ORIENTED_EDGE('',*,*,#5269,.T.);
#3805=ORIENTED_EDGE('',*,*,#5288,.F.);
#3806=ORIENTED_EDGE('',*,*,#5289,.T.);
#3807=ORIENTED_EDGE('',*,*,#5290,.T.);
#3808=ORIENTED_EDGE('',*,*,#5291,.F.);
#3809=ORIENTED_EDGE('',*,*,#5292,.F.);
#3810=ORIENTED_EDGE('',*,*,#5293,.T.);
#3811=ORIENTED_EDGE('',*,*,#5294,.T.);
#3812=ORIENTED_EDGE('',*,*,#5282,.F.);
#3813=ORIENTED_EDGE('',*,*,#5295,.F.);
#3814=ORIENTED_EDGE('',*,*,#5296,.T.);
#3815=ORIENTED_EDGE('',*,*,#5297,.T.);
#3816=ORIENTED_EDGE('',*,*,#5298,.F.);
#3817=ORIENTED_EDGE('',*,*,#5299,.F.);
#3818=ORIENTED_EDGE('',*,*,#5300,.T.);
#3819=ORIENTED_EDGE('',*,*,#5301,.T.);
#3820=ORIENTED_EDGE('',*,*,#5293,.F.);
#3821=ORIENTED_EDGE('',*,*,#5302,.F.);
#3822=ORIENTED_EDGE('',*,*,#5303,.T.);
#3823=ORIENTED_EDGE('',*,*,#5304,.F.);
#3824=ORIENTED_EDGE('',*,*,#5305,.F.);
#3825=ORIENTED_EDGE('',*,*,#5306,.T.);
#3826=ORIENTED_EDGE('',*,*,#5307,.T.);
#3827=ORIENTED_EDGE('',*,*,#5308,.T.);
#3828=ORIENTED_EDGE('',*,*,#5309,.F.);
#3829=ORIENTED_EDGE('',*,*,#5310,.T.);
#3830=ORIENTED_EDGE('',*,*,#5217,.T.);
#3831=ORIENTED_EDGE('',*,*,#5311,.T.);
#3832=ORIENTED_EDGE('',*,*,#5221,.T.);
#3833=ORIENTED_EDGE('',*,*,#5312,.T.);
#3834=ORIENTED_EDGE('',*,*,#5225,.T.);
#3835=ORIENTED_EDGE('',*,*,#5313,.T.);
#3836=ORIENTED_EDGE('',*,*,#5229,.T.);
#3837=ORIENTED_EDGE('',*,*,#5314,.T.);
#3838=ORIENTED_EDGE('',*,*,#5233,.T.);
#3839=ORIENTED_EDGE('',*,*,#5315,.T.);
#3840=ORIENTED_EDGE('',*,*,#5213,.T.);
#3841=ORIENTED_EDGE('',*,*,#5316,.F.);
#3842=ORIENTED_EDGE('',*,*,#5248,.T.);
#3843=ORIENTED_EDGE('',*,*,#5317,.T.);
#3844=ORIENTED_EDGE('',*,*,#5318,.F.);
#3845=ORIENTED_EDGE('',*,*,#5319,.F.);
#3846=ORIENTED_EDGE('',*,*,#5320,.F.);
#3847=ORIENTED_EDGE('',*,*,#5321,.F.);
#3848=ORIENTED_EDGE('',*,*,#5322,.F.);
#3849=ORIENTED_EDGE('',*,*,#5323,.F.);
#3850=ORIENTED_EDGE('',*,*,#5324,.F.);
#3851=ORIENTED_EDGE('',*,*,#5279,.F.);
#3852=ORIENTED_EDGE('',*,*,#5325,.F.);
#3853=ORIENTED_EDGE('',*,*,#5326,.F.);
#3854=ORIENTED_EDGE('',*,*,#5327,.T.);
#3855=ORIENTED_EDGE('',*,*,#5328,.F.);
#3856=ORIENTED_EDGE('',*,*,#5329,.T.);
#3857=ORIENTED_EDGE('',*,*,#5330,.T.);
#3858=ORIENTED_EDGE('',*,*,#5331,.F.);
#3859=ORIENTED_EDGE('',*,*,#5332,.F.);
#3860=ORIENTED_EDGE('',*,*,#5333,.T.);
#3861=ORIENTED_EDGE('',*,*,#5334,.T.);
#3862=ORIENTED_EDGE('',*,*,#5329,.F.);
#3863=ORIENTED_EDGE('',*,*,#5335,.F.);
#3864=ORIENTED_EDGE('',*,*,#5238,.T.);
#3865=ORIENTED_EDGE('',*,*,#5336,.T.);
#3866=ORIENTED_EDGE('',*,*,#5333,.F.);
#3867=ORIENTED_EDGE('',*,*,#5337,.F.);
#3868=ORIENTED_EDGE('',*,*,#5338,.T.);
#3869=ORIENTED_EDGE('',*,*,#5339,.T.);
#3870=ORIENTED_EDGE('',*,*,#5240,.F.);
#3871=ORIENTED_EDGE('',*,*,#5340,.F.);
#3872=ORIENTED_EDGE('',*,*,#5341,.F.);
#3873=ORIENTED_EDGE('',*,*,#5342,.F.);
#3874=ORIENTED_EDGE('',*,*,#5319,.T.);
#3875=ORIENTED_EDGE('',*,*,#5343,.T.);
#3876=ORIENTED_EDGE('',*,*,#5344,.F.);
#3877=ORIENTED_EDGE('',*,*,#5343,.F.);
#3878=ORIENTED_EDGE('',*,*,#5324,.T.);
#3879=ORIENTED_EDGE('',*,*,#5345,.T.);
#3880=ORIENTED_EDGE('',*,*,#5346,.F.);
#3881=ORIENTED_EDGE('',*,*,#5345,.F.);
#3882=ORIENTED_EDGE('',*,*,#5323,.T.);
#3883=ORIENTED_EDGE('',*,*,#5347,.T.);
#3884=ORIENTED_EDGE('',*,*,#5348,.F.);
#3885=ORIENTED_EDGE('',*,*,#5347,.F.);
#3886=ORIENTED_EDGE('',*,*,#5322,.T.);
#3887=ORIENTED_EDGE('',*,*,#5349,.T.);
#3888=ORIENTED_EDGE('',*,*,#5350,.F.);
#3889=ORIENTED_EDGE('',*,*,#5349,.F.);
#3890=ORIENTED_EDGE('',*,*,#5321,.T.);
#3891=ORIENTED_EDGE('',*,*,#5351,.T.);
#3892=ORIENTED_EDGE('',*,*,#5352,.T.);
#3893=ORIENTED_EDGE('',*,*,#5353,.F.);
#3894=ORIENTED_EDGE('',*,*,#5327,.F.);
#3895=ORIENTED_EDGE('',*,*,#5354,.T.);
#3896=ORIENTED_EDGE('',*,*,#5355,.F.);
#3897=ORIENTED_EDGE('',*,*,#5354,.F.);
#3898=ORIENTED_EDGE('',*,*,#5326,.T.);
#3899=ORIENTED_EDGE('',*,*,#5356,.T.);
#3900=ORIENTED_EDGE('',*,*,#5261,.F.);
#3901=ORIENTED_EDGE('',*,*,#5357,.F.);
#3902=ORIENTED_EDGE('',*,*,#5257,.T.);
#3903=ORIENTED_EDGE('',*,*,#5358,.F.);
#3904=ORIENTED_EDGE('',*,*,#5359,.T.);
#3905=ORIENTED_EDGE('',*,*,#5356,.F.);
#3906=ORIENTED_EDGE('',*,*,#5325,.T.);
#3907=ORIENTED_EDGE('',*,*,#5278,.F.);
#3908=ORIENTED_EDGE('',*,*,#5273,.T.);
#3909=ORIENTED_EDGE('',*,*,#5360,.T.);
#3910=ORIENTED_EDGE('',*,*,#5298,.T.);
#3911=ORIENTED_EDGE('',*,*,#5361,.T.);
#3912=ORIENTED_EDGE('',*,*,#5289,.F.);
#3913=ORIENTED_EDGE('',*,*,#5362,.F.);
#3914=ORIENTED_EDGE('',*,*,#5234,.F.);
#3915=ORIENTED_EDGE('',*,*,#5314,.F.);
#3916=ORIENTED_EDGE('',*,*,#5236,.T.);
#3917=ORIENTED_EDGE('',*,*,#5363,.T.);
#3918=ORIENTED_EDGE('',*,*,#5230,.F.);
#3919=ORIENTED_EDGE('',*,*,#5313,.F.);
#3920=ORIENTED_EDGE('',*,*,#5232,.T.);
#3921=ORIENTED_EDGE('',*,*,#5364,.T.);
#3922=ORIENTED_EDGE('',*,*,#5226,.F.);
#3923=ORIENTED_EDGE('',*,*,#5312,.F.);
#3924=ORIENTED_EDGE('',*,*,#5228,.T.);
#3925=ORIENTED_EDGE('',*,*,#5365,.T.);
#3926=ORIENTED_EDGE('',*,*,#5222,.F.);
#3927=ORIENTED_EDGE('',*,*,#5311,.F.);
#3928=ORIENTED_EDGE('',*,*,#5224,.T.);
#3929=ORIENTED_EDGE('',*,*,#5366,.T.);
#3930=ORIENTED_EDGE('',*,*,#5218,.F.);
#3931=ORIENTED_EDGE('',*,*,#5310,.F.);
#3932=ORIENTED_EDGE('',*,*,#5220,.T.);
#3933=ORIENTED_EDGE('',*,*,#5367,.T.);
#3934=ORIENTED_EDGE('',*,*,#5331,.T.);
#3935=ORIENTED_EDGE('',*,*,#5368,.T.);
#3936=ORIENTED_EDGE('',*,*,#5338,.F.);
#3937=ORIENTED_EDGE('',*,*,#5369,.F.);
#3938=ORIENTED_EDGE('',*,*,#5370,.F.);
#3939=ORIENTED_EDGE('',*,*,#5351,.F.);
#3940=ORIENTED_EDGE('',*,*,#5320,.T.);
#3941=ORIENTED_EDGE('',*,*,#5342,.T.);
#3942=ORIENTED_EDGE('',*,*,#5371,.T.);
#3943=ORIENTED_EDGE('',*,*,#5318,.T.);
#3944=ORIENTED_EDGE('',*,*,#5372,.F.);
#3945=ORIENTED_EDGE('',*,*,#5275,.F.);
#3946=ORIENTED_EDGE('',*,*,#5280,.T.);
#3947=ORIENTED_EDGE('',*,*,#5328,.T.);
#3948=ORIENTED_EDGE('',*,*,#5353,.T.);
#3949=ORIENTED_EDGE('',*,*,#5373,.F.);
#3950=ORIENTED_EDGE('',*,*,#5374,.F.);
#3951=ORIENTED_EDGE('',*,*,#5375,.F.);
#3952=ORIENTED_EDGE('',*,*,#5300,.F.);
#3953=ORIENTED_EDGE('',*,*,#5376,.T.);
#3954=ORIENTED_EDGE('',*,*,#5271,.F.);
#3955=ORIENTED_EDGE('',*,*,#5377,.F.);
#3956=ORIENTED_EDGE('',*,*,#5378,.T.);
#3957=ORIENTED_EDGE('',*,*,#5379,.T.);
#3958=ORIENTED_EDGE('',*,*,#5380,.F.);
#3959=ORIENTED_EDGE('',*,*,#5263,.F.);
#3960=ORIENTED_EDGE('',*,*,#5381,.F.);
#3961=ORIENTED_EDGE('',*,*,#5382,.T.);
#3962=ORIENTED_EDGE('',*,*,#5268,.T.);
#3963=ORIENTED_EDGE('',*,*,#5383,.F.);
#3964=ORIENTED_EDGE('',*,*,#5214,.F.);
#3965=ORIENTED_EDGE('',*,*,#5315,.F.);
#3966=ORIENTED_EDGE('',*,*,#5216,.T.);
#3967=ORIENTED_EDGE('',*,*,#5384,.T.);
#3968=ORIENTED_EDGE('',*,*,#5288,.T.);
#3969=ORIENTED_EDGE('',*,*,#5272,.T.);
#3970=ORIENTED_EDGE('',*,*,#5376,.F.);
#3971=ORIENTED_EDGE('',*,*,#5299,.T.);
#3972=ORIENTED_EDGE('',*,*,#5362,.T.);
#3973=ORIENTED_EDGE('',*,*,#5332,.T.);
#3974=ORIENTED_EDGE('',*,*,#5369,.T.);
#3975=ORIENTED_EDGE('',*,*,#5340,.T.);
#3976=ORIENTED_EDGE('',*,*,#5239,.T.);
#3977=ORIENTED_EDGE('',*,*,#5337,.T.);
#3978=ORIENTED_EDGE('',*,*,#5335,.T.);
#3979=ORIENTED_EDGE('',*,*,#5303,.F.);
#3980=ORIENTED_EDGE('',*,*,#5385,.T.);
#3981=ORIENTED_EDGE('',*,*,#5386,.T.);
#3982=ORIENTED_EDGE('',*,*,#5290,.F.);
#3983=ORIENTED_EDGE('',*,*,#5361,.F.);
#3984=ORIENTED_EDGE('',*,*,#5297,.F.);
#3985=ORIENTED_EDGE('',*,*,#5387,.F.);
#3986=ORIENTED_EDGE('',*,*,#5388,.F.);
#3987=ORIENTED_EDGE('',*,*,#5373,.T.);
#3988=ORIENTED_EDGE('',*,*,#5352,.F.);
#3989=ORIENTED_EDGE('',*,*,#5355,.T.);
#3990=ORIENTED_EDGE('',*,*,#5389,.F.);
#3991=ORIENTED_EDGE('',*,*,#5390,.F.);
#3992=ORIENTED_EDGE('',*,*,#5391,.T.);
#3993=ORIENTED_EDGE('',*,*,#5392,.T.);
#3994=ORIENTED_EDGE('',*,*,#5393,.T.);
#3995=ORIENTED_EDGE('',*,*,#5394,.T.);
#3996=ORIENTED_EDGE('',*,*,#5388,.T.);
#3997=ORIENTED_EDGE('',*,*,#5395,.T.);
#3998=ORIENTED_EDGE('',*,*,#5396,.F.);
#3999=ORIENTED_EDGE('',*,*,#5308,.F.);
#4000=ORIENTED_EDGE('',*,*,#5397,.F.);
#4001=ORIENTED_EDGE('',*,*,#5374,.T.);
#4002=ORIENTED_EDGE('',*,*,#5307,.F.);
#4003=ORIENTED_EDGE('',*,*,#5398,.T.);
#4004=ORIENTED_EDGE('',*,*,#5294,.F.);
#4005=ORIENTED_EDGE('',*,*,#5301,.F.);
#4006=ORIENTED_EDGE('',*,*,#5375,.T.);
#4007=ORIENTED_EDGE('',*,*,#5397,.T.);
#4008=ORIENTED_EDGE('',*,*,#5399,.T.);
#4009=ORIENTED_EDGE('',*,*,#5400,.F.);
#4010=ORIENTED_EDGE('',*,*,#5401,.F.);
#4011=ORIENTED_EDGE('',*,*,#5402,.F.);
#4012=ORIENTED_EDGE('',*,*,#5403,.F.);
#4013=ORIENTED_EDGE('',*,*,#5404,.F.);
#4014=ORIENTED_EDGE('',*,*,#5304,.T.);
#4015=ORIENTED_EDGE('',*,*,#5389,.T.);
#4016=ORIENTED_EDGE('',*,*,#5359,.F.);
#4017=ORIENTED_EDGE('',*,*,#5283,.T.);
#4018=ORIENTED_EDGE('',*,*,#5398,.F.);
#4019=ORIENTED_EDGE('',*,*,#5306,.F.);
#4020=ORIENTED_EDGE('',*,*,#5405,.T.);
#4021=ORIENTED_EDGE('',*,*,#5197,.F.);
#4022=ORIENTED_EDGE('',*,*,#5406,.F.);
#4023=ORIENTED_EDGE('',*,*,#5407,.F.);
#4024=ORIENTED_EDGE('',*,*,#5408,.F.);
#4025=ORIENTED_EDGE('',*,*,#5201,.F.);
#4026=ORIENTED_EDGE('',*,*,#5409,.F.);
#4027=ORIENTED_EDGE('',*,*,#5205,.F.);
#4028=ORIENTED_EDGE('',*,*,#5410,.F.);
#4029=ORIENTED_EDGE('',*,*,#5411,.F.);
#4030=ORIENTED_EDGE('',*,*,#5412,.F.);
#4031=ORIENTED_EDGE('',*,*,#5209,.F.);
#4032=ORIENTED_EDGE('',*,*,#5413,.F.);
#4033=ORIENTED_EDGE('',*,*,#5405,.F.);
#4034=ORIENTED_EDGE('',*,*,#5305,.T.);
#4035=ORIENTED_EDGE('',*,*,#5404,.T.);
#4036=ORIENTED_EDGE('',*,*,#5358,.T.);
#4037=ORIENTED_EDGE('',*,*,#5256,.F.);
#4038=ORIENTED_EDGE('',*,*,#5284,.F.);
#4039=ORIENTED_EDGE('',*,*,#5259,.T.);
#4040=ORIENTED_EDGE('',*,*,#5414,.T.);
#4041=ORIENTED_EDGE('',*,*,#5379,.F.);
#4042=ORIENTED_EDGE('',*,*,#5415,.F.);
#4043=ORIENTED_EDGE('',*,*,#5357,.T.);
#4044=ORIENTED_EDGE('',*,*,#5264,.T.);
#4045=ORIENTED_EDGE('',*,*,#5380,.T.);
#4046=ORIENTED_EDGE('',*,*,#5414,.F.);
#4047=ORIENTED_EDGE('',*,*,#5258,.F.);
#4048=ORIENTED_EDGE('',*,*,#5253,.F.);
#4049=ORIENTED_EDGE('',*,*,#5416,.T.);
#4050=ORIENTED_EDGE('',*,*,#5381,.T.);
#4051=ORIENTED_EDGE('',*,*,#5417,.F.);
#4052=ORIENTED_EDGE('',*,*,#5417,.T.);
#4053=ORIENTED_EDGE('',*,*,#5383,.T.);
#4054=ORIENTED_EDGE('',*,*,#5267,.F.);
#4055=ORIENTED_EDGE('',*,*,#5285,.F.);
#4056=ORIENTED_EDGE('',*,*,#5254,.F.);
#4057=ORIENTED_EDGE('',*,*,#5249,.F.);
#4058=ORIENTED_EDGE('',*,*,#5316,.T.);
#4059=ORIENTED_EDGE('',*,*,#5371,.F.);
#4060=ORIENTED_EDGE('',*,*,#5418,.F.);
#4061=ORIENTED_EDGE('',*,*,#5270,.F.);
#4062=ORIENTED_EDGE('',*,*,#5287,.T.);
#4063=ORIENTED_EDGE('',*,*,#5419,.F.);
#4064=ORIENTED_EDGE('',*,*,#5250,.T.);
#4065=ORIENTED_EDGE('',*,*,#5418,.T.);
#4066=ORIENTED_EDGE('',*,*,#5377,.T.);
#4067=ORIENTED_EDGE('',*,*,#5252,.F.);
#4068=ORIENTED_EDGE('',*,*,#5420,.T.);
#4069=ORIENTED_EDGE('',*,*,#5265,.T.);
#4070=ORIENTED_EDGE('',*,*,#5382,.F.);
#4071=ORIENTED_EDGE('',*,*,#5416,.F.);
#4072=ORIENTED_EDGE('',*,*,#5317,.F.);
#4073=ORIENTED_EDGE('',*,*,#5247,.T.);
#4074=ORIENTED_EDGE('',*,*,#5276,.T.);
#4075=ORIENTED_EDGE('',*,*,#5372,.T.);
#4076=ORIENTED_EDGE('',*,*,#5260,.F.);
#4077=ORIENTED_EDGE('',*,*,#5415,.T.);
#4078=ORIENTED_EDGE('',*,*,#5378,.F.);
#4079=ORIENTED_EDGE('',*,*,#5262,.F.);
#4080=ORIENTED_EDGE('',*,*,#5421,.F.);
#4081=ORIENTED_EDGE('',*,*,#5291,.T.);
#4082=ORIENTED_EDGE('',*,*,#5386,.F.);
#4083=ORIENTED_EDGE('',*,*,#5422,.F.);
#4084=ORIENTED_EDGE('',*,*,#5423,.T.);
#4085=ORIENTED_EDGE('',*,*,#5424,.F.);
#4086=ORIENTED_EDGE('',*,*,#5395,.F.);
#4087=ORIENTED_EDGE('',*,*,#5387,.T.);
#4088=ORIENTED_EDGE('',*,*,#5296,.F.);
#4089=ORIENTED_EDGE('',*,*,#5302,.T.);
#4090=ORIENTED_EDGE('',*,*,#5425,.T.);
#4091=ORIENTED_EDGE('',*,*,#5422,.T.);
#4092=ORIENTED_EDGE('',*,*,#5385,.F.);
#4093=ORIENTED_EDGE('',*,*,#5281,.T.);
#4094=ORIENTED_EDGE('',*,*,#5423,.F.);
#4095=ORIENTED_EDGE('',*,*,#5425,.F.);
#4096=ORIENTED_EDGE('',*,*,#5309,.T.);
#4097=ORIENTED_EDGE('',*,*,#5396,.T.);
#4098=ORIENTED_EDGE('',*,*,#5424,.T.);
#4099=ORIENTED_EDGE('',*,*,#5295,.T.);
#4100=ORIENTED_EDGE('',*,*,#5292,.T.);
#4101=ORIENTED_EDGE('',*,*,#5241,.F.);
#4102=ORIENTED_EDGE('',*,*,#5426,.F.);
#4103=ORIENTED_EDGE('',*,*,#5427,.T.);
#4104=ORIENTED_EDGE('',*,*,#5428,.T.);
#4105=ORIENTED_EDGE('',*,*,#5244,.T.);
#4106=ORIENTED_EDGE('',*,*,#5429,.F.);
#4107=ORIENTED_EDGE('',*,*,#5430,.F.);
#4108=ORIENTED_EDGE('',*,*,#5426,.T.);
#4109=ORIENTED_EDGE('',*,*,#5243,.T.);
#4110=ORIENTED_EDGE('',*,*,#5431,.F.);
#4111=ORIENTED_EDGE('',*,*,#5432,.F.);
#4112=ORIENTED_EDGE('',*,*,#5429,.T.);
#4113=ORIENTED_EDGE('',*,*,#5242,.F.);
#4114=ORIENTED_EDGE('',*,*,#5428,.F.);
#4115=ORIENTED_EDGE('',*,*,#5433,.T.);
#4116=ORIENTED_EDGE('',*,*,#5431,.T.);
#4117=ORIENTED_EDGE('',*,*,#5427,.F.);
#4118=ORIENTED_EDGE('',*,*,#5430,.T.);
#4119=ORIENTED_EDGE('',*,*,#5432,.T.);
#4120=ORIENTED_EDGE('',*,*,#5433,.F.);
#4121=ORIENTED_EDGE('',*,*,#5421,.T.);
#4122=ORIENTED_EDGE('',*,*,#5360,.F.);
#4123=ORIENTED_EDGE('',*,*,#5277,.F.);
#4124=ORIENTED_EDGE('',*,*,#5245,.T.);
#4125=ORIENTED_EDGE('',*,*,#5251,.F.);
#4126=ORIENTED_EDGE('',*,*,#5419,.T.);
#4127=ORIENTED_EDGE('',*,*,#5286,.T.);
#4128=ORIENTED_EDGE('',*,*,#5420,.F.);
#4129=ORIENTED_EDGE('',*,*,#5390,.T.);
#4130=ORIENTED_EDGE('',*,*,#5434,.F.);
#4131=ORIENTED_EDGE('',*,*,#5435,.F.);
#4132=ORIENTED_EDGE('',*,*,#5436,.T.);
#4133=ORIENTED_EDGE('',*,*,#5391,.F.);
#4134=ORIENTED_EDGE('',*,*,#5436,.F.);
#4135=ORIENTED_EDGE('',*,*,#5437,.T.);
#4136=ORIENTED_EDGE('',*,*,#5438,.T.);
#4137=ORIENTED_EDGE('',*,*,#5439,.T.);
#4138=ORIENTED_EDGE('',*,*,#5392,.F.);
#4139=ORIENTED_EDGE('',*,*,#5393,.F.);
#4140=ORIENTED_EDGE('',*,*,#5439,.F.);
#4141=ORIENTED_EDGE('',*,*,#5440,.T.);
#4142=ORIENTED_EDGE('',*,*,#5441,.T.);
#4143=ORIENTED_EDGE('',*,*,#5394,.F.);
#4144=ORIENTED_EDGE('',*,*,#5441,.F.);
#4145=ORIENTED_EDGE('',*,*,#5442,.T.);
#4146=ORIENTED_EDGE('',*,*,#5434,.T.);
#4147=ORIENTED_EDGE('',*,*,#5344,.T.);
#4148=ORIENTED_EDGE('',*,*,#5346,.T.);
#4149=ORIENTED_EDGE('',*,*,#5348,.T.);
#4150=ORIENTED_EDGE('',*,*,#5350,.T.);
#4151=ORIENTED_EDGE('',*,*,#5370,.T.);
#4152=ORIENTED_EDGE('',*,*,#5341,.T.);
#4153=ORIENTED_EDGE('',*,*,#5435,.T.);
#4154=ORIENTED_EDGE('',*,*,#5442,.F.);
#4155=ORIENTED_EDGE('',*,*,#5440,.F.);
#4156=ORIENTED_EDGE('',*,*,#5438,.F.);
#4157=ORIENTED_EDGE('',*,*,#5437,.F.);
#4158=ORIENTED_EDGE('',*,*,#5399,.F.);
#4159=ORIENTED_EDGE('',*,*,#5443,.F.);
#4160=ORIENTED_EDGE('',*,*,#5444,.T.);
#4161=ORIENTED_EDGE('',*,*,#5445,.T.);
#4162=ORIENTED_EDGE('',*,*,#5400,.T.);
#4163=ORIENTED_EDGE('',*,*,#5445,.F.);
#4164=ORIENTED_EDGE('',*,*,#5446,.F.);
#4165=ORIENTED_EDGE('',*,*,#5447,.T.);
#4166=ORIENTED_EDGE('',*,*,#5401,.T.);
#4167=ORIENTED_EDGE('',*,*,#5447,.F.);
#4168=ORIENTED_EDGE('',*,*,#5448,.F.);
#4169=ORIENTED_EDGE('',*,*,#5449,.T.);
#4170=ORIENTED_EDGE('',*,*,#5403,.T.);
#4171=ORIENTED_EDGE('',*,*,#5402,.T.);
#4172=ORIENTED_EDGE('',*,*,#5449,.F.);
#4173=ORIENTED_EDGE('',*,*,#5450,.F.);
#4174=ORIENTED_EDGE('',*,*,#5451,.F.);
#4175=ORIENTED_EDGE('',*,*,#5443,.T.);
#4176=ORIENTED_EDGE('',*,*,#5444,.F.);
#4177=ORIENTED_EDGE('',*,*,#5451,.T.);
#4178=ORIENTED_EDGE('',*,*,#5450,.T.);
#4179=ORIENTED_EDGE('',*,*,#5448,.T.);
#4180=ORIENTED_EDGE('',*,*,#5446,.T.);
#4181=ORIENTED_EDGE('',*,*,#5334,.F.);
#4182=ORIENTED_EDGE('',*,*,#5336,.F.);
#4183=ORIENTED_EDGE('',*,*,#5237,.T.);
#4184=ORIENTED_EDGE('',*,*,#5339,.F.);
#4185=ORIENTED_EDGE('',*,*,#5368,.F.);
#4186=ORIENTED_EDGE('',*,*,#5330,.F.);
#4187=ORIENTED_EDGE('',*,*,#5452,.F.);
#4188=ORIENTED_EDGE('',*,*,#5211,.F.);
#4189=ORIENTED_EDGE('',*,*,#5367,.F.);
#4190=ORIENTED_EDGE('',*,*,#5219,.F.);
#4191=ORIENTED_EDGE('',*,*,#5210,.F.);
#4192=ORIENTED_EDGE('',*,*,#5413,.T.);
#4193=ORIENTED_EDGE('',*,*,#5212,.T.);
#4194=ORIENTED_EDGE('',*,*,#5452,.T.);
#4195=ORIENTED_EDGE('',*,*,#5366,.F.);
#4196=ORIENTED_EDGE('',*,*,#5223,.F.);
#4197=ORIENTED_EDGE('',*,*,#5453,.F.);
#4198=ORIENTED_EDGE('',*,*,#5454,.F.);
#4199=ORIENTED_EDGE('',*,*,#5207,.F.);
#4200=ORIENTED_EDGE('',*,*,#5365,.F.);
#4201=ORIENTED_EDGE('',*,*,#5227,.F.);
#4202=ORIENTED_EDGE('',*,*,#5206,.F.);
#4203=ORIENTED_EDGE('',*,*,#5412,.T.);
#4204=ORIENTED_EDGE('',*,*,#5455,.T.);
#4205=ORIENTED_EDGE('',*,*,#5453,.T.);
#4206=ORIENTED_EDGE('',*,*,#5411,.T.);
#4207=ORIENTED_EDGE('',*,*,#5410,.T.);
#4208=ORIENTED_EDGE('',*,*,#5208,.T.);
#4209=ORIENTED_EDGE('',*,*,#5454,.T.);
#4210=ORIENTED_EDGE('',*,*,#5455,.F.);
#4211=ORIENTED_EDGE('',*,*,#5364,.F.);
#4212=ORIENTED_EDGE('',*,*,#5231,.F.);
#4213=ORIENTED_EDGE('',*,*,#5456,.F.);
#4214=ORIENTED_EDGE('',*,*,#5203,.F.);
#4215=ORIENTED_EDGE('',*,*,#5457,.F.);
#4216=ORIENTED_EDGE('',*,*,#5363,.F.);
#4217=ORIENTED_EDGE('',*,*,#5235,.F.);
#4218=ORIENTED_EDGE('',*,*,#5407,.T.);
#4219=ORIENTED_EDGE('',*,*,#5409,.T.);
#4220=ORIENTED_EDGE('',*,*,#5204,.T.);
#4221=ORIENTED_EDGE('',*,*,#5456,.T.);
#4222=ORIENTED_EDGE('',*,*,#5458,.F.);
#4223=ORIENTED_EDGE('',*,*,#5202,.F.);
#4224=ORIENTED_EDGE('',*,*,#5408,.T.);
#4225=ORIENTED_EDGE('',*,*,#5458,.T.);
#4226=ORIENTED_EDGE('',*,*,#5457,.T.);
#4227=ORIENTED_EDGE('',*,*,#5459,.F.);
#4228=ORIENTED_EDGE('',*,*,#5199,.F.);
#4229=ORIENTED_EDGE('',*,*,#5384,.F.);
#4230=ORIENTED_EDGE('',*,*,#5215,.F.);
#4231=ORIENTED_EDGE('',*,*,#5198,.F.);
#4232=ORIENTED_EDGE('',*,*,#5406,.T.);
#4233=ORIENTED_EDGE('',*,*,#5200,.T.);
#4234=ORIENTED_EDGE('',*,*,#5459,.T.);
#4235=EDGE_CURVE('',#5460,#5461,#6278,.T.);
#4236=EDGE_CURVE('',#5460,#5462,#1691,.T.);
#4237=EDGE_CURVE('',#5462,#5463,#6279,.T.);
#4238=EDGE_CURVE('',#5461,#5463,#1692,.T.);
#4239=EDGE_CURVE('',#5464,#5465,#6280,.T.);
#4240=EDGE_CURVE('',#5464,#5466,#1693,.T.);
#4241=EDGE_CURVE('',#5466,#5467,#6281,.T.);
#4242=EDGE_CURVE('',#5465,#5467,#1694,.T.);
#4243=EDGE_CURVE('',#5468,#5469,#6282,.T.);
#4244=EDGE_CURVE('',#5468,#5470,#1695,.T.);
#4245=EDGE_CURVE('',#5470,#5471,#6283,.T.);
#4246=EDGE_CURVE('',#5469,#5471,#1696,.T.);
#4247=EDGE_CURVE('',#5469,#5468,#6284,.T.);
#4248=EDGE_CURVE('',#5471,#5470,#6285,.T.);
#4249=EDGE_CURVE('',#5465,#5464,#6286,.T.);
#4250=EDGE_CURVE('',#5467,#5466,#6287,.T.);
#4251=EDGE_CURVE('',#5461,#5460,#6288,.T.);
#4252=EDGE_CURVE('',#5463,#5462,#6289,.T.);
#4253=EDGE_CURVE('',#5472,#5473,#52,.F.);
#4254=EDGE_CURVE('',#5473,#5474,#53,.F.);
#4255=EDGE_CURVE('',#5474,#5475,#54,.T.);
#4256=EDGE_CURVE('',#5475,#5472,#55,.T.);
#4257=EDGE_CURVE('',#5476,#5477,#56,.F.);
#4258=EDGE_CURVE('',#5477,#5478,#57,.F.);
#4259=EDGE_CURVE('',#5478,#5479,#58,.T.);
#4260=EDGE_CURVE('',#5479,#5476,#59,.T.);
#4261=EDGE_CURVE('',#5480,#5481,#60,.F.);
#4262=EDGE_CURVE('',#5481,#5482,#61,.F.);
#4263=EDGE_CURVE('',#5482,#5483,#62,.T.);
#4264=EDGE_CURVE('',#5483,#5480,#63,.T.);
#4265=EDGE_CURVE('',#5484,#5485,#64,.F.);
#4266=EDGE_CURVE('',#5485,#5486,#65,.T.);
#4267=EDGE_CURVE('',#5486,#5487,#66,.T.);
#4268=EDGE_CURVE('',#5487,#5484,#67,.F.);
#4269=EDGE_CURVE('',#5488,#5489,#68,.F.);
#4270=EDGE_CURVE('',#5489,#5490,#6290,.F.);
#4271=EDGE_CURVE('',#5490,#5491,#69,.T.);
#4272=EDGE_CURVE('',#5491,#5492,#6291,.F.);
#4273=EDGE_CURVE('',#5492,#5493,#6292,.F.);
#4274=EDGE_CURVE('',#5493,#5494,#70,.T.);
#4275=EDGE_CURVE('',#5494,#5495,#6293,.F.);
#4276=EDGE_CURVE('',#5495,#5496,#71,.T.);
#4277=EDGE_CURVE('',#5496,#5488,#6294,.F.);
#4278=EDGE_CURVE('',#5497,#5498,#72,.T.);
#4279=EDGE_CURVE('',#5499,#5497,#73,.T.);
#4280=EDGE_CURVE('',#5500,#5499,#74,.T.);
#4281=EDGE_CURVE('',#5501,#5500,#75,.T.);
#4282=EDGE_CURVE('',#5502,#5501,#76,.T.);
#4283=EDGE_CURVE('',#5498,#5502,#77,.T.);
#4284=EDGE_CURVE('',#5503,#5504,#78,.T.);
#4285=EDGE_CURVE('',#5505,#5503,#79,.T.);
#4286=EDGE_CURVE('',#5506,#5505,#80,.T.);
#4287=EDGE_CURVE('',#5507,#5506,#81,.T.);
#4288=EDGE_CURVE('',#5508,#5507,#82,.T.);
#4289=EDGE_CURVE('',#5504,#5508,#83,.T.);
#4290=EDGE_CURVE('',#5509,#5510,#84,.T.);
#4291=EDGE_CURVE('',#5511,#5509,#85,.T.);
#4292=EDGE_CURVE('',#5512,#5511,#86,.T.);
#4293=EDGE_CURVE('',#5513,#5512,#87,.T.);
#4294=EDGE_CURVE('',#5514,#5513,#88,.T.);
#4295=EDGE_CURVE('',#5510,#5514,#89,.T.);
#4296=EDGE_CURVE('',#5515,#5516,#90,.F.);
#4297=EDGE_CURVE('',#5516,#5517,#6295,.T.);
#4298=EDGE_CURVE('',#5517,#5518,#91,.T.);
#4299=EDGE_CURVE('',#5518,#5519,#6296,.T.);
#4300=EDGE_CURVE('',#5519,#5520,#92,.F.);
#4301=EDGE_CURVE('',#5520,#5521,#6297,.T.);
#4302=EDGE_CURVE('',#5521,#5522,#93,.F.);
#4303=EDGE_CURVE('',#5522,#5523,#6298,.T.);
#4304=EDGE_CURVE('',#5523,#5515,#6299,.T.);
#4305=EDGE_CURVE('',#5524,#5509,#94,.T.);
#4306=EDGE_CURVE('',#5525,#5524,#95,.T.);
#4307=EDGE_CURVE('',#5525,#5511,#96,.T.);
#4308=EDGE_CURVE('',#5526,#5510,#97,.T.);
#4309=EDGE_CURVE('',#5524,#5526,#98,.T.);
#4310=EDGE_CURVE('',#5527,#5514,#99,.T.);
#4311=EDGE_CURVE('',#5526,#5527,#100,.T.);
#4312=EDGE_CURVE('',#5528,#5513,#101,.T.);
#4313=EDGE_CURVE('',#5527,#5528,#102,.T.);
#4314=EDGE_CURVE('',#5529,#5512,#103,.T.);
#4315=EDGE_CURVE('',#5528,#5529,#104,.T.);
#4316=EDGE_CURVE('',#5529,#5525,#105,.T.);
#4317=EDGE_CURVE('',#5530,#5503,#106,.T.);
#4318=EDGE_CURVE('',#5531,#5530,#107,.T.);
#4319=EDGE_CURVE('',#5531,#5505,#108,.T.);
#4320=EDGE_CURVE('',#5532,#5504,#109,.T.);
#4321=EDGE_CURVE('',#5530,#5532,#110,.T.);
#4322=EDGE_CURVE('',#5533,#5508,#111,.T.);
#4323=EDGE_CURVE('',#5532,#5533,#112,.T.);
#4324=EDGE_CURVE('',#5534,#5507,#113,.T.);
#4325=EDGE_CURVE('',#5533,#5534,#114,.T.);
#4326=EDGE_CURVE('',#5535,#5506,#115,.T.);
#4327=EDGE_CURVE('',#5534,#5535,#116,.T.);
#4328=EDGE_CURVE('',#5535,#5531,#117,.T.);
#4329=EDGE_CURVE('',#5536,#5497,#118,.T.);
#4330=EDGE_CURVE('',#5537,#5536,#119,.T.);
#4331=EDGE_CURVE('',#5537,#5499,#120,.T.);
#4332=EDGE_CURVE('',#5538,#5498,#121,.T.);
#4333=EDGE_CURVE('',#5536,#5538,#122,.T.);
#4334=EDGE_CURVE('',#5539,#5502,#123,.T.);
#4335=EDGE_CURVE('',#5538,#5539,#124,.T.);
#4336=EDGE_CURVE('',#5540,#5501,#125,.T.);
#4337=EDGE_CURVE('',#5539,#5540,#126,.T.);
#4338=EDGE_CURVE('',#5541,#5500,#127,.T.);
#4339=EDGE_CURVE('',#5540,#5541,#128,.T.);
#4340=EDGE_CURVE('',#5541,#5537,#129,.T.);
#4341=EDGE_CURVE('',#5478,#5542,#6300,.T.);
#4342=EDGE_CURVE('',#5542,#5481,#6301,.T.);
#4343=EDGE_CURVE('',#5480,#5543,#6302,.F.);
#4344=EDGE_CURVE('',#5543,#5479,#6303,.F.);
#4345=EDGE_CURVE('',#5474,#5477,#6304,.T.);
#4346=EDGE_CURVE('',#5476,#5475,#6305,.F.);
#4347=EDGE_CURVE('',#5486,#5473,#6306,.T.);
#4348=EDGE_CURVE('',#5472,#5487,#6307,.F.);
#4349=EDGE_CURVE('',#5482,#5485,#6308,.T.);
#4350=EDGE_CURVE('',#5484,#5483,#6309,.F.);
#4351=EDGE_CURVE('',#5477,#5494,#6310,.T.);
#4352=EDGE_CURVE('',#5495,#5474,#6311,.T.);
#4353=EDGE_CURVE('',#5496,#5473,#6312,.T.);
#4354=EDGE_CURVE('',#5478,#5493,#6313,.T.);
#4355=EDGE_CURVE('',#5488,#5486,#6314,.T.);
#4356=EDGE_CURVE('',#5481,#5491,#6315,.T.);
#4357=EDGE_CURVE('',#5489,#5485,#6316,.T.);
#4358=EDGE_CURVE('',#5482,#5490,#6317,.T.);
#4359=EDGE_CURVE('',#5475,#5520,#6318,.T.);
#4360=EDGE_CURVE('',#5521,#5476,#6319,.T.);
#4361=EDGE_CURVE('',#5522,#5479,#6320,.T.);
#4362=EDGE_CURVE('',#5472,#5519,#6321,.T.);
#4363=EDGE_CURVE('',#5515,#5480,#6322,.T.);
#4364=EDGE_CURVE('',#5487,#5518,#6323,.T.);
#4365=EDGE_CURVE('',#5516,#5483,#6324,.T.);
#4366=EDGE_CURVE('',#5484,#5517,#6325,.T.);
#4367=EDGE_CURVE('',#5544,#5545,#6326,.T.);
#4368=EDGE_CURVE('',#5544,#5546,#1697,.T.);
#4369=EDGE_CURVE('',#5546,#5547,#6327,.T.);
#4370=EDGE_CURVE('',#5545,#5547,#1698,.T.);
#4371=EDGE_CURVE('',#5548,#5549,#6328,.T.);
#4372=EDGE_CURVE('',#5548,#5550,#1699,.T.);
#4373=EDGE_CURVE('',#5550,#5551,#6329,.T.);
#4374=EDGE_CURVE('',#5549,#5551,#1700,.T.);
#4375=EDGE_CURVE('',#5552,#5553,#6330,.T.);
#4376=EDGE_CURVE('',#5552,#5554,#1701,.T.);
#4377=EDGE_CURVE('',#5554,#5555,#6331,.T.);
#4378=EDGE_CURVE('',#5553,#5555,#1702,.T.);
#4379=EDGE_CURVE('',#5556,#5557,#6332,.T.);
#4380=EDGE_CURVE('',#5557,#5558,#1703,.T.);
#4381=EDGE_CURVE('',#5559,#5558,#6333,.T.);
#4382=EDGE_CURVE('',#5556,#5559,#1704,.T.);
#4383=EDGE_CURVE('',#5560,#5561,#6334,.T.);
#4384=EDGE_CURVE('',#5561,#5562,#1705,.T.);
#4385=EDGE_CURVE('',#5563,#5562,#6335,.T.);
#4386=EDGE_CURVE('',#5560,#5563,#1706,.T.);
#4387=EDGE_CURVE('',#5564,#5565,#6336,.T.);
#4388=EDGE_CURVE('',#5565,#5566,#1707,.T.);
#4389=EDGE_CURVE('',#5567,#5566,#6337,.T.);
#4390=EDGE_CURVE('',#5564,#5567,#1708,.T.);
#4391=EDGE_CURVE('',#5565,#5564,#6338,.T.);
#4392=EDGE_CURVE('',#5566,#5567,#6339,.T.);
#4393=EDGE_CURVE('',#5561,#5560,#6340,.T.);
#4394=EDGE_CURVE('',#5562,#5563,#6341,.T.);
#4395=EDGE_CURVE('',#5557,#5556,#6342,.T.);
#4396=EDGE_CURVE('',#5558,#5559,#6343,.T.);
#4397=EDGE_CURVE('',#5568,#5569,#130,.T.);
#4398=EDGE_CURVE('',#5569,#5570,#131,.F.);
#4399=EDGE_CURVE('',#5570,#5571,#132,.F.);
#4400=EDGE_CURVE('',#5571,#5568,#133,.T.);
#4401=EDGE_CURVE('',#5572,#5573,#134,.T.);
#4402=EDGE_CURVE('',#5573,#5574,#135,.F.);
#4403=EDGE_CURVE('',#5574,#5575,#136,.F.);
#4404=EDGE_CURVE('',#5575,#5572,#137,.T.);
#4405=EDGE_CURVE('',#5576,#5577,#138,.T.);
#4406=EDGE_CURVE('',#5577,#5578,#139,.F.);
#4407=EDGE_CURVE('',#5578,#5579,#140,.F.);
#4408=EDGE_CURVE('',#5579,#5576,#141,.T.);
#4409=EDGE_CURVE('',#5580,#5581,#142,.T.);
#4410=EDGE_CURVE('',#5581,#5582,#143,.T.);
#4411=EDGE_CURVE('',#5582,#5583,#144,.F.);
#4412=EDGE_CURVE('',#5583,#5580,#145,.F.);
#4413=EDGE_CURVE('',#5584,#5585,#146,.F.);
#4414=EDGE_CURVE('',#5585,#5586,#6344,.T.);
#4415=EDGE_CURVE('',#5586,#5587,#147,.F.);
#4416=EDGE_CURVE('',#5587,#5588,#6345,.T.);
#4417=EDGE_CURVE('',#5588,#5589,#148,.T.);
#4418=EDGE_CURVE('',#5589,#5590,#6346,.T.);
#4419=EDGE_CURVE('',#5590,#5591,#6347,.T.);
#4420=EDGE_CURVE('',#5591,#5592,#149,.F.);
#4421=EDGE_CURVE('',#5592,#5584,#6348,.T.);
#4422=EDGE_CURVE('',#5547,#5546,#6349,.T.);
#4423=EDGE_CURVE('',#5551,#5550,#6350,.T.);
#4424=EDGE_CURVE('',#5555,#5554,#6351,.T.);
#4425=EDGE_CURVE('',#5593,#5594,#150,.F.);
#4426=EDGE_CURVE('',#5594,#5595,#6352,.F.);
#4427=EDGE_CURVE('',#5595,#5596,#151,.T.);
#4428=EDGE_CURVE('',#5596,#5597,#6353,.F.);
#4429=EDGE_CURVE('',#5597,#5598,#152,.T.);
#4430=EDGE_CURVE('',#5598,#5599,#6354,.F.);
#4431=EDGE_CURVE('',#5599,#5600,#153,.T.);
#4432=EDGE_CURVE('',#5600,#5601,#6355,.F.);
#4433=EDGE_CURVE('',#5601,#5593,#6356,.F.);
#4434=EDGE_CURVE('',#5553,#5552,#6357,.T.);
#4435=EDGE_CURVE('',#5549,#5548,#6358,.T.);
#4436=EDGE_CURVE('',#5545,#5544,#6359,.T.);
#4437=EDGE_CURVE('',#5570,#5573,#6360,.T.);
#4438=EDGE_CURVE('',#5572,#5571,#6361,.F.);
#4439=EDGE_CURVE('',#5578,#5581,#6362,.T.);
#4440=EDGE_CURVE('',#5580,#5579,#6363,.F.);
#4441=EDGE_CURVE('',#5574,#5577,#6364,.T.);
#4442=EDGE_CURVE('',#5576,#5575,#6365,.F.);
#4443=EDGE_CURVE('',#5582,#5602,#6366,.T.);
#4444=EDGE_CURVE('',#5602,#5569,#6367,.T.);
#4445=EDGE_CURVE('',#5568,#5603,#6368,.F.);
#4446=EDGE_CURVE('',#5603,#5583,#6369,.F.);
#4447=EDGE_CURVE('',#5573,#5598,#6370,.T.);
#4448=EDGE_CURVE('',#5599,#5570,#6371,.T.);
#4449=EDGE_CURVE('',#5600,#5569,#6372,.T.);
#4450=EDGE_CURVE('',#5574,#5597,#6373,.T.);
#4451=EDGE_CURVE('',#5593,#5582,#6374,.T.);
#4452=EDGE_CURVE('',#5577,#5596,#6375,.T.);
#4453=EDGE_CURVE('',#5594,#5581,#6376,.T.);
#4454=EDGE_CURVE('',#5578,#5595,#6377,.T.);
#4455=EDGE_CURVE('',#5583,#5589,#6378,.T.);
#4456=EDGE_CURVE('',#5591,#5568,#6379,.T.);
#4457=EDGE_CURVE('',#5592,#5571,#6380,.T.);
#4458=EDGE_CURVE('',#5580,#5588,#6381,.T.);
#4459=EDGE_CURVE('',#5584,#5572,#6382,.T.);
#4460=EDGE_CURVE('',#5579,#5587,#6383,.T.);
#4461=EDGE_CURVE('',#5585,#5575,#6384,.T.);
#4462=EDGE_CURVE('',#5576,#5586,#6385,.T.);
#4463=EDGE_CURVE('',#5604,#5605,#6386,.T.);
#4464=EDGE_CURVE('',#5604,#5606,#1709,.T.);
#4465=EDGE_CURVE('',#5606,#5607,#6387,.T.);
#4466=EDGE_CURVE('',#5605,#5607,#1710,.T.);
#4467=EDGE_CURVE('',#5608,#5609,#154,.T.);
#4468=EDGE_CURVE('',#5610,#5609,#155,.T.);
#4469=EDGE_CURVE('',#5611,#5610,#156,.T.);
#4470=EDGE_CURVE('',#5611,#5608,#157,.T.);
#4471=EDGE_CURVE('',#5608,#5612,#6388,.T.);
#4472=EDGE_CURVE('',#5611,#5613,#6389,.T.);
#4473=EDGE_CURVE('',#5613,#5614,#6390,.T.);
#4474=EDGE_CURVE('',#5614,#5615,#158,.T.);
#4475=EDGE_CURVE('',#5612,#5615,#6391,.T.);
#4476=EDGE_CURVE('',#5616,#5615,#159,.T.);
#4477=EDGE_CURVE('',#5617,#5614,#160,.T.);
#4478=EDGE_CURVE('',#5617,#5616,#161,.T.);
#4479=EDGE_CURVE('',#5618,#5616,#6392,.T.);
#4480=EDGE_CURVE('',#5619,#5617,#6393,.T.);
#4481=EDGE_CURVE('',#5619,#5618,#162,.T.);
#4482=EDGE_CURVE('',#5618,#5620,#163,.T.);
#4483=EDGE_CURVE('',#5619,#5621,#164,.T.);
#4484=EDGE_CURVE('',#5621,#5620,#165,.T.);
#4485=EDGE_CURVE('',#5622,#5620,#166,.T.);
#4486=EDGE_CURVE('',#5623,#5621,#167,.T.);
#4487=EDGE_CURVE('',#5623,#5622,#168,.T.);
#4488=EDGE_CURVE('',#5624,#5622,#169,.T.);
#4489=EDGE_CURVE('',#5625,#5623,#170,.T.);
#4490=EDGE_CURVE('',#5625,#5624,#171,.T.);
#4491=EDGE_CURVE('',#5626,#5627,#6394,.T.);
#4492=EDGE_CURVE('',#5627,#5624,#6395,.T.);
#4493=EDGE_CURVE('',#5628,#5625,#6396,.T.);
#4494=EDGE_CURVE('',#5629,#5628,#6397,.T.);
#4495=EDGE_CURVE('',#5629,#5626,#172,.T.);
#4496=EDGE_CURVE('',#5626,#5630,#173,.T.);
#4497=EDGE_CURVE('',#5629,#5631,#174,.T.);
#4498=EDGE_CURVE('',#5631,#5630,#175,.T.);
#4499=EDGE_CURVE('',#5630,#5632,#6398,.T.);
#4500=EDGE_CURVE('',#5631,#5633,#6399,.T.);
#4501=EDGE_CURVE('',#5633,#5632,#176,.T.);
#4502=EDGE_CURVE('',#5634,#5632,#177,.T.);
#4503=EDGE_CURVE('',#5635,#5633,#178,.T.);
#4504=EDGE_CURVE('',#5635,#5634,#179,.T.);
#4505=EDGE_CURVE('',#5634,#5636,#6400,.T.);
#4506=EDGE_CURVE('',#5635,#5637,#6401,.T.);
#4507=EDGE_CURVE('',#5637,#5636,#180,.T.);
#4508=EDGE_CURVE('',#5638,#5636,#181,.T.);
#4509=EDGE_CURVE('',#5639,#5637,#182,.T.);
#4510=EDGE_CURVE('',#5639,#5638,#183,.T.);
#4511=EDGE_CURVE('',#5638,#5640,#6402,.T.);
#4512=EDGE_CURVE('',#5639,#5641,#6403,.T.);
#4513=EDGE_CURVE('',#5641,#5640,#184,.T.);
#4514=EDGE_CURVE('',#5642,#5640,#185,.T.);
#4515=EDGE_CURVE('',#5643,#5641,#186,.T.);
#4516=EDGE_CURVE('',#5643,#5642,#187,.T.);
#4517=EDGE_CURVE('',#5644,#5642,#6404,.T.);
#4518=EDGE_CURVE('',#5645,#5643,#6405,.T.);
#4519=EDGE_CURVE('',#5645,#5644,#188,.T.);
#4520=EDGE_CURVE('',#5644,#5646,#189,.T.);
#4521=EDGE_CURVE('',#5645,#5647,#190,.T.);
#4522=EDGE_CURVE('',#5647,#5646,#191,.T.);
#4523=EDGE_CURVE('',#5648,#5646,#192,.T.);
#4524=EDGE_CURVE('',#5649,#5647,#193,.T.);
#4525=EDGE_CURVE('',#5649,#5648,#194,.T.);
#4526=EDGE_CURVE('',#5650,#5648,#195,.T.);
#4527=EDGE_CURVE('',#5651,#5649,#196,.T.);
#4528=EDGE_CURVE('',#5651,#5650,#197,.T.);
#4529=EDGE_CURVE('',#5652,#5650,#6406,.T.);
#4530=EDGE_CURVE('',#5653,#5651,#6407,.T.);
#4531=EDGE_CURVE('',#5653,#5652,#198,.T.);
#4532=EDGE_CURVE('',#5652,#5654,#199,.T.);
#4533=EDGE_CURVE('',#5653,#5655,#200,.T.);
#4534=EDGE_CURVE('',#5655,#5654,#201,.T.);
#4535=EDGE_CURVE('',#5654,#5656,#6408,.T.);
#4536=EDGE_CURVE('',#5655,#5657,#6409,.T.);
#4537=EDGE_CURVE('',#5657,#5656,#202,.T.);
#4538=EDGE_CURVE('',#5658,#5656,#203,.T.);
#4539=EDGE_CURVE('',#5659,#5657,#204,.T.);
#4540=EDGE_CURVE('',#5659,#5658,#205,.T.);
#4541=EDGE_CURVE('',#5658,#5660,#6410,.T.);
#4542=EDGE_CURVE('',#5659,#5661,#6411,.T.);
#4543=EDGE_CURVE('',#5661,#5660,#206,.T.);
#4544=EDGE_CURVE('',#5660,#5662,#207,.T.);
#4545=EDGE_CURVE('',#5661,#5663,#208,.T.);
#4546=EDGE_CURVE('',#5663,#5662,#209,.T.);
#4547=EDGE_CURVE('',#5662,#5664,#6412,.T.);
#4548=EDGE_CURVE('',#5663,#5665,#6413,.T.);
#4549=EDGE_CURVE('',#5665,#5664,#210,.T.);
#4550=EDGE_CURVE('',#5666,#5664,#211,.T.);
#4551=EDGE_CURVE('',#5667,#5665,#212,.T.);
#4552=EDGE_CURVE('',#5667,#5666,#213,.T.);
#4553=EDGE_CURVE('',#5668,#5669,#6414,.T.);
#4554=EDGE_CURVE('',#5669,#5666,#6415,.T.);
#4555=EDGE_CURVE('',#5670,#5667,#6416,.T.);
#4556=EDGE_CURVE('',#5671,#5670,#6417,.T.);
#4557=EDGE_CURVE('',#5671,#5668,#214,.T.);
#4558=EDGE_CURVE('',#5668,#5672,#215,.T.);
#4559=EDGE_CURVE('',#5671,#5673,#216,.T.);
#4560=EDGE_CURVE('',#5673,#5672,#217,.T.);
#4561=EDGE_CURVE('',#5672,#5674,#218,.T.);
#4562=EDGE_CURVE('',#5673,#5675,#219,.T.);
#4563=EDGE_CURVE('',#5675,#5674,#220,.T.);
#4564=EDGE_CURVE('',#5676,#5674,#221,.T.);
#4565=EDGE_CURVE('',#5677,#5675,#222,.T.);
#4566=EDGE_CURVE('',#5677,#5676,#223,.T.);
#4567=EDGE_CURVE('',#5678,#5676,#6418,.T.);
#4568=EDGE_CURVE('',#5679,#5677,#6419,.T.);
#4569=EDGE_CURVE('',#5679,#5678,#224,.T.);
#4570=EDGE_CURVE('',#5678,#5680,#225,.T.);
#4571=EDGE_CURVE('',#5679,#5681,#226,.T.);
#4572=EDGE_CURVE('',#5681,#5680,#227,.T.);
#4573=EDGE_CURVE('',#5680,#5682,#6420,.T.);
#4574=EDGE_CURVE('',#5681,#5683,#6421,.T.);
#4575=EDGE_CURVE('',#5683,#5684,#6422,.T.);
#4576=EDGE_CURVE('',#5684,#5685,#228,.T.);
#4577=EDGE_CURVE('',#5682,#5685,#6423,.T.);
#4578=EDGE_CURVE('',#5685,#5686,#229,.T.);
#4579=EDGE_CURVE('',#5684,#5687,#230,.T.);
#4580=EDGE_CURVE('',#5687,#5686,#231,.T.);
#4581=EDGE_CURVE('',#5686,#5688,#6424,.T.);
#4582=EDGE_CURVE('',#5687,#5689,#6425,.T.);
#4583=EDGE_CURVE('',#5689,#5688,#232,.T.);
#4584=EDGE_CURVE('',#5688,#5690,#233,.T.);
#4585=EDGE_CURVE('',#5689,#5691,#234,.T.);
#4586=EDGE_CURVE('',#5691,#5690,#235,.T.);
#4587=EDGE_CURVE('',#5690,#5692,#6426,.T.);
#4588=EDGE_CURVE('',#5691,#5693,#6427,.T.);
#4589=EDGE_CURVE('',#5693,#5692,#236,.T.);
#4590=EDGE_CURVE('',#5694,#5692,#237,.T.);
#4591=EDGE_CURVE('',#5695,#5693,#238,.T.);
#4592=EDGE_CURVE('',#5695,#5694,#239,.T.);
#4593=EDGE_CURVE('',#5696,#5694,#6428,.T.);
#4594=EDGE_CURVE('',#5697,#5695,#6429,.T.);
#4595=EDGE_CURVE('',#5697,#5696,#240,.T.);
#4596=EDGE_CURVE('',#5696,#5698,#241,.T.);
#4597=EDGE_CURVE('',#5697,#5699,#242,.T.);
#4598=EDGE_CURVE('',#5699,#5698,#243,.T.);
#4599=EDGE_CURVE('',#5698,#5700,#244,.T.);
#4600=EDGE_CURVE('',#5699,#5701,#245,.T.);
#4601=EDGE_CURVE('',#5701,#5700,#246,.T.);
#4602=EDGE_CURVE('',#5702,#5700,#247,.T.);
#4603=EDGE_CURVE('',#5703,#5701,#248,.T.);
#4604=EDGE_CURVE('',#5703,#5702,#249,.T.);
#4605=EDGE_CURVE('',#5704,#5702,#6430,.T.);
#4606=EDGE_CURVE('',#5705,#5703,#6431,.T.);
#4607=EDGE_CURVE('',#5705,#5704,#250,.T.);
#4608=EDGE_CURVE('',#5704,#5706,#251,.T.);
#4609=EDGE_CURVE('',#5705,#5707,#252,.T.);
#4610=EDGE_CURVE('',#5707,#5706,#253,.T.);
#4611=EDGE_CURVE('',#5706,#5708,#6432,.T.);
#4612=EDGE_CURVE('',#5707,#5709,#6433,.T.);
#4613=EDGE_CURVE('',#5709,#5710,#6434,.T.);
#4614=EDGE_CURVE('',#5710,#5711,#254,.T.);
#4615=EDGE_CURVE('',#5708,#5711,#6435,.T.);
#4616=EDGE_CURVE('',#5711,#5712,#255,.T.);
#4617=EDGE_CURVE('',#5710,#5713,#256,.T.);
#4618=EDGE_CURVE('',#5713,#5712,#257,.T.);
#4619=EDGE_CURVE('',#5712,#5609,#6436,.T.);
#4620=EDGE_CURVE('',#5713,#5610,#6437,.T.);
#4621=EDGE_CURVE('',#5605,#5604,#6438,.T.);
#4622=EDGE_CURVE('',#5607,#5606,#6439,.T.);
#4623=EDGE_CURVE('',#5714,#5715,#6440,.T.);
#4624=EDGE_CURVE('',#5714,#5716,#1711,.T.);
#4625=EDGE_CURVE('',#5716,#5717,#6441,.T.);
#4626=EDGE_CURVE('',#5715,#5717,#1712,.T.);
#4627=EDGE_CURVE('',#5718,#5719,#6442,.T.);
#4628=EDGE_CURVE('',#5718,#5720,#1713,.T.);
#4629=EDGE_CURVE('',#5720,#5721,#6443,.T.);
#4630=EDGE_CURVE('',#5719,#5721,#1714,.T.);
#4631=EDGE_CURVE('',#5722,#5723,#6444,.T.);
#4632=EDGE_CURVE('',#5722,#5724,#1715,.T.);
#4633=EDGE_CURVE('',#5724,#5725,#6445,.T.);
#4634=EDGE_CURVE('',#5723,#5725,#1716,.T.);
#4635=EDGE_CURVE('',#5726,#5727,#258,.T.);
#4636=EDGE_CURVE('',#5728,#5727,#259,.T.);
#4637=EDGE_CURVE('',#5729,#5728,#260,.T.);
#4638=EDGE_CURVE('',#5729,#5726,#261,.T.);
#4639=EDGE_CURVE('',#5730,#5726,#262,.T.);
#4640=EDGE_CURVE('',#5731,#5729,#263,.T.);
#4641=EDGE_CURVE('',#5731,#5730,#264,.T.);
#4642=EDGE_CURVE('',#5730,#5732,#265,.T.);
#4643=EDGE_CURVE('',#5731,#5733,#266,.T.);
#4644=EDGE_CURVE('',#5733,#5732,#267,.T.);
#4645=EDGE_CURVE('',#5723,#5722,#6446,.T.);
#4646=EDGE_CURVE('',#5725,#5724,#6447,.T.);
#4647=EDGE_CURVE('',#5719,#5718,#6448,.T.);
#4648=EDGE_CURVE('',#5721,#5720,#6449,.T.);
#4649=EDGE_CURVE('',#5727,#5732,#268,.T.);
#4650=EDGE_CURVE('',#5728,#5733,#269,.T.);
#4651=EDGE_CURVE('',#5715,#5714,#6450,.T.);
#4652=EDGE_CURVE('',#5717,#5716,#6451,.T.);
#4653=EDGE_CURVE('',#5734,#5735,#6452,.T.);
#4654=EDGE_CURVE('',#5734,#5736,#1717,.T.);
#4655=EDGE_CURVE('',#5736,#5737,#6453,.T.);
#4656=EDGE_CURVE('',#5735,#5737,#1718,.T.);
#4657=EDGE_CURVE('',#5738,#5739,#6454,.T.);
#4658=EDGE_CURVE('',#5738,#5740,#1719,.T.);
#4659=EDGE_CURVE('',#5740,#5741,#6455,.T.);
#4660=EDGE_CURVE('',#5739,#5741,#1720,.T.);
#4661=EDGE_CURVE('',#5742,#5743,#6456,.T.);
#4662=EDGE_CURVE('',#5742,#5744,#1721,.T.);
#4663=EDGE_CURVE('',#5744,#5745,#6457,.T.);
#4664=EDGE_CURVE('',#5743,#5745,#1722,.T.);
#4665=EDGE_CURVE('',#5746,#5747,#270,.T.);
#4666=EDGE_CURVE('',#5748,#5746,#271,.T.);
#4667=EDGE_CURVE('',#5748,#5749,#272,.T.);
#4668=EDGE_CURVE('',#5749,#5747,#273,.T.);
#4669=EDGE_CURVE('',#5750,#5747,#274,.T.);
#4670=EDGE_CURVE('',#5751,#5749,#275,.T.);
#4671=EDGE_CURVE('',#5751,#5750,#276,.T.);
#4672=EDGE_CURVE('',#5752,#5750,#277,.T.);
#4673=EDGE_CURVE('',#5753,#5751,#278,.T.);
#4674=EDGE_CURVE('',#5753,#5752,#279,.T.);
#4675=EDGE_CURVE('',#5743,#5742,#6458,.T.);
#4676=EDGE_CURVE('',#5745,#5744,#6459,.T.);
#4677=EDGE_CURVE('',#5739,#5738,#6460,.T.);
#4678=EDGE_CURVE('',#5741,#5740,#6461,.T.);
#4679=EDGE_CURVE('',#5752,#5746,#280,.T.);
#4680=EDGE_CURVE('',#5753,#5748,#281,.T.);
#4681=EDGE_CURVE('',#5735,#5734,#6462,.T.);
#4682=EDGE_CURVE('',#5737,#5736,#6463,.T.);
#4683=EDGE_CURVE('',#5754,#5755,#6464,.T.);
#4684=EDGE_CURVE('',#5754,#5756,#1723,.T.);
#4685=EDGE_CURVE('',#5756,#5757,#6465,.T.);
#4686=EDGE_CURVE('',#5755,#5757,#1724,.T.);
#4687=EDGE_CURVE('',#5758,#5759,#6466,.T.);
#4688=EDGE_CURVE('',#5758,#5760,#1725,.T.);
#4689=EDGE_CURVE('',#5760,#5761,#6467,.T.);
#4690=EDGE_CURVE('',#5759,#5761,#1726,.T.);
#4691=EDGE_CURVE('',#5762,#5763,#6468,.T.);
#4692=EDGE_CURVE('',#5762,#5764,#1727,.T.);
#4693=EDGE_CURVE('',#5764,#5765,#6469,.T.);
#4694=EDGE_CURVE('',#5763,#5765,#1728,.T.);
#4695=EDGE_CURVE('',#5766,#5767,#282,.T.);
#4696=EDGE_CURVE('',#5768,#5767,#283,.T.);
#4697=EDGE_CURVE('',#5769,#5768,#284,.T.);
#4698=EDGE_CURVE('',#5769,#5766,#285,.T.);
#4699=EDGE_CURVE('',#5766,#5770,#286,.T.);
#4700=EDGE_CURVE('',#5769,#5771,#287,.T.);
#4701=EDGE_CURVE('',#5771,#5770,#288,.T.);
#4702=EDGE_CURVE('',#5770,#5772,#289,.T.);
#4703=EDGE_CURVE('',#5771,#5773,#290,.T.);
#4704=EDGE_CURVE('',#5773,#5772,#291,.T.);
#4705=EDGE_CURVE('',#5763,#5762,#6470,.T.);
#4706=EDGE_CURVE('',#5765,#5764,#6471,.T.);
#4707=EDGE_CURVE('',#5759,#5758,#6472,.T.);
#4708=EDGE_CURVE('',#5761,#5760,#6473,.T.);
#4709=EDGE_CURVE('',#5772,#5767,#292,.T.);
#4710=EDGE_CURVE('',#5773,#5768,#293,.T.);
#4711=EDGE_CURVE('',#5755,#5754,#6474,.T.);
#4712=EDGE_CURVE('',#5757,#5756,#6475,.T.);
#4713=EDGE_CURVE('',#5774,#5775,#6476,.T.);
#4714=EDGE_CURVE('',#5775,#5776,#1729,.T.);
#4715=EDGE_CURVE('',#5777,#5776,#6477,.T.);
#4716=EDGE_CURVE('',#5774,#5777,#1730,.T.);
#4717=EDGE_CURVE('',#5778,#5779,#6478,.T.);
#4718=EDGE_CURVE('',#5779,#5780,#1731,.T.);
#4719=EDGE_CURVE('',#5781,#5780,#6479,.T.);
#4720=EDGE_CURVE('',#5778,#5781,#1732,.T.);
#4721=EDGE_CURVE('',#5782,#5783,#6480,.T.);
#4722=EDGE_CURVE('',#5783,#5784,#1733,.T.);
#4723=EDGE_CURVE('',#5785,#5784,#6481,.T.);
#4724=EDGE_CURVE('',#5782,#5785,#1734,.T.);
#4725=EDGE_CURVE('',#5786,#5787,#294,.T.);
#4726=EDGE_CURVE('',#5788,#5786,#295,.T.);
#4727=EDGE_CURVE('',#5788,#5789,#296,.T.);
#4728=EDGE_CURVE('',#5789,#5787,#297,.T.);
#4729=EDGE_CURVE('',#5790,#5786,#298,.T.);
#4730=EDGE_CURVE('',#5791,#5790,#299,.T.);
#4731=EDGE_CURVE('',#5791,#5788,#300,.T.);
#4732=EDGE_CURVE('',#5792,#5790,#301,.T.);
#4733=EDGE_CURVE('',#5793,#5792,#302,.T.);
#4734=EDGE_CURVE('',#5793,#5791,#303,.T.);
#4735=EDGE_CURVE('',#5783,#5782,#6482,.T.);
#4736=EDGE_CURVE('',#5784,#5785,#6483,.T.);
#4737=EDGE_CURVE('',#5779,#5778,#6484,.T.);
#4738=EDGE_CURVE('',#5780,#5781,#6485,.T.);
#4739=EDGE_CURVE('',#5792,#5787,#304,.T.);
#4740=EDGE_CURVE('',#5793,#5789,#305,.T.);
#4741=EDGE_CURVE('',#5775,#5774,#6486,.T.);
#4742=EDGE_CURVE('',#5776,#5777,#6487,.T.);
#4743=EDGE_CURVE('',#5794,#5795,#6488,.T.);
#4744=EDGE_CURVE('',#5795,#5796,#1735,.T.);
#4745=EDGE_CURVE('',#5797,#5796,#6489,.T.);
#4746=EDGE_CURVE('',#5794,#5797,#1736,.T.);
#4747=EDGE_CURVE('',#5798,#5799,#6490,.T.);
#4748=EDGE_CURVE('',#5799,#5800,#1737,.T.);
#4749=EDGE_CURVE('',#5801,#5800,#6491,.T.);
#4750=EDGE_CURVE('',#5798,#5801,#1738,.T.);
#4751=EDGE_CURVE('',#5802,#5803,#6492,.T.);
#4752=EDGE_CURVE('',#5803,#5804,#1739,.T.);
#4753=EDGE_CURVE('',#5805,#5804,#6493,.T.);
#4754=EDGE_CURVE('',#5802,#5805,#1740,.T.);
#4755=EDGE_CURVE('',#5806,#5807,#306,.T.);
#4756=EDGE_CURVE('',#5808,#5806,#307,.T.);
#4757=EDGE_CURVE('',#5808,#5809,#308,.T.);
#4758=EDGE_CURVE('',#5809,#5807,#309,.T.);
#4759=EDGE_CURVE('',#5810,#5806,#310,.T.);
#4760=EDGE_CURVE('',#5811,#5810,#311,.T.);
#4761=EDGE_CURVE('',#5811,#5808,#312,.T.);
#4762=EDGE_CURVE('',#5810,#5812,#313,.T.);
#4763=EDGE_CURVE('',#5813,#5812,#314,.T.);
#4764=EDGE_CURVE('',#5811,#5813,#315,.T.);
#4765=EDGE_CURVE('',#5803,#5802,#6494,.T.);
#4766=EDGE_CURVE('',#5804,#5805,#6495,.T.);
#4767=EDGE_CURVE('',#5799,#5798,#6496,.T.);
#4768=EDGE_CURVE('',#5800,#5801,#6497,.T.);
#4769=EDGE_CURVE('',#5812,#5807,#316,.T.);
#4770=EDGE_CURVE('',#5813,#5809,#317,.T.);
#4771=EDGE_CURVE('',#5795,#5794,#6498,.T.);
#4772=EDGE_CURVE('',#5796,#5797,#6499,.T.);
#4773=EDGE_CURVE('',#5814,#5815,#6500,.T.);
#4774=EDGE_CURVE('',#5815,#5816,#1741,.T.);
#4775=EDGE_CURVE('',#5817,#5816,#6501,.T.);
#4776=EDGE_CURVE('',#5814,#5817,#1742,.T.);
#4777=EDGE_CURVE('',#5818,#5819,#6502,.T.);
#4778=EDGE_CURVE('',#5819,#5820,#1743,.T.);
#4779=EDGE_CURVE('',#5821,#5820,#6503,.T.);
#4780=EDGE_CURVE('',#5818,#5821,#1744,.T.);
#4781=EDGE_CURVE('',#5822,#5823,#6504,.T.);
#4782=EDGE_CURVE('',#5823,#5824,#1745,.T.);
#4783=EDGE_CURVE('',#5825,#5824,#6505,.T.);
#4784=EDGE_CURVE('',#5822,#5825,#1746,.T.);
#4785=EDGE_CURVE('',#5826,#5827,#318,.T.);
#4786=EDGE_CURVE('',#5828,#5826,#319,.T.);
#4787=EDGE_CURVE('',#5828,#5829,#320,.T.);
#4788=EDGE_CURVE('',#5829,#5827,#321,.T.);
#4789=EDGE_CURVE('',#5830,#5826,#322,.T.);
#4790=EDGE_CURVE('',#5831,#5830,#323,.T.);
#4791=EDGE_CURVE('',#5831,#5828,#324,.T.);
#4792=EDGE_CURVE('',#5830,#5832,#325,.T.);
#4793=EDGE_CURVE('',#5833,#5832,#326,.T.);
#4794=EDGE_CURVE('',#5831,#5833,#327,.T.);
#4795=EDGE_CURVE('',#5823,#5822,#6506,.T.);
#4796=EDGE_CURVE('',#5824,#5825,#6507,.T.);
#4797=EDGE_CURVE('',#5819,#5818,#6508,.T.);
#4798=EDGE_CURVE('',#5820,#5821,#6509,.T.);
#4799=EDGE_CURVE('',#5832,#5827,#328,.T.);
#4800=EDGE_CURVE('',#5833,#5829,#329,.T.);
#4801=EDGE_CURVE('',#5815,#5814,#6510,.T.);
#4802=EDGE_CURVE('',#5816,#5817,#6511,.T.);
#4803=EDGE_CURVE('',#5834,#5835,#6512,.T.);
#4804=EDGE_CURVE('',#5835,#5836,#1747,.T.);
#4805=EDGE_CURVE('',#5836,#5837,#6513,.T.);
#4806=EDGE_CURVE('',#5834,#5837,#1748,.T.);
#4807=EDGE_CURVE('',#5838,#5839,#6514,.T.);
#4808=EDGE_CURVE('',#5839,#5840,#1749,.T.);
#4809=EDGE_CURVE('',#5840,#5841,#6515,.T.);
#4810=EDGE_CURVE('',#5838,#5841,#330,.T.);
#4811=EDGE_CURVE('',#5842,#5843,#6516,.T.);
#4812=EDGE_CURVE('',#5843,#5844,#1750,.T.);
#4813=EDGE_CURVE('',#5844,#5845,#6517,.T.);
#4814=EDGE_CURVE('',#5842,#5845,#331,.T.);
#4815=EDGE_CURVE('',#5846,#5847,#6518,.T.);
#4816=EDGE_CURVE('',#5847,#5848,#1751,.T.);
#4817=EDGE_CURVE('',#5848,#5849,#6519,.T.);
#4818=EDGE_CURVE('',#5846,#5849,#1752,.T.);
#4819=EDGE_CURVE('',#5850,#5851,#6520,.T.);
#4820=EDGE_CURVE('',#5851,#5852,#1753,.T.);
#4821=EDGE_CURVE('',#5853,#5852,#6521,.T.);
#4822=EDGE_CURVE('',#5850,#5853,#1754,.T.);
#4823=EDGE_CURVE('',#5854,#5855,#6522,.T.);
#4824=EDGE_CURVE('',#5855,#5856,#1755,.T.);
#4825=EDGE_CURVE('',#5857,#5856,#6523,.T.);
#4826=EDGE_CURVE('',#5854,#5857,#1756,.T.);
#4827=EDGE_CURVE('',#5858,#5859,#6524,.T.);
#4828=EDGE_CURVE('',#5859,#5860,#1757,.T.);
#4829=EDGE_CURVE('',#5861,#5860,#6525,.T.);
#4830=EDGE_CURVE('',#5858,#5861,#1758,.T.);
#4831=EDGE_CURVE('',#5862,#5863,#6526,.T.);
#4832=EDGE_CURVE('',#5863,#5864,#1759,.T.);
#4833=EDGE_CURVE('',#5865,#5864,#6527,.T.);
#4834=EDGE_CURVE('',#5862,#5865,#1760,.T.);
#4835=EDGE_CURVE('',#5866,#5867,#6528,.T.);
#4836=EDGE_CURVE('',#5867,#5868,#1761,.T.);
#4837=EDGE_CURVE('',#5869,#5868,#6529,.T.);
#4838=EDGE_CURVE('',#5866,#5869,#1762,.T.);
#4839=EDGE_CURVE('',#5870,#5871,#6530,.T.);
#4840=EDGE_CURVE('',#5871,#5872,#1763,.T.);
#4841=EDGE_CURVE('',#5873,#5872,#6531,.T.);
#4842=EDGE_CURVE('',#5870,#5873,#1764,.T.);
#4843=EDGE_CURVE('',#5874,#5875,#332,.T.);
#4844=EDGE_CURVE('',#5875,#5876,#333,.T.);
#4845=EDGE_CURVE('',#5877,#5876,#334,.T.);
#4846=EDGE_CURVE('',#5877,#5874,#335,.T.);
#4847=EDGE_CURVE('',#5878,#5879,#336,.T.);
#4848=EDGE_CURVE('',#5879,#5880,#337,.T.);
#4849=EDGE_CURVE('',#5881,#5880,#338,.T.);
#4850=EDGE_CURVE('',#5882,#5881,#339,.T.);
#4851=EDGE_CURVE('',#5883,#5882,#340,.T.);
#4852=EDGE_CURVE('',#5883,#5884,#341,.T.);
#4853=EDGE_CURVE('',#5885,#5884,#342,.T.);
#4854=EDGE_CURVE('',#5886,#5885,#343,.T.);
#4855=EDGE_CURVE('',#5887,#5886,#344,.T.);
#4856=EDGE_CURVE('',#5887,#5888,#345,.T.);
#4857=EDGE_CURVE('',#5889,#5888,#346,.T.);
#4858=EDGE_CURVE('',#5890,#5889,#347,.T.);
#4859=EDGE_CURVE('',#5890,#5891,#348,.T.);
#4860=EDGE_CURVE('',#5891,#5892,#349,.T.);
#4861=EDGE_CURVE('',#5892,#5893,#350,.T.);
#4862=EDGE_CURVE('',#5878,#5893,#351,.T.);
#4863=EDGE_CURVE('',#5894,#5895,#352,.F.);
#4864=EDGE_CURVE('',#5895,#5896,#353,.T.);
#4865=EDGE_CURVE('',#5896,#5897,#354,.T.);
#4866=EDGE_CURVE('',#5894,#5897,#355,.T.);
#4867=EDGE_CURVE('',#5898,#5899,#356,.T.);
#4868=EDGE_CURVE('',#5900,#5898,#357,.F.);
#4869=EDGE_CURVE('',#5900,#5901,#358,.T.);
#4870=EDGE_CURVE('',#5899,#5901,#359,.T.);
#4871=EDGE_CURVE('',#5902,#5903,#360,.T.);
#4872=EDGE_CURVE('',#5902,#5904,#361,.T.);
#4873=EDGE_CURVE('',#5904,#5905,#362,.T.);
#4874=EDGE_CURVE('',#5903,#5905,#363,.T.);
#4875=EDGE_CURVE('',#5906,#5902,#10,.T.);
#4876=EDGE_CURVE('',#5879,#5906,#364,.T.);
#4877=EDGE_CURVE('',#5878,#5907,#365,.T.);
#4878=EDGE_CURVE('',#5907,#5904,#366,.T.);
#4879=EDGE_CURVE('',#5908,#5909,#11,.T.);
#4880=EDGE_CURVE('',#5908,#5910,#367,.T.);
#4881=EDGE_CURVE('',#5910,#5911,#368,.T.);
#4882=EDGE_CURVE('',#5891,#5911,#369,.T.);
#4883=EDGE_CURVE('',#5890,#5909,#370,.T.);
#4884=EDGE_CURVE('',#5908,#5912,#371,.T.);
#4885=EDGE_CURVE('',#5912,#5913,#372,.T.);
#4886=EDGE_CURVE('',#5910,#5913,#373,.T.);
#4887=EDGE_CURVE('',#5851,#5850,#6532,.T.);
#4888=EDGE_CURVE('',#5855,#5854,#6533,.T.);
#4889=EDGE_CURVE('',#5859,#5858,#6534,.T.);
#4890=EDGE_CURVE('',#5863,#5862,#6535,.T.);
#4891=EDGE_CURVE('',#5867,#5866,#6536,.T.);
#4892=EDGE_CURVE('',#5871,#5870,#6537,.T.);
#4893=EDGE_CURVE('',#5893,#5914,#374,.T.);
#4894=EDGE_CURVE('',#5892,#5915,#375,.T.);
#4895=EDGE_CURVE('',#5915,#5914,#376,.T.);
#4896=EDGE_CURVE('',#5916,#5917,#377,.T.);
#4897=EDGE_CURVE('',#5918,#5916,#378,.T.);
#4898=EDGE_CURVE('',#5874,#5918,#379,.T.);
#4899=EDGE_CURVE('',#5919,#5877,#380,.T.);
#4900=EDGE_CURVE('',#5917,#5919,#381,.T.);
#4901=EDGE_CURVE('',#5920,#5912,#12,.T.);
#4902=EDGE_CURVE('',#5921,#5920,#6538,.F.);
#4903=EDGE_CURVE('',#5922,#5921,#382,.T.);
#4904=EDGE_CURVE('',#5922,#5913,#383,.T.);
#4905=EDGE_CURVE('',#5923,#5924,#384,.T.);
#4906=EDGE_CURVE('',#5923,#5899,#385,.T.);
#4907=EDGE_CURVE('',#5924,#5901,#386,.T.);
#4908=EDGE_CURVE('',#5911,#5915,#387,.T.);
#4909=EDGE_CURVE('',#5922,#5925,#388,.T.);
#4910=EDGE_CURVE('',#5925,#5926,#389,.T.);
#4911=EDGE_CURVE('',#5927,#5926,#390,.T.);
#4912=EDGE_CURVE('',#5927,#5928,#391,.T.);
#4913=EDGE_CURVE('',#5929,#5928,#392,.T.);
#4914=EDGE_CURVE('',#5905,#5929,#393,.T.);
#4915=EDGE_CURVE('',#5907,#5914,#394,.T.);
#4916=EDGE_CURVE('',#5896,#5930,#395,.T.);
#4917=EDGE_CURVE('',#5930,#5931,#396,.T.);
#4918=EDGE_CURVE('',#5897,#5931,#397,.T.);
#4919=EDGE_CURVE('',#5932,#5933,#398,.T.);
#4920=EDGE_CURVE('',#5932,#5934,#399,.T.);
#4921=EDGE_CURVE('',#5926,#5934,#400,.T.);
#4922=EDGE_CURVE('',#5925,#5935,#401,.T.);
#4923=EDGE_CURVE('',#5935,#5933,#6539,.F.);
#4924=EDGE_CURVE('',#5936,#5937,#402,.T.);
#4925=EDGE_CURVE('',#5937,#5938,#6540,.T.);
#4926=EDGE_CURVE('',#5938,#5939,#6541,.T.);
#4927=EDGE_CURVE('',#5940,#5939,#403,.T.);
#4928=EDGE_CURVE('',#5940,#5941,#6542,.T.);
#4929=EDGE_CURVE('',#5941,#5936,#6543,.T.);
#4930=EDGE_CURVE('',#5942,#5943,#404,.T.);
#4931=EDGE_CURVE('',#5916,#5942,#405,.T.);
#4932=EDGE_CURVE('',#5917,#5943,#406,.T.);
#4933=EDGE_CURVE('',#5943,#5944,#407,.T.);
#4934=EDGE_CURVE('',#5919,#5944,#408,.T.);
#4935=EDGE_CURVE('',#5944,#5876,#409,.T.);
#4936=EDGE_CURVE('',#5875,#5945,#410,.T.);
#4937=EDGE_CURVE('',#5918,#5945,#411,.T.);
#4938=EDGE_CURVE('',#5946,#5947,#412,.T.);
#4939=EDGE_CURVE('',#5948,#5946,#413,.T.);
#4940=EDGE_CURVE('',#5948,#5949,#414,.T.);
#4941=EDGE_CURVE('',#5949,#5947,#415,.T.);
#4942=EDGE_CURVE('',#5950,#5951,#416,.T.);
#4943=EDGE_CURVE('',#5951,#5947,#417,.T.);
#4944=EDGE_CURVE('',#5950,#5949,#418,.T.);
#4945=EDGE_CURVE('',#5952,#5953,#419,.T.);
#4946=EDGE_CURVE('',#5953,#5951,#420,.T.);
#4947=EDGE_CURVE('',#5952,#5950,#421,.T.);
#4948=EDGE_CURVE('',#5954,#5955,#422,.T.);
#4949=EDGE_CURVE('',#5955,#5953,#423,.T.);
#4950=EDGE_CURVE('',#5954,#5952,#424,.T.);
#4951=EDGE_CURVE('',#5956,#5957,#425,.T.);
#4952=EDGE_CURVE('',#5957,#5955,#426,.T.);
#4953=EDGE_CURVE('',#5956,#5954,#427,.T.);
#4954=EDGE_CURVE('',#5900,#5883,#13,.F.);
#4955=EDGE_CURVE('',#5906,#5898,#428,.T.);
#4956=EDGE_CURVE('',#5903,#5958,#14,.T.);
#4957=EDGE_CURVE('',#5958,#5959,#429,.T.);
#4958=EDGE_CURVE('',#5960,#5959,#430,.T.);
#4959=EDGE_CURVE('',#5884,#5960,#15,.T.);
#4960=EDGE_CURVE('',#5961,#5962,#431,.T.);
#4961=EDGE_CURVE('',#5959,#5962,#6544,.F.);
#4962=EDGE_CURVE('',#5958,#5961,#6545,.F.);
#4963=EDGE_CURVE('',#5962,#5928,#432,.T.);
#4964=EDGE_CURVE('',#5961,#5929,#433,.T.);
#4965=EDGE_CURVE('',#5921,#5935,#434,.T.);
#4966=EDGE_CURVE('',#5920,#5933,#435,.T.);
#4967=EDGE_CURVE('',#5886,#5894,#16,.F.);
#4968=EDGE_CURVE('',#5963,#5885,#17,.T.);
#4969=EDGE_CURVE('',#5963,#5933,#436,.T.);
#4970=EDGE_CURVE('',#5909,#5895,#437,.T.);
#4971=EDGE_CURVE('',#5872,#5873,#6546,.T.);
#4972=EDGE_CURVE('',#5868,#5869,#6547,.T.);
#4973=EDGE_CURVE('',#5864,#5865,#6548,.T.);
#4974=EDGE_CURVE('',#5860,#5861,#6549,.T.);
#4975=EDGE_CURVE('',#5856,#5857,#6550,.T.);
#4976=EDGE_CURVE('',#5852,#5853,#6551,.T.);
#4977=EDGE_CURVE('',#5946,#5957,#438,.T.);
#4978=EDGE_CURVE('',#5948,#5956,#439,.T.);
#4979=EDGE_CURVE('',#5945,#5942,#440,.T.);
#4980=EDGE_CURVE('',#5964,#5934,#441,.T.);
#4981=EDGE_CURVE('',#5927,#5964,#442,.T.);
#4982=EDGE_CURVE('',#5964,#5965,#443,.T.);
#4983=EDGE_CURVE('',#5965,#5959,#444,.T.);
#4984=EDGE_CURVE('',#5966,#5967,#6552,.T.);
#4985=EDGE_CURVE('',#5968,#5966,#445,.T.);
#4986=EDGE_CURVE('',#5969,#5968,#6553,.T.);
#4987=EDGE_CURVE('',#5970,#5969,#6554,.T.);
#4988=EDGE_CURVE('',#5970,#5971,#446,.T.);
#4989=EDGE_CURVE('',#5967,#5971,#6555,.T.);
#4990=EDGE_CURVE('',#5972,#5932,#447,.T.);
#4991=EDGE_CURVE('',#5972,#5973,#448,.T.);
#4992=EDGE_CURVE('',#5973,#5965,#449,.T.);
#4993=EDGE_CURVE('',#5972,#5963,#450,.T.);
#4994=EDGE_CURVE('',#5973,#5960,#451,.T.);
#4995=EDGE_CURVE('',#5835,#5834,#6556,.T.);
#4996=EDGE_CURVE('',#5974,#5975,#6557,.T.);
#4997=EDGE_CURVE('',#5839,#5974,#6558,.T.);
#4998=EDGE_CURVE('',#5975,#5838,#6559,.T.);
#4999=EDGE_CURVE('',#5976,#5977,#6560,.T.);
#5000=EDGE_CURVE('',#5843,#5976,#6561,.T.);
#5001=EDGE_CURVE('',#5977,#5842,#6562,.T.);
#5002=EDGE_CURVE('',#5847,#5846,#6563,.T.);
#5003=EDGE_CURVE('',#5887,#5931,#452,.T.);
#5004=EDGE_CURVE('',#5888,#5930,#453,.T.);
#5005=EDGE_CURVE('',#5881,#5923,#454,.T.);
#5006=EDGE_CURVE('',#5882,#5924,#455,.T.);
#5007=EDGE_CURVE('',#5880,#5898,#456,.T.);
#5008=EDGE_CURVE('',#5889,#5895,#457,.T.);
#5009=EDGE_CURVE('',#5978,#5936,#458,.T.);
#5010=EDGE_CURVE('',#5978,#5979,#459,.T.);
#5011=EDGE_CURVE('',#5979,#5937,#460,.T.);
#5012=EDGE_CURVE('',#5979,#5980,#6564,.T.);
#5013=EDGE_CURVE('',#5980,#5981,#6565,.T.);
#5014=EDGE_CURVE('',#5981,#5939,#461,.T.);
#5015=EDGE_CURVE('',#5982,#5981,#462,.T.);
#5016=EDGE_CURVE('',#5982,#5940,#463,.T.);
#5017=EDGE_CURVE('',#5982,#5983,#6566,.T.);
#5018=EDGE_CURVE('',#5983,#5978,#6567,.T.);
#5019=EDGE_CURVE('',#5984,#5971,#464,.T.);
#5020=EDGE_CURVE('',#5985,#5984,#6568,.T.);
#5021=EDGE_CURVE('',#5986,#5985,#6569,.T.);
#5022=EDGE_CURVE('',#5986,#5966,#465,.T.);
#5023=EDGE_CURVE('',#5987,#5986,#466,.T.);
#5024=EDGE_CURVE('',#5987,#5968,#467,.T.);
#5025=EDGE_CURVE('',#5988,#5987,#6570,.T.);
#5026=EDGE_CURVE('',#5989,#5988,#6571,.T.);
#5027=EDGE_CURVE('',#5989,#5970,#468,.T.);
#5028=EDGE_CURVE('',#5989,#5984,#469,.T.);
#5029=EDGE_CURVE('',#5849,#5848,#6572,.T.);
#5030=EDGE_CURVE('',#5845,#5990,#6573,.T.);
#5031=EDGE_CURVE('',#5976,#5990,#470,.T.);
#5032=EDGE_CURVE('',#5990,#5844,#6574,.T.);
#5033=EDGE_CURVE('',#5841,#5991,#6575,.T.);
#5034=EDGE_CURVE('',#5974,#5991,#471,.T.);
#5035=EDGE_CURVE('',#5991,#5840,#6576,.T.);
#5036=EDGE_CURVE('',#5837,#5836,#6577,.T.);
#5037=EDGE_CURVE('',#5992,#5993,#6578,.T.);
#5038=EDGE_CURVE('',#5992,#5994,#1765,.T.);
#5039=EDGE_CURVE('',#5994,#5995,#6579,.T.);
#5040=EDGE_CURVE('',#5993,#5995,#1766,.T.);
#5041=EDGE_CURVE('',#5996,#5997,#472,.T.);
#5042=EDGE_CURVE('',#5998,#5997,#473,.T.);
#5043=EDGE_CURVE('',#5999,#5998,#474,.T.);
#5044=EDGE_CURVE('',#5999,#5996,#475,.T.);
#5045=EDGE_CURVE('',#5996,#6000,#6580,.T.);
#5046=EDGE_CURVE('',#5999,#6001,#6581,.T.);
#5047=EDGE_CURVE('',#6001,#6002,#6582,.T.);
#5048=EDGE_CURVE('',#6002,#6003,#476,.T.);
#5049=EDGE_CURVE('',#6000,#6003,#6583,.T.);
#5050=EDGE_CURVE('',#6004,#6003,#477,.T.);
#5051=EDGE_CURVE('',#6005,#6002,#478,.T.);
#5052=EDGE_CURVE('',#6005,#6004,#479,.T.);
#5053=EDGE_CURVE('',#6006,#6004,#6584,.T.);
#5054=EDGE_CURVE('',#6007,#6005,#6585,.T.);
#5055=EDGE_CURVE('',#6007,#6006,#480,.T.);
#5056=EDGE_CURVE('',#6006,#6008,#481,.T.);
#5057=EDGE_CURVE('',#6007,#6009,#482,.T.);
#5058=EDGE_CURVE('',#6009,#6008,#483,.T.);
#5059=EDGE_CURVE('',#6010,#6008,#484,.T.);
#5060=EDGE_CURVE('',#6011,#6009,#485,.T.);
#5061=EDGE_CURVE('',#6011,#6010,#486,.T.);
#5062=EDGE_CURVE('',#6012,#6010,#487,.T.);
#5063=EDGE_CURVE('',#6013,#6011,#488,.T.);
#5064=EDGE_CURVE('',#6013,#6012,#489,.T.);
#5065=EDGE_CURVE('',#6014,#6015,#6586,.T.);
#5066=EDGE_CURVE('',#6015,#6012,#6587,.T.);
#5067=EDGE_CURVE('',#6016,#6013,#6588,.T.);
#5068=EDGE_CURVE('',#6017,#6016,#6589,.T.);
#5069=EDGE_CURVE('',#6017,#6014,#490,.T.);
#5070=EDGE_CURVE('',#6014,#6018,#491,.T.);
#5071=EDGE_CURVE('',#6017,#6019,#492,.T.);
#5072=EDGE_CURVE('',#6019,#6018,#493,.T.);
#5073=EDGE_CURVE('',#6018,#6020,#6590,.T.);
#5074=EDGE_CURVE('',#6019,#6021,#6591,.T.);
#5075=EDGE_CURVE('',#6021,#6020,#494,.T.);
#5076=EDGE_CURVE('',#6022,#6020,#495,.T.);
#5077=EDGE_CURVE('',#6023,#6021,#496,.T.);
#5078=EDGE_CURVE('',#6023,#6022,#497,.T.);
#5079=EDGE_CURVE('',#6022,#6024,#6592,.T.);
#5080=EDGE_CURVE('',#6023,#6025,#6593,.T.);
#5081=EDGE_CURVE('',#6025,#6024,#498,.T.);
#5082=EDGE_CURVE('',#6026,#6024,#499,.T.);
#5083=EDGE_CURVE('',#6027,#6025,#500,.T.);
#5084=EDGE_CURVE('',#6027,#6026,#501,.T.);
#5085=EDGE_CURVE('',#6026,#6028,#6594,.T.);
#5086=EDGE_CURVE('',#6027,#6029,#6595,.T.);
#5087=EDGE_CURVE('',#6029,#6028,#502,.T.);
#5088=EDGE_CURVE('',#6030,#6028,#503,.T.);
#5089=EDGE_CURVE('',#6031,#6029,#504,.T.);
#5090=EDGE_CURVE('',#6031,#6030,#505,.T.);
#5091=EDGE_CURVE('',#6032,#6030,#6596,.T.);
#5092=EDGE_CURVE('',#6033,#6031,#6597,.T.);
#5093=EDGE_CURVE('',#6033,#6032,#506,.T.);
#5094=EDGE_CURVE('',#6032,#6034,#507,.T.);
#5095=EDGE_CURVE('',#6033,#6035,#508,.T.);
#5096=EDGE_CURVE('',#6035,#6034,#509,.T.);
#5097=EDGE_CURVE('',#6036,#6034,#510,.T.);
#5098=EDGE_CURVE('',#6037,#6035,#511,.T.);
#5099=EDGE_CURVE('',#6037,#6036,#512,.T.);
#5100=EDGE_CURVE('',#6038,#6036,#513,.T.);
#5101=EDGE_CURVE('',#6039,#6037,#514,.T.);
#5102=EDGE_CURVE('',#6039,#6038,#515,.T.);
#5103=EDGE_CURVE('',#6040,#6038,#6598,.T.);
#5104=EDGE_CURVE('',#6041,#6039,#6599,.T.);
#5105=EDGE_CURVE('',#6041,#6040,#516,.T.);
#5106=EDGE_CURVE('',#6040,#6042,#517,.T.);
#5107=EDGE_CURVE('',#6041,#6043,#518,.T.);
#5108=EDGE_CURVE('',#6043,#6042,#519,.T.);
#5109=EDGE_CURVE('',#6042,#6044,#6600,.T.);
#5110=EDGE_CURVE('',#6043,#6045,#6601,.T.);
#5111=EDGE_CURVE('',#6045,#6044,#520,.T.);
#5112=EDGE_CURVE('',#6046,#6044,#521,.T.);
#5113=EDGE_CURVE('',#6047,#6045,#522,.T.);
#5114=EDGE_CURVE('',#6047,#6046,#523,.T.);
#5115=EDGE_CURVE('',#6046,#6048,#6602,.T.);
#5116=EDGE_CURVE('',#6047,#6049,#6603,.T.);
#5117=EDGE_CURVE('',#6049,#6048,#524,.T.);
#5118=EDGE_CURVE('',#6048,#6050,#525,.T.);
#5119=EDGE_CURVE('',#6049,#6051,#526,.T.);
#5120=EDGE_CURVE('',#6051,#6050,#527,.T.);
#5121=EDGE_CURVE('',#6050,#6052,#6604,.T.);
#5122=EDGE_CURVE('',#6051,#6053,#6605,.T.);
#5123=EDGE_CURVE('',#6053,#6052,#528,.T.);
#5124=EDGE_CURVE('',#6054,#6052,#529,.T.);
#5125=EDGE_CURVE('',#6055,#6053,#530,.T.);
#5126=EDGE_CURVE('',#6055,#6054,#531,.T.);
#5127=EDGE_CURVE('',#6056,#6057,#6606,.T.);
#5128=EDGE_CURVE('',#6057,#6054,#6607,.T.);
#5129=EDGE_CURVE('',#6058,#6055,#6608,.T.);
#5130=EDGE_CURVE('',#6059,#6058,#6609,.T.);
#5131=EDGE_CURVE('',#6059,#6056,#532,.T.);
#5132=EDGE_CURVE('',#6056,#6060,#533,.T.);
#5133=EDGE_CURVE('',#6059,#6061,#534,.T.);
#5134=EDGE_CURVE('',#6061,#6060,#535,.T.);
#5135=EDGE_CURVE('',#6060,#6062,#536,.T.);
#5136=EDGE_CURVE('',#6061,#6063,#537,.T.);
#5137=EDGE_CURVE('',#6063,#6062,#538,.T.);
#5138=EDGE_CURVE('',#6064,#6062,#539,.T.);
#5139=EDGE_CURVE('',#6065,#6063,#540,.T.);
#5140=EDGE_CURVE('',#6065,#6064,#541,.T.);
#5141=EDGE_CURVE('',#6066,#6064,#6610,.T.);
#5142=EDGE_CURVE('',#6067,#6065,#6611,.T.);
#5143=EDGE_CURVE('',#6067,#6066,#542,.T.);
#5144=EDGE_CURVE('',#6066,#6068,#543,.T.);
#5145=EDGE_CURVE('',#6067,#6069,#544,.T.);
#5146=EDGE_CURVE('',#6069,#6068,#545,.T.);
#5147=EDGE_CURVE('',#6068,#6070,#6612,.T.);
#5148=EDGE_CURVE('',#6069,#6071,#6613,.T.);
#5149=EDGE_CURVE('',#6071,#6072,#6614,.T.);
#5150=EDGE_CURVE('',#6072,#6073,#546,.T.);
#5151=EDGE_CURVE('',#6070,#6073,#6615,.T.);
#5152=EDGE_CURVE('',#6073,#6074,#547,.T.);
#5153=EDGE_CURVE('',#6072,#6075,#548,.T.);
#5154=EDGE_CURVE('',#6075,#6074,#549,.T.);
#5155=EDGE_CURVE('',#6074,#6076,#6616,.T.);
#5156=EDGE_CURVE('',#6075,#6077,#6617,.T.);
#5157=EDGE_CURVE('',#6077,#6076,#550,.T.);
#5158=EDGE_CURVE('',#6076,#6078,#551,.T.);
#5159=EDGE_CURVE('',#6077,#6079,#552,.T.);
#5160=EDGE_CURVE('',#6079,#6078,#553,.T.);
#5161=EDGE_CURVE('',#6078,#6080,#6618,.T.);
#5162=EDGE_CURVE('',#6079,#6081,#6619,.T.);
#5163=EDGE_CURVE('',#6081,#6080,#554,.T.);
#5164=EDGE_CURVE('',#6082,#6080,#555,.T.);
#5165=EDGE_CURVE('',#6083,#6081,#556,.T.);
#5166=EDGE_CURVE('',#6083,#6082,#557,.T.);
#5167=EDGE_CURVE('',#6084,#6082,#6620,.T.);
#5168=EDGE_CURVE('',#6085,#6083,#6621,.T.);
#5169=EDGE_CURVE('',#6085,#6084,#558,.T.);
#5170=EDGE_CURVE('',#6084,#6086,#559,.T.);
#5171=EDGE_CURVE('',#6085,#6087,#560,.T.);
#5172=EDGE_CURVE('',#6087,#6086,#561,.T.);
#5173=EDGE_CURVE('',#6086,#6088,#562,.T.);
#5174=EDGE_CURVE('',#6087,#6089,#563,.T.);
#5175=EDGE_CURVE('',#6089,#6088,#564,.T.);
#5176=EDGE_CURVE('',#6090,#6088,#565,.T.);
#5177=EDGE_CURVE('',#6091,#6089,#566,.T.);
#5178=EDGE_CURVE('',#6091,#6090,#567,.T.);
#5179=EDGE_CURVE('',#6092,#6090,#6622,.T.);
#5180=EDGE_CURVE('',#6093,#6091,#6623,.T.);
#5181=EDGE_CURVE('',#6093,#6092,#568,.T.);
#5182=EDGE_CURVE('',#6092,#6094,#569,.T.);
#5183=EDGE_CURVE('',#6093,#6095,#570,.T.);
#5184=EDGE_CURVE('',#6095,#6094,#571,.T.);
#5185=EDGE_CURVE('',#6094,#6096,#6624,.T.);
#5186=EDGE_CURVE('',#6095,#6097,#6625,.T.);
#5187=EDGE_CURVE('',#6097,#6098,#6626,.T.);
#5188=EDGE_CURVE('',#6098,#6099,#572,.T.);
#5189=EDGE_CURVE('',#6096,#6099,#6627,.T.);
#5190=EDGE_CURVE('',#6099,#6100,#573,.T.);
#5191=EDGE_CURVE('',#6098,#6101,#574,.T.);
#5192=EDGE_CURVE('',#6101,#6100,#575,.T.);
#5193=EDGE_CURVE('',#6100,#5997,#6628,.T.);
#5194=EDGE_CURVE('',#6101,#5998,#6629,.T.);
#5195=EDGE_CURVE('',#5993,#5992,#6630,.T.);
#5196=EDGE_CURVE('',#5995,#5994,#6631,.T.);
#5197=EDGE_CURVE('',#6102,#6103,#6632,.T.);
#5198=EDGE_CURVE('',#6103,#6104,#1767,.T.);
#5199=EDGE_CURVE('',#6104,#6105,#6633,.T.);
#5200=EDGE_CURVE('',#6102,#6105,#1768,.T.);
#5201=EDGE_CURVE('',#6106,#6107,#6634,.T.);
#5202=EDGE_CURVE('',#6107,#6108,#1769,.T.);
#5203=EDGE_CURVE('',#6108,#6109,#6635,.T.);
#5204=EDGE_CURVE('',#6106,#6109,#576,.T.);
#5205=EDGE_CURVE('',#6110,#6111,#6636,.T.);
#5206=EDGE_CURVE('',#6111,#6112,#1770,.T.);
#5207=EDGE_CURVE('',#6112,#6113,#6637,.T.);
#5208=EDGE_CURVE('',#6110,#6113,#577,.T.);
#5209=EDGE_CURVE('',#6114,#6115,#6638,.T.);
#5210=EDGE_CURVE('',#6115,#6116,#1771,.T.);
#5211=EDGE_CURVE('',#6116,#6117,#6639,.T.);
#5212=EDGE_CURVE('',#6114,#6117,#1772,.T.);
#5213=EDGE_CURVE('',#6118,#6119,#6640,.T.);
#5214=EDGE_CURVE('',#6118,#6120,#1773,.T.);
#5215=EDGE_CURVE('',#6120,#6121,#6641,.F.);
#5216=EDGE_CURVE('',#6119,#6121,#1774,.T.);
#5217=EDGE_CURVE('',#6122,#6123,#6642,.T.);
#5218=EDGE_CURVE('',#6122,#6124,#1775,.T.);
#5219=EDGE_CURVE('',#6124,#6125,#6643,.F.);
#5220=EDGE_CURVE('',#6123,#6125,#1776,.T.);
#5221=EDGE_CURVE('',#6126,#6127,#6644,.T.);
#5222=EDGE_CURVE('',#6126,#6128,#1777,.T.);
#5223=EDGE_CURVE('',#6128,#6129,#6645,.F.);
#5224=EDGE_CURVE('',#6127,#6129,#1778,.T.);
#5225=EDGE_CURVE('',#6130,#6131,#6646,.T.);
#5226=EDGE_CURVE('',#6130,#6132,#1779,.T.);
#5227=EDGE_CURVE('',#6132,#6133,#6647,.F.);
#5228=EDGE_CURVE('',#6131,#6133,#1780,.T.);
#5229=EDGE_CURVE('',#6134,#6135,#6648,.T.);
#5230=EDGE_CURVE('',#6134,#6136,#1781,.T.);
#5231=EDGE_CURVE('',#6136,#6137,#6649,.F.);
#5232=EDGE_CURVE('',#6135,#6137,#1782,.T.);
#5233=EDGE_CURVE('',#6138,#6139,#6650,.T.);
#5234=EDGE_CURVE('',#6138,#6140,#1783,.T.);
#5235=EDGE_CURVE('',#6140,#6141,#6651,.F.);
#5236=EDGE_CURVE('',#6139,#6141,#1784,.T.);
#5237=EDGE_CURVE('',#6142,#6143,#578,.T.);
#5238=EDGE_CURVE('',#6144,#6142,#579,.T.);
#5239=EDGE_CURVE('',#6145,#6144,#580,.T.);
#5240=EDGE_CURVE('',#6145,#6143,#581,.T.);
#5241=EDGE_CURVE('',#6146,#6147,#582,.T.);
#5242=EDGE_CURVE('',#6147,#6148,#583,.T.);
#5243=EDGE_CURVE('',#6149,#6148,#584,.T.);
#5244=EDGE_CURVE('',#6146,#6149,#585,.T.);
#5245=EDGE_CURVE('',#6150,#6151,#586,.T.);
#5246=EDGE_CURVE('',#6152,#6150,#587,.T.);
#5247=EDGE_CURVE('',#6153,#6152,#588,.T.);
#5248=EDGE_CURVE('',#6154,#6153,#589,.T.);
#5249=EDGE_CURVE('',#6154,#6155,#590,.T.);
#5250=EDGE_CURVE('',#6156,#6155,#591,.T.);
#5251=EDGE_CURVE('',#6156,#6157,#592,.T.);
#5252=EDGE_CURVE('',#6157,#6158,#593,.T.);
#5253=EDGE_CURVE('',#6158,#6159,#594,.T.);
#5254=EDGE_CURVE('',#6159,#6160,#595,.T.);
#5255=EDGE_CURVE('',#6160,#6161,#596,.T.);
#5256=EDGE_CURVE('',#6161,#6162,#597,.T.);
#5257=EDGE_CURVE('',#6163,#6162,#598,.T.);
#5258=EDGE_CURVE('',#6163,#6164,#599,.T.);
#5259=EDGE_CURVE('',#6165,#6164,#600,.T.);
#5260=EDGE_CURVE('',#6165,#6151,#601,.T.);
#5261=EDGE_CURVE('',#6166,#6167,#602,.F.);
#5262=EDGE_CURVE('',#6167,#6168,#603,.T.);
#5263=EDGE_CURVE('',#6168,#6169,#604,.T.);
#5264=EDGE_CURVE('',#6166,#6169,#605,.T.);
#5265=EDGE_CURVE('',#6170,#6171,#606,.T.);
#5266=EDGE_CURVE('',#6170,#6172,#607,.T.);
#5267=EDGE_CURVE('',#6172,#6173,#608,.T.);
#5268=EDGE_CURVE('',#6171,#6173,#609,.T.);
#5269=EDGE_CURVE('',#6174,#6175,#610,.T.);
#5270=EDGE_CURVE('',#6174,#6176,#611,.T.);
#5271=EDGE_CURVE('',#6176,#6177,#612,.T.);
#5272=EDGE_CURVE('',#6175,#6177,#613,.T.);
#5273=EDGE_CURVE('',#6178,#6179,#18,.T.);
#5274=EDGE_CURVE('',#6178,#6180,#614,.T.);
#5275=EDGE_CURVE('',#6180,#6181,#615,.T.);
#5276=EDGE_CURVE('',#6152,#6181,#616,.T.);
#5277=EDGE_CURVE('',#6150,#6179,#617,.T.);
#5278=EDGE_CURVE('',#6178,#6182,#618,.T.);
#5279=EDGE_CURVE('',#6182,#6183,#619,.T.);
#5280=EDGE_CURVE('',#6180,#6183,#620,.T.);
#5281=EDGE_CURVE('',#6184,#6185,#19,.T.);
#5282=EDGE_CURVE('',#6184,#6186,#621,.T.);
#5283=EDGE_CURVE('',#6187,#6186,#622,.T.);
#5284=EDGE_CURVE('',#6187,#6161,#20,.T.);
#5285=EDGE_CURVE('',#6160,#6172,#21,.F.);
#5286=EDGE_CURVE('',#6188,#6170,#623,.T.);
#5287=EDGE_CURVE('',#6174,#6188,#22,.T.);
#5288=EDGE_CURVE('',#6189,#6175,#23,.T.);
#5289=EDGE_CURVE('',#6189,#6190,#624,.T.);
#5290=EDGE_CURVE('',#6190,#6191,#24,.T.);
#5291=EDGE_CURVE('',#6185,#6191,#625,.F.);
#5292=EDGE_CURVE('',#6192,#6184,#6652,.T.);
#5293=EDGE_CURVE('',#6192,#6193,#626,.T.);
#5294=EDGE_CURVE('',#6193,#6186,#6653,.T.);
#5295=EDGE_CURVE('',#6194,#6192,#627,.T.);
#5296=EDGE_CURVE('',#6194,#6195,#628,.T.);
#5297=EDGE_CURVE('',#6195,#6196,#629,.T.);
#5298=EDGE_CURVE('',#6197,#6196,#630,.T.);
#5299=EDGE_CURVE('',#6198,#6197,#631,.T.);
#5300=EDGE_CURVE('',#6198,#6199,#632,.T.);
#5301=EDGE_CURVE('',#6199,#6193,#633,.T.);
#5302=EDGE_CURVE('',#6200,#6201,#634,.T.);
#5303=EDGE_CURVE('',#6200,#6202,#635,.T.);
#5304=EDGE_CURVE('',#6203,#6202,#636,.T.);
#5305=EDGE_CURVE('',#6204,#6203,#637,.T.);
#5306=EDGE_CURVE('',#6204,#6205,#638,.T.);
#5307=EDGE_CURVE('',#6205,#6206,#639,.T.);
#5308=EDGE_CURVE('',#6206,#6207,#640,.T.);
#5309=EDGE_CURVE('',#6201,#6207,#641,.T.);
#5310=EDGE_CURVE('',#6123,#6122,#6654,.T.);
#5311=EDGE_CURVE('',#6127,#6126,#6655,.T.);
#5312=EDGE_CURVE('',#6131,#6130,#6656,.T.);
#5313=EDGE_CURVE('',#6135,#6134,#6657,.T.);
#5314=EDGE_CURVE('',#6139,#6138,#6658,.T.);
#5315=EDGE_CURVE('',#6119,#6118,#6659,.T.);
#5316=EDGE_CURVE('',#6154,#6208,#642,.T.);
#5317=EDGE_CURVE('',#6153,#6209,#643,.T.);
#5318=EDGE_CURVE('',#6208,#6209,#644,.T.);
#5319=EDGE_CURVE('',#6210,#6211,#645,.T.);
#5320=EDGE_CURVE('',#6212,#6210,#646,.T.);
#5321=EDGE_CURVE('',#6213,#6212,#647,.T.);
#5322=EDGE_CURVE('',#6214,#6213,#648,.T.);
#5323=EDGE_CURVE('',#6215,#6214,#649,.T.);
#5324=EDGE_CURVE('',#6211,#6215,#650,.T.);
#5325=EDGE_CURVE('',#6216,#6182,#25,.T.);
#5326=EDGE_CURVE('',#6217,#6216,#6660,.F.);
#5327=EDGE_CURVE('',#6217,#6218,#651,.T.);
#5328=EDGE_CURVE('',#6183,#6218,#652,.T.);
#5329=EDGE_CURVE('',#6219,#6220,#653,.T.);
#5330=EDGE_CURVE('',#6220,#6221,#654,.T.);
#5331=EDGE_CURVE('',#6222,#6221,#655,.T.);
#5332=EDGE_CURVE('',#6219,#6222,#656,.T.);
#5333=EDGE_CURVE('',#6223,#6224,#657,.T.);
#5334=EDGE_CURVE('',#6224,#6220,#658,.T.);
#5335=EDGE_CURVE('',#6223,#6219,#659,.T.);
#5336=EDGE_CURVE('',#6142,#6224,#660,.T.);
#5337=EDGE_CURVE('',#6144,#6223,#661,.T.);
#5338=EDGE_CURVE('',#6225,#6226,#662,.T.);
#5339=EDGE_CURVE('',#6226,#6143,#663,.T.);
#5340=EDGE_CURVE('',#6225,#6145,#664,.T.);
#5341=EDGE_CURVE('',#6227,#6228,#665,.T.);
#5342=EDGE_CURVE('',#6210,#6227,#666,.T.);
#5343=EDGE_CURVE('',#6211,#6228,#667,.T.);
#5344=EDGE_CURVE('',#6228,#6229,#668,.T.);
#5345=EDGE_CURVE('',#6215,#6229,#669,.T.);
#5346=EDGE_CURVE('',#6229,#6230,#670,.T.);
#5347=EDGE_CURVE('',#6214,#6230,#671,.T.);
#5348=EDGE_CURVE('',#6230,#6231,#672,.T.);
#5349=EDGE_CURVE('',#6213,#6231,#673,.T.);
#5350=EDGE_CURVE('',#6231,#6232,#674,.T.);
#5351=EDGE_CURVE('',#6212,#6232,#675,.T.);
#5352=EDGE_CURVE('',#6233,#6234,#676,.T.);
#5353=EDGE_CURVE('',#6218,#6234,#677,.T.);
#5354=EDGE_CURVE('',#6217,#6233,#678,.T.);
#5355=EDGE_CURVE('',#6233,#6235,#6661,.F.);
#5356=EDGE_CURVE('',#6216,#6235,#679,.T.);
#5357=EDGE_CURVE('',#6163,#6166,#26,.F.);
#5358=EDGE_CURVE('',#6236,#6162,#27,.T.);
#5359=EDGE_CURVE('',#6236,#6235,#680,.T.);
#5360=EDGE_CURVE('',#6179,#6167,#681,.T.);
#5361=EDGE_CURVE('',#6196,#6190,#6662,.T.);
#5362=EDGE_CURVE('',#6197,#6189,#6663,.T.);
#5363=EDGE_CURVE('',#6141,#6140,#6664,.F.);
#5364=EDGE_CURVE('',#6137,#6136,#6665,.F.);
#5365=EDGE_CURVE('',#6133,#6132,#6666,.F.);
#5366=EDGE_CURVE('',#6129,#6128,#6667,.F.);
#5367=EDGE_CURVE('',#6125,#6124,#6668,.F.);
#5368=EDGE_CURVE('',#6221,#6226,#682,.T.);
#5369=EDGE_CURVE('',#6222,#6225,#683,.T.);
#5370=EDGE_CURVE('',#6232,#6227,#684,.T.);
#5371=EDGE_CURVE('',#6237,#6208,#685,.T.);
#5372=EDGE_CURVE('',#6181,#6209,#686,.T.);
#5373=EDGE_CURVE('',#6238,#6234,#687,.T.);
#5374=EDGE_CURVE('',#6239,#6238,#688,.T.);
#5375=EDGE_CURVE('',#6199,#6239,#689,.T.);
#5376=EDGE_CURVE('',#6198,#6177,#690,.T.);
#5377=EDGE_CURVE('',#6237,#6176,#691,.T.);
#5378=EDGE_CURVE('',#6168,#6240,#692,.T.);
#5379=EDGE_CURVE('',#6240,#6241,#693,.T.);
#5380=EDGE_CURVE('',#6169,#6241,#694,.T.);
#5381=EDGE_CURVE('',#6242,#6243,#695,.T.);
#5382=EDGE_CURVE('',#6242,#6171,#696,.T.);
#5383=EDGE_CURVE('',#6243,#6173,#697,.T.);
#5384=EDGE_CURVE('',#6121,#6120,#6669,.F.);
#5385=EDGE_CURVE('',#6200,#6244,#698,.T.);
#5386=EDGE_CURVE('',#6244,#6191,#699,.T.);
#5387=EDGE_CURVE('',#6245,#6195,#700,.T.);
#5388=EDGE_CURVE('',#6238,#6245,#701,.T.);
#5389=EDGE_CURVE('',#6202,#6235,#702,.T.);
#5390=EDGE_CURVE('',#6246,#6247,#703,.T.);
#5391=EDGE_CURVE('',#6246,#6248,#6670,.T.);
#5392=EDGE_CURVE('',#6248,#6249,#6671,.T.);
#5393=EDGE_CURVE('',#6249,#6250,#704,.T.);
#5394=EDGE_CURVE('',#6250,#6247,#6672,.T.);
#5395=EDGE_CURVE('',#6245,#6251,#705,.T.);
#5396=EDGE_CURVE('',#6207,#6251,#706,.T.);
#5397=EDGE_CURVE('',#6239,#6206,#707,.T.);
#5398=EDGE_CURVE('',#6205,#6186,#708,.T.);
#5399=EDGE_CURVE('',#6252,#6253,#709,.T.);
#5400=EDGE_CURVE('',#6254,#6253,#6673,.T.);
#5401=EDGE_CURVE('',#6255,#6254,#710,.T.);
#5402=EDGE_CURVE('',#6256,#6255,#6674,.T.);
#5403=EDGE_CURVE('',#6252,#6256,#6675,.T.);
#5404=EDGE_CURVE('',#6203,#6236,#711,.T.);
#5405=EDGE_CURVE('',#6204,#6187,#712,.T.);
#5406=EDGE_CURVE('',#6103,#6102,#6676,.T.);
#5407=EDGE_CURVE('',#6257,#6258,#6677,.T.);
#5408=EDGE_CURVE('',#6107,#6257,#6678,.T.);
#5409=EDGE_CURVE('',#6258,#6106,#6679,.T.);
#5410=EDGE_CURVE('',#6259,#6110,#6680,.T.);
#5411=EDGE_CURVE('',#6260,#6259,#6681,.T.);
#5412=EDGE_CURVE('',#6111,#6260,#6682,.T.);
#5413=EDGE_CURVE('',#6115,#6114,#6683,.T.);
#5414=EDGE_CURVE('',#6164,#6241,#713,.T.);
#5415=EDGE_CURVE('',#6165,#6240,#714,.T.);
#5416=EDGE_CURVE('',#6158,#6242,#715,.T.);
#5417=EDGE_CURVE('',#6159,#6243,#716,.T.);
#5418=EDGE_CURVE('',#6155,#6237,#717,.T.);
#5419=EDGE_CURVE('',#6156,#6188,#718,.T.);
#5420=EDGE_CURVE('',#6157,#6170,#719,.T.);
#5421=EDGE_CURVE('',#6151,#6167,#720,.T.);
#5422=EDGE_CURVE('',#6261,#6244,#721,.T.);
#5423=EDGE_CURVE('',#6261,#6185,#722,.T.);
#5424=EDGE_CURVE('',#6251,#6194,#723,.T.);
#5425=EDGE_CURVE('',#6201,#6261,#724,.T.);
#5426=EDGE_CURVE('',#6262,#6146,#725,.T.);
#5427=EDGE_CURVE('',#6262,#6263,#726,.T.);
#5428=EDGE_CURVE('',#6263,#6147,#727,.T.);
#5429=EDGE_CURVE('',#6264,#6149,#728,.T.);
#5430=EDGE_CURVE('',#6262,#6264,#729,.T.);
#5431=EDGE_CURVE('',#6265,#6148,#730,.T.);
#5432=EDGE_CURVE('',#6264,#6265,#731,.T.);
#5433=EDGE_CURVE('',#6263,#6265,#732,.T.);
#5434=EDGE_CURVE('',#6266,#6247,#733,.T.);
#5435=EDGE_CURVE('',#6267,#6266,#734,.T.);
#5436=EDGE_CURVE('',#6267,#6246,#735,.T.);
#5437=EDGE_CURVE('',#6267,#6268,#6684,.T.);
#5438=EDGE_CURVE('',#6268,#6269,#6685,.T.);
#5439=EDGE_CURVE('',#6269,#6249,#736,.T.);
#5440=EDGE_CURVE('',#6269,#6270,#737,.T.);
#5441=EDGE_CURVE('',#6270,#6250,#738,.T.);
#5442=EDGE_CURVE('',#6270,#6266,#6686,.T.);
#5443=EDGE_CURVE('',#6271,#6252,#739,.T.);
#5444=EDGE_CURVE('',#6271,#6272,#740,.T.);
#5445=EDGE_CURVE('',#6272,#6253,#741,.T.);
#5446=EDGE_CURVE('',#6273,#6272,#6687,.T.);
#5447=EDGE_CURVE('',#6273,#6254,#742,.T.);
#5448=EDGE_CURVE('',#6274,#6273,#743,.T.);
#5449=EDGE_CURVE('',#6274,#6255,#744,.T.);
#5450=EDGE_CURVE('',#6275,#6274,#6688,.T.);
#5451=EDGE_CURVE('',#6271,#6275,#6689,.T.);
#5452=EDGE_CURVE('',#6117,#6116,#6690,.T.);
#5453=EDGE_CURVE('',#6276,#6112,#6691,.T.);
#5454=EDGE_CURVE('',#6113,#6276,#6692,.T.);
#5455=EDGE_CURVE('',#6260,#6276,#745,.T.);
#5456=EDGE_CURVE('',#6109,#6277,#6693,.T.);
#5457=EDGE_CURVE('',#6277,#6108,#6694,.T.);
#5458=EDGE_CURVE('',#6257,#6277,#746,.T.);
#5459=EDGE_CURVE('',#6105,#6104,#6695,.T.);
#5460=VERTEX_POINT('',#10572);
#5461=VERTEX_POINT('',#10573);
#5462=VERTEX_POINT('',#10576);
#5463=VERTEX_POINT('',#10578);
#5464=VERTEX_POINT('',#10590);
#5465=VERTEX_POINT('',#10591);
#5466=VERTEX_POINT('',#10594);
#5467=VERTEX_POINT('',#10596);
#5468=VERTEX_POINT('',#10608);
#5469=VERTEX_POINT('',#10609);
#5470=VERTEX_POINT('',#10612);
#5471=VERTEX_POINT('',#10614);
#5472=VERTEX_POINT('',#10652);
#5473=VERTEX_POINT('',#10653);
#5474=VERTEX_POINT('',#10655);
#5475=VERTEX_POINT('',#10657);
#5476=VERTEX_POINT('',#10664);
#5477=VERTEX_POINT('',#10665);
#5478=VERTEX_POINT('',#10667);
#5479=VERTEX_POINT('',#10669);
#5480=VERTEX_POINT('',#10676);
#5481=VERTEX_POINT('',#10677);
#5482=VERTEX_POINT('',#10679);
#5483=VERTEX_POINT('',#10681);
#5484=VERTEX_POINT('',#10688);
#5485=VERTEX_POINT('',#10689);
#5486=VERTEX_POINT('',#10691);
#5487=VERTEX_POINT('',#10693);
#5488=VERTEX_POINT('',#10700);
#5489=VERTEX_POINT('',#10701);
#5490=VERTEX_POINT('',#10703);
#5491=VERTEX_POINT('',#10705);
#5492=VERTEX_POINT('',#10707);
#5493=VERTEX_POINT('',#10709);
#5494=VERTEX_POINT('',#10711);
#5495=VERTEX_POINT('',#10713);
#5496=VERTEX_POINT('',#10715);
#5497=VERTEX_POINT('',#10718);
#5498=VERTEX_POINT('',#10719);
#5499=VERTEX_POINT('',#10721);
#5500=VERTEX_POINT('',#10723);
#5501=VERTEX_POINT('',#10725);
#5502=VERTEX_POINT('',#10727);
#5503=VERTEX_POINT('',#10730);
#5504=VERTEX_POINT('',#10731);
#5505=VERTEX_POINT('',#10733);
#5506=VERTEX_POINT('',#10735);
#5507=VERTEX_POINT('',#10737);
#5508=VERTEX_POINT('',#10739);
#5509=VERTEX_POINT('',#10742);
#5510=VERTEX_POINT('',#10743);
#5511=VERTEX_POINT('',#10745);
#5512=VERTEX_POINT('',#10747);
#5513=VERTEX_POINT('',#10749);
#5514=VERTEX_POINT('',#10751);
#5515=VERTEX_POINT('',#10758);
#5516=VERTEX_POINT('',#10759);
#5517=VERTEX_POINT('',#10761);
#5518=VERTEX_POINT('',#10763);
#5519=VERTEX_POINT('',#10765);
#5520=VERTEX_POINT('',#10767);
#5521=VERTEX_POINT('',#10769);
#5522=VERTEX_POINT('',#10771);
#5523=VERTEX_POINT('',#10773);
#5524=VERTEX_POINT('',#10780);
#5525=VERTEX_POINT('',#10782);
#5526=VERTEX_POINT('',#10789);
#5527=VERTEX_POINT('',#10796);
#5528=VERTEX_POINT('',#10803);
#5529=VERTEX_POINT('',#10810);
#5530=VERTEX_POINT('',#10826);
#5531=VERTEX_POINT('',#10828);
#5532=VERTEX_POINT('',#10835);
#5533=VERTEX_POINT('',#10842);
#5534=VERTEX_POINT('',#10849);
#5535=VERTEX_POINT('',#10856);
#5536=VERTEX_POINT('',#10872);
#5537=VERTEX_POINT('',#10874);
#5538=VERTEX_POINT('',#10881);
#5539=VERTEX_POINT('',#10888);
#5540=VERTEX_POINT('',#10895);
#5541=VERTEX_POINT('',#10902);
#5542=VERTEX_POINT('',#10922);
#5543=VERTEX_POINT('',#10925);
#5544=VERTEX_POINT('',#11175);
#5545=VERTEX_POINT('',#11176);
#5546=VERTEX_POINT('',#11179);
#5547=VERTEX_POINT('',#11181);
#5548=VERTEX_POINT('',#11193);
#5549=VERTEX_POINT('',#11194);
#5550=VERTEX_POINT('',#11197);
#5551=VERTEX_POINT('',#11199);
#5552=VERTEX_POINT('',#11211);
#5553=VERTEX_POINT('',#11212);
#5554=VERTEX_POINT('',#11215);
#5555=VERTEX_POINT('',#11217);
#5556=VERTEX_POINT('',#11229);
#5557=VERTEX_POINT('',#11230);
#5558=VERTEX_POINT('',#11233);
#5559=VERTEX_POINT('',#11235);
#5560=VERTEX_POINT('',#11247);
#5561=VERTEX_POINT('',#11248);
#5562=VERTEX_POINT('',#11251);
#5563=VERTEX_POINT('',#11253);
#5564=VERTEX_POINT('',#11265);
#5565=VERTEX_POINT('',#11266);
#5566=VERTEX_POINT('',#11269);
#5567=VERTEX_POINT('',#11271);
#5568=VERTEX_POINT('',#11309);
#5569=VERTEX_POINT('',#11310);
#5570=VERTEX_POINT('',#11312);
#5571=VERTEX_POINT('',#11314);
#5572=VERTEX_POINT('',#11321);
#5573=VERTEX_POINT('',#11322);
#5574=VERTEX_POINT('',#11324);
#5575=VERTEX_POINT('',#11326);
#5576=VERTEX_POINT('',#11333);
#5577=VERTEX_POINT('',#11334);
#5578=VERTEX_POINT('',#11336);
#5579=VERTEX_POINT('',#11338);
#5580=VERTEX_POINT('',#11345);
#5581=VERTEX_POINT('',#11346);
#5582=VERTEX_POINT('',#11348);
#5583=VERTEX_POINT('',#11350);
#5584=VERTEX_POINT('',#11357);
#5585=VERTEX_POINT('',#11358);
#5586=VERTEX_POINT('',#11360);
#5587=VERTEX_POINT('',#11362);
#5588=VERTEX_POINT('',#11364);
#5589=VERTEX_POINT('',#11366);
#5590=VERTEX_POINT('',#11368);
#5591=VERTEX_POINT('',#11370);
#5592=VERTEX_POINT('',#11372);
#5593=VERTEX_POINT('',#11382);
#5594=VERTEX_POINT('',#11383);
#5595=VERTEX_POINT('',#11385);
#5596=VERTEX_POINT('',#11387);
#5597=VERTEX_POINT('',#11389);
#5598=VERTEX_POINT('',#11391);
#5599=VERTEX_POINT('',#11393);
#5600=VERTEX_POINT('',#11395);
#5601=VERTEX_POINT('',#11397);
#5602=VERTEX_POINT('',#11477);
#5603=VERTEX_POINT('',#11480);
#5604=VERTEX_POINT('',#11700);
#5605=VERTEX_POINT('',#11701);
#5606=VERTEX_POINT('',#11704);
#5607=VERTEX_POINT('',#11706);
#5608=VERTEX_POINT('',#11714);
#5609=VERTEX_POINT('',#11715);
#5610=VERTEX_POINT('',#11717);
#5611=VERTEX_POINT('',#11719);
#5612=VERTEX_POINT('',#11730);
#5613=VERTEX_POINT('',#11732);
#5614=VERTEX_POINT('',#11734);
#5615=VERTEX_POINT('',#11736);
#5616=VERTEX_POINT('',#11743);
#5617=VERTEX_POINT('',#11745);
#5618=VERTEX_POINT('',#11756);
#5619=VERTEX_POINT('',#11758);
#5620=VERTEX_POINT('',#11765);
#5621=VERTEX_POINT('',#11767);
#5622=VERTEX_POINT('',#11774);
#5623=VERTEX_POINT('',#11776);
#5624=VERTEX_POINT('',#11783);
#5625=VERTEX_POINT('',#11785);
#5626=VERTEX_POINT('',#11796);
#5627=VERTEX_POINT('',#11797);
#5628=VERTEX_POINT('',#11800);
#5629=VERTEX_POINT('',#11802);
#5630=VERTEX_POINT('',#11809);
#5631=VERTEX_POINT('',#11811);
#5632=VERTEX_POINT('',#11822);
#5633=VERTEX_POINT('',#11824);
#5634=VERTEX_POINT('',#11831);
#5635=VERTEX_POINT('',#11833);
#5636=VERTEX_POINT('',#11844);
#5637=VERTEX_POINT('',#11846);
#5638=VERTEX_POINT('',#11853);
#5639=VERTEX_POINT('',#11855);
#5640=VERTEX_POINT('',#11866);
#5641=VERTEX_POINT('',#11868);
#5642=VERTEX_POINT('',#11875);
#5643=VERTEX_POINT('',#11877);
#5644=VERTEX_POINT('',#11888);
#5645=VERTEX_POINT('',#11890);
#5646=VERTEX_POINT('',#11897);
#5647=VERTEX_POINT('',#11899);
#5648=VERTEX_POINT('',#11906);
#5649=VERTEX_POINT('',#11908);
#5650=VERTEX_POINT('',#11915);
#5651=VERTEX_POINT('',#11917);
#5652=VERTEX_POINT('',#11928);
#5653=VERTEX_POINT('',#11930);
#5654=VERTEX_POINT('',#11937);
#5655=VERTEX_POINT('',#11939);
#5656=VERTEX_POINT('',#11950);
#5657=VERTEX_POINT('',#11952);
#5658=VERTEX_POINT('',#11959);
#5659=VERTEX_POINT('',#11961);
#5660=VERTEX_POINT('',#11972);
#5661=VERTEX_POINT('',#11974);
#5662=VERTEX_POINT('',#11981);
#5663=VERTEX_POINT('',#11983);
#5664=VERTEX_POINT('',#11994);
#5665=VERTEX_POINT('',#11996);
#5666=VERTEX_POINT('',#12003);
#5667=VERTEX_POINT('',#12005);
#5668=VERTEX_POINT('',#12016);
#5669=VERTEX_POINT('',#12017);
#5670=VERTEX_POINT('',#12020);
#5671=VERTEX_POINT('',#12022);
#5672=VERTEX_POINT('',#12029);
#5673=VERTEX_POINT('',#12031);
#5674=VERTEX_POINT('',#12038);
#5675=VERTEX_POINT('',#12040);
#5676=VERTEX_POINT('',#12047);
#5677=VERTEX_POINT('',#12049);
#5678=VERTEX_POINT('',#12060);
#5679=VERTEX_POINT('',#12062);
#5680=VERTEX_POINT('',#12069);
#5681=VERTEX_POINT('',#12071);
#5682=VERTEX_POINT('',#12082);
#5683=VERTEX_POINT('',#12084);
#5684=VERTEX_POINT('',#12086);
#5685=VERTEX_POINT('',#12088);
#5686=VERTEX_POINT('',#12095);
#5687=VERTEX_POINT('',#12097);
#5688=VERTEX_POINT('',#12108);
#5689=VERTEX_POINT('',#12110);
#5690=VERTEX_POINT('',#12117);
#5691=VERTEX_POINT('',#12119);
#5692=VERTEX_POINT('',#12130);
#5693=VERTEX_POINT('',#12132);
#5694=VERTEX_POINT('',#12139);
#5695=VERTEX_POINT('',#12141);
#5696=VERTEX_POINT('',#12152);
#5697=VERTEX_POINT('',#12154);
#5698=VERTEX_POINT('',#12161);
#5699=VERTEX_POINT('',#12163);
#5700=VERTEX_POINT('',#12170);
#5701=VERTEX_POINT('',#12172);
#5702=VERTEX_POINT('',#12179);
#5703=VERTEX_POINT('',#12181);
#5704=VERTEX_POINT('',#12192);
#5705=VERTEX_POINT('',#12194);
#5706=VERTEX_POINT('',#12201);
#5707=VERTEX_POINT('',#12203);
#5708=VERTEX_POINT('',#12220);
#5709=VERTEX_POINT('',#12222);
#5710=VERTEX_POINT('',#12224);
#5711=VERTEX_POINT('',#12226);
#5712=VERTEX_POINT('',#12233);
#5713=VERTEX_POINT('',#12235);
#5714=VERTEX_POINT('',#12275);
#5715=VERTEX_POINT('',#12276);
#5716=VERTEX_POINT('',#12279);
#5717=VERTEX_POINT('',#12281);
#5718=VERTEX_POINT('',#12293);
#5719=VERTEX_POINT('',#12294);
#5720=VERTEX_POINT('',#12297);
#5721=VERTEX_POINT('',#12299);
#5722=VERTEX_POINT('',#12311);
#5723=VERTEX_POINT('',#12312);
#5724=VERTEX_POINT('',#12315);
#5725=VERTEX_POINT('',#12317);
#5726=VERTEX_POINT('',#12325);
#5727=VERTEX_POINT('',#12326);
#5728=VERTEX_POINT('',#12328);
#5729=VERTEX_POINT('',#12330);
#5730=VERTEX_POINT('',#12337);
#5731=VERTEX_POINT('',#12339);
#5732=VERTEX_POINT('',#12346);
#5733=VERTEX_POINT('',#12348);
#5734=VERTEX_POINT('',#12404);
#5735=VERTEX_POINT('',#12405);
#5736=VERTEX_POINT('',#12408);
#5737=VERTEX_POINT('',#12410);
#5738=VERTEX_POINT('',#12422);
#5739=VERTEX_POINT('',#12423);
#5740=VERTEX_POINT('',#12426);
#5741=VERTEX_POINT('',#12428);
#5742=VERTEX_POINT('',#12440);
#5743=VERTEX_POINT('',#12441);
#5744=VERTEX_POINT('',#12444);
#5745=VERTEX_POINT('',#12446);
#5746=VERTEX_POINT('',#12454);
#5747=VERTEX_POINT('',#12455);
#5748=VERTEX_POINT('',#12457);
#5749=VERTEX_POINT('',#12459);
#5750=VERTEX_POINT('',#12466);
#5751=VERTEX_POINT('',#12468);
#5752=VERTEX_POINT('',#12475);
#5753=VERTEX_POINT('',#12477);
#5754=VERTEX_POINT('',#12533);
#5755=VERTEX_POINT('',#12534);
#5756=VERTEX_POINT('',#12537);
#5757=VERTEX_POINT('',#12539);
#5758=VERTEX_POINT('',#12551);
#5759=VERTEX_POINT('',#12552);
#5760=VERTEX_POINT('',#12555);
#5761=VERTEX_POINT('',#12557);
#5762=VERTEX_POINT('',#12569);
#5763=VERTEX_POINT('',#12570);
#5764=VERTEX_POINT('',#12573);
#5765=VERTEX_POINT('',#12575);
#5766=VERTEX_POINT('',#12583);
#5767=VERTEX_POINT('',#12584);
#5768=VERTEX_POINT('',#12586);
#5769=VERTEX_POINT('',#12588);
#5770=VERTEX_POINT('',#12595);
#5771=VERTEX_POINT('',#12597);
#5772=VERTEX_POINT('',#12604);
#5773=VERTEX_POINT('',#12606);
#5774=VERTEX_POINT('',#12662);
#5775=VERTEX_POINT('',#12663);
#5776=VERTEX_POINT('',#12666);
#5777=VERTEX_POINT('',#12668);
#5778=VERTEX_POINT('',#12680);
#5779=VERTEX_POINT('',#12681);
#5780=VERTEX_POINT('',#12684);
#5781=VERTEX_POINT('',#12686);
#5782=VERTEX_POINT('',#12698);
#5783=VERTEX_POINT('',#12699);
#5784=VERTEX_POINT('',#12702);
#5785=VERTEX_POINT('',#12704);
#5786=VERTEX_POINT('',#12712);
#5787=VERTEX_POINT('',#12713);
#5788=VERTEX_POINT('',#12715);
#5789=VERTEX_POINT('',#12717);
#5790=VERTEX_POINT('',#12724);
#5791=VERTEX_POINT('',#12726);
#5792=VERTEX_POINT('',#12733);
#5793=VERTEX_POINT('',#12735);
#5794=VERTEX_POINT('',#12791);
#5795=VERTEX_POINT('',#12792);
#5796=VERTEX_POINT('',#12795);
#5797=VERTEX_POINT('',#12797);
#5798=VERTEX_POINT('',#12809);
#5799=VERTEX_POINT('',#12810);
#5800=VERTEX_POINT('',#12813);
#5801=VERTEX_POINT('',#12815);
#5802=VERTEX_POINT('',#12827);
#5803=VERTEX_POINT('',#12828);
#5804=VERTEX_POINT('',#12831);
#5805=VERTEX_POINT('',#12833);
#5806=VERTEX_POINT('',#12841);
#5807=VERTEX_POINT('',#12842);
#5808=VERTEX_POINT('',#12844);
#5809=VERTEX_POINT('',#12846);
#5810=VERTEX_POINT('',#12853);
#5811=VERTEX_POINT('',#12855);
#5812=VERTEX_POINT('',#12862);
#5813=VERTEX_POINT('',#12864);
#5814=VERTEX_POINT('',#12920);
#5815=VERTEX_POINT('',#12921);
#5816=VERTEX_POINT('',#12924);
#5817=VERTEX_POINT('',#12926);
#5818=VERTEX_POINT('',#12938);
#5819=VERTEX_POINT('',#12939);
#5820=VERTEX_POINT('',#12942);
#5821=VERTEX_POINT('',#12944);
#5822=VERTEX_POINT('',#12956);
#5823=VERTEX_POINT('',#12957);
#5824=VERTEX_POINT('',#12960);
#5825=VERTEX_POINT('',#12962);
#5826=VERTEX_POINT('',#12970);
#5827=VERTEX_POINT('',#12971);
#5828=VERTEX_POINT('',#12973);
#5829=VERTEX_POINT('',#12975);
#5830=VERTEX_POINT('',#12982);
#5831=VERTEX_POINT('',#12984);
#5832=VERTEX_POINT('',#12991);
#5833=VERTEX_POINT('',#12993);
#5834=VERTEX_POINT('',#13049);
#5835=VERTEX_POINT('',#13050);
#5836=VERTEX_POINT('',#13053);
#5837=VERTEX_POINT('',#13055);
#5838=VERTEX_POINT('',#13067);
#5839=VERTEX_POINT('',#13068);
#5840=VERTEX_POINT('',#13071);
#5841=VERTEX_POINT('',#13073);
#5842=VERTEX_POINT('',#13084);
#5843=VERTEX_POINT('',#13085);
#5844=VERTEX_POINT('',#13088);
#5845=VERTEX_POINT('',#13090);
#5846=VERTEX_POINT('',#13101);
#5847=VERTEX_POINT('',#13102);
#5848=VERTEX_POINT('',#13105);
#5849=VERTEX_POINT('',#13107);
#5850=VERTEX_POINT('',#13119);
#5851=VERTEX_POINT('',#13120);
#5852=VERTEX_POINT('',#13123);
#5853=VERTEX_POINT('',#13125);
#5854=VERTEX_POINT('',#13137);
#5855=VERTEX_POINT('',#13138);
#5856=VERTEX_POINT('',#13141);
#5857=VERTEX_POINT('',#13143);
#5858=VERTEX_POINT('',#13155);
#5859=VERTEX_POINT('',#13156);
#5860=VERTEX_POINT('',#13159);
#5861=VERTEX_POINT('',#13161);
#5862=VERTEX_POINT('',#13173);
#5863=VERTEX_POINT('',#13174);
#5864=VERTEX_POINT('',#13177);
#5865=VERTEX_POINT('',#13179);
#5866=VERTEX_POINT('',#13191);
#5867=VERTEX_POINT('',#13192);
#5868=VERTEX_POINT('',#13195);
#5869=VERTEX_POINT('',#13197);
#5870=VERTEX_POINT('',#13209);
#5871=VERTEX_POINT('',#13210);
#5872=VERTEX_POINT('',#13213);
#5873=VERTEX_POINT('',#13215);
#5874=VERTEX_POINT('',#13223);
#5875=VERTEX_POINT('',#13224);
#5876=VERTEX_POINT('',#13226);
#5877=VERTEX_POINT('',#13228);
#5878=VERTEX_POINT('',#13235);
#5879=VERTEX_POINT('',#13236);
#5880=VERTEX_POINT('',#13238);
#5881=VERTEX_POINT('',#13240);
#5882=VERTEX_POINT('',#13242);
#5883=VERTEX_POINT('',#13244);
#5884=VERTEX_POINT('',#13246);
#5885=VERTEX_POINT('',#13248);
#5886=VERTEX_POINT('',#13250);
#5887=VERTEX_POINT('',#13252);
#5888=VERTEX_POINT('',#13254);
#5889=VERTEX_POINT('',#13256);
#5890=VERTEX_POINT('',#13258);
#5891=VERTEX_POINT('',#13260);
#5892=VERTEX_POINT('',#13262);
#5893=VERTEX_POINT('',#13264);
#5894=VERTEX_POINT('',#13271);
#5895=VERTEX_POINT('',#13272);
#5896=VERTEX_POINT('',#13274);
#5897=VERTEX_POINT('',#13276);
#5898=VERTEX_POINT('',#13283);
#5899=VERTEX_POINT('',#13284);
#5900=VERTEX_POINT('',#13286);
#5901=VERTEX_POINT('',#13288);
#5902=VERTEX_POINT('',#13295);
#5903=VERTEX_POINT('',#13296);
#5904=VERTEX_POINT('',#13298);
#5905=VERTEX_POINT('',#13300);
#5906=VERTEX_POINT('',#13310);
#5907=VERTEX_POINT('',#13313);
#5908=VERTEX_POINT('',#13323);
#5909=VERTEX_POINT('',#13324);
#5910=VERTEX_POINT('',#13326);
#5911=VERTEX_POINT('',#13328);
#5912=VERTEX_POINT('',#13336);
#5913=VERTEX_POINT('',#13338);
#5914=VERTEX_POINT('',#13351);
#5915=VERTEX_POINT('',#13353);
#5916=VERTEX_POINT('',#13360);
#5917=VERTEX_POINT('',#13361);
#5918=VERTEX_POINT('',#13363);
#5919=VERTEX_POINT('',#13366);
#5920=VERTEX_POINT('',#13372);
#5921=VERTEX_POINT('',#13374);
#5922=VERTEX_POINT('',#13376);
#5923=VERTEX_POINT('',#13383);
#5924=VERTEX_POINT('',#13384);
#5925=VERTEX_POINT('',#13389);
#5926=VERTEX_POINT('',#13391);
#5927=VERTEX_POINT('',#13393);
#5928=VERTEX_POINT('',#13395);
#5929=VERTEX_POINT('',#13397);
#5930=VERTEX_POINT('',#13401);
#5931=VERTEX_POINT('',#13403);
#5932=VERTEX_POINT('',#13410);
#5933=VERTEX_POINT('',#13411);
#5934=VERTEX_POINT('',#13413);
#5935=VERTEX_POINT('',#13416);
#5936=VERTEX_POINT('',#13419);
#5937=VERTEX_POINT('',#13420);
#5938=VERTEX_POINT('',#13422);
#5939=VERTEX_POINT('',#13424);
#5940=VERTEX_POINT('',#13426);
#5941=VERTEX_POINT('',#13428);
#5942=VERTEX_POINT('',#13435);
#5943=VERTEX_POINT('',#13436);
#5944=VERTEX_POINT('',#13444);
#5945=VERTEX_POINT('',#13456);
#5946=VERTEX_POINT('',#13463);
#5947=VERTEX_POINT('',#13464);
#5948=VERTEX_POINT('',#13466);
#5949=VERTEX_POINT('',#13468);
#5950=VERTEX_POINT('',#13475);
#5951=VERTEX_POINT('',#13476);
#5952=VERTEX_POINT('',#13484);
#5953=VERTEX_POINT('',#13485);
#5954=VERTEX_POINT('',#13493);
#5955=VERTEX_POINT('',#13494);
#5956=VERTEX_POINT('',#13502);
#5957=VERTEX_POINT('',#13503);
#5958=VERTEX_POINT('',#13523);
#5959=VERTEX_POINT('',#13525);
#5960=VERTEX_POINT('',#13527);
#5961=VERTEX_POINT('',#13541);
#5962=VERTEX_POINT('',#13542);
#5963=VERTEX_POINT('',#13581);
#5964=VERTEX_POINT('',#13658);
#5965=VERTEX_POINT('',#13665);
#5966=VERTEX_POINT('',#13668);
#5967=VERTEX_POINT('',#13669);
#5968=VERTEX_POINT('',#13671);
#5969=VERTEX_POINT('',#13673);
#5970=VERTEX_POINT('',#13675);
#5971=VERTEX_POINT('',#13677);
#5972=VERTEX_POINT('',#13684);
#5973=VERTEX_POINT('',#13686);
#5974=VERTEX_POINT('',#13704);
#5975=VERTEX_POINT('',#13705);
#5976=VERTEX_POINT('',#13709);
#5977=VERTEX_POINT('',#13710);
#5978=VERTEX_POINT('',#13765);
#5979=VERTEX_POINT('',#13767);
#5980=VERTEX_POINT('',#13784);
#5981=VERTEX_POINT('',#13786);
#5982=VERTEX_POINT('',#13793);
#5983=VERTEX_POINT('',#13810);
#5984=VERTEX_POINT('',#13831);
#5985=VERTEX_POINT('',#13833);
#5986=VERTEX_POINT('',#13835);
#5987=VERTEX_POINT('',#13842);
#5988=VERTEX_POINT('',#13859);
#5989=VERTEX_POINT('',#13861);
#5990=VERTEX_POINT('',#13900);
#5991=VERTEX_POINT('',#13930);
#5992=VERTEX_POINT('',#13968);
#5993=VERTEX_POINT('',#13969);
#5994=VERTEX_POINT('',#13972);
#5995=VERTEX_POINT('',#13974);
#5996=VERTEX_POINT('',#13982);
#5997=VERTEX_POINT('',#13983);
#5998=VERTEX_POINT('',#13985);
#5999=VERTEX_POINT('',#13987);
#6000=VERTEX_POINT('',#13998);
#6001=VERTEX_POINT('',#14000);
#6002=VERTEX_POINT('',#14002);
#6003=VERTEX_POINT('',#14004);
#6004=VERTEX_POINT('',#14011);
#6005=VERTEX_POINT('',#14013);
#6006=VERTEX_POINT('',#14024);
#6007=VERTEX_POINT('',#14026);
#6008=VERTEX_POINT('',#14033);
#6009=VERTEX_POINT('',#14035);
#6010=VERTEX_POINT('',#14042);
#6011=VERTEX_POINT('',#14044);
#6012=VERTEX_POINT('',#14051);
#6013=VERTEX_POINT('',#14053);
#6014=VERTEX_POINT('',#14064);
#6015=VERTEX_POINT('',#14065);
#6016=VERTEX_POINT('',#14068);
#6017=VERTEX_POINT('',#14070);
#6018=VERTEX_POINT('',#14077);
#6019=VERTEX_POINT('',#14079);
#6020=VERTEX_POINT('',#14090);
#6021=VERTEX_POINT('',#14092);
#6022=VERTEX_POINT('',#14099);
#6023=VERTEX_POINT('',#14101);
#6024=VERTEX_POINT('',#14112);
#6025=VERTEX_POINT('',#14114);
#6026=VERTEX_POINT('',#14121);
#6027=VERTEX_POINT('',#14123);
#6028=VERTEX_POINT('',#14134);
#6029=VERTEX_POINT('',#14136);
#6030=VERTEX_POINT('',#14143);
#6031=VERTEX_POINT('',#14145);
#6032=VERTEX_POINT('',#14156);
#6033=VERTEX_POINT('',#14158);
#6034=VERTEX_POINT('',#14165);
#6035=VERTEX_POINT('',#14167);
#6036=VERTEX_POINT('',#14174);
#6037=VERTEX_POINT('',#14176);
#6038=VERTEX_POINT('',#14183);
#6039=VERTEX_POINT('',#14185);
#6040=VERTEX_POINT('',#14196);
#6041=VERTEX_POINT('',#14198);
#6042=VERTEX_POINT('',#14205);
#6043=VERTEX_POINT('',#14207);
#6044=VERTEX_POINT('',#14218);
#6045=VERTEX_POINT('',#14220);
#6046=VERTEX_POINT('',#14227);
#6047=VERTEX_POINT('',#14229);
#6048=VERTEX_POINT('',#14240);
#6049=VERTEX_POINT('',#14242);
#6050=VERTEX_POINT('',#14249);
#6051=VERTEX_POINT('',#14251);
#6052=VERTEX_POINT('',#14262);
#6053=VERTEX_POINT('',#14264);
#6054=VERTEX_POINT('',#14271);
#6055=VERTEX_POINT('',#14273);
#6056=VERTEX_POINT('',#14284);
#6057=VERTEX_POINT('',#14285);
#6058=VERTEX_POINT('',#14288);
#6059=VERTEX_POINT('',#14290);
#6060=VERTEX_POINT('',#14297);
#6061=VERTEX_POINT('',#14299);
#6062=VERTEX_POINT('',#14306);
#6063=VERTEX_POINT('',#14308);
#6064=VERTEX_POINT('',#14315);
#6065=VERTEX_POINT('',#14317);
#6066=VERTEX_POINT('',#14328);
#6067=VERTEX_POINT('',#14330);
#6068=VERTEX_POINT('',#14337);
#6069=VERTEX_POINT('',#14339);
#6070=VERTEX_POINT('',#14350);
#6071=VERTEX_POINT('',#14352);
#6072=VERTEX_POINT('',#14354);
#6073=VERTEX_POINT('',#14356);
#6074=VERTEX_POINT('',#14363);
#6075=VERTEX_POINT('',#14365);
#6076=VERTEX_POINT('',#14376);
#6077=VERTEX_POINT('',#14378);
#6078=VERTEX_POINT('',#14385);
#6079=VERTEX_POINT('',#14387);
#6080=VERTEX_POINT('',#14398);
#6081=VERTEX_POINT('',#14400);
#6082=VERTEX_POINT('',#14407);
#6083=VERTEX_POINT('',#14409);
#6084=VERTEX_POINT('',#14420);
#6085=VERTEX_POINT('',#14422);
#6086=VERTEX_POINT('',#14429);
#6087=VERTEX_POINT('',#14431);
#6088=VERTEX_POINT('',#14438);
#6089=VERTEX_POINT('',#14440);
#6090=VERTEX_POINT('',#14447);
#6091=VERTEX_POINT('',#14449);
#6092=VERTEX_POINT('',#14460);
#6093=VERTEX_POINT('',#14462);
#6094=VERTEX_POINT('',#14469);
#6095=VERTEX_POINT('',#14471);
#6096=VERTEX_POINT('',#14488);
#6097=VERTEX_POINT('',#14490);
#6098=VERTEX_POINT('',#14492);
#6099=VERTEX_POINT('',#14494);
#6100=VERTEX_POINT('',#14501);
#6101=VERTEX_POINT('',#14503);
#6102=VERTEX_POINT('',#14543);
#6103=VERTEX_POINT('',#14544);
#6104=VERTEX_POINT('',#14547);
#6105=VERTEX_POINT('',#14549);
#6106=VERTEX_POINT('',#14561);
#6107=VERTEX_POINT('',#14562);
#6108=VERTEX_POINT('',#14565);
#6109=VERTEX_POINT('',#14567);
#6110=VERTEX_POINT('',#14578);
#6111=VERTEX_POINT('',#14579);
#6112=VERTEX_POINT('',#14582);
#6113=VERTEX_POINT('',#14584);
#6114=VERTEX_POINT('',#14595);
#6115=VERTEX_POINT('',#14596);
#6116=VERTEX_POINT('',#14599);
#6117=VERTEX_POINT('',#14601);
#6118=VERTEX_POINT('',#14613);
#6119=VERTEX_POINT('',#14614);
#6120=VERTEX_POINT('',#14617);
#6121=VERTEX_POINT('',#14619);
#6122=VERTEX_POINT('',#14631);
#6123=VERTEX_POINT('',#14632);
#6124=VERTEX_POINT('',#14635);
#6125=VERTEX_POINT('',#14637);
#6126=VERTEX_POINT('',#14649);
#6127=VERTEX_POINT('',#14650);
#6128=VERTEX_POINT('',#14653);
#6129=VERTEX_POINT('',#14655);
#6130=VERTEX_POINT('',#14667);
#6131=VERTEX_POINT('',#14668);
#6132=VERTEX_POINT('',#14671);
#6133=VERTEX_POINT('',#14673);
#6134=VERTEX_POINT('',#14685);
#6135=VERTEX_POINT('',#14686);
#6136=VERTEX_POINT('',#14689);
#6137=VERTEX_POINT('',#14691);
#6138=VERTEX_POINT('',#14703);
#6139=VERTEX_POINT('',#14704);
#6140=VERTEX_POINT('',#14707);
#6141=VERTEX_POINT('',#14709);
#6142=VERTEX_POINT('',#14717);
#6143=VERTEX_POINT('',#14718);
#6144=VERTEX_POINT('',#14720);
#6145=VERTEX_POINT('',#14722);
#6146=VERTEX_POINT('',#14729);
#6147=VERTEX_POINT('',#14730);
#6148=VERTEX_POINT('',#14732);
#6149=VERTEX_POINT('',#14734);
#6150=VERTEX_POINT('',#14737);
#6151=VERTEX_POINT('',#14738);
#6152=VERTEX_POINT('',#14740);
#6153=VERTEX_POINT('',#14742);
#6154=VERTEX_POINT('',#14744);
#6155=VERTEX_POINT('',#14746);
#6156=VERTEX_POINT('',#14748);
#6157=VERTEX_POINT('',#14750);
#6158=VERTEX_POINT('',#14752);
#6159=VERTEX_POINT('',#14754);
#6160=VERTEX_POINT('',#14756);
#6161=VERTEX_POINT('',#14758);
#6162=VERTEX_POINT('',#14760);
#6163=VERTEX_POINT('',#14762);
#6164=VERTEX_POINT('',#14764);
#6165=VERTEX_POINT('',#14766);
#6166=VERTEX_POINT('',#14773);
#6167=VERTEX_POINT('',#14774);
#6168=VERTEX_POINT('',#14776);
#6169=VERTEX_POINT('',#14778);
#6170=VERTEX_POINT('',#14785);
#6171=VERTEX_POINT('',#14786);
#6172=VERTEX_POINT('',#14788);
#6173=VERTEX_POINT('',#14790);
#6174=VERTEX_POINT('',#14797);
#6175=VERTEX_POINT('',#14798);
#6176=VERTEX_POINT('',#14800);
#6177=VERTEX_POINT('',#14802);
#6178=VERTEX_POINT('',#14812);
#6179=VERTEX_POINT('',#14813);
#6180=VERTEX_POINT('',#14815);
#6181=VERTEX_POINT('',#14817);
#6182=VERTEX_POINT('',#14825);
#6183=VERTEX_POINT('',#14827);
#6184=VERTEX_POINT('',#14841);
#6185=VERTEX_POINT('',#14842);
#6186=VERTEX_POINT('',#14844);
#6187=VERTEX_POINT('',#14846);
#6188=VERTEX_POINT('',#14856);
#6189=VERTEX_POINT('',#14865);
#6190=VERTEX_POINT('',#14867);
#6191=VERTEX_POINT('',#14872);
#6192=VERTEX_POINT('',#14883);
#6193=VERTEX_POINT('',#14885);
#6194=VERTEX_POINT('',#14892);
#6195=VERTEX_POINT('',#14894);
#6196=VERTEX_POINT('',#14896);
#6197=VERTEX_POINT('',#14898);
#6198=VERTEX_POINT('',#14900);
#6199=VERTEX_POINT('',#14902);
#6200=VERTEX_POINT('',#14909);
#6201=VERTEX_POINT('',#14910);
#6202=VERTEX_POINT('',#14912);
#6203=VERTEX_POINT('',#14914);
#6204=VERTEX_POINT('',#14916);
#6205=VERTEX_POINT('',#14918);
#6206=VERTEX_POINT('',#14920);
#6207=VERTEX_POINT('',#14922);
#6208=VERTEX_POINT('',#14935);
#6209=VERTEX_POINT('',#14937);
#6210=VERTEX_POINT('',#14944);
#6211=VERTEX_POINT('',#14945);
#6212=VERTEX_POINT('',#14947);
#6213=VERTEX_POINT('',#14949);
#6214=VERTEX_POINT('',#14951);
#6215=VERTEX_POINT('',#14953);
#6216=VERTEX_POINT('',#14959);
#6217=VERTEX_POINT('',#14961);
#6218=VERTEX_POINT('',#14963);
#6219=VERTEX_POINT('',#14970);
#6220=VERTEX_POINT('',#14971);
#6221=VERTEX_POINT('',#14973);
#6222=VERTEX_POINT('',#14975);
#6223=VERTEX_POINT('',#14982);
#6224=VERTEX_POINT('',#14983);
#6225=VERTEX_POINT('',#14997);
#6226=VERTEX_POINT('',#14998);
#6227=VERTEX_POINT('',#15006);
#6228=VERTEX_POINT('',#15007);
#6229=VERTEX_POINT('',#15015);
#6230=VERTEX_POINT('',#15022);
#6231=VERTEX_POINT('',#15029);
#6232=VERTEX_POINT('',#15036);
#6233=VERTEX_POINT('',#15043);
#6234=VERTEX_POINT('',#15044);
#6235=VERTEX_POINT('',#15056);
#6236=VERTEX_POINT('',#15074);
#6237=VERTEX_POINT('',#15148);
#6238=VERTEX_POINT('',#15151);
#6239=VERTEX_POINT('',#15153);
#6240=VERTEX_POINT('',#15158);
#6241=VERTEX_POINT('',#15160);
#6242=VERTEX_POINT('',#15163);
#6243=VERTEX_POINT('',#15164);
#6244=VERTEX_POINT('',#15185);
#6245=VERTEX_POINT('',#15188);
#6246=VERTEX_POINT('',#15192);
#6247=VERTEX_POINT('',#15193);
#6248=VERTEX_POINT('',#15195);
#6249=VERTEX_POINT('',#15197);
#6250=VERTEX_POINT('',#15199);
#6251=VERTEX_POINT('',#15206);
#6252=VERTEX_POINT('',#15215);
#6253=VERTEX_POINT('',#15216);
#6254=VERTEX_POINT('',#15218);
#6255=VERTEX_POINT('',#15220);
#6256=VERTEX_POINT('',#15222);
#6257=VERTEX_POINT('',#15240);
#6258=VERTEX_POINT('',#15241);
#6259=VERTEX_POINT('',#15245);
#6260=VERTEX_POINT('',#15247);
#6261=VERTEX_POINT('',#15299);
#6262=VERTEX_POINT('',#15320);
#6263=VERTEX_POINT('',#15322);
#6264=VERTEX_POINT('',#15329);
#6265=VERTEX_POINT('',#15336);
#6266=VERTEX_POINT('',#15360);
#6267=VERTEX_POINT('',#15362);
#6268=VERTEX_POINT('',#15379);
#6269=VERTEX_POINT('',#15381);
#6270=VERTEX_POINT('',#15388);
#6271=VERTEX_POINT('',#15414);
#6272=VERTEX_POINT('',#15416);
#6273=VERTEX_POINT('',#15433);
#6274=VERTEX_POINT('',#15440);
#6275=VERTEX_POINT('',#15457);
#6276=VERTEX_POINT('',#15481);
#6277=VERTEX_POINT('',#15511);
#6278=CIRCLE('',#8578,0.0051);
#6279=CIRCLE('',#8579,0.0051);
#6280=CIRCLE('',#8580,0.0051);
#6281=CIRCLE('',#8581,0.0051);
#6282=CIRCLE('',#8582,0.0051);
#6283=CIRCLE('',#8583,0.0051);
#6284=CIRCLE('',#8584,0.0051);
#6285=CIRCLE('',#8585,0.0051);
#6286=CIRCLE('',#8586,0.0051);
#6287=CIRCLE('',#8587,0.0051);
#6288=CIRCLE('',#8588,0.0051);
#6289=CIRCLE('',#8589,0.0051);
#6290=CIRCLE('',#8590,0.004);
#6291=CIRCLE('',#8591,0.004);
#6292=CIRCLE('',#8592,0.004);
#6293=CIRCLE('',#8593,0.004);
#6294=CIRCLE('',#8594,0.004);
#6295=CIRCLE('',#8595,0.004);
#6296=CIRCLE('',#8596,0.004);
#6297=CIRCLE('',#8597,0.004);
#6298=CIRCLE('',#8598,0.004);
#6299=CIRCLE('',#8599,0.004);
#6300=CIRCLE('',#8600,0.007);
#6301=CIRCLE('',#8601,0.007);
#6302=CIRCLE('',#8602,0.007);
#6303=CIRCLE('',#8603,0.007);
#6304=CIRCLE('',#8604,0.007);
#6305=CIRCLE('',#8605,0.007);
#6306=CIRCLE('',#8606,0.007);
#6307=CIRCLE('',#8607,0.007);
#6308=CIRCLE('',#8608,0.007);
#6309=CIRCLE('',#8609,0.007);
#6310=CIRCLE('',#8610,0.003);
#6311=CIRCLE('',#8611,0.003);
#6312=CIRCLE('',#8612,0.003);
#6313=CIRCLE('',#8613,0.003);
#6314=CIRCLE('',#8614,0.003);
#6315=CIRCLE('',#8615,0.003);
#6316=CIRCLE('',#8616,0.003);
#6317=CIRCLE('',#8617,0.003);
#6318=CIRCLE('',#8618,0.003);
#6319=CIRCLE('',#8619,0.003);
#6320=CIRCLE('',#8620,0.003);
#6321=CIRCLE('',#8621,0.003);
#6322=CIRCLE('',#8622,0.003);
#6323=CIRCLE('',#8623,0.003);
#6324=CIRCLE('',#8624,0.003);
#6325=CIRCLE('',#8625,0.003);
#6326=CIRCLE('',#8627,0.008115);
#6327=CIRCLE('',#8628,0.008115);
#6328=CIRCLE('',#8629,0.008115);
#6329=CIRCLE('',#8630,0.008115);
#6330=CIRCLE('',#8631,0.008115);
#6331=CIRCLE('',#8632,0.008115);
#6332=CIRCLE('',#8633,0.0051);
#6333=CIRCLE('',#8634,0.0051);
#6334=CIRCLE('',#8635,0.0051);
#6335=CIRCLE('',#8636,0.0051);
#6336=CIRCLE('',#8637,0.0051);
#6337=CIRCLE('',#8638,0.0051);
#6338=CIRCLE('',#8639,0.0051);
#6339=CIRCLE('',#8640,0.0051);
#6340=CIRCLE('',#8641,0.0051);
#6341=CIRCLE('',#8642,0.0051);
#6342=CIRCLE('',#8643,0.0051);
#6343=CIRCLE('',#8644,0.0051);
#6344=CIRCLE('',#8645,0.004);
#6345=CIRCLE('',#8646,0.004);
#6346=CIRCLE('',#8647,0.004);
#6347=CIRCLE('',#8648,0.004);
#6348=CIRCLE('',#8649,0.004);
#6349=CIRCLE('',#8650,0.008115);
#6350=CIRCLE('',#8651,0.008115);
#6351=CIRCLE('',#8652,0.008115);
#6352=CIRCLE('',#8653,0.004);
#6353=CIRCLE('',#8654,0.004);
#6354=CIRCLE('',#8655,0.004);
#6355=CIRCLE('',#8656,0.004);
#6356=CIRCLE('',#8657,0.004);
#6357=CIRCLE('',#8658,0.008115);
#6358=CIRCLE('',#8659,0.008115);
#6359=CIRCLE('',#8660,0.008115);
#6360=CIRCLE('',#8661,0.007);
#6361=CIRCLE('',#8662,0.007);
#6362=CIRCLE('',#8663,0.007);
#6363=CIRCLE('',#8664,0.007);
#6364=CIRCLE('',#8665,0.007);
#6365=CIRCLE('',#8666,0.007);
#6366=CIRCLE('',#8667,0.007);
#6367=CIRCLE('',#8668,0.007);
#6368=CIRCLE('',#8669,0.007);
#6369=CIRCLE('',#8670,0.007);
#6370=CIRCLE('',#8671,0.003);
#6371=CIRCLE('',#8672,0.003);
#6372=CIRCLE('',#8673,0.003);
#6373=CIRCLE('',#8674,0.003);
#6374=CIRCLE('',#8675,0.003);
#6375=CIRCLE('',#8676,0.003);
#6376=CIRCLE('',#8677,0.003);
#6377=CIRCLE('',#8678,0.003);
#6378=CIRCLE('',#8679,0.003);
#6379=CIRCLE('',#8680,0.003);
#6380=CIRCLE('',#8681,0.003);
#6381=CIRCLE('',#8682,0.003);
#6382=CIRCLE('',#8683,0.003);
#6383=CIRCLE('',#8684,0.003);
#6384=CIRCLE('',#8685,0.003);
#6385=CIRCLE('',#8686,0.003);
#6386=CIRCLE('',#8688,0.0025);
#6387=CIRCLE('',#8689,0.0025);
#6388=CIRCLE('',#8690,0.0012);
#6389=CIRCLE('',#8691,0.0012);
#6390=CIRCLE('',#8692,0.0012);
#6391=CIRCLE('',#8693,0.0012);
#6392=CIRCLE('',#8694,0.000880278454278931);
#6393=CIRCLE('',#8695,0.000880278454278931);
#6394=CIRCLE('',#8696,0.000880278454278929);
#6395=CIRCLE('',#8697,0.000880278454278929);
#6396=CIRCLE('',#8698,0.000880278454278929);
#6397=CIRCLE('',#8699,0.000880278454278929);
#6398=CIRCLE('',#8700,0.00246921644707869);
#6399=CIRCLE('',#8701,0.00246921644707869);
#6400=CIRCLE('',#8702,0.00219693434175952);
#6401=CIRCLE('',#8703,0.00219693434175952);
#6402=CIRCLE('',#8704,0.0012);
#6403=CIRCLE('',#8705,0.0012);
#6404=CIRCLE('',#8706,0.000880278454278928);
#6405=CIRCLE('',#8707,0.000880278454278928);
#6406=CIRCLE('',#8708,0.000880278454278931);
#6407=CIRCLE('',#8709,0.000880278454278931);
#6408=CIRCLE('',#8710,0.00246921644707869);
#6409=CIRCLE('',#8711,0.00246921644707869);
#6410=CIRCLE('',#8712,0.00219693434175952);
#6411=CIRCLE('',#8713,0.00219693434175952);
#6412=CIRCLE('',#8714,0.0012);
#6413=CIRCLE('',#8715,0.0012);
#6414=CIRCLE('',#8716,0.000880278454278933);
#6415=CIRCLE('',#8717,0.000880278454278933);
#6416=CIRCLE('',#8718,0.000880278454278933);
#6417=CIRCLE('',#8719,0.000880278454278933);
#6418=CIRCLE('',#8720,0.000880278454278929);
#6419=CIRCLE('',#8721,0.000880278454278929);
#6420=CIRCLE('',#8722,0.00246921644707869);
#6421=CIRCLE('',#8723,0.00246921644707869);
#6422=CIRCLE('',#8724,0.00246921644707869);
#6423=CIRCLE('',#8725,0.00246921644707869);
#6424=CIRCLE('',#8726,0.00219693434175951);
#6425=CIRCLE('',#8727,0.00219693434175951);
#6426=CIRCLE('',#8728,0.0012);
#6427=CIRCLE('',#8729,0.0012);
#6428=CIRCLE('',#8730,0.000880278454278929);
#6429=CIRCLE('',#8731,0.000880278454278929);
#6430=CIRCLE('',#8732,0.00088027845427893);
#6431=CIRCLE('',#8733,0.00088027845427893);
#6432=CIRCLE('',#8734,0.00246921644707869);
#6433=CIRCLE('',#8735,0.00246921644707869);
#6434=CIRCLE('',#8736,0.00246921644707869);
#6435=CIRCLE('',#8737,0.00246921644707869);
#6436=CIRCLE('',#8738,0.00219693434175951);
#6437=CIRCLE('',#8739,0.00219693434175951);
#6438=CIRCLE('',#8740,0.0025);
#6439=CIRCLE('',#8741,0.0025);
#6440=CIRCLE('',#8743,0.0051);
#6441=CIRCLE('',#8744,0.0051);
#6442=CIRCLE('',#8745,0.0051);
#6443=CIRCLE('',#8746,0.0051);
#6444=CIRCLE('',#8747,0.0051);
#6445=CIRCLE('',#8748,0.0051);
#6446=CIRCLE('',#8749,0.0051);
#6447=CIRCLE('',#8750,0.0051);
#6448=CIRCLE('',#8751,0.0051);
#6449=CIRCLE('',#8752,0.0051);
#6450=CIRCLE('',#8753,0.0051);
#6451=CIRCLE('',#8754,0.0051);
#6452=CIRCLE('',#8756,0.0051);
#6453=CIRCLE('',#8757,0.0051);
#6454=CIRCLE('',#8758,0.0051);
#6455=CIRCLE('',#8759,0.0051);
#6456=CIRCLE('',#8760,0.0051);
#6457=CIRCLE('',#8761,0.0051);
#6458=CIRCLE('',#8762,0.0051);
#6459=CIRCLE('',#8763,0.0051);
#6460=CIRCLE('',#8764,0.0051);
#6461=CIRCLE('',#8765,0.0051);
#6462=CIRCLE('',#8766,0.0051);
#6463=CIRCLE('',#8767,0.0051);
#6464=CIRCLE('',#8769,0.0051);
#6465=CIRCLE('',#8770,0.0051);
#6466=CIRCLE('',#8771,0.0051);
#6467=CIRCLE('',#8772,0.0051);
#6468=CIRCLE('',#8773,0.0051);
#6469=CIRCLE('',#8774,0.0051);
#6470=CIRCLE('',#8775,0.0051);
#6471=CIRCLE('',#8776,0.0051);
#6472=CIRCLE('',#8777,0.0051);
#6473=CIRCLE('',#8778,0.0051);
#6474=CIRCLE('',#8779,0.0051);
#6475=CIRCLE('',#8780,0.0051);
#6476=CIRCLE('',#8782,0.0051);
#6477=CIRCLE('',#8783,0.0051);
#6478=CIRCLE('',#8784,0.0051);
#6479=CIRCLE('',#8785,0.0051);
#6480=CIRCLE('',#8786,0.0051);
#6481=CIRCLE('',#8787,0.0051);
#6482=CIRCLE('',#8788,0.0051);
#6483=CIRCLE('',#8789,0.0051);
#6484=CIRCLE('',#8790,0.0051);
#6485=CIRCLE('',#8791,0.0051);
#6486=CIRCLE('',#8792,0.0051);
#6487=CIRCLE('',#8793,0.0051);
#6488=CIRCLE('',#8795,0.0051);
#6489=CIRCLE('',#8796,0.0051);
#6490=CIRCLE('',#8797,0.0051);
#6491=CIRCLE('',#8798,0.0051);
#6492=CIRCLE('',#8799,0.0051);
#6493=CIRCLE('',#8800,0.0051);
#6494=CIRCLE('',#8801,0.0051);
#6495=CIRCLE('',#8802,0.0051);
#6496=CIRCLE('',#8803,0.0051);
#6497=CIRCLE('',#8804,0.0051);
#6498=CIRCLE('',#8805,0.0051);
#6499=CIRCLE('',#8806,0.0051);
#6500=CIRCLE('',#8808,0.0051);
#6501=CIRCLE('',#8809,0.0051);
#6502=CIRCLE('',#8810,0.0051);
#6503=CIRCLE('',#8811,0.0051);
#6504=CIRCLE('',#8812,0.0051);
#6505=CIRCLE('',#8813,0.0051);
#6506=CIRCLE('',#8814,0.0051);
#6507=CIRCLE('',#8815,0.0051);
#6508=CIRCLE('',#8816,0.0051);
#6509=CIRCLE('',#8817,0.0051);
#6510=CIRCLE('',#8818,0.0051);
#6511=CIRCLE('',#8819,0.0051);
#6512=CIRCLE('',#8821,0.005);
#6513=CIRCLE('',#8822,0.005);
#6514=CIRCLE('',#8823,0.005);
#6515=CIRCLE('',#8824,0.005);
#6516=CIRCLE('',#8825,0.005);
#6517=CIRCLE('',#8826,0.005);
#6518=CIRCLE('',#8827,0.005);
#6519=CIRCLE('',#8828,0.005);
#6520=CIRCLE('',#8829,0.00238125);
#6521=CIRCLE('',#8830,0.00238125);
#6522=CIRCLE('',#8831,0.00238125);
#6523=CIRCLE('',#8832,0.00238125);
#6524=CIRCLE('',#8833,0.00238125);
#6525=CIRCLE('',#8834,0.00238125);
#6526=CIRCLE('',#8835,0.00238125);
#6527=CIRCLE('',#8836,0.00238125);
#6528=CIRCLE('',#8837,0.00238125);
#6529=CIRCLE('',#8838,0.00238125);
#6530=CIRCLE('',#8839,0.00238125);
#6531=CIRCLE('',#8840,0.00238125);
#6532=CIRCLE('',#8841,0.00238125);
#6533=CIRCLE('',#8842,0.00238125);
#6534=CIRCLE('',#8843,0.00238125);
#6535=CIRCLE('',#8844,0.00238125);
#6536=CIRCLE('',#8845,0.00238125);
#6537=CIRCLE('',#8846,0.00238125);
#6538=CIRCLE('',#8847,2.3576598595924);
#6539=CIRCLE('',#8848,2.3576598595924);
#6540=CIRCLE('',#8849,0.0051);
#6541=CIRCLE('',#8850,0.0051);
#6542=CIRCLE('',#8851,0.00510000000001669);
#6543=CIRCLE('',#8852,0.00510000000001669);
#6544=CIRCLE('',#8853,2.3671087697069);
#6545=CIRCLE('',#8854,2.3671087697069);
#6546=CIRCLE('',#8855,0.00238125);
#6547=CIRCLE('',#8856,0.00238125);
#6548=CIRCLE('',#8857,0.00238125);
#6549=CIRCLE('',#8858,0.00238125);
#6550=CIRCLE('',#8859,0.00238125);
#6551=CIRCLE('',#8860,0.00238125);
#6552=CIRCLE('',#8861,0.00510000000001736);
#6553=CIRCLE('',#8862,0.0051);
#6554=CIRCLE('',#8863,0.0051);
#6555=CIRCLE('',#8864,0.00510000000001736);
#6556=CIRCLE('',#8865,0.005);
#6557=CIRCLE('',#8866,0.005);
#6558=CIRCLE('',#8867,0.005);
#6559=CIRCLE('',#8868,0.005);
#6560=CIRCLE('',#8869,0.005);
#6561=CIRCLE('',#8870,0.005);
#6562=CIRCLE('',#8871,0.005);
#6563=CIRCLE('',#8872,0.005);
#6564=CIRCLE('',#8873,0.0051);
#6565=CIRCLE('',#8874,0.0051);
#6566=CIRCLE('',#8875,0.00510000000001669);
#6567=CIRCLE('',#8876,0.00510000000001669);
#6568=CIRCLE('',#8877,0.00510000000001736);
#6569=CIRCLE('',#8878,0.00510000000001736);
#6570=CIRCLE('',#8879,0.0051);
#6571=CIRCLE('',#8880,0.0051);
#6572=CIRCLE('',#8881,0.005);
#6573=CIRCLE('',#8882,0.005);
#6574=CIRCLE('',#8883,0.005);
#6575=CIRCLE('',#8884,0.005);
#6576=CIRCLE('',#8885,0.005);
#6577=CIRCLE('',#8886,0.005);
#6578=CIRCLE('',#8888,0.0025);
#6579=CIRCLE('',#8889,0.0025);
#6580=CIRCLE('',#8890,0.0012);
#6581=CIRCLE('',#8891,0.0012);
#6582=CIRCLE('',#8892,0.0012);
#6583=CIRCLE('',#8893,0.0012);
#6584=CIRCLE('',#8894,0.000880278454278931);
#6585=CIRCLE('',#8895,0.000880278454278931);
#6586=CIRCLE('',#8896,0.000880278454278929);
#6587=CIRCLE('',#8897,0.000880278454278929);
#6588=CIRCLE('',#8898,0.000880278454278929);
#6589=CIRCLE('',#8899,0.000880278454278929);
#6590=CIRCLE('',#8900,0.00121035896427569);
#6591=CIRCLE('',#8901,0.00121035896427569);
#6592=CIRCLE('',#8902,0.00219693434175951);
#6593=CIRCLE('',#8903,0.00219693434175951);
#6594=CIRCLE('',#8904,0.0012);
#6595=CIRCLE('',#8905,0.0012);
#6596=CIRCLE('',#8906,0.000880278454278931);
#6597=CIRCLE('',#8907,0.000880278454278931);
#6598=CIRCLE('',#8908,0.000880278454278931);
#6599=CIRCLE('',#8909,0.000880278454278931);
#6600=CIRCLE('',#8910,0.00121035896427569);
#6601=CIRCLE('',#8911,0.00121035896427569);
#6602=CIRCLE('',#8912,0.00219693434175952);
#6603=CIRCLE('',#8913,0.00219693434175952);
#6604=CIRCLE('',#8914,0.0012);
#6605=CIRCLE('',#8915,0.0012);
#6606=CIRCLE('',#8916,0.000880278454278928);
#6607=CIRCLE('',#8917,0.000880278454278928);
#6608=CIRCLE('',#8918,0.000880278454278928);
#6609=CIRCLE('',#8919,0.000880278454278928);
#6610=CIRCLE('',#8920,0.00088027845427893);
#6611=CIRCLE('',#8921,0.00088027845427893);
#6612=CIRCLE('',#8922,0.00121035896427569);
#6613=CIRCLE('',#8923,0.00121035896427569);
#6614=CIRCLE('',#8924,0.00121035896427569);
#6615=CIRCLE('',#8925,0.00121035896427569);
#6616=CIRCLE('',#8926,0.00219693434175951);
#6617=CIRCLE('',#8927,0.00219693434175951);
#6618=CIRCLE('',#8928,0.0012);
#6619=CIRCLE('',#8929,0.0012);
#6620=CIRCLE('',#8930,0.00088027845427893);
#6621=CIRCLE('',#8931,0.00088027845427893);
#6622=CIRCLE('',#8932,0.00088027845427893);
#6623=CIRCLE('',#8933,0.00088027845427893);
#6624=CIRCLE('',#8934,0.00121035896427569);
#6625=CIRCLE('',#8935,0.00121035896427569);
#6626=CIRCLE('',#8936,0.00121035896427569);
#6627=CIRCLE('',#8937,0.00121035896427569);
#6628=CIRCLE('',#8938,0.00219693434175951);
#6629=CIRCLE('',#8939,0.00219693434175951);
#6630=CIRCLE('',#8940,0.0025);
#6631=CIRCLE('',#8941,0.0025);
#6632=CIRCLE('',#8943,0.005);
#6633=CIRCLE('',#8944,0.005);
#6634=CIRCLE('',#8945,0.005);
#6635=CIRCLE('',#8946,0.005);
#6636=CIRCLE('',#8947,0.005);
#6637=CIRCLE('',#8948,0.005);
#6638=CIRCLE('',#8949,0.005);
#6639=CIRCLE('',#8950,0.005);
#6640=CIRCLE('',#8951,0.00238125);
#6641=CIRCLE('',#8952,0.00238125);
#6642=CIRCLE('',#8953,0.00238125);
#6643=CIRCLE('',#8954,0.00238125);
#6644=CIRCLE('',#8955,0.00238125);
#6645=CIRCLE('',#8956,0.00238125);
#6646=CIRCLE('',#8957,0.00238125);
#6647=CIRCLE('',#8958,0.00238125);
#6648=CIRCLE('',#8959,0.00238125);
#6649=CIRCLE('',#8960,0.00238125);
#6650=CIRCLE('',#8961,0.00238125);
#6651=CIRCLE('',#8962,0.00238125);
#6652=CIRCLE('',#8963,2.35765985962032);
#6653=CIRCLE('',#8964,2.35765985962032);
#6654=CIRCLE('',#8965,0.00238125);
#6655=CIRCLE('',#8966,0.00238125);
#6656=CIRCLE('',#8967,0.00238125);
#6657=CIRCLE('',#8968,0.00238125);
#6658=CIRCLE('',#8969,0.00238125);
#6659=CIRCLE('',#8970,0.00238125);
#6660=CIRCLE('',#8971,2.35765985959275);
#6661=CIRCLE('',#8972,2.35765985959275);
#6662=CIRCLE('',#8973,2.35765985962032);
#6663=CIRCLE('',#8974,2.35765985962032);
#6664=CIRCLE('',#8975,0.00238125);
#6665=CIRCLE('',#8976,0.00238125);
#6666=CIRCLE('',#8977,0.00238125);
#6667=CIRCLE('',#8978,0.00238125);
#6668=CIRCLE('',#8979,0.00238125);
#6669=CIRCLE('',#8980,0.00238125);
#6670=CIRCLE('',#8981,0.00510000000001669);
#6671=CIRCLE('',#8982,0.00510000000001669);
#6672=CIRCLE('',#8983,0.0051);
#6673=CIRCLE('',#8984,0.00510000000001736);
#6674=CIRCLE('',#8985,0.0051);
#6675=CIRCLE('',#8986,0.0051);
#6676=CIRCLE('',#8987,0.005);
#6677=CIRCLE('',#8988,0.005);
#6678=CIRCLE('',#8989,0.005);
#6679=CIRCLE('',#8990,0.005);
#6680=CIRCLE('',#8991,0.005);
#6681=CIRCLE('',#8992,0.005);
#6682=CIRCLE('',#8993,0.005);
#6683=CIRCLE('',#8994,0.005);
#6684=CIRCLE('',#8995,0.00510000000001669);
#6685=CIRCLE('',#8996,0.00510000000001669);
#6686=CIRCLE('',#8997,0.0051);
#6687=CIRCLE('',#8998,0.00510000000001736);
#6688=CIRCLE('',#8999,0.0051);
#6689=CIRCLE('',#9000,0.0051);
#6690=CIRCLE('',#9001,0.005);
#6691=CIRCLE('',#9002,0.005);
#6692=CIRCLE('',#9003,0.005);
#6693=CIRCLE('',#9004,0.005);
#6694=CIRCLE('',#9005,0.005);
#6695=CIRCLE('',#9006,0.005);
#6696=EDGE_LOOP('',(#1785,#1786,#1787,#1788));
#6697=EDGE_LOOP('',(#1789,#1790,#1791,#1792));
#6698=EDGE_LOOP('',(#1793,#1794,#1795,#1796));
#6699=EDGE_LOOP('',(#1797,#1798,#1799,#1800));
#6700=EDGE_LOOP('',(#1801,#1802,#1803,#1804));
#6701=EDGE_LOOP('',(#1805,#1806,#1807,#1808));
#6702=EDGE_LOOP('',(#1809,#1810,#1811,#1812));
#6703=EDGE_LOOP('',(#1813,#1814,#1815,#1816));
#6704=EDGE_LOOP('',(#1817,#1818,#1819,#1820));
#6705=EDGE_LOOP('',(#1821,#1822,#1823,#1824));
#6706=EDGE_LOOP('',(#1825,#1826,#1827,#1828,#1829,#1830,#1831,#1832,#1833));
#6707=EDGE_LOOP('',(#1834,#1835,#1836,#1837,#1838,#1839));
#6708=EDGE_LOOP('',(#1840,#1841,#1842,#1843,#1844,#1845));
#6709=EDGE_LOOP('',(#1846,#1847,#1848,#1849,#1850,#1851));
#6710=EDGE_LOOP('',(#1852,#1853,#1854,#1855,#1856,#1857,#1858,#1859,#1860));
#6711=EDGE_LOOP('',(#1861,#1862));
#6712=EDGE_LOOP('',(#1863,#1864));
#6713=EDGE_LOOP('',(#1865,#1866));
#6714=EDGE_LOOP('',(#1867,#1868,#1869,#1870));
#6715=EDGE_LOOP('',(#1871,#1872,#1873,#1874));
#6716=EDGE_LOOP('',(#1875,#1876,#1877,#1878));
#6717=EDGE_LOOP('',(#1879,#1880,#1881,#1882));
#6718=EDGE_LOOP('',(#1883,#1884,#1885,#1886));
#6719=EDGE_LOOP('',(#1887,#1888,#1889,#1890));
#6720=EDGE_LOOP('',(#1891,#1892));
#6721=EDGE_LOOP('',(#1893,#1894,#1895,#1896,#1897,#1898));
#6722=EDGE_LOOP('',(#1899,#1900,#1901,#1902));
#6723=EDGE_LOOP('',(#1903,#1904,#1905,#1906));
#6724=EDGE_LOOP('',(#1907,#1908,#1909,#1910));
#6725=EDGE_LOOP('',(#1911,#1912,#1913,#1914));
#6726=EDGE_LOOP('',(#1915,#1916,#1917,#1918));
#6727=EDGE_LOOP('',(#1919,#1920,#1921,#1922));
#6728=EDGE_LOOP('',(#1923,#1924));
#6729=EDGE_LOOP('',(#1925,#1926,#1927,#1928,#1929,#1930));
#6730=EDGE_LOOP('',(#1931,#1932,#1933,#1934));
#6731=EDGE_LOOP('',(#1935,#1936,#1937,#1938));
#6732=EDGE_LOOP('',(#1939,#1940,#1941,#1942));
#6733=EDGE_LOOP('',(#1943,#1944,#1945,#1946));
#6734=EDGE_LOOP('',(#1947,#1948,#1949,#1950));
#6735=EDGE_LOOP('',(#1951,#1952,#1953,#1954));
#6736=EDGE_LOOP('',(#1955,#1956));
#6737=EDGE_LOOP('',(#1957,#1958,#1959,#1960,#1961,#1962));
#6738=EDGE_LOOP('',(#1963,#1964,#1965,#1966,#1967,#1968));
#6739=EDGE_LOOP('',(#1969,#1970,#1971,#1972));
#6740=EDGE_LOOP('',(#1973,#1974,#1975,#1976));
#6741=EDGE_LOOP('',(#1977,#1978,#1979,#1980));
#6742=EDGE_LOOP('',(#1981,#1982,#1983,#1984));
#6743=EDGE_LOOP('',(#1985,#1986,#1987,#1988));
#6744=EDGE_LOOP('',(#1989,#1990,#1991,#1992));
#6745=EDGE_LOOP('',(#1993,#1994,#1995,#1996));
#6746=EDGE_LOOP('',(#1997,#1998,#1999,#2000,#2001,#2002));
#6747=EDGE_LOOP('',(#2003,#2004,#2005,#2006));
#6748=EDGE_LOOP('',(#2007,#2008,#2009,#2010));
#6749=EDGE_LOOP('',(#2011,#2012,#2013,#2014));
#6750=EDGE_LOOP('',(#2015,#2016,#2017,#2018));
#6751=EDGE_LOOP('',(#2019,#2020,#2021,#2022));
#6752=EDGE_LOOP('',(#2023,#2024,#2025,#2026));
#6753=EDGE_LOOP('',(#2027,#2028,#2029,#2030,#2031,#2032));
#6754=EDGE_LOOP('',(#2033,#2034,#2035,#2036));
#6755=EDGE_LOOP('',(#2037,#2038,#2039,#2040));
#6756=EDGE_LOOP('',(#2041,#2042,#2043,#2044));
#6757=EDGE_LOOP('',(#2045,#2046,#2047,#2048));
#6758=EDGE_LOOP('',(#2049,#2050,#2051,#2052));
#6759=EDGE_LOOP('',(#2053,#2054,#2055,#2056));
#6760=EDGE_LOOP('',(#2057,#2058,#2059,#2060));
#6761=EDGE_LOOP('',(#2061,#2062,#2063,#2064));
#6762=EDGE_LOOP('',(#2065,#2066,#2067,#2068));
#6763=EDGE_LOOP('',(#2069,#2070,#2071,#2072));
#6764=EDGE_LOOP('',(#2073,#2074,#2075,#2076));
#6765=EDGE_LOOP('',(#2077,#2078,#2079,#2080));
#6766=EDGE_LOOP('',(#2081,#2082,#2083,#2084));
#6767=EDGE_LOOP('',(#2085,#2086,#2087,#2088));
#6768=EDGE_LOOP('',(#2089,#2090,#2091,#2092));
#6769=EDGE_LOOP('',(#2093,#2094,#2095,#2096));
#6770=EDGE_LOOP('',(#2097,#2098,#2099,#2100));
#6771=EDGE_LOOP('',(#2101,#2102,#2103,#2104,#2105,#2106,#2107,#2108,#2109));
#6772=EDGE_LOOP('',(#2110,#2111));
#6773=EDGE_LOOP('',(#2112,#2113));
#6774=EDGE_LOOP('',(#2114,#2115));
#6775=EDGE_LOOP('',(#2116,#2117,#2118,#2119,#2120,#2121,#2122,#2123,#2124));
#6776=EDGE_LOOP('',(#2125,#2126));
#6777=EDGE_LOOP('',(#2127,#2128));
#6778=EDGE_LOOP('',(#2129,#2130));
#6779=EDGE_LOOP('',(#2131,#2132,#2133,#2134));
#6780=EDGE_LOOP('',(#2135,#2136));
#6781=EDGE_LOOP('',(#2137,#2138));
#6782=EDGE_LOOP('',(#2139,#2140,#2141,#2142));
#6783=EDGE_LOOP('',(#2143,#2144));
#6784=EDGE_LOOP('',(#2145,#2146));
#6785=EDGE_LOOP('',(#2147,#2148,#2149,#2150));
#6786=EDGE_LOOP('',(#2151,#2152));
#6787=EDGE_LOOP('',(#2153,#2154));
#6788=EDGE_LOOP('',(#2155,#2156,#2157,#2158));
#6789=EDGE_LOOP('',(#2159,#2160,#2161,#2162));
#6790=EDGE_LOOP('',(#2163,#2164,#2165,#2166));
#6791=EDGE_LOOP('',(#2167,#2168,#2169,#2170,#2171,#2172));
#6792=EDGE_LOOP('',(#2173,#2174,#2175,#2176));
#6793=EDGE_LOOP('',(#2177,#2178,#2179,#2180));
#6794=EDGE_LOOP('',(#2181,#2182,#2183,#2184));
#6795=EDGE_LOOP('',(#2185,#2186,#2187,#2188,#2189,#2190));
#6796=EDGE_LOOP('',(#2191,#2192,#2193,#2194));
#6797=EDGE_LOOP('',(#2195,#2196,#2197,#2198));
#6798=EDGE_LOOP('',(#2199,#2200,#2201,#2202));
#6799=EDGE_LOOP('',(#2203,#2204,#2205,#2206));
#6800=EDGE_LOOP('',(#2207,#2208,#2209,#2210,#2211,#2212));
#6801=EDGE_LOOP('',(#2213,#2214,#2215,#2216));
#6802=EDGE_LOOP('',(#2217,#2218,#2219,#2220));
#6803=EDGE_LOOP('',(#2221,#2222,#2223,#2224));
#6804=EDGE_LOOP('',(#2225,#2226,#2227,#2228));
#6805=EDGE_LOOP('',(#2229,#2230,#2231,#2232));
#6806=EDGE_LOOP('',(#2233,#2234,#2235,#2236));
#6807=EDGE_LOOP('',(#2237,#2238,#2239,#2240));
#6808=EDGE_LOOP('',(#2241,#2242,#2243,#2244));
#6809=EDGE_LOOP('',(#2245,#2246,#2247,#2248));
#6810=EDGE_LOOP('',(#2249,#2250,#2251,#2252,#2253,#2254));
#6811=EDGE_LOOP('',(#2255,#2256,#2257,#2258));
#6812=EDGE_LOOP('',(#2259,#2260,#2261,#2262));
#6813=EDGE_LOOP('',(#2263,#2264,#2265,#2266));
#6814=EDGE_LOOP('',(#2267,#2268,#2269,#2270));
#6815=EDGE_LOOP('',(#2271,#2272,#2273,#2274));
#6816=EDGE_LOOP('',(#2275,#2276,#2277,#2278,#2279,#2280));
#6817=EDGE_LOOP('',(#2281,#2282,#2283,#2284));
#6818=EDGE_LOOP('',(#2285,#2286,#2287,#2288));
#6819=EDGE_LOOP('',(#2289,#2290,#2291,#2292));
#6820=EDGE_LOOP('',(#2293,#2294,#2295,#2296));
#6821=EDGE_LOOP('',(#2297,#2298,#2299,#2300));
#6822=EDGE_LOOP('',(#2301,#2302,#2303,#2304));
#6823=EDGE_LOOP('',(#2305,#2306,#2307,#2308));
#6824=EDGE_LOOP('',(#2309,#2310,#2311,#2312));
#6825=EDGE_LOOP('',(#2313,#2314,#2315,#2316));
#6826=EDGE_LOOP('',(#2317,#2318,#2319,#2320));
#6827=EDGE_LOOP('',(#2321,#2322,#2323,#2324));
#6828=EDGE_LOOP('',(#2325,#2326,#2327,#2328));
#6829=EDGE_LOOP('',(#2329,#2330,#2331,#2332));
#6830=EDGE_LOOP('',(#2333,#2334,#2335,#2336));
#6831=EDGE_LOOP('',(#2337,#2338,#2339,#2340));
#6832=EDGE_LOOP('',(#2341,#2342,#2343,#2344));
#6833=EDGE_LOOP('',(#2345,#2346,#2347,#2348));
#6834=EDGE_LOOP('',(#2349,#2350,#2351,#2352));
#6835=EDGE_LOOP('',(#2353,#2354,#2355,#2356));
#6836=EDGE_LOOP('',(#2357,#2358,#2359,#2360,#2361,#2362));
#6837=EDGE_LOOP('',(#2363,#2364,#2365,#2366));
#6838=EDGE_LOOP('',(#2367,#2368,#2369,#2370));
#6839=EDGE_LOOP('',(#2371,#2372,#2373,#2374));
#6840=EDGE_LOOP('',(#2375,#2376,#2377,#2378));
#6841=EDGE_LOOP('',(#2379,#2380,#2381,#2382));
#6842=EDGE_LOOP('',(#2383,#2384,#2385,#2386,#2387,#2388));
#6843=EDGE_LOOP('',(#2389,#2390,#2391,#2392));
#6844=EDGE_LOOP('',(#2393,#2394,#2395,#2396));
#6845=EDGE_LOOP('',(#2397,#2398,#2399,#2400));
#6846=EDGE_LOOP('',(#2401,#2402,#2403,#2404));
#6847=EDGE_LOOP('',(#2405,#2406,#2407,#2408));
#6848=EDGE_LOOP('',(#2409,#2410,#2411,#2412));
#6849=EDGE_LOOP('',(#2413,#2414,#2415,#2416));
#6850=EDGE_LOOP('',(#2417,#2418,#2419,#2420));
#6851=EDGE_LOOP('',(#2421,#2422,#2423,#2424));
#6852=EDGE_LOOP('',(#2425,#2426,#2427,#2428));
#6853=EDGE_LOOP('',(#2429,#2430,#2431,#2432));
#6854=EDGE_LOOP('',(#2433,#2434,#2435,#2436,#2437,#2438));
#6855=EDGE_LOOP('',(#2439,#2440,#2441,#2442));
#6856=EDGE_LOOP('',(#2443,#2444,#2445,#2446));
#6857=EDGE_LOOP('',(#2447,#2448,#2449,#2450));
#6858=EDGE_LOOP('',(#2451,#2452,#2453,#2454,#2455,#2456,#2457,#2458,#2459,#2460,#2461,#2462,#2463,#2464,#2465,#2466,#2467,#2468,#2469,#2470,#2471,#2472,#2473,#2474,#2475,#2476,#2477,#2478,#2479,#2480,#2481,#2482,#2483,#2484,#2485,#2486,#2487,#2488,#2489,#2490,#2491,#2492,#2493,#2494,#2495,#2496,#2497,#2498,#2499,#2500,#2501,#2502,#2503));
#6859=EDGE_LOOP('',(#2504,#2505));
#6860=EDGE_LOOP('',(#2506,#2507,#2508,#2509,#2510,#2511,#2512,#2513,#2514,#2515,#2516,#2517,#2518,#2519,#2520,#2521,#2522,#2523,#2524,#2525,#2526,#2527,#2528,#2529,#2530,#2531,#2532,#2533,#2534,#2535,#2536,#2537,#2538,#2539,#2540,#2541,#2542,#2543,#2544,#2545,#2546,#2547,#2548,#2549,#2550,#2551,#2552,#2553,#2554,#2555,#2556,#2557,#2558));
#6861=EDGE_LOOP('',(#2559,#2560));
#6862=EDGE_LOOP('',(#2561,#2562,#2563,#2564));
#6863=EDGE_LOOP('',(#2565,#2566,#2567,#2568));
#6864=EDGE_LOOP('',(#2569,#2570,#2571,#2572));
#6865=EDGE_LOOP('',(#2573,#2574,#2575,#2576));
#6866=EDGE_LOOP('',(#2577,#2578,#2579,#2580));
#6867=EDGE_LOOP('',(#2581,#2582,#2583,#2584));
#6868=EDGE_LOOP('',(#2585,#2586,#2587,#2588));
#6869=EDGE_LOOP('',(#2589,#2590,#2591,#2592));
#6870=EDGE_LOOP('',(#2593,#2594,#2595,#2596));
#6871=EDGE_LOOP('',(#2597,#2598,#2599,#2600));
#6872=EDGE_LOOP('',(#2601,#2602,#2603,#2604));
#6873=EDGE_LOOP('',(#2605,#2606));
#6874=EDGE_LOOP('',(#2607,#2608));
#6875=EDGE_LOOP('',(#2609,#2610));
#6876=EDGE_LOOP('',(#2611,#2612,#2613,#2614));
#6877=EDGE_LOOP('',(#2615,#2616));
#6878=EDGE_LOOP('',(#2617,#2618));
#6879=EDGE_LOOP('',(#2619,#2620));
#6880=EDGE_LOOP('',(#2621,#2622,#2623,#2624));
#6881=EDGE_LOOP('',(#2625,#2626,#2627,#2628));
#6882=EDGE_LOOP('',(#2629,#2630,#2631,#2632));
#6883=EDGE_LOOP('',(#2633,#2634,#2635,#2636));
#6884=EDGE_LOOP('',(#2637,#2638,#2639,#2640));
#6885=EDGE_LOOP('',(#2641,#2642,#2643,#2644));
#6886=EDGE_LOOP('',(#2645,#2646,#2647,#2648));
#6887=EDGE_LOOP('',(#2649,#2650,#2651,#2652));
#6888=EDGE_LOOP('',(#2653,#2654,#2655,#2656));
#6889=EDGE_LOOP('',(#2657,#2658,#2659,#2660));
#6890=EDGE_LOOP('',(#2661,#2662,#2663,#2664));
#6891=EDGE_LOOP('',(#2665,#2666));
#6892=EDGE_LOOP('',(#2667,#2668));
#6893=EDGE_LOOP('',(#2669,#2670));
#6894=EDGE_LOOP('',(#2671,#2672,#2673,#2674));
#6895=EDGE_LOOP('',(#2675,#2676));
#6896=EDGE_LOOP('',(#2677,#2678));
#6897=EDGE_LOOP('',(#2679,#2680));
#6898=EDGE_LOOP('',(#2681,#2682,#2683,#2684));
#6899=EDGE_LOOP('',(#2685,#2686,#2687,#2688));
#6900=EDGE_LOOP('',(#2689,#2690,#2691,#2692));
#6901=EDGE_LOOP('',(#2693,#2694,#2695,#2696));
#6902=EDGE_LOOP('',(#2697,#2698,#2699,#2700));
#6903=EDGE_LOOP('',(#2701,#2702,#2703,#2704));
#6904=EDGE_LOOP('',(#2705,#2706,#2707,#2708));
#6905=EDGE_LOOP('',(#2709,#2710,#2711,#2712));
#6906=EDGE_LOOP('',(#2713,#2714,#2715,#2716));
#6907=EDGE_LOOP('',(#2717,#2718,#2719,#2720));
#6908=EDGE_LOOP('',(#2721,#2722,#2723,#2724));
#6909=EDGE_LOOP('',(#2725,#2726));
#6910=EDGE_LOOP('',(#2727,#2728));
#6911=EDGE_LOOP('',(#2729,#2730));
#6912=EDGE_LOOP('',(#2731,#2732,#2733,#2734));
#6913=EDGE_LOOP('',(#2735,#2736));
#6914=EDGE_LOOP('',(#2737,#2738));
#6915=EDGE_LOOP('',(#2739,#2740));
#6916=EDGE_LOOP('',(#2741,#2742,#2743,#2744));
#6917=EDGE_LOOP('',(#2745,#2746,#2747,#2748));
#6918=EDGE_LOOP('',(#2749,#2750,#2751,#2752));
#6919=EDGE_LOOP('',(#2753,#2754,#2755,#2756));
#6920=EDGE_LOOP('',(#2757,#2758,#2759,#2760));
#6921=EDGE_LOOP('',(#2761,#2762,#2763,#2764));
#6922=EDGE_LOOP('',(#2765,#2766,#2767,#2768));
#6923=EDGE_LOOP('',(#2769,#2770,#2771,#2772));
#6924=EDGE_LOOP('',(#2773,#2774,#2775,#2776));
#6925=EDGE_LOOP('',(#2777,#2778,#2779,#2780));
#6926=EDGE_LOOP('',(#2781,#2782,#2783,#2784));
#6927=EDGE_LOOP('',(#2785,#2786));
#6928=EDGE_LOOP('',(#2787,#2788));
#6929=EDGE_LOOP('',(#2789,#2790));
#6930=EDGE_LOOP('',(#2791,#2792,#2793,#2794));
#6931=EDGE_LOOP('',(#2795,#2796));
#6932=EDGE_LOOP('',(#2797,#2798));
#6933=EDGE_LOOP('',(#2799,#2800));
#6934=EDGE_LOOP('',(#2801,#2802,#2803,#2804));
#6935=EDGE_LOOP('',(#2805,#2806,#2807,#2808));
#6936=EDGE_LOOP('',(#2809,#2810,#2811,#2812));
#6937=EDGE_LOOP('',(#2813,#2814,#2815,#2816));
#6938=EDGE_LOOP('',(#2817,#2818,#2819,#2820));
#6939=EDGE_LOOP('',(#2821,#2822,#2823,#2824));
#6940=EDGE_LOOP('',(#2825,#2826,#2827,#2828));
#6941=EDGE_LOOP('',(#2829,#2830,#2831,#2832));
#6942=EDGE_LOOP('',(#2833,#2834,#2835,#2836));
#6943=EDGE_LOOP('',(#2837,#2838,#2839,#2840));
#6944=EDGE_LOOP('',(#2841,#2842,#2843,#2844));
#6945=EDGE_LOOP('',(#2845,#2846));
#6946=EDGE_LOOP('',(#2847,#2848));
#6947=EDGE_LOOP('',(#2849,#2850));
#6948=EDGE_LOOP('',(#2851,#2852,#2853,#2854));
#6949=EDGE_LOOP('',(#2855,#2856));
#6950=EDGE_LOOP('',(#2857,#2858));
#6951=EDGE_LOOP('',(#2859,#2860));
#6952=EDGE_LOOP('',(#2861,#2862,#2863,#2864));
#6953=EDGE_LOOP('',(#2865,#2866,#2867,#2868));
#6954=EDGE_LOOP('',(#2869,#2870,#2871,#2872));
#6955=EDGE_LOOP('',(#2873,#2874,#2875,#2876));
#6956=EDGE_LOOP('',(#2877,#2878,#2879,#2880));
#6957=EDGE_LOOP('',(#2881,#2882,#2883,#2884));
#6958=EDGE_LOOP('',(#2885,#2886,#2887,#2888));
#6959=EDGE_LOOP('',(#2889,#2890,#2891,#2892));
#6960=EDGE_LOOP('',(#2893,#2894,#2895,#2896));
#6961=EDGE_LOOP('',(#2897,#2898,#2899,#2900));
#6962=EDGE_LOOP('',(#2901,#2902,#2903,#2904));
#6963=EDGE_LOOP('',(#2905,#2906));
#6964=EDGE_LOOP('',(#2907,#2908));
#6965=EDGE_LOOP('',(#2909,#2910));
#6966=EDGE_LOOP('',(#2911,#2912,#2913,#2914));
#6967=EDGE_LOOP('',(#2915,#2916));
#6968=EDGE_LOOP('',(#2917,#2918));
#6969=EDGE_LOOP('',(#2919,#2920));
#6970=EDGE_LOOP('',(#2921,#2922,#2923,#2924));
#6971=EDGE_LOOP('',(#2925,#2926,#2927,#2928));
#6972=EDGE_LOOP('',(#2929,#2930,#2931,#2932));
#6973=EDGE_LOOP('',(#2933,#2934,#2935,#2936));
#6974=EDGE_LOOP('',(#2937,#2938,#2939,#2940));
#6975=EDGE_LOOP('',(#2941,#2942,#2943,#2944));
#6976=EDGE_LOOP('',(#2945,#2946,#2947,#2948));
#6977=EDGE_LOOP('',(#2949,#2950,#2951,#2952));
#6978=EDGE_LOOP('',(#2953,#2954,#2955,#2956));
#6979=EDGE_LOOP('',(#2957,#2958,#2959,#2960));
#6980=EDGE_LOOP('',(#2961,#2962,#2963,#2964));
#6981=EDGE_LOOP('',(#2965,#2966,#2967,#2968,#2969,#2970,#2971,#2972,#2973,#2974,#2975,#2976,#2977,#2978,#2979,#2980));
#6982=EDGE_LOOP('',(#2981,#2982,#2983,#2984));
#6983=EDGE_LOOP('',(#2985,#2986,#2987,#2988));
#6984=EDGE_LOOP('',(#2989,#2990,#2991,#2992));
#6985=EDGE_LOOP('',(#2993,#2994,#2995,#2996,#2997,#2998));
#6986=EDGE_LOOP('',(#2999,#3000,#3001,#3002,#3003,#3004));
#6987=EDGE_LOOP('',(#3005,#3006,#3007,#3008));
#6988=EDGE_LOOP('',(#3009,#3010));
#6989=EDGE_LOOP('',(#3011,#3012));
#6990=EDGE_LOOP('',(#3013,#3014));
#6991=EDGE_LOOP('',(#3015,#3016));
#6992=EDGE_LOOP('',(#3017,#3018));
#6993=EDGE_LOOP('',(#3019,#3020));
#6994=EDGE_LOOP('',(#3021,#3022,#3023,#3024));
#6995=EDGE_LOOP('',(#3025,#3026,#3027,#3028,#3029,#3030));
#6996=EDGE_LOOP('',(#3031,#3032,#3033,#3034,#3035));
#6997=EDGE_LOOP('',(#3036,#3037,#3038,#3039));
#6998=EDGE_LOOP('',(#3040,#3041,#3042,#3043,#3044,#3045,#3046,#3047,#3048,#3049,#3050,#3051,#3052,#3053));
#6999=EDGE_LOOP('',(#3054,#3055,#3056,#3057));
#7000=EDGE_LOOP('',(#3058,#3059,#3060,#3061,#3062,#3063));
#7001=EDGE_LOOP('',(#3064,#3065,#3066,#3067,#3068,#3069));
#7002=EDGE_LOOP('',(#3070,#3071,#3072,#3073));
#7003=EDGE_LOOP('',(#3074,#3075,#3076,#3077));
#7004=EDGE_LOOP('',(#3078,#3079,#3080,#3081));
#7005=EDGE_LOOP('',(#3082,#3083,#3084,#3085));
#7006=EDGE_LOOP('',(#3086,#3087,#3088,#3089));
#7007=EDGE_LOOP('',(#3090,#3091,#3092,#3093));
#7008=EDGE_LOOP('',(#3094,#3095,#3096,#3097));
#7009=EDGE_LOOP('',(#3098,#3099,#3100,#3101));
#7010=EDGE_LOOP('',(#3102,#3103,#3104,#3105));
#7011=EDGE_LOOP('',(#3106,#3107,#3108,#3109,#3110,#3111,#3112,#3113,#3114,#3115));
#7012=EDGE_LOOP('',(#3116,#3117,#3118,#3119));
#7013=EDGE_LOOP('',(#3120,#3121,#3122,#3123));
#7014=EDGE_LOOP('',(#3124,#3125,#3126,#3127));
#7015=EDGE_LOOP('',(#3128,#3129,#3130,#3131));
#7016=EDGE_LOOP('',(#3132,#3133,#3134,#3135,#3136,#3137,#3138,#3139,#3140,#3141));
#7017=EDGE_LOOP('',(#3142,#3143,#3144,#3145));
#7018=EDGE_LOOP('',(#3146,#3147,#3148,#3149));
#7019=EDGE_LOOP('',(#3150,#3151,#3152,#3153));
#7020=EDGE_LOOP('',(#3154,#3155,#3156,#3157));
#7021=EDGE_LOOP('',(#3158,#3159,#3160,#3161));
#7022=EDGE_LOOP('',(#3162,#3163,#3164,#3165));
#7023=EDGE_LOOP('',(#3166,#3167,#3168,#3169));
#7024=EDGE_LOOP('',(#3170,#3171,#3172,#3173));
#7025=EDGE_LOOP('',(#3174,#3175,#3176,#3177,#3178));
#7026=EDGE_LOOP('',(#3179,#3180,#3181,#3182,#3183,#3184));
#7027=EDGE_LOOP('',(#3185,#3186,#3187,#3188));
#7028=EDGE_LOOP('',(#3189,#3190,#3191,#3192,#3193,#3194));
#7029=EDGE_LOOP('',(#3195,#3196,#3197,#3198,#3199,#3200));
#7030=EDGE_LOOP('',(#3201,#3202,#3203,#3204,#3205,#3206));
#7031=EDGE_LOOP('',(#3207,#3208,#3209,#3210));
#7032=EDGE_LOOP('',(#3211,#3212,#3213,#3214));
#7033=EDGE_LOOP('',(#3215,#3216));
#7034=EDGE_LOOP('',(#3217,#3218,#3219,#3220));
#7035=EDGE_LOOP('',(#3221,#3222,#3223,#3224));
#7036=EDGE_LOOP('',(#3225,#3226));
#7037=EDGE_LOOP('',(#3227,#3228,#3229,#3230,#3231,#3232));
#7038=EDGE_LOOP('',(#3233,#3234,#3235,#3236,#3237));
#7039=EDGE_LOOP('',(#3238,#3239,#3240,#3241));
#7040=EDGE_LOOP('',(#3242,#3243,#3244,#3245));
#7041=EDGE_LOOP('',(#3246,#3247,#3248,#3249,#3250));
#7042=EDGE_LOOP('',(#3251,#3252,#3253,#3254,#3255));
#7043=EDGE_LOOP('',(#3256,#3257,#3258,#3259));
#7044=EDGE_LOOP('',(#3260,#3261,#3262,#3263,#3264));
#7045=EDGE_LOOP('',(#3265,#3266,#3267,#3268));
#7046=EDGE_LOOP('',(#3269,#3270,#3271,#3272));
#7047=EDGE_LOOP('',(#3273,#3274,#3275,#3276));
#7048=EDGE_LOOP('',(#3277,#3278,#3279,#3280));
#7049=EDGE_LOOP('',(#3281,#3282,#3283,#3284,#3285,#3286));
#7050=EDGE_LOOP('',(#3287,#3288,#3289,#3290));
#7051=EDGE_LOOP('',(#3291,#3292,#3293,#3294,#3295,#3296));
#7052=EDGE_LOOP('',(#3297,#3298,#3299,#3300,#3301,#3302));
#7053=EDGE_LOOP('',(#3303,#3304,#3305,#3306,#3307,#3308));
#7054=EDGE_LOOP('',(#3309,#3310,#3311,#3312,#3313,#3314));
#7055=EDGE_LOOP('',(#3315,#3316,#3317,#3318));
#7056=EDGE_LOOP('',(#3319,#3320,#3321,#3322,#3323,#3324));
#7057=EDGE_LOOP('',(#3325,#3326,#3327,#3328));
#7058=EDGE_LOOP('',(#3329,#3330,#3331,#3332,#3333,#3334));
#7059=EDGE_LOOP('',(#3335,#3336,#3337,#3338,#3339,#3340));
#7060=EDGE_LOOP('',(#3341,#3342,#3343,#3344));
#7061=EDGE_LOOP('',(#3345,#3346));
#7062=EDGE_LOOP('',(#3347,#3348));
#7063=EDGE_LOOP('',(#3349,#3350,#3351,#3352,#3353));
#7064=EDGE_LOOP('',(#3354,#3355,#3356,#3357));
#7065=EDGE_LOOP('',(#3358,#3359));
#7066=EDGE_LOOP('',(#3360,#3361));
#7067=EDGE_LOOP('',(#3362,#3363,#3364));
#7068=EDGE_LOOP('',(#3365,#3366,#3367,#3368,#3369));
#7069=EDGE_LOOP('',(#3370,#3371,#3372,#3373));
#7070=EDGE_LOOP('',(#3374,#3375));
#7071=EDGE_LOOP('',(#3376,#3377));
#7072=EDGE_LOOP('',(#3378,#3379,#3380));
#7073=EDGE_LOOP('',(#3381,#3382,#3383,#3384));
#7074=EDGE_LOOP('',(#3385,#3386));
#7075=EDGE_LOOP('',(#3387,#3388));
#7076=EDGE_LOOP('',(#3389,#3390,#3391,#3392));
#7077=EDGE_LOOP('',(#3393,#3394,#3395,#3396));
#7078=EDGE_LOOP('',(#3397,#3398,#3399,#3400,#3401,#3402));
#7079=EDGE_LOOP('',(#3403,#3404,#3405,#3406));
#7080=EDGE_LOOP('',(#3407,#3408,#3409,#3410));
#7081=EDGE_LOOP('',(#3411,#3412,#3413,#3414));
#7082=EDGE_LOOP('',(#3415,#3416,#3417,#3418));
#7083=EDGE_LOOP('',(#3419,#3420,#3421,#3422));
#7084=EDGE_LOOP('',(#3423,#3424,#3425,#3426,#3427,#3428));
#7085=EDGE_LOOP('',(#3429,#3430,#3431,#3432));
#7086=EDGE_LOOP('',(#3433,#3434,#3435,#3436));
#7087=EDGE_LOOP('',(#3437,#3438,#3439,#3440));
#7088=EDGE_LOOP('',(#3441,#3442,#3443,#3444));
#7089=EDGE_LOOP('',(#3445,#3446,#3447,#3448));
#7090=EDGE_LOOP('',(#3449,#3450,#3451,#3452));
#7091=EDGE_LOOP('',(#3453,#3454,#3455,#3456));
#7092=EDGE_LOOP('',(#3457,#3458,#3459,#3460));
#7093=EDGE_LOOP('',(#3461,#3462,#3463,#3464));
#7094=EDGE_LOOP('',(#3465,#3466,#3467,#3468));
#7095=EDGE_LOOP('',(#3469,#3470,#3471,#3472));
#7096=EDGE_LOOP('',(#3473,#3474,#3475,#3476));
#7097=EDGE_LOOP('',(#3477,#3478,#3479,#3480));
#7098=EDGE_LOOP('',(#3481,#3482,#3483,#3484));
#7099=EDGE_LOOP('',(#3485,#3486,#3487,#3488));
#7100=EDGE_LOOP('',(#3489,#3490,#3491,#3492));
#7101=EDGE_LOOP('',(#3493,#3494,#3495,#3496));
#7102=EDGE_LOOP('',(#3497,#3498,#3499,#3500));
#7103=EDGE_LOOP('',(#3501,#3502,#3503,#3504));
#7104=EDGE_LOOP('',(#3505,#3506,#3507,#3508,#3509,#3510));
#7105=EDGE_LOOP('',(#3511,#3512,#3513,#3514));
#7106=EDGE_LOOP('',(#3515,#3516,#3517,#3518));
#7107=EDGE_LOOP('',(#3519,#3520,#3521,#3522));
#7108=EDGE_LOOP('',(#3523,#3524,#3525,#3526));
#7109=EDGE_LOOP('',(#3527,#3528,#3529,#3530));
#7110=EDGE_LOOP('',(#3531,#3532,#3533,#3534,#3535,#3536));
#7111=EDGE_LOOP('',(#3537,#3538,#3539,#3540));
#7112=EDGE_LOOP('',(#3541,#3542,#3543,#3544));
#7113=EDGE_LOOP('',(#3545,#3546,#3547,#3548));
#7114=EDGE_LOOP('',(#3549,#3550,#3551,#3552));
#7115=EDGE_LOOP('',(#3553,#3554,#3555,#3556));
#7116=EDGE_LOOP('',(#3557,#3558,#3559,#3560));
#7117=EDGE_LOOP('',(#3561,#3562,#3563,#3564));
#7118=EDGE_LOOP('',(#3565,#3566,#3567,#3568));
#7119=EDGE_LOOP('',(#3569,#3570,#3571,#3572));
#7120=EDGE_LOOP('',(#3573,#3574,#3575,#3576));
#7121=EDGE_LOOP('',(#3577,#3578,#3579,#3580));
#7122=EDGE_LOOP('',(#3581,#3582,#3583,#3584,#3585,#3586));
#7123=EDGE_LOOP('',(#3587,#3588,#3589,#3590));
#7124=EDGE_LOOP('',(#3591,#3592,#3593,#3594));
#7125=EDGE_LOOP('',(#3595,#3596,#3597,#3598));
#7126=EDGE_LOOP('',(#3599,#3600,#3601,#3602,#3603,#3604,#3605,#3606,#3607,#3608,#3609,#3610,#3611,#3612,#3613,#3614,#3615,#3616,#3617,#3618,#3619,#3620,#3621,#3622,#3623,#3624,#3625,#3626,#3627,#3628,#3629,#3630,#3631,#3632,#3633,#3634,#3635,#3636,#3637,#3638,#3639,#3640,#3641,#3642,#3643,#3644,#3645,#3646,#3647,#3648,#3649,#3650,#3651));
#7127=EDGE_LOOP('',(#3652,#3653));
#7128=EDGE_LOOP('',(#3654,#3655,#3656,#3657,#3658,#3659,#3660,#3661,#3662,#3663,#3664,#3665,#3666,#3667,#3668,#3669,#3670,#3671,#3672,#3673,#3674,#3675,#3676,#3677,#3678,#3679,#3680,#3681,#3682,#3683,#3684,#3685,#3686,#3687,#3688,#3689,#3690,#3691,#3692,#3693,#3694,#3695,#3696,#3697,#3698,#3699,#3700,#3701,#3702,#3703,#3704,#3705,#3706));
#7129=EDGE_LOOP('',(#3707,#3708));
#7130=EDGE_LOOP('',(#3709,#3710,#3711,#3712));
#7131=EDGE_LOOP('',(#3713,#3714,#3715,#3716));
#7132=EDGE_LOOP('',(#3717,#3718,#3719,#3720));
#7133=EDGE_LOOP('',(#3721,#3722,#3723,#3724));
#7134=EDGE_LOOP('',(#3725,#3726,#3727,#3728));
#7135=EDGE_LOOP('',(#3729,#3730,#3731,#3732));
#7136=EDGE_LOOP('',(#3733,#3734,#3735,#3736));
#7137=EDGE_LOOP('',(#3737,#3738,#3739,#3740));
#7138=EDGE_LOOP('',(#3741,#3742,#3743,#3744));
#7139=EDGE_LOOP('',(#3745,#3746,#3747,#3748));
#7140=EDGE_LOOP('',(#3749,#3750,#3751,#3752));
#7141=EDGE_LOOP('',(#3753,#3754,#3755,#3756));
#7142=EDGE_LOOP('',(#3757,#3758,#3759,#3760,#3761,#3762,#3763,#3764,#3765,#3766,#3767,#3768,#3769,#3770,#3771,#3772));
#7143=EDGE_LOOP('',(#3773,#3774,#3775,#3776));
#7144=EDGE_LOOP('',(#3777,#3778,#3779,#3780));
#7145=EDGE_LOOP('',(#3781,#3782,#3783,#3784));
#7146=EDGE_LOOP('',(#3785,#3786,#3787,#3788,#3789,#3790));
#7147=EDGE_LOOP('',(#3791,#3792,#3793,#3794));
#7148=EDGE_LOOP('',(#3795,#3796,#3797,#3798,#3799,#3800,#3801,#3802,#3803,#3804,#3805,#3806,#3807,#3808));
#7149=EDGE_LOOP('',(#3809,#3810,#3811,#3812));
#7150=EDGE_LOOP('',(#3813,#3814,#3815,#3816,#3817,#3818,#3819,#3820));
#7151=EDGE_LOOP('',(#3821,#3822,#3823,#3824,#3825,#3826,#3827,#3828));
#7152=EDGE_LOOP('',(#3829,#3830));
#7153=EDGE_LOOP('',(#3831,#3832));
#7154=EDGE_LOOP('',(#3833,#3834));
#7155=EDGE_LOOP('',(#3835,#3836));
#7156=EDGE_LOOP('',(#3837,#3838));
#7157=EDGE_LOOP('',(#3839,#3840));
#7158=EDGE_LOOP('',(#3841,#3842,#3843,#3844));
#7159=EDGE_LOOP('',(#3845,#3846,#3847,#3848,#3849,#3850));
#7160=EDGE_LOOP('',(#3851,#3852,#3853,#3854,#3855));
#7161=EDGE_LOOP('',(#3856,#3857,#3858,#3859));
#7162=EDGE_LOOP('',(#3860,#3861,#3862,#3863));
#7163=EDGE_LOOP('',(#3864,#3865,#3866,#3867));
#7164=EDGE_LOOP('',(#3868,#3869,#3870,#3871));
#7165=EDGE_LOOP('',(#3872,#3873,#3874,#3875));
#7166=EDGE_LOOP('',(#3876,#3877,#3878,#3879));
#7167=EDGE_LOOP('',(#3880,#3881,#3882,#3883));
#7168=EDGE_LOOP('',(#3884,#3885,#3886,#3887));
#7169=EDGE_LOOP('',(#3888,#3889,#3890,#3891));
#7170=EDGE_LOOP('',(#3892,#3893,#3894,#3895));
#7171=EDGE_LOOP('',(#3896,#3897,#3898,#3899));
#7172=EDGE_LOOP('',(#3900,#3901,#3902,#3903,#3904,#3905,#3906,#3907,#3908,#3909));
#7173=EDGE_LOOP('',(#3910,#3911,#3912,#3913));
#7174=EDGE_LOOP('',(#3914,#3915,#3916,#3917));
#7175=EDGE_LOOP('',(#3918,#3919,#3920,#3921));
#7176=EDGE_LOOP('',(#3922,#3923,#3924,#3925));
#7177=EDGE_LOOP('',(#3926,#3927,#3928,#3929));
#7178=EDGE_LOOP('',(#3930,#3931,#3932,#3933));
#7179=EDGE_LOOP('',(#3934,#3935,#3936,#3937));
#7180=EDGE_LOOP('',(#3938,#3939,#3940,#3941));
#7181=EDGE_LOOP('',(#3942,#3943,#3944,#3945,#3946,#3947,#3948,#3949,#3950,#3951,#3952,#3953,#3954,#3955));
#7182=EDGE_LOOP('',(#3956,#3957,#3958,#3959));
#7183=EDGE_LOOP('',(#3960,#3961,#3962,#3963));
#7184=EDGE_LOOP('',(#3964,#3965,#3966,#3967));
#7185=EDGE_LOOP('',(#3968,#3969,#3970,#3971,#3972));
#7186=EDGE_LOOP('',(#3973,#3974,#3975,#3976,#3977,#3978));
#7187=EDGE_LOOP('',(#3979,#3980,#3981,#3982,#3983,#3984,#3985,#3986,#3987,#3988,#3989,#3990));
#7188=EDGE_LOOP('',(#3991,#3992,#3993,#3994,#3995));
#7189=EDGE_LOOP('',(#3996,#3997,#3998,#3999,#4000,#4001));
#7190=EDGE_LOOP('',(#4002,#4003,#4004,#4005,#4006,#4007));
#7191=EDGE_LOOP('',(#4008,#4009,#4010,#4011,#4012));
#7192=EDGE_LOOP('',(#4013,#4014,#4015,#4016));
#7193=EDGE_LOOP('',(#4017,#4018,#4019,#4020));
#7194=EDGE_LOOP('',(#4021,#4022));
#7195=EDGE_LOOP('',(#4023,#4024,#4025,#4026));
#7196=EDGE_LOOP('',(#4027,#4028,#4029,#4030));
#7197=EDGE_LOOP('',(#4031,#4032));
#7198=EDGE_LOOP('',(#4033,#4034,#4035,#4036,#4037,#4038));
#7199=EDGE_LOOP('',(#4039,#4040,#4041,#4042));
#7200=EDGE_LOOP('',(#4043,#4044,#4045,#4046,#4047));
#7201=EDGE_LOOP('',(#4048,#4049,#4050,#4051));
#7202=EDGE_LOOP('',(#4052,#4053,#4054,#4055,#4056));
#7203=EDGE_LOOP('',(#4057,#4058,#4059,#4060));
#7204=EDGE_LOOP('',(#4061,#4062,#4063,#4064,#4065,#4066));
#7205=EDGE_LOOP('',(#4067,#4068,#4069,#4070,#4071));
#7206=EDGE_LOOP('',(#4072,#4073,#4074,#4075));
#7207=EDGE_LOOP('',(#4076,#4077,#4078,#4079,#4080));
#7208=EDGE_LOOP('',(#4081,#4082,#4083,#4084));
#7209=EDGE_LOOP('',(#4085,#4086,#4087,#4088));
#7210=EDGE_LOOP('',(#4089,#4090,#4091,#4092));
#7211=EDGE_LOOP('',(#4093,#4094,#4095,#4096,#4097,#4098,#4099,#4100));
#7212=EDGE_LOOP('',(#4101,#4102,#4103,#4104));
#7213=EDGE_LOOP('',(#4105,#4106,#4107,#4108));
#7214=EDGE_LOOP('',(#4109,#4110,#4111,#4112));
#7215=EDGE_LOOP('',(#4113,#4114,#4115,#4116));
#7216=EDGE_LOOP('',(#4117,#4118,#4119,#4120));
#7217=EDGE_LOOP('',(#4121,#4122,#4123,#4124));
#7218=EDGE_LOOP('',(#4125,#4126,#4127,#4128));
#7219=EDGE_LOOP('',(#4129,#4130,#4131,#4132));
#7220=EDGE_LOOP('',(#4133,#4134,#4135,#4136,#4137,#4138));
#7221=EDGE_LOOP('',(#4139,#4140,#4141,#4142));
#7222=EDGE_LOOP('',(#4143,#4144,#4145,#4146));
#7223=EDGE_LOOP('',(#4147,#4148,#4149,#4150,#4151,#4152));
#7224=EDGE_LOOP('',(#4153,#4154,#4155,#4156,#4157));
#7225=EDGE_LOOP('',(#4158,#4159,#4160,#4161));
#7226=EDGE_LOOP('',(#4162,#4163,#4164,#4165));
#7227=EDGE_LOOP('',(#4166,#4167,#4168,#4169));
#7228=EDGE_LOOP('',(#4170,#4171,#4172,#4173,#4174,#4175));
#7229=EDGE_LOOP('',(#4176,#4177,#4178,#4179,#4180));
#7230=EDGE_LOOP('',(#4181,#4182,#4183,#4184,#4185,#4186));
#7231=EDGE_LOOP('',(#4187,#4188));
#7232=EDGE_LOOP('',(#4189,#4190));
#7233=EDGE_LOOP('',(#4191,#4192,#4193,#4194));
#7234=EDGE_LOOP('',(#4195,#4196));
#7235=EDGE_LOOP('',(#4197,#4198,#4199));
#7236=EDGE_LOOP('',(#4200,#4201));
#7237=EDGE_LOOP('',(#4202,#4203,#4204,#4205));
#7238=EDGE_LOOP('',(#4206,#4207,#4208,#4209,#4210));
#7239=EDGE_LOOP('',(#4211,#4212));
#7240=EDGE_LOOP('',(#4213,#4214,#4215));
#7241=EDGE_LOOP('',(#4216,#4217));
#7242=EDGE_LOOP('',(#4218,#4219,#4220,#4221,#4222));
#7243=EDGE_LOOP('',(#4223,#4224,#4225,#4226));
#7244=EDGE_LOOP('',(#4227,#4228));
#7245=EDGE_LOOP('',(#4229,#4230));
#7246=EDGE_LOOP('',(#4231,#4232,#4233,#4234));
#7247=FACE_BOUND('',#6696,.T.);
#7248=FACE_BOUND('',#6697,.T.);
#7249=FACE_BOUND('',#6698,.T.);
#7250=FACE_BOUND('',#6699,.T.);
#7251=FACE_BOUND('',#6700,.T.);
#7252=FACE_BOUND('',#6701,.T.);
#7253=FACE_BOUND('',#6702,.T.);
#7254=FACE_BOUND('',#6703,.T.);
#7255=FACE_BOUND('',#6704,.T.);
#7256=FACE_BOUND('',#6705,.T.);
#7257=FACE_BOUND('',#6706,.T.);
#7258=FACE_BOUND('',#6707,.T.);
#7259=FACE_BOUND('',#6708,.T.);
#7260=FACE_BOUND('',#6709,.T.);
#7261=FACE_BOUND('',#6710,.T.);
#7262=FACE_BOUND('',#6711,.T.);
#7263=FACE_BOUND('',#6712,.T.);
#7264=FACE_BOUND('',#6713,.T.);
#7265=FACE_BOUND('',#6714,.T.);
#7266=FACE_BOUND('',#6715,.T.);
#7267=FACE_BOUND('',#6716,.T.);
#7268=FACE_BOUND('',#6717,.T.);
#7269=FACE_BOUND('',#6718,.T.);
#7270=FACE_BOUND('',#6719,.T.);
#7271=FACE_BOUND('',#6720,.T.);
#7272=FACE_BOUND('',#6721,.T.);
#7273=FACE_BOUND('',#6722,.T.);
#7274=FACE_BOUND('',#6723,.T.);
#7275=FACE_BOUND('',#6724,.T.);
#7276=FACE_BOUND('',#6725,.T.);
#7277=FACE_BOUND('',#6726,.T.);
#7278=FACE_BOUND('',#6727,.T.);
#7279=FACE_BOUND('',#6728,.T.);
#7280=FACE_BOUND('',#6729,.T.);
#7281=FACE_BOUND('',#6730,.T.);
#7282=FACE_BOUND('',#6731,.T.);
#7283=FACE_BOUND('',#6732,.T.);
#7284=FACE_BOUND('',#6733,.T.);
#7285=FACE_BOUND('',#6734,.T.);
#7286=FACE_BOUND('',#6735,.T.);
#7287=FACE_BOUND('',#6736,.T.);
#7288=FACE_BOUND('',#6737,.T.);
#7289=FACE_BOUND('',#6738,.T.);
#7290=FACE_BOUND('',#6739,.T.);
#7291=FACE_BOUND('',#6740,.T.);
#7292=FACE_BOUND('',#6741,.T.);
#7293=FACE_BOUND('',#6742,.T.);
#7294=FACE_BOUND('',#6743,.T.);
#7295=FACE_BOUND('',#6744,.T.);
#7296=FACE_BOUND('',#6745,.T.);
#7297=FACE_BOUND('',#6746,.T.);
#7298=FACE_BOUND('',#6747,.T.);
#7299=FACE_BOUND('',#6748,.T.);
#7300=FACE_BOUND('',#6749,.T.);
#7301=FACE_BOUND('',#6750,.T.);
#7302=FACE_BOUND('',#6751,.T.);
#7303=FACE_BOUND('',#6752,.T.);
#7304=FACE_BOUND('',#6753,.T.);
#7305=FACE_BOUND('',#6754,.T.);
#7306=FACE_BOUND('',#6755,.T.);
#7307=FACE_BOUND('',#6756,.T.);
#7308=FACE_BOUND('',#6757,.T.);
#7309=FACE_BOUND('',#6758,.T.);
#7310=FACE_BOUND('',#6759,.T.);
#7311=FACE_BOUND('',#6760,.T.);
#7312=FACE_BOUND('',#6761,.T.);
#7313=FACE_BOUND('',#6762,.T.);
#7314=FACE_BOUND('',#6763,.T.);
#7315=FACE_BOUND('',#6764,.T.);
#7316=FACE_BOUND('',#6765,.T.);
#7317=FACE_BOUND('',#6766,.T.);
#7318=FACE_BOUND('',#6767,.T.);
#7319=FACE_BOUND('',#6768,.T.);
#7320=FACE_BOUND('',#6769,.T.);
#7321=FACE_BOUND('',#6770,.T.);
#7322=FACE_BOUND('',#6771,.T.);
#7323=FACE_BOUND('',#6772,.T.);
#7324=FACE_BOUND('',#6773,.T.);
#7325=FACE_BOUND('',#6774,.T.);
#7326=FACE_BOUND('',#6775,.T.);
#7327=FACE_BOUND('',#6776,.T.);
#7328=FACE_BOUND('',#6777,.T.);
#7329=FACE_BOUND('',#6778,.T.);
#7330=FACE_BOUND('',#6779,.T.);
#7331=FACE_BOUND('',#6780,.T.);
#7332=FACE_BOUND('',#6781,.T.);
#7333=FACE_BOUND('',#6782,.T.);
#7334=FACE_BOUND('',#6783,.T.);
#7335=FACE_BOUND('',#6784,.T.);
#7336=FACE_BOUND('',#6785,.T.);
#7337=FACE_BOUND('',#6786,.T.);
#7338=FACE_BOUND('',#6787,.T.);
#7339=FACE_BOUND('',#6788,.T.);
#7340=FACE_BOUND('',#6789,.T.);
#7341=FACE_BOUND('',#6790,.T.);
#7342=FACE_BOUND('',#6791,.T.);
#7343=FACE_BOUND('',#6792,.T.);
#7344=FACE_BOUND('',#6793,.T.);
#7345=FACE_BOUND('',#6794,.T.);
#7346=FACE_BOUND('',#6795,.T.);
#7347=FACE_BOUND('',#6796,.T.);
#7348=FACE_BOUND('',#6797,.T.);
#7349=FACE_BOUND('',#6798,.T.);
#7350=FACE_BOUND('',#6799,.T.);
#7351=FACE_BOUND('',#6800,.T.);
#7352=FACE_BOUND('',#6801,.T.);
#7353=FACE_BOUND('',#6802,.T.);
#7354=FACE_BOUND('',#6803,.T.);
#7355=FACE_BOUND('',#6804,.T.);
#7356=FACE_BOUND('',#6805,.T.);
#7357=FACE_BOUND('',#6806,.T.);
#7358=FACE_BOUND('',#6807,.T.);
#7359=FACE_BOUND('',#6808,.T.);
#7360=FACE_BOUND('',#6809,.T.);
#7361=FACE_BOUND('',#6810,.T.);
#7362=FACE_BOUND('',#6811,.T.);
#7363=FACE_BOUND('',#6812,.T.);
#7364=FACE_BOUND('',#6813,.T.);
#7365=FACE_BOUND('',#6814,.T.);
#7366=FACE_BOUND('',#6815,.T.);
#7367=FACE_BOUND('',#6816,.T.);
#7368=FACE_BOUND('',#6817,.T.);
#7369=FACE_BOUND('',#6818,.T.);
#7370=FACE_BOUND('',#6819,.T.);
#7371=FACE_BOUND('',#6820,.T.);
#7372=FACE_BOUND('',#6821,.T.);
#7373=FACE_BOUND('',#6822,.T.);
#7374=FACE_BOUND('',#6823,.T.);
#7375=FACE_BOUND('',#6824,.T.);
#7376=FACE_BOUND('',#6825,.T.);
#7377=FACE_BOUND('',#6826,.T.);
#7378=FACE_BOUND('',#6827,.T.);
#7379=FACE_BOUND('',#6828,.T.);
#7380=FACE_BOUND('',#6829,.T.);
#7381=FACE_BOUND('',#6830,.T.);
#7382=FACE_BOUND('',#6831,.T.);
#7383=FACE_BOUND('',#6832,.T.);
#7384=FACE_BOUND('',#6833,.T.);
#7385=FACE_BOUND('',#6834,.T.);
#7386=FACE_BOUND('',#6835,.T.);
#7387=FACE_BOUND('',#6836,.T.);
#7388=FACE_BOUND('',#6837,.T.);
#7389=FACE_BOUND('',#6838,.T.);
#7390=FACE_BOUND('',#6839,.T.);
#7391=FACE_BOUND('',#6840,.T.);
#7392=FACE_BOUND('',#6841,.T.);
#7393=FACE_BOUND('',#6842,.T.);
#7394=FACE_BOUND('',#6843,.T.);
#7395=FACE_BOUND('',#6844,.T.);
#7396=FACE_BOUND('',#6845,.T.);
#7397=FACE_BOUND('',#6846,.T.);
#7398=FACE_BOUND('',#6847,.T.);
#7399=FACE_BOUND('',#6848,.T.);
#7400=FACE_BOUND('',#6849,.T.);
#7401=FACE_BOUND('',#6850,.T.);
#7402=FACE_BOUND('',#6851,.T.);
#7403=FACE_BOUND('',#6852,.T.);
#7404=FACE_BOUND('',#6853,.T.);
#7405=FACE_BOUND('',#6854,.T.);
#7406=FACE_BOUND('',#6855,.T.);
#7407=FACE_BOUND('',#6856,.T.);
#7408=FACE_BOUND('',#6857,.T.);
#7409=FACE_BOUND('',#6858,.T.);
#7410=FACE_BOUND('',#6859,.T.);
#7411=FACE_BOUND('',#6860,.T.);
#7412=FACE_BOUND('',#6861,.T.);
#7413=FACE_BOUND('',#6862,.T.);
#7414=FACE_BOUND('',#6863,.T.);
#7415=FACE_BOUND('',#6864,.T.);
#7416=FACE_BOUND('',#6865,.T.);
#7417=FACE_BOUND('',#6866,.T.);
#7418=FACE_BOUND('',#6867,.T.);
#7419=FACE_BOUND('',#6868,.T.);
#7420=FACE_BOUND('',#6869,.T.);
#7421=FACE_BOUND('',#6870,.T.);
#7422=FACE_BOUND('',#6871,.T.);
#7423=FACE_BOUND('',#6872,.T.);
#7424=FACE_BOUND('',#6873,.T.);
#7425=FACE_BOUND('',#6874,.T.);
#7426=FACE_BOUND('',#6875,.T.);
#7427=FACE_BOUND('',#6876,.T.);
#7428=FACE_BOUND('',#6877,.T.);
#7429=FACE_BOUND('',#6878,.T.);
#7430=FACE_BOUND('',#6879,.T.);
#7431=FACE_BOUND('',#6880,.T.);
#7432=FACE_BOUND('',#6881,.T.);
#7433=FACE_BOUND('',#6882,.T.);
#7434=FACE_BOUND('',#6883,.T.);
#7435=FACE_BOUND('',#6884,.T.);
#7436=FACE_BOUND('',#6885,.T.);
#7437=FACE_BOUND('',#6886,.T.);
#7438=FACE_BOUND('',#6887,.T.);
#7439=FACE_BOUND('',#6888,.T.);
#7440=FACE_BOUND('',#6889,.T.);
#7441=FACE_BOUND('',#6890,.T.);
#7442=FACE_BOUND('',#6891,.T.);
#7443=FACE_BOUND('',#6892,.T.);
#7444=FACE_BOUND('',#6893,.T.);
#7445=FACE_BOUND('',#6894,.T.);
#7446=FACE_BOUND('',#6895,.T.);
#7447=FACE_BOUND('',#6896,.T.);
#7448=FACE_BOUND('',#6897,.T.);
#7449=FACE_BOUND('',#6898,.T.);
#7450=FACE_BOUND('',#6899,.T.);
#7451=FACE_BOUND('',#6900,.T.);
#7452=FACE_BOUND('',#6901,.T.);
#7453=FACE_BOUND('',#6902,.T.);
#7454=FACE_BOUND('',#6903,.T.);
#7455=FACE_BOUND('',#6904,.T.);
#7456=FACE_BOUND('',#6905,.T.);
#7457=FACE_BOUND('',#6906,.T.);
#7458=FACE_BOUND('',#6907,.T.);
#7459=FACE_BOUND('',#6908,.T.);
#7460=FACE_BOUND('',#6909,.T.);
#7461=FACE_BOUND('',#6910,.T.);
#7462=FACE_BOUND('',#6911,.T.);
#7463=FACE_BOUND('',#6912,.T.);
#7464=FACE_BOUND('',#6913,.T.);
#7465=FACE_BOUND('',#6914,.T.);
#7466=FACE_BOUND('',#6915,.T.);
#7467=FACE_BOUND('',#6916,.T.);
#7468=FACE_BOUND('',#6917,.T.);
#7469=FACE_BOUND('',#6918,.T.);
#7470=FACE_BOUND('',#6919,.T.);
#7471=FACE_BOUND('',#6920,.T.);
#7472=FACE_BOUND('',#6921,.T.);
#7473=FACE_BOUND('',#6922,.T.);
#7474=FACE_BOUND('',#6923,.T.);
#7475=FACE_BOUND('',#6924,.T.);
#7476=FACE_BOUND('',#6925,.T.);
#7477=FACE_BOUND('',#6926,.T.);
#7478=FACE_BOUND('',#6927,.T.);
#7479=FACE_BOUND('',#6928,.T.);
#7480=FACE_BOUND('',#6929,.T.);
#7481=FACE_BOUND('',#6930,.T.);
#7482=FACE_BOUND('',#6931,.T.);
#7483=FACE_BOUND('',#6932,.T.);
#7484=FACE_BOUND('',#6933,.T.);
#7485=FACE_BOUND('',#6934,.T.);
#7486=FACE_BOUND('',#6935,.T.);
#7487=FACE_BOUND('',#6936,.T.);
#7488=FACE_BOUND('',#6937,.T.);
#7489=FACE_BOUND('',#6938,.T.);
#7490=FACE_BOUND('',#6939,.T.);
#7491=FACE_BOUND('',#6940,.T.);
#7492=FACE_BOUND('',#6941,.T.);
#7493=FACE_BOUND('',#6942,.T.);
#7494=FACE_BOUND('',#6943,.T.);
#7495=FACE_BOUND('',#6944,.T.);
#7496=FACE_BOUND('',#6945,.T.);
#7497=FACE_BOUND('',#6946,.T.);
#7498=FACE_BOUND('',#6947,.T.);
#7499=FACE_BOUND('',#6948,.T.);
#7500=FACE_BOUND('',#6949,.T.);
#7501=FACE_BOUND('',#6950,.T.);
#7502=FACE_BOUND('',#6951,.T.);
#7503=FACE_BOUND('',#6952,.T.);
#7504=FACE_BOUND('',#6953,.T.);
#7505=FACE_BOUND('',#6954,.T.);
#7506=FACE_BOUND('',#6955,.T.);
#7507=FACE_BOUND('',#6956,.T.);
#7508=FACE_BOUND('',#6957,.T.);
#7509=FACE_BOUND('',#6958,.T.);
#7510=FACE_BOUND('',#6959,.T.);
#7511=FACE_BOUND('',#6960,.T.);
#7512=FACE_BOUND('',#6961,.T.);
#7513=FACE_BOUND('',#6962,.T.);
#7514=FACE_BOUND('',#6963,.T.);
#7515=FACE_BOUND('',#6964,.T.);
#7516=FACE_BOUND('',#6965,.T.);
#7517=FACE_BOUND('',#6966,.T.);
#7518=FACE_BOUND('',#6967,.T.);
#7519=FACE_BOUND('',#6968,.T.);
#7520=FACE_BOUND('',#6969,.T.);
#7521=FACE_BOUND('',#6970,.T.);
#7522=FACE_BOUND('',#6971,.T.);
#7523=FACE_BOUND('',#6972,.T.);
#7524=FACE_BOUND('',#6973,.T.);
#7525=FACE_BOUND('',#6974,.T.);
#7526=FACE_BOUND('',#6975,.T.);
#7527=FACE_BOUND('',#6976,.T.);
#7528=FACE_BOUND('',#6977,.T.);
#7529=FACE_BOUND('',#6978,.T.);
#7530=FACE_BOUND('',#6979,.T.);
#7531=FACE_BOUND('',#6980,.T.);
#7532=FACE_BOUND('',#6981,.T.);
#7533=FACE_BOUND('',#6982,.T.);
#7534=FACE_BOUND('',#6983,.T.);
#7535=FACE_BOUND('',#6984,.T.);
#7536=FACE_BOUND('',#6985,.T.);
#7537=FACE_BOUND('',#6986,.T.);
#7538=FACE_BOUND('',#6987,.T.);
#7539=FACE_BOUND('',#6988,.T.);
#7540=FACE_BOUND('',#6989,.T.);
#7541=FACE_BOUND('',#6990,.T.);
#7542=FACE_BOUND('',#6991,.T.);
#7543=FACE_BOUND('',#6992,.T.);
#7544=FACE_BOUND('',#6993,.T.);
#7545=FACE_BOUND('',#6994,.T.);
#7546=FACE_BOUND('',#6995,.T.);
#7547=FACE_BOUND('',#6996,.T.);
#7548=FACE_BOUND('',#6997,.T.);
#7549=FACE_BOUND('',#6998,.T.);
#7550=FACE_BOUND('',#6999,.T.);
#7551=FACE_BOUND('',#7000,.T.);
#7552=FACE_BOUND('',#7001,.T.);
#7553=FACE_BOUND('',#7002,.T.);
#7554=FACE_BOUND('',#7003,.T.);
#7555=FACE_BOUND('',#7004,.T.);
#7556=FACE_BOUND('',#7005,.T.);
#7557=FACE_BOUND('',#7006,.T.);
#7558=FACE_BOUND('',#7007,.T.);
#7559=FACE_BOUND('',#7008,.T.);
#7560=FACE_BOUND('',#7009,.T.);
#7561=FACE_BOUND('',#7010,.T.);
#7562=FACE_BOUND('',#7011,.T.);
#7563=FACE_BOUND('',#7012,.T.);
#7564=FACE_BOUND('',#7013,.T.);
#7565=FACE_BOUND('',#7014,.T.);
#7566=FACE_BOUND('',#7015,.T.);
#7567=FACE_BOUND('',#7016,.T.);
#7568=FACE_BOUND('',#7017,.T.);
#7569=FACE_BOUND('',#7018,.T.);
#7570=FACE_BOUND('',#7019,.T.);
#7571=FACE_BOUND('',#7020,.T.);
#7572=FACE_BOUND('',#7021,.T.);
#7573=FACE_BOUND('',#7022,.T.);
#7574=FACE_BOUND('',#7023,.T.);
#7575=FACE_BOUND('',#7024,.T.);
#7576=FACE_BOUND('',#7025,.T.);
#7577=FACE_BOUND('',#7026,.T.);
#7578=FACE_BOUND('',#7027,.T.);
#7579=FACE_BOUND('',#7028,.T.);
#7580=FACE_BOUND('',#7029,.T.);
#7581=FACE_BOUND('',#7030,.T.);
#7582=FACE_BOUND('',#7031,.T.);
#7583=FACE_BOUND('',#7032,.T.);
#7584=FACE_BOUND('',#7033,.T.);
#7585=FACE_BOUND('',#7034,.T.);
#7586=FACE_BOUND('',#7035,.T.);
#7587=FACE_BOUND('',#7036,.T.);
#7588=FACE_BOUND('',#7037,.T.);
#7589=FACE_BOUND('',#7038,.T.);
#7590=FACE_BOUND('',#7039,.T.);
#7591=FACE_BOUND('',#7040,.T.);
#7592=FACE_BOUND('',#7041,.T.);
#7593=FACE_BOUND('',#7042,.T.);
#7594=FACE_BOUND('',#7043,.T.);
#7595=FACE_BOUND('',#7044,.T.);
#7596=FACE_BOUND('',#7045,.T.);
#7597=FACE_BOUND('',#7046,.T.);
#7598=FACE_BOUND('',#7047,.T.);
#7599=FACE_BOUND('',#7048,.T.);
#7600=FACE_BOUND('',#7049,.T.);
#7601=FACE_BOUND('',#7050,.T.);
#7602=FACE_BOUND('',#7051,.T.);
#7603=FACE_BOUND('',#7052,.T.);
#7604=FACE_BOUND('',#7053,.T.);
#7605=FACE_BOUND('',#7054,.T.);
#7606=FACE_BOUND('',#7055,.T.);
#7607=FACE_BOUND('',#7056,.T.);
#7608=FACE_BOUND('',#7057,.T.);
#7609=FACE_BOUND('',#7058,.T.);
#7610=FACE_BOUND('',#7059,.T.);
#7611=FACE_BOUND('',#7060,.T.);
#7612=FACE_BOUND('',#7061,.T.);
#7613=FACE_BOUND('',#7062,.T.);
#7614=FACE_BOUND('',#7063,.T.);
#7615=FACE_BOUND('',#7064,.T.);
#7616=FACE_BOUND('',#7065,.T.);
#7617=FACE_BOUND('',#7066,.T.);
#7618=FACE_BOUND('',#7067,.T.);
#7619=FACE_BOUND('',#7068,.T.);
#7620=FACE_BOUND('',#7069,.T.);
#7621=FACE_BOUND('',#7070,.T.);
#7622=FACE_BOUND('',#7071,.T.);
#7623=FACE_BOUND('',#7072,.T.);
#7624=FACE_BOUND('',#7073,.T.);
#7625=FACE_BOUND('',#7074,.T.);
#7626=FACE_BOUND('',#7075,.T.);
#7627=FACE_BOUND('',#7076,.T.);
#7628=FACE_BOUND('',#7077,.T.);
#7629=FACE_BOUND('',#7078,.T.);
#7630=FACE_BOUND('',#7079,.T.);
#7631=FACE_BOUND('',#7080,.T.);
#7632=FACE_BOUND('',#7081,.T.);
#7633=FACE_BOUND('',#7082,.T.);
#7634=FACE_BOUND('',#7083,.T.);
#7635=FACE_BOUND('',#7084,.T.);
#7636=FACE_BOUND('',#7085,.T.);
#7637=FACE_BOUND('',#7086,.T.);
#7638=FACE_BOUND('',#7087,.T.);
#7639=FACE_BOUND('',#7088,.T.);
#7640=FACE_BOUND('',#7089,.T.);
#7641=FACE_BOUND('',#7090,.T.);
#7642=FACE_BOUND('',#7091,.T.);
#7643=FACE_BOUND('',#7092,.T.);
#7644=FACE_BOUND('',#7093,.T.);
#7645=FACE_BOUND('',#7094,.T.);
#7646=FACE_BOUND('',#7095,.T.);
#7647=FACE_BOUND('',#7096,.T.);
#7648=FACE_BOUND('',#7097,.T.);
#7649=FACE_BOUND('',#7098,.T.);
#7650=FACE_BOUND('',#7099,.T.);
#7651=FACE_BOUND('',#7100,.T.);
#7652=FACE_BOUND('',#7101,.T.);
#7653=FACE_BOUND('',#7102,.T.);
#7654=FACE_BOUND('',#7103,.T.);
#7655=FACE_BOUND('',#7104,.T.);
#7656=FACE_BOUND('',#7105,.T.);
#7657=FACE_BOUND('',#7106,.T.);
#7658=FACE_BOUND('',#7107,.T.);
#7659=FACE_BOUND('',#7108,.T.);
#7660=FACE_BOUND('',#7109,.T.);
#7661=FACE_BOUND('',#7110,.T.);
#7662=FACE_BOUND('',#7111,.T.);
#7663=FACE_BOUND('',#7112,.T.);
#7664=FACE_BOUND('',#7113,.T.);
#7665=FACE_BOUND('',#7114,.T.);
#7666=FACE_BOUND('',#7115,.T.);
#7667=FACE_BOUND('',#7116,.T.);
#7668=FACE_BOUND('',#7117,.T.);
#7669=FACE_BOUND('',#7118,.T.);
#7670=FACE_BOUND('',#7119,.T.);
#7671=FACE_BOUND('',#7120,.T.);
#7672=FACE_BOUND('',#7121,.T.);
#7673=FACE_BOUND('',#7122,.T.);
#7674=FACE_BOUND('',#7123,.T.);
#7675=FACE_BOUND('',#7124,.T.);
#7676=FACE_BOUND('',#7125,.T.);
#7677=FACE_BOUND('',#7126,.T.);
#7678=FACE_BOUND('',#7127,.T.);
#7679=FACE_BOUND('',#7128,.T.);
#7680=FACE_BOUND('',#7129,.T.);
#7681=FACE_BOUND('',#7130,.T.);
#7682=FACE_BOUND('',#7131,.T.);
#7683=FACE_BOUND('',#7132,.T.);
#7684=FACE_BOUND('',#7133,.T.);
#7685=FACE_BOUND('',#7134,.T.);
#7686=FACE_BOUND('',#7135,.T.);
#7687=FACE_BOUND('',#7136,.T.);
#7688=FACE_BOUND('',#7137,.T.);
#7689=FACE_BOUND('',#7138,.T.);
#7690=FACE_BOUND('',#7139,.T.);
#7691=FACE_BOUND('',#7140,.T.);
#7692=FACE_BOUND('',#7141,.T.);
#7693=FACE_BOUND('',#7142,.T.);
#7694=FACE_BOUND('',#7143,.T.);
#7695=FACE_BOUND('',#7144,.T.);
#7696=FACE_BOUND('',#7145,.T.);
#7697=FACE_BOUND('',#7146,.T.);
#7698=FACE_BOUND('',#7147,.T.);
#7699=FACE_BOUND('',#7148,.T.);
#7700=FACE_BOUND('',#7149,.T.);
#7701=FACE_BOUND('',#7150,.T.);
#7702=FACE_BOUND('',#7151,.T.);
#7703=FACE_BOUND('',#7152,.T.);
#7704=FACE_BOUND('',#7153,.T.);
#7705=FACE_BOUND('',#7154,.T.);
#7706=FACE_BOUND('',#7155,.T.);
#7707=FACE_BOUND('',#7156,.T.);
#7708=FACE_BOUND('',#7157,.T.);
#7709=FACE_BOUND('',#7158,.T.);
#7710=FACE_BOUND('',#7159,.T.);
#7711=FACE_BOUND('',#7160,.T.);
#7712=FACE_BOUND('',#7161,.T.);
#7713=FACE_BOUND('',#7162,.T.);
#7714=FACE_BOUND('',#7163,.T.);
#7715=FACE_BOUND('',#7164,.T.);
#7716=FACE_BOUND('',#7165,.T.);
#7717=FACE_BOUND('',#7166,.T.);
#7718=FACE_BOUND('',#7167,.T.);
#7719=FACE_BOUND('',#7168,.T.);
#7720=FACE_BOUND('',#7169,.T.);
#7721=FACE_BOUND('',#7170,.T.);
#7722=FACE_BOUND('',#7171,.T.);
#7723=FACE_BOUND('',#7172,.T.);
#7724=FACE_BOUND('',#7173,.T.);
#7725=FACE_BOUND('',#7174,.T.);
#7726=FACE_BOUND('',#7175,.T.);
#7727=FACE_BOUND('',#7176,.T.);
#7728=FACE_BOUND('',#7177,.T.);
#7729=FACE_BOUND('',#7178,.T.);
#7730=FACE_BOUND('',#7179,.T.);
#7731=FACE_BOUND('',#7180,.T.);
#7732=FACE_BOUND('',#7181,.T.);
#7733=FACE_BOUND('',#7182,.T.);
#7734=FACE_BOUND('',#7183,.T.);
#7735=FACE_BOUND('',#7184,.T.);
#7736=FACE_BOUND('',#7185,.T.);
#7737=FACE_BOUND('',#7186,.T.);
#7738=FACE_BOUND('',#7187,.T.);
#7739=FACE_BOUND('',#7188,.T.);
#7740=FACE_BOUND('',#7189,.T.);
#7741=FACE_BOUND('',#7190,.T.);
#7742=FACE_BOUND('',#7191,.T.);
#7743=FACE_BOUND('',#7192,.T.);
#7744=FACE_BOUND('',#7193,.T.);
#7745=FACE_BOUND('',#7194,.T.);
#7746=FACE_BOUND('',#7195,.T.);
#7747=FACE_BOUND('',#7196,.T.);
#7748=FACE_BOUND('',#7197,.T.);
#7749=FACE_BOUND('',#7198,.T.);
#7750=FACE_BOUND('',#7199,.T.);
#7751=FACE_BOUND('',#7200,.T.);
#7752=FACE_BOUND('',#7201,.T.);
#7753=FACE_BOUND('',#7202,.T.);
#7754=FACE_BOUND('',#7203,.T.);
#7755=FACE_BOUND('',#7204,.T.);
#7756=FACE_BOUND('',#7205,.T.);
#7757=FACE_BOUND('',#7206,.T.);
#7758=FACE_BOUND('',#7207,.T.);
#7759=FACE_BOUND('',#7208,.T.);
#7760=FACE_BOUND('',#7209,.T.);
#7761=FACE_BOUND('',#7210,.T.);
#7762=FACE_BOUND('',#7211,.T.);
#7763=FACE_BOUND('',#7212,.T.);
#7764=FACE_BOUND('',#7213,.T.);
#7765=FACE_BOUND('',#7214,.T.);
#7766=FACE_BOUND('',#7215,.T.);
#7767=FACE_BOUND('',#7216,.T.);
#7768=FACE_BOUND('',#7217,.T.);
#7769=FACE_BOUND('',#7218,.T.);
#7770=FACE_BOUND('',#7219,.T.);
#7771=FACE_BOUND('',#7220,.T.);
#7772=FACE_BOUND('',#7221,.T.);
#7773=FACE_BOUND('',#7222,.T.);
#7774=FACE_BOUND('',#7223,.T.);
#7775=FACE_BOUND('',#7224,.T.);
#7776=FACE_BOUND('',#7225,.T.);
#7777=FACE_BOUND('',#7226,.T.);
#7778=FACE_BOUND('',#7227,.T.);
#7779=FACE_BOUND('',#7228,.T.);
#7780=FACE_BOUND('',#7229,.T.);
#7781=FACE_BOUND('',#7230,.T.);
#7782=FACE_BOUND('',#7231,.T.);
#7783=FACE_BOUND('',#7232,.T.);
#7784=FACE_BOUND('',#7233,.T.);
#7785=FACE_BOUND('',#7234,.T.);
#7786=FACE_BOUND('',#7235,.T.);
#7787=FACE_BOUND('',#7236,.T.);
#7788=FACE_BOUND('',#7237,.T.);
#7789=FACE_BOUND('',#7238,.T.);
#7790=FACE_BOUND('',#7239,.T.);
#7791=FACE_BOUND('',#7240,.T.);
#7792=FACE_BOUND('',#7241,.T.);
#7793=FACE_BOUND('',#7242,.T.);
#7794=FACE_BOUND('',#7243,.T.);
#7795=FACE_BOUND('',#7244,.T.);
#7796=FACE_BOUND('',#7245,.T.);
#7797=FACE_BOUND('',#7246,.T.);
#7798=(
B_SPLINE_SURFACE(3,1,((#10563,#10564),(#10565,#10566),(#10567,#10568),(#10569,
#10570)),.CYLINDRICAL_SURF.,.F.,.F.,.F.)
B_SPLINE_SURFACE_WITH_KNOTS((4,4),(2,2),(0.5,1.),(0.0454545454545456,0.954545454545455),.PIECEWISE_BEZIER_KNOTS.)
BOUNDED_SURFACE()
GEOMETRIC_REPRESENTATION_ITEM()
RATIONAL_B_SPLINE_SURFACE(((1.,1.),(0.333333333333333,0.333333333333333),(0.333333333333333,0.333333333333333),(1.,1.)))
REPRESENTATION_ITEM('')
SURFACE()
);
#7799=(
B_SPLINE_SURFACE(3,1,((#10581,#10582),(#10583,#10584),(#10585,#10586),(#10587,
#10588)),.CYLINDRICAL_SURF.,.F.,.F.,.F.)
B_SPLINE_SURFACE_WITH_KNOTS((4,4),(2,2),(0.5,1.),(0.0454545454545456,0.954545454545455),.PIECEWISE_BEZIER_KNOTS.)
BOUNDED_SURFACE()
GEOMETRIC_REPRESENTATION_ITEM()
RATIONAL_B_SPLINE_SURFACE(((1.,1.),(0.333333333333333,0.333333333333333),(0.333333333333333,0.333333333333333),(1.,1.)))
REPRESENTATION_ITEM('')
SURFACE()
);
#7800=(
B_SPLINE_SURFACE(3,1,((#10599,#10600),(#10601,#10602),(#10603,#10604),(#10605,
#10606)),.CYLINDRICAL_SURF.,.F.,.F.,.F.)
B_SPLINE_SURFACE_WITH_KNOTS((4,4),(2,2),(0.5,1.),(0.0454545454545456,0.954545454545455),.PIECEWISE_BEZIER_KNOTS.)
BOUNDED_SURFACE()
GEOMETRIC_REPRESENTATION_ITEM()
RATIONAL_B_SPLINE_SURFACE(((1.,1.),(0.333333333333333,0.333333333333333),(0.333333333333333,0.333333333333333),(1.,1.)))
REPRESENTATION_ITEM('')
SURFACE()
);
#7801=(
B_SPLINE_SURFACE(3,1,((#10617,#10618),(#10619,#10620),(#10621,#10622),(#10623,
#10624)),.CYLINDRICAL_SURF.,.F.,.F.,.F.)
B_SPLINE_SURFACE_WITH_KNOTS((4,4),(2,2),(0.,0.5),(0.0454545454545456,0.954545454545455),.PIECEWISE_BEZIER_KNOTS.)
BOUNDED_SURFACE()
GEOMETRIC_REPRESENTATION_ITEM()
RATIONAL_B_SPLINE_SURFACE(((1.,1.),(0.333333333333333,0.333333333333333),(0.333333333333333,0.333333333333333),(1.,1.)))
REPRESENTATION_ITEM('')
SURFACE()
);
#7802=(
B_SPLINE_SURFACE(3,1,((#10627,#10628),(#10629,#10630),(#10631,#10632),(#10633,
#10634)),.CYLINDRICAL_SURF.,.F.,.F.,.F.)
B_SPLINE_SURFACE_WITH_KNOTS((4,4),(2,2),(0.,0.5),(0.0454545454545456,0.954545454545455),.PIECEWISE_BEZIER_KNOTS.)
BOUNDED_SURFACE()
GEOMETRIC_REPRESENTATION_ITEM()
RATIONAL_B_SPLINE_SURFACE(((1.,1.),(0.333333333333333,0.333333333333333),(0.333333333333333,0.333333333333333),(1.,1.)))
REPRESENTATION_ITEM('')
SURFACE()
);
#7803=(
B_SPLINE_SURFACE(3,1,((#10637,#10638),(#10639,#10640),(#10641,#10642),(#10643,
#10644)),.CYLINDRICAL_SURF.,.F.,.F.,.F.)
B_SPLINE_SURFACE_WITH_KNOTS((4,4),(2,2),(0.,0.5),(0.0454545454545456,0.954545454545455),.PIECEWISE_BEZIER_KNOTS.)
BOUNDED_SURFACE()
GEOMETRIC_REPRESENTATION_ITEM()
RATIONAL_B_SPLINE_SURFACE(((1.,1.),(0.333333333333333,0.333333333333333),(0.333333333333333,0.333333333333333),(1.,1.)))
REPRESENTATION_ITEM('')
SURFACE()
);
#7804=(
B_SPLINE_SURFACE(3,1,((#10913,#10914),(#10915,#10916),(#10917,#10918),(#10919,
#10920)),.CYLINDRICAL_SURF.,.F.,.F.,.F.)
B_SPLINE_SURFACE_WITH_KNOTS((4,4),(2,2),(0.,1.),(0.,1.),.PIECEWISE_BEZIER_KNOTS.)
BOUNDED_SURFACE()
GEOMETRIC_REPRESENTATION_ITEM()
RATIONAL_B_SPLINE_SURFACE(((1.,1.),(0.708055585234759,0.708055585234759),(0.708055585234759,0.708055585234759),(1.,1.)))
REPRESENTATION_ITEM('')
SURFACE()
);
#7805=(
B_SPLINE_SURFACE(3,1,((#10927,#10928),(#10929,#10930),(#10931,#10932),(#10933,
#10934)),.CYLINDRICAL_SURF.,.F.,.F.,.F.)
B_SPLINE_SURFACE_WITH_KNOTS((4,4),(2,2),(0.,1.),(0.,1.),.PIECEWISE_BEZIER_KNOTS.)
BOUNDED_SURFACE()
GEOMETRIC_REPRESENTATION_ITEM()
RATIONAL_B_SPLINE_SURFACE(((1.,1.),(0.708055585234748,0.708055585234748),(0.708055585234748,0.708055585234748),(1.,1.)))
REPRESENTATION_ITEM('')
SURFACE()
);
#7806=(
B_SPLINE_SURFACE(3,1,((#10937,#10938),(#10939,#10940),(#10941,#10942),(#10943,
#10944)),.CYLINDRICAL_SURF.,.F.,.F.,.F.)
B_SPLINE_SURFACE_WITH_KNOTS((4,4),(2,2),(0.,1.),(0.,1.),.PIECEWISE_BEZIER_KNOTS.)
BOUNDED_SURFACE()
GEOMETRIC_REPRESENTATION_ITEM()
RATIONAL_B_SPLINE_SURFACE(((1.,1.),(0.708055585234749,0.708055585234749),(0.708055585234749,0.708055585234749),(1.,1.)))
REPRESENTATION_ITEM('')
SURFACE()
);
#7807=(
B_SPLINE_SURFACE(3,1,((#10947,#10948),(#10949,#10950),(#10951,#10952),(#10953,
#10954)),.CYLINDRICAL_SURF.,.F.,.F.,.F.)
B_SPLINE_SURFACE_WITH_KNOTS((4,4),(2,2),(0.,1.),(0.,1.),.PIECEWISE_BEZIER_KNOTS.)
BOUNDED_SURFACE()
GEOMETRIC_REPRESENTATION_ITEM()
RATIONAL_B_SPLINE_SURFACE(((1.,1.),(0.708055585234751,0.708055585234751),(0.708055585234751,0.708055585234751),(1.,1.)))
REPRESENTATION_ITEM('')
SURFACE()
);
#7808=(
B_SPLINE_SURFACE(3,3,((#10957,#10958,#10959,#10960),(#10961,#10962,#10963,
#10964),(#10965,#10966,#10967,#10968),(#10969,#10970,#10971,#10972)),.TOROIDAL_SURF.,.F.,.F.,.F.)
B_SPLINE_SURFACE_WITH_KNOTS((4,4),(4,4),(0.,1.),(0.,1.),.PIECEWISE_BEZIER_KNOTS.)
BOUNDED_SURFACE()
GEOMETRIC_REPRESENTATION_ITEM()
RATIONAL_B_SPLINE_SURFACE(((1.,0.708055585234738,0.708055585234738,1.),(0.708055585234745,0.501342711782112,0.501342711782112,0.708055585234745),(0.708055585234745,0.501342711782112,0.501342711782112,0.708055585234745),(1.,0.708055585234738,0.708055585234738,1.)))
REPRESENTATION_ITEM('')
SURFACE()
);
#7809=(
B_SPLINE_SURFACE(3,1,((#10975,#10976),(#10977,#10978),(#10979,#10980),(#10981,
#10982)),.CYLINDRICAL_SURF.,.F.,.F.,.F.)
B_SPLINE_SURFACE_WITH_KNOTS((4,4),(2,2),(0.,1.),(0.,1.),.PIECEWISE_BEZIER_KNOTS.)
BOUNDED_SURFACE()
GEOMETRIC_REPRESENTATION_ITEM()
RATIONAL_B_SPLINE_SURFACE(((1.,1.),(0.708055585234745,0.708055585234745),(0.708055585234745,0.708055585234745),(1.,1.)))
REPRESENTATION_ITEM('')
SURFACE()
);
#7810=(
B_SPLINE_SURFACE(3,1,((#10984,#10985),(#10986,#10987),(#10988,#10989),(#10990,
#10991)),.CYLINDRICAL_SURF.,.F.,.F.,.F.)
B_SPLINE_SURFACE_WITH_KNOTS((4,4),(2,2),(0.,1.),(0.,1.),.PIECEWISE_BEZIER_KNOTS.)
BOUNDED_SURFACE()
GEOMETRIC_REPRESENTATION_ITEM()
RATIONAL_B_SPLINE_SURFACE(((1.,1.),(0.708055585234741,0.708055585234741),(0.708055585234741,0.708055585234741),(1.,1.)))
REPRESENTATION_ITEM('')
SURFACE()
);
#7811=(
B_SPLINE_SURFACE(3,3,((#10993,#10994,#10995,#10996),(#10997,#10998,#10999,
#11000),(#11001,#11002,#11003,#11004),(#11005,#11006,#11007,#11008)),.TOROIDAL_SURF.,.F.,.F.,.F.)
B_SPLINE_SURFACE_WITH_KNOTS((4,4),(4,4),(0.,1.),(0.,1.),.PIECEWISE_BEZIER_KNOTS.)
BOUNDED_SURFACE()
GEOMETRIC_REPRESENTATION_ITEM()
RATIONAL_B_SPLINE_SURFACE(((1.,0.708055585234749,0.708055585234749,1.),(0.708055585234739,0.501342711782116,0.501342711782116,0.708055585234739),(0.708055585234739,0.501342711782116,0.501342711782116,0.708055585234739),(1.,0.708055585234749,0.708055585234749,1.)))
REPRESENTATION_ITEM('')
SURFACE()
);
#7812=(
B_SPLINE_SURFACE(3,3,((#11010,#11011,#11012,#11013),(#11014,#11015,#11016,
#11017),(#11018,#11019,#11020,#11021),(#11022,#11023,#11024,#11025)),.TOROIDAL_SURF.,.F.,.F.,.F.)
B_SPLINE_SURFACE_WITH_KNOTS((4,4),(4,4),(0.,1.),(0.,1.),.PIECEWISE_BEZIER_KNOTS.)
BOUNDED_SURFACE()
GEOMETRIC_REPRESENTATION_ITEM()
RATIONAL_B_SPLINE_SURFACE(((1.,0.708055585234756,0.708055585234756,1.),(0.708055585234746,0.501342711782125,0.501342711782125,0.708055585234746),(0.708055585234746,0.501342711782125,0.501342711782125,0.708055585234746),(1.,0.708055585234756,0.708055585234756,1.)))
REPRESENTATION_ITEM('')
SURFACE()
);
#7813=(
B_SPLINE_SURFACE(3,1,((#11027,#11028),(#11029,#11030),(#11031,#11032),(#11033,
#11034)),.CYLINDRICAL_SURF.,.F.,.F.,.F.)
B_SPLINE_SURFACE_WITH_KNOTS((4,4),(2,2),(0.,1.),(0.,1.),.PIECEWISE_BEZIER_KNOTS.)
BOUNDED_SURFACE()
GEOMETRIC_REPRESENTATION_ITEM()
RATIONAL_B_SPLINE_SURFACE(((1.,1.),(0.708055585234752,0.708055585234752),(0.708055585234752,0.708055585234752),(1.,1.)))
REPRESENTATION_ITEM('')
SURFACE()
);
#7814=(
B_SPLINE_SURFACE(3,1,((#11036,#11037),(#11038,#11039),(#11040,#11041),(#11042,
#11043)),.CYLINDRICAL_SURF.,.F.,.F.,.F.)
B_SPLINE_SURFACE_WITH_KNOTS((4,4),(2,2),(0.,1.),(0.,1.),.PIECEWISE_BEZIER_KNOTS.)
BOUNDED_SURFACE()
GEOMETRIC_REPRESENTATION_ITEM()
RATIONAL_B_SPLINE_SURFACE(((1.,1.),(0.708055585234753,0.708055585234753),(0.708055585234753,0.708055585234753),(1.,1.)))
REPRESENTATION_ITEM('')
SURFACE()
);
#7815=(
B_SPLINE_SURFACE(3,3,((#11045,#11046,#11047,#11048),(#11049,#11050,#11051,
#11052),(#11053,#11054,#11055,#11056),(#11057,#11058,#11059,#11060)),.TOROIDAL_SURF.,.F.,.F.,.F.)
B_SPLINE_SURFACE_WITH_KNOTS((4,4),(4,4),(0.,1.),(0.,1.),.PIECEWISE_BEZIER_KNOTS.)
BOUNDED_SURFACE()
GEOMETRIC_REPRESENTATION_ITEM()
RATIONAL_B_SPLINE_SURFACE(((1.,0.708055585234735,0.708055585234735,1.),(0.708055585234744,0.50134271178211,0.50134271178211,0.708055585234744),(0.708055585234744,0.50134271178211,0.50134271178211,0.708055585234744),(1.,0.708055585234735,0.708055585234735,1.)))
REPRESENTATION_ITEM('')
SURFACE()
);
#7816=(
B_SPLINE_SURFACE(3,3,((#11061,#11062,#11063,#11064),(#11065,#11066,#11067,
#11068),(#11069,#11070,#11071,#11072),(#11073,#11074,#11075,#11076)),.TOROIDAL_SURF.,.F.,.F.,.F.)
B_SPLINE_SURFACE_WITH_KNOTS((4,4),(4,4),(0.,1.),(0.,1.),.PIECEWISE_BEZIER_KNOTS.)
BOUNDED_SURFACE()
GEOMETRIC_REPRESENTATION_ITEM()
RATIONAL_B_SPLINE_SURFACE(((1.,0.708055585234739,0.708055585234739,1.),(0.708055585234744,0.501342711782112,0.501342711782112,0.708055585234744),(0.708055585234744,0.501342711782112,0.501342711782112,0.708055585234744),(1.,0.708055585234739,0.708055585234739,1.)))
REPRESENTATION_ITEM('')
SURFACE()
);
#7817=(
B_SPLINE_SURFACE(3,1,((#11079,#11080),(#11081,#11082),(#11083,#11084),(#11085,
#11086)),.CYLINDRICAL_SURF.,.F.,.F.,.F.)
B_SPLINE_SURFACE_WITH_KNOTS((4,4),(2,2),(0.,1.),(0.,1.),.PIECEWISE_BEZIER_KNOTS.)
BOUNDED_SURFACE()
GEOMETRIC_REPRESENTATION_ITEM()
RATIONAL_B_SPLINE_SURFACE(((1.,1.),(0.708055585234749,0.708055585234749),(0.708055585234749,0.708055585234749),(1.,1.)))
REPRESENTATION_ITEM('')
SURFACE()
);
#7818=(
B_SPLINE_SURFACE(3,1,((#11088,#11089),(#11090,#11091),(#11092,#11093),(#11094,
#11095)),.CYLINDRICAL_SURF.,.F.,.F.,.F.)
B_SPLINE_SURFACE_WITH_KNOTS((4,4),(2,2),(0.,1.),(0.,1.),.PIECEWISE_BEZIER_KNOTS.)
BOUNDED_SURFACE()
GEOMETRIC_REPRESENTATION_ITEM()
RATIONAL_B_SPLINE_SURFACE(((1.,1.),(0.708055585234738,0.708055585234738),(0.708055585234738,0.708055585234738),(1.,1.)))
REPRESENTATION_ITEM('')
SURFACE()
);
#7819=(
B_SPLINE_SURFACE(3,3,((#11097,#11098,#11099,#11100),(#11101,#11102,#11103,
#11104),(#11105,#11106,#11107,#11108),(#11109,#11110,#11111,#11112)),.TOROIDAL_SURF.,.F.,.F.,.F.)
B_SPLINE_SURFACE_WITH_KNOTS((4,4),(4,4),(0.,1.),(0.,1.),.PIECEWISE_BEZIER_KNOTS.)
BOUNDED_SURFACE()
GEOMETRIC_REPRESENTATION_ITEM()
RATIONAL_B_SPLINE_SURFACE(((1.,0.708055585234756,0.708055585234756,1.),(0.708055585234746,0.501342711782126,0.501342711782126,0.708055585234746),(0.708055585234746,0.501342711782126,0.501342711782126,0.708055585234746),(1.,0.708055585234756,0.708055585234756,1.)))
REPRESENTATION_ITEM('')
SURFACE()
);
#7820=(
B_SPLINE_SURFACE(3,3,((#11114,#11115,#11116,#11117),(#11118,#11119,#11120,
#11121),(#11122,#11123,#11124,#11125),(#11126,#11127,#11128,#11129)),.TOROIDAL_SURF.,.F.,.F.,.F.)
B_SPLINE_SURFACE_WITH_KNOTS((4,4),(4,4),(0.,1.),(0.,1.),.PIECEWISE_BEZIER_KNOTS.)
BOUNDED_SURFACE()
GEOMETRIC_REPRESENTATION_ITEM()
RATIONAL_B_SPLINE_SURFACE(((1.,0.708055585234749,0.708055585234749,1.),(0.708055585234739,0.501342711782116,0.501342711782116,0.708055585234739),(0.708055585234739,0.501342711782116,0.501342711782116,0.708055585234739),(1.,0.708055585234749,0.708055585234749,1.)))
REPRESENTATION_ITEM('')
SURFACE()
);
#7821=(
B_SPLINE_SURFACE(3,1,((#11131,#11132),(#11133,#11134),(#11135,#11136),(#11137,
#11138)),.CYLINDRICAL_SURF.,.F.,.F.,.F.)
B_SPLINE_SURFACE_WITH_KNOTS((4,4),(2,2),(0.,1.),(0.,1.),.PIECEWISE_BEZIER_KNOTS.)
BOUNDED_SURFACE()
GEOMETRIC_REPRESENTATION_ITEM()
RATIONAL_B_SPLINE_SURFACE(((1.,1.),(0.708055585234748,0.708055585234748),(0.708055585234748,0.708055585234748),(1.,1.)))
REPRESENTATION_ITEM('')
SURFACE()
);
#7822=(
B_SPLINE_SURFACE(3,1,((#11140,#11141),(#11142,#11143),(#11144,#11145),(#11146,
#11147)),.CYLINDRICAL_SURF.,.F.,.F.,.F.)
B_SPLINE_SURFACE_WITH_KNOTS((4,4),(2,2),(0.,1.),(0.,1.),.PIECEWISE_BEZIER_KNOTS.)
BOUNDED_SURFACE()
GEOMETRIC_REPRESENTATION_ITEM()
RATIONAL_B_SPLINE_SURFACE(((1.,1.),(0.708055585234735,0.708055585234735),(0.708055585234735,0.708055585234735),(1.,1.)))
REPRESENTATION_ITEM('')
SURFACE()
);
#7823=(
B_SPLINE_SURFACE(3,3,((#11149,#11150,#11151,#11152),(#11153,#11154,#11155,
#11156),(#11157,#11158,#11159,#11160),(#11161,#11162,#11163,#11164)),.TOROIDAL_SURF.,.F.,.F.,.F.)
B_SPLINE_SURFACE_WITH_KNOTS((4,4),(4,4),(0.,1.),(0.,1.),.PIECEWISE_BEZIER_KNOTS.)
BOUNDED_SURFACE()
GEOMETRIC_REPRESENTATION_ITEM()
RATIONAL_B_SPLINE_SURFACE(((1.,0.708055585234735,0.708055585234735,1.),(0.708055585234744,0.50134271178211,0.50134271178211,0.708055585234744),(0.708055585234744,0.50134271178211,0.50134271178211,0.708055585234744),(1.,0.708055585234735,0.708055585234735,1.)))
REPRESENTATION_ITEM('')
SURFACE()
);
#7824=(
B_SPLINE_SURFACE(3,1,((#11166,#11167),(#11168,#11169),(#11170,#11171),(#11172,
#11173)),.CYLINDRICAL_SURF.,.F.,.F.,.F.)
B_SPLINE_SURFACE_WITH_KNOTS((4,4),(2,2),(0.5,1.),(0.0454545454545455,0.954545454545455),.PIECEWISE_BEZIER_KNOTS.)
BOUNDED_SURFACE()
GEOMETRIC_REPRESENTATION_ITEM()
RATIONAL_B_SPLINE_SURFACE(((1.,1.),(0.333333333333333,0.333333333333333),(0.333333333333333,0.333333333333333),(1.,1.)))
REPRESENTATION_ITEM('')
SURFACE()
);
#7825=(
B_SPLINE_SURFACE(3,1,((#11184,#11185),(#11186,#11187),(#11188,#11189),(#11190,
#11191)),.CYLINDRICAL_SURF.,.F.,.F.,.F.)
B_SPLINE_SURFACE_WITH_KNOTS((4,4),(2,2),(0.5,1.),(0.0454545454545455,0.954545454545455),.PIECEWISE_BEZIER_KNOTS.)
BOUNDED_SURFACE()
GEOMETRIC_REPRESENTATION_ITEM()
RATIONAL_B_SPLINE_SURFACE(((1.,1.),(0.333333333333333,0.333333333333333),(0.333333333333333,0.333333333333333),(1.,1.)))
REPRESENTATION_ITEM('')
SURFACE()
);
#7826=(
B_SPLINE_SURFACE(3,1,((#11202,#11203),(#11204,#11205),(#11206,#11207),(#11208,
#11209)),.CYLINDRICAL_SURF.,.F.,.F.,.F.)
B_SPLINE_SURFACE_WITH_KNOTS((4,4),(2,2),(0.5,1.),(0.0454545454545455,0.954545454545455),.PIECEWISE_BEZIER_KNOTS.)
BOUNDED_SURFACE()
GEOMETRIC_REPRESENTATION_ITEM()
RATIONAL_B_SPLINE_SURFACE(((1.,1.),(0.333333333333333,0.333333333333333),(0.333333333333333,0.333333333333333),(1.,1.)))
REPRESENTATION_ITEM('')
SURFACE()
);
#7827=(
B_SPLINE_SURFACE(3,1,((#11220,#11221),(#11222,#11223),(#11224,#11225),(#11226,
#11227)),.CYLINDRICAL_SURF.,.F.,.F.,.F.)
B_SPLINE_SURFACE_WITH_KNOTS((4,4),(2,2),(0.5,1.),(0.0454545454545454,0.954545454545455),.PIECEWISE_BEZIER_KNOTS.)
BOUNDED_SURFACE()
GEOMETRIC_REPRESENTATION_ITEM()
RATIONAL_B_SPLINE_SURFACE(((1.,1.),(0.333333333333333,0.333333333333333),(0.333333333333333,0.333333333333333),(1.,1.)))
REPRESENTATION_ITEM('')
SURFACE()
);
#7828=(
B_SPLINE_SURFACE(3,1,((#11238,#11239),(#11240,#11241),(#11242,#11243),(#11244,
#11245)),.CYLINDRICAL_SURF.,.F.,.F.,.F.)
B_SPLINE_SURFACE_WITH_KNOTS((4,4),(2,2),(0.5,1.),(0.0454545454545454,0.954545454545455),.PIECEWISE_BEZIER_KNOTS.)
BOUNDED_SURFACE()
GEOMETRIC_REPRESENTATION_ITEM()
RATIONAL_B_SPLINE_SURFACE(((1.,1.),(0.333333333333333,0.333333333333333),(0.333333333333333,0.333333333333333),(1.,1.)))
REPRESENTATION_ITEM('')
SURFACE()
);
#7829=(
B_SPLINE_SURFACE(3,1,((#11256,#11257),(#11258,#11259),(#11260,#11261),(#11262,
#11263)),.CYLINDRICAL_SURF.,.F.,.F.,.F.)
B_SPLINE_SURFACE_WITH_KNOTS((4,4),(2,2),(0.5,1.),(0.0454545454545454,0.954545454545455),.PIECEWISE_BEZIER_KNOTS.)
BOUNDED_SURFACE()
GEOMETRIC_REPRESENTATION_ITEM()
RATIONAL_B_SPLINE_SURFACE(((1.,1.),(0.333333333333333,0.333333333333333),(0.333333333333333,0.333333333333333),(1.,1.)))
REPRESENTATION_ITEM('')
SURFACE()
);
#7830=(
B_SPLINE_SURFACE(3,1,((#11274,#11275),(#11276,#11277),(#11278,#11279),(#11280,
#11281)),.CYLINDRICAL_SURF.,.F.,.F.,.F.)
B_SPLINE_SURFACE_WITH_KNOTS((4,4),(2,2),(0.,0.5),(0.0454545454545454,0.954545454545455),.PIECEWISE_BEZIER_KNOTS.)
BOUNDED_SURFACE()
GEOMETRIC_REPRESENTATION_ITEM()
RATIONAL_B_SPLINE_SURFACE(((1.,1.),(0.333333333333333,0.333333333333333),(0.333333333333333,0.333333333333333),(1.,1.)))
REPRESENTATION_ITEM('')
SURFACE()
);
#7831=(
B_SPLINE_SURFACE(3,1,((#11284,#11285),(#11286,#11287),(#11288,#11289),(#11290,
#11291)),.CYLINDRICAL_SURF.,.F.,.F.,.F.)
B_SPLINE_SURFACE_WITH_KNOTS((4,4),(2,2),(0.,0.5),(0.0454545454545454,0.954545454545455),.PIECEWISE_BEZIER_KNOTS.)
BOUNDED_SURFACE()
GEOMETRIC_REPRESENTATION_ITEM()
RATIONAL_B_SPLINE_SURFACE(((1.,1.),(0.333333333333333,0.333333333333333),(0.333333333333333,0.333333333333333),(1.,1.)))
REPRESENTATION_ITEM('')
SURFACE()
);
#7832=(
B_SPLINE_SURFACE(3,1,((#11294,#11295),(#11296,#11297),(#11298,#11299),(#11300,
#11301)),.CYLINDRICAL_SURF.,.F.,.F.,.F.)
B_SPLINE_SURFACE_WITH_KNOTS((4,4),(2,2),(0.,0.5),(0.0454545454545452,0.954545454545455),.PIECEWISE_BEZIER_KNOTS.)
BOUNDED_SURFACE()
GEOMETRIC_REPRESENTATION_ITEM()
RATIONAL_B_SPLINE_SURFACE(((1.,1.),(0.333333333333333,0.333333333333333),(0.333333333333333,0.333333333333333),(1.,1.)))
REPRESENTATION_ITEM('')
SURFACE()
);
#7833=(
B_SPLINE_SURFACE(3,1,((#11399,#11400),(#11401,#11402),(#11403,#11404),(#11405,
#11406)),.CYLINDRICAL_SURF.,.F.,.F.,.F.)
B_SPLINE_SURFACE_WITH_KNOTS((4,4),(2,2),(0.,0.5),(0.0454545454545455,0.954545454545455),.PIECEWISE_BEZIER_KNOTS.)
BOUNDED_SURFACE()
GEOMETRIC_REPRESENTATION_ITEM()
RATIONAL_B_SPLINE_SURFACE(((1.,1.),(0.333333333333333,0.333333333333333),(0.333333333333333,0.333333333333333),(1.,1.)))
REPRESENTATION_ITEM('')
SURFACE()
);
#7834=(
B_SPLINE_SURFACE(3,1,((#11412,#11413),(#11414,#11415),(#11416,#11417),(#11418,
#11419)),.CYLINDRICAL_SURF.,.F.,.F.,.F.)
B_SPLINE_SURFACE_WITH_KNOTS((4,4),(2,2),(0.,0.5),(0.0454545454545455,0.954545454545455),.PIECEWISE_BEZIER_KNOTS.)
BOUNDED_SURFACE()
GEOMETRIC_REPRESENTATION_ITEM()
RATIONAL_B_SPLINE_SURFACE(((1.,1.),(0.333333333333333,0.333333333333333),(0.333333333333333,0.333333333333333),(1.,1.)))
REPRESENTATION_ITEM('')
SURFACE()
);
#7835=(
B_SPLINE_SURFACE(3,1,((#11425,#11426),(#11427,#11428),(#11429,#11430),(#11431,
#11432)),.CYLINDRICAL_SURF.,.F.,.F.,.F.)
B_SPLINE_SURFACE_WITH_KNOTS((4,4),(2,2),(0.,0.5),(0.0454545454545455,0.954545454545455),.PIECEWISE_BEZIER_KNOTS.)
BOUNDED_SURFACE()
GEOMETRIC_REPRESENTATION_ITEM()
RATIONAL_B_SPLINE_SURFACE(((1.,1.),(0.333333333333333,0.333333333333333),(0.333333333333333,0.333333333333333),(1.,1.)))
REPRESENTATION_ITEM('')
SURFACE()
);
#7836=(
B_SPLINE_SURFACE(3,1,((#11438,#11439),(#11440,#11441),(#11442,#11443),(#11444,
#11445)),.CYLINDRICAL_SURF.,.F.,.F.,.F.)
B_SPLINE_SURFACE_WITH_KNOTS((4,4),(2,2),(0.,1.),(0.,1.),.PIECEWISE_BEZIER_KNOTS.)
BOUNDED_SURFACE()
GEOMETRIC_REPRESENTATION_ITEM()
RATIONAL_B_SPLINE_SURFACE(((1.,1.),(0.708055585234747,0.708055585234747),(0.708055585234747,0.708055585234747),(1.,1.)))
REPRESENTATION_ITEM('')
SURFACE()
);
#7837=(
B_SPLINE_SURFACE(3,1,((#11448,#11449),(#11450,#11451),(#11452,#11453),(#11454,
#11455)),.CYLINDRICAL_SURF.,.F.,.F.,.F.)
B_SPLINE_SURFACE_WITH_KNOTS((4,4),(2,2),(0.,1.),(0.,1.),.PIECEWISE_BEZIER_KNOTS.)
BOUNDED_SURFACE()
GEOMETRIC_REPRESENTATION_ITEM()
RATIONAL_B_SPLINE_SURFACE(((1.,1.),(0.708055585234744,0.708055585234744),(0.708055585234744,0.708055585234744),(1.,1.)))
REPRESENTATION_ITEM('')
SURFACE()
);
#7838=(
B_SPLINE_SURFACE(3,1,((#11458,#11459),(#11460,#11461),(#11462,#11463),(#11464,
#11465)),.CYLINDRICAL_SURF.,.F.,.F.,.F.)
B_SPLINE_SURFACE_WITH_KNOTS((4,4),(2,2),(0.,1.),(0.,1.),.PIECEWISE_BEZIER_KNOTS.)
BOUNDED_SURFACE()
GEOMETRIC_REPRESENTATION_ITEM()
RATIONAL_B_SPLINE_SURFACE(((1.,1.),(0.708055585234741,0.708055585234741),(0.708055585234741,0.708055585234741),(1.,1.)))
REPRESENTATION_ITEM('')
SURFACE()
);
#7839=(
B_SPLINE_SURFACE(3,1,((#11468,#11469),(#11470,#11471),(#11472,#11473),(#11474,
#11475)),.CYLINDRICAL_SURF.,.F.,.F.,.F.)
B_SPLINE_SURFACE_WITH_KNOTS((4,4),(2,2),(0.,1.),(0.,1.),.PIECEWISE_BEZIER_KNOTS.)
BOUNDED_SURFACE()
GEOMETRIC_REPRESENTATION_ITEM()
RATIONAL_B_SPLINE_SURFACE(((1.,1.),(0.708055585234746,0.708055585234746),(0.708055585234746,0.708055585234746),(1.,1.)))
REPRESENTATION_ITEM('')
SURFACE()
);
#7840=(
B_SPLINE_SURFACE(3,3,((#11482,#11483,#11484,#11485),(#11486,#11487,#11488,
#11489),(#11490,#11491,#11492,#11493),(#11494,#11495,#11496,#11497)),.TOROIDAL_SURF.,.F.,.F.,.F.)
B_SPLINE_SURFACE_WITH_KNOTS((4,4),(4,4),(0.,1.),(0.,1.),.PIECEWISE_BEZIER_KNOTS.)
BOUNDED_SURFACE()
GEOMETRIC_REPRESENTATION_ITEM()
RATIONAL_B_SPLINE_SURFACE(((1.,0.708055585234738,0.708055585234738,1.),(0.708055585234747,0.501342711782114,0.501342711782114,0.708055585234747),(0.708055585234747,0.501342711782114,0.501342711782114,0.708055585234747),(1.,0.708055585234738,0.708055585234738,1.)))
REPRESENTATION_ITEM('')
SURFACE()
);
#7841=(
B_SPLINE_SURFACE(3,1,((#11500,#11501),(#11502,#11503),(#11504,#11505),(#11506,
#11507)),.CYLINDRICAL_SURF.,.F.,.F.,.F.)
B_SPLINE_SURFACE_WITH_KNOTS((4,4),(2,2),(0.,1.),(0.,1.),.PIECEWISE_BEZIER_KNOTS.)
BOUNDED_SURFACE()
GEOMETRIC_REPRESENTATION_ITEM()
RATIONAL_B_SPLINE_SURFACE(((1.,1.),(0.708055585234749,0.708055585234749),(0.708055585234749,0.708055585234749),(1.,1.)))
REPRESENTATION_ITEM('')
SURFACE()
);
#7842=(
B_SPLINE_SURFACE(3,1,((#11509,#11510),(#11511,#11512),(#11513,#11514),(#11515,
#11516)),.CYLINDRICAL_SURF.,.F.,.F.,.F.)
B_SPLINE_SURFACE_WITH_KNOTS((4,4),(2,2),(0.,1.),(0.,1.),.PIECEWISE_BEZIER_KNOTS.)
BOUNDED_SURFACE()
GEOMETRIC_REPRESENTATION_ITEM()
RATIONAL_B_SPLINE_SURFACE(((1.,1.),(0.708055585234748,0.708055585234748),(0.708055585234748,0.708055585234748),(1.,1.)))
REPRESENTATION_ITEM('')
SURFACE()
);
#7843=(
B_SPLINE_SURFACE(3,3,((#11518,#11519,#11520,#11521),(#11522,#11523,#11524,
#11525),(#11526,#11527,#11528,#11529),(#11530,#11531,#11532,#11533)),.TOROIDAL_SURF.,.F.,.F.,.F.)
B_SPLINE_SURFACE_WITH_KNOTS((4,4),(4,4),(0.,1.),(0.,1.),.PIECEWISE_BEZIER_KNOTS.)
BOUNDED_SURFACE()
GEOMETRIC_REPRESENTATION_ITEM()
RATIONAL_B_SPLINE_SURFACE(((1.,0.708055585234746,0.708055585234746,1.),(0.708055585234747,0.501342711782119,0.501342711782119,0.708055585234747),(0.708055585234747,0.501342711782119,0.501342711782119,0.708055585234747),(1.,0.708055585234746,0.708055585234746,1.)))
REPRESENTATION_ITEM('')
SURFACE()
);
#7844=(
B_SPLINE_SURFACE(3,3,((#11535,#11536,#11537,#11538),(#11539,#11540,#11541,
#11542),(#11543,#11544,#11545,#11546),(#11547,#11548,#11549,#11550)),.TOROIDAL_SURF.,.F.,.F.,.F.)
B_SPLINE_SURFACE_WITH_KNOTS((4,4),(4,4),(0.,1.),(0.,1.),.PIECEWISE_BEZIER_KNOTS.)
BOUNDED_SURFACE()
GEOMETRIC_REPRESENTATION_ITEM()
RATIONAL_B_SPLINE_SURFACE(((1.,0.708055585234741,0.708055585234741,1.),(0.708055585234746,0.501342711782115,0.501342711782115,0.708055585234746),(0.708055585234746,0.501342711782115,0.501342711782115,0.708055585234746),(1.,0.708055585234741,0.708055585234741,1.)))
REPRESENTATION_ITEM('')
SURFACE()
);
#7845=(
B_SPLINE_SURFACE(3,1,((#11552,#11553),(#11554,#11555),(#11556,#11557),(#11558,
#11559)),.CYLINDRICAL_SURF.,.F.,.F.,.F.)
B_SPLINE_SURFACE_WITH_KNOTS((4,4),(2,2),(0.,1.),(0.,1.),.PIECEWISE_BEZIER_KNOTS.)
BOUNDED_SURFACE()
GEOMETRIC_REPRESENTATION_ITEM()
RATIONAL_B_SPLINE_SURFACE(((1.,1.),(0.70805558523475,0.70805558523475),(0.70805558523475,0.70805558523475),(1.,1.)))
REPRESENTATION_ITEM('')
SURFACE()
);
#7846=(
B_SPLINE_SURFACE(3,1,((#11561,#11562),(#11563,#11564),(#11565,#11566),(#11567,
#11568)),.CYLINDRICAL_SURF.,.F.,.F.,.F.)
B_SPLINE_SURFACE_WITH_KNOTS((4,4),(2,2),(0.,1.),(0.,1.),.PIECEWISE_BEZIER_KNOTS.)
BOUNDED_SURFACE()
GEOMETRIC_REPRESENTATION_ITEM()
RATIONAL_B_SPLINE_SURFACE(((1.,1.),(0.708055585234749,0.708055585234749),(0.708055585234749,0.708055585234749),(1.,1.)))
REPRESENTATION_ITEM('')
SURFACE()
);
#7847=(
B_SPLINE_SURFACE(3,3,((#11570,#11571,#11572,#11573),(#11574,#11575,#11576,
#11577),(#11578,#11579,#11580,#11581),(#11582,#11583,#11584,#11585)),.TOROIDAL_SURF.,.F.,.F.,.F.)
B_SPLINE_SURFACE_WITH_KNOTS((4,4),(4,4),(0.,1.),(0.,1.),.PIECEWISE_BEZIER_KNOTS.)
BOUNDED_SURFACE()
GEOMETRIC_REPRESENTATION_ITEM()
RATIONAL_B_SPLINE_SURFACE(((1.,0.708055585234728,0.708055585234728,1.),(0.708055585234737,0.5013427117821,0.5013427117821,0.708055585234737),(0.708055585234737,
0.5013427117821,0.5013427117821,0.708055585234737),(1.,0.708055585234728,
0.708055585234728,1.)))
REPRESENTATION_ITEM('')
SURFACE()
);
#7848=(
B_SPLINE_SURFACE(3,3,((#11586,#11587,#11588,#11589),(#11590,#11591,#11592,
#11593),(#11594,#11595,#11596,#11597),(#11598,#11599,#11600,#11601)),.TOROIDAL_SURF.,.F.,.F.,.F.)
B_SPLINE_SURFACE_WITH_KNOTS((4,4),(4,4),(0.,1.),(0.,1.),.PIECEWISE_BEZIER_KNOTS.)
BOUNDED_SURFACE()
GEOMETRIC_REPRESENTATION_ITEM()
RATIONAL_B_SPLINE_SURFACE(((1.,0.708055585234746,0.708055585234746,1.),(0.708055585234747,0.501342711782119,0.501342711782119,0.708055585234747),(0.708055585234747,0.501342711782119,0.501342711782119,0.708055585234747),(1.,0.708055585234746,0.708055585234746,1.)))
REPRESENTATION_ITEM('')
SURFACE()
);
#7849=(
B_SPLINE_SURFACE(3,1,((#11604,#11605),(#11606,#11607),(#11608,#11609),(#11610,
#11611)),.CYLINDRICAL_SURF.,.F.,.F.,.F.)
B_SPLINE_SURFACE_WITH_KNOTS((4,4),(2,2),(0.,1.),(0.,1.),.PIECEWISE_BEZIER_KNOTS.)
BOUNDED_SURFACE()
GEOMETRIC_REPRESENTATION_ITEM()
RATIONAL_B_SPLINE_SURFACE(((1.,1.),(0.708055585234738,0.708055585234738),(0.708055585234738,0.708055585234738),(1.,1.)))
REPRESENTATION_ITEM('')
SURFACE()
);
#7850=(
B_SPLINE_SURFACE(3,1,((#11613,#11614),(#11615,#11616),(#11617,#11618),(#11619,
#11620)),.CYLINDRICAL_SURF.,.F.,.F.,.F.)
B_SPLINE_SURFACE_WITH_KNOTS((4,4),(2,2),(0.,1.),(0.,1.),.PIECEWISE_BEZIER_KNOTS.)
BOUNDED_SURFACE()
GEOMETRIC_REPRESENTATION_ITEM()
RATIONAL_B_SPLINE_SURFACE(((1.,1.),(0.708055585234749,0.708055585234749),(0.708055585234749,0.708055585234749),(1.,1.)))
REPRESENTATION_ITEM('')
SURFACE()
);
#7851=(
B_SPLINE_SURFACE(3,3,((#11622,#11623,#11624,#11625),(#11626,#11627,#11628,
#11629),(#11630,#11631,#11632,#11633),(#11634,#11635,#11636,#11637)),.TOROIDAL_SURF.,.F.,.F.,.F.)
B_SPLINE_SURFACE_WITH_KNOTS((4,4),(4,4),(0.,1.),(0.,1.),.PIECEWISE_BEZIER_KNOTS.)
BOUNDED_SURFACE()
GEOMETRIC_REPRESENTATION_ITEM()
RATIONAL_B_SPLINE_SURFACE(((1.,0.708055585234737,0.708055585234737,1.),(0.708055585234747,0.501342711782113,0.501342711782113,0.708055585234747),(0.708055585234747,0.501342711782113,0.501342711782113,0.708055585234747),(1.,0.708055585234737,0.708055585234737,1.)))
REPRESENTATION_ITEM('')
SURFACE()
);
#7852=(
B_SPLINE_SURFACE(3,3,((#11639,#11640,#11641,#11642),(#11643,#11644,#11645,
#11646),(#11647,#11648,#11649,#11650),(#11651,#11652,#11653,#11654)),.TOROIDAL_SURF.,.F.,.F.,.F.)
B_SPLINE_SURFACE_WITH_KNOTS((4,4),(4,4),(0.,1.),(0.,1.),.PIECEWISE_BEZIER_KNOTS.)
BOUNDED_SURFACE()
GEOMETRIC_REPRESENTATION_ITEM()
RATIONAL_B_SPLINE_SURFACE(((1.,0.708055585234728,0.708055585234728,1.),(0.708055585234737,0.501342711782099,0.501342711782099,0.708055585234737),(0.708055585234737,0.501342711782099,0.501342711782099,0.708055585234737),(1.,0.708055585234728,0.708055585234728,1.)))
REPRESENTATION_ITEM('')
SURFACE()
);
#7853=(
B_SPLINE_SURFACE(3,1,((#11656,#11657),(#11658,#11659),(#11660,#11661),(#11662,
#11663)),.CYLINDRICAL_SURF.,.F.,.F.,.F.)
B_SPLINE_SURFACE_WITH_KNOTS((4,4),(2,2),(0.,1.),(0.,1.),.PIECEWISE_BEZIER_KNOTS.)
BOUNDED_SURFACE()
GEOMETRIC_REPRESENTATION_ITEM()
RATIONAL_B_SPLINE_SURFACE(((1.,1.),(0.708055585234747,0.708055585234747),(0.708055585234747,0.708055585234747),(1.,1.)))
REPRESENTATION_ITEM('')
SURFACE()
);
#7854=(
B_SPLINE_SURFACE(3,1,((#11665,#11666),(#11667,#11668),(#11669,#11670),(#11671,
#11672)),.CYLINDRICAL_SURF.,.F.,.F.,.F.)
B_SPLINE_SURFACE_WITH_KNOTS((4,4),(2,2),(0.,1.),(0.,1.),.PIECEWISE_BEZIER_KNOTS.)
BOUNDED_SURFACE()
GEOMETRIC_REPRESENTATION_ITEM()
RATIONAL_B_SPLINE_SURFACE(((1.,1.),(0.708055585234752,0.708055585234752),(0.708055585234752,0.708055585234752),(1.,1.)))
REPRESENTATION_ITEM('')
SURFACE()
);
#7855=(
B_SPLINE_SURFACE(3,3,((#11674,#11675,#11676,#11677),(#11678,#11679,#11680,
#11681),(#11682,#11683,#11684,#11685),(#11686,#11687,#11688,#11689)),.TOROIDAL_SURF.,.F.,.F.,.F.)
B_SPLINE_SURFACE_WITH_KNOTS((4,4),(4,4),(0.,1.),(0.,1.),.PIECEWISE_BEZIER_KNOTS.)
BOUNDED_SURFACE()
GEOMETRIC_REPRESENTATION_ITEM()
RATIONAL_B_SPLINE_SURFACE(((1.,0.708055585234741,0.708055585234741,1.),(0.708055585234746,0.501342711782115,0.501342711782115,0.708055585234746),(0.708055585234746,0.501342711782115,0.501342711782115,0.708055585234746),(1.,0.708055585234741,0.708055585234741,1.)))
REPRESENTATION_ITEM('')
SURFACE()
);
#7856=(
B_SPLINE_SURFACE(3,1,((#11691,#11692),(#11693,#11694),(#11695,#11696),(#11697,
#11698)),.CYLINDRICAL_SURF.,.F.,.F.,.F.)
B_SPLINE_SURFACE_WITH_KNOTS((4,4),(2,2),(0.5,1.),(0.0454545454545455,0.954545454545454),.PIECEWISE_BEZIER_KNOTS.)
BOUNDED_SURFACE()
GEOMETRIC_REPRESENTATION_ITEM()
RATIONAL_B_SPLINE_SURFACE(((1.,1.),(0.333333333333333,0.333333333333333),(0.333333333333333,0.333333333333333),(1.,1.)))
REPRESENTATION_ITEM('')
SURFACE()
);
#7857=(
B_SPLINE_SURFACE(3,1,((#11721,#11722),(#11723,#11724),(#11725,#11726),(#11727,
#11728)),.CYLINDRICAL_SURF.,.F.,.F.,.F.)
B_SPLINE_SURFACE_WITH_KNOTS((4,4),(2,2),(0.,1.),(0.0454545454545454,0.954545454545455),.PIECEWISE_BEZIER_KNOTS.)
BOUNDED_SURFACE()
GEOMETRIC_REPRESENTATION_ITEM()
RATIONAL_B_SPLINE_SURFACE(((1.,1.),(0.333333333333333,0.333333333333333),(0.333333333333333,0.333333333333333),(1.,1.)))
REPRESENTATION_ITEM('')
SURFACE()
);
#7858=(
B_SPLINE_SURFACE(3,1,((#11747,#11748),(#11749,#11750),(#11751,#11752),(#11753,
#11754)),.CYLINDRICAL_SURF.,.F.,.F.,.F.)
B_SPLINE_SURFACE_WITH_KNOTS((4,4),(2,2),(0.,1.),(0.,1.),.PIECEWISE_BEZIER_KNOTS.)
BOUNDED_SURFACE()
GEOMETRIC_REPRESENTATION_ITEM()
RATIONAL_B_SPLINE_SURFACE(((1.,1.),(0.468524863570996,0.468524863570996),(0.468524863570996,0.468524863570996),(1.,1.)))
REPRESENTATION_ITEM('')
SURFACE()
);
#7859=(
B_SPLINE_SURFACE(3,1,((#11787,#11788),(#11789,#11790),(#11791,#11792),(#11793,
#11794)),.CYLINDRICAL_SURF.,.F.,.F.,.F.)
B_SPLINE_SURFACE_WITH_KNOTS((4,4),(2,2),(0.,1.),(0.,1.),.PIECEWISE_BEZIER_KNOTS.)
BOUNDED_SURFACE()
GEOMETRIC_REPRESENTATION_ITEM()
RATIONAL_B_SPLINE_SURFACE(((1.,1.),(0.468524863571022,0.468524863571022),(0.468524863571022,0.468524863571022),(1.,1.)))
REPRESENTATION_ITEM('')
SURFACE()
);
#7860=(
B_SPLINE_SURFACE(3,1,((#11813,#11814),(#11815,#11816),(#11817,#11818),(#11819,
#11820)),.CYLINDRICAL_SURF.,.F.,.F.,.F.)
B_SPLINE_SURFACE_WITH_KNOTS((4,4),(2,2),(0.,1.),(0.0454545454545454,0.954545454545454),.PIECEWISE_BEZIER_KNOTS.)
BOUNDED_SURFACE()
GEOMETRIC_REPRESENTATION_ITEM()
RATIONAL_B_SPLINE_SURFACE(((1.,1.),(0.333333333333333,0.333333333333333),(0.333333333333333,0.333333333333333),(1.,1.)))
REPRESENTATION_ITEM('')
SURFACE()
);
#7861=(
B_SPLINE_SURFACE(3,1,((#11835,#11836),(#11837,#11838),(#11839,#11840),(#11841,
#11842)),.CYLINDRICAL_SURF.,.F.,.F.,.F.)
B_SPLINE_SURFACE_WITH_KNOTS((4,4),(2,2),(0.,1.),(0.,1.),.PIECEWISE_BEZIER_KNOTS.)
BOUNDED_SURFACE()
GEOMETRIC_REPRESENTATION_ITEM()
RATIONAL_B_SPLINE_SURFACE(((1.,1.),(0.708055585234753,0.708055585234753),(0.708055585234753,0.708055585234753),(1.,1.)))
REPRESENTATION_ITEM('')
SURFACE()
);
#7862=(
B_SPLINE_SURFACE(3,1,((#11857,#11858),(#11859,#11860),(#11861,#11862),(#11863,
#11864)),.CYLINDRICAL_SURF.,.F.,.F.,.F.)
B_SPLINE_SURFACE_WITH_KNOTS((4,4),(2,2),(0.,1.),(0.0454545454545455,0.954545454545455),.PIECEWISE_BEZIER_KNOTS.)
BOUNDED_SURFACE()
GEOMETRIC_REPRESENTATION_ITEM()
RATIONAL_B_SPLINE_SURFACE(((1.,1.),(0.333333333333333,0.333333333333333),(0.333333333333333,0.333333333333333),(1.,1.)))
REPRESENTATION_ITEM('')
SURFACE()
);
#7863=(
B_SPLINE_SURFACE(3,1,((#11879,#11880),(#11881,#11882),(#11883,#11884),(#11885,
#11886)),.CYLINDRICAL_SURF.,.F.,.F.,.F.)
B_SPLINE_SURFACE_WITH_KNOTS((4,4),(2,2),(0.,1.),(0.,1.),.PIECEWISE_BEZIER_KNOTS.)
BOUNDED_SURFACE()
GEOMETRIC_REPRESENTATION_ITEM()
RATIONAL_B_SPLINE_SURFACE(((1.,1.),(0.468524863570995,0.468524863570995),(0.468524863570995,0.468524863570995),(1.,1.)))
REPRESENTATION_ITEM('')
SURFACE()
);
#7864=(
B_SPLINE_SURFACE(3,1,((#11919,#11920),(#11921,#11922),(#11923,#11924),(#11925,
#11926)),.CYLINDRICAL_SURF.,.F.,.F.,.F.)
B_SPLINE_SURFACE_WITH_KNOTS((4,4),(2,2),(0.,1.),(0.,1.),.PIECEWISE_BEZIER_KNOTS.)
BOUNDED_SURFACE()
GEOMETRIC_REPRESENTATION_ITEM()
RATIONAL_B_SPLINE_SURFACE(((1.,1.),(0.468524863570994,0.468524863570994),(0.468524863570994,0.468524863570994),(1.,1.)))
REPRESENTATION_ITEM('')
SURFACE()
);
#7865=(
B_SPLINE_SURFACE(3,1,((#11941,#11942),(#11943,#11944),(#11945,#11946),(#11947,
#11948)),.CYLINDRICAL_SURF.,.F.,.F.,.F.)
B_SPLINE_SURFACE_WITH_KNOTS((4,4),(2,2),(0.,1.),(0.0454545454545454,0.954545454545455),.PIECEWISE_BEZIER_KNOTS.)
BOUNDED_SURFACE()
GEOMETRIC_REPRESENTATION_ITEM()
RATIONAL_B_SPLINE_SURFACE(((1.,1.),(0.33333333333333,0.33333333333333),(0.33333333333333,0.33333333333333),(1.,1.)))
REPRESENTATION_ITEM('')
SURFACE()
);
#7866=(
B_SPLINE_SURFACE(3,1,((#11963,#11964),(#11965,#11966),(#11967,#11968),(#11969,
#11970)),.CYLINDRICAL_SURF.,.F.,.F.,.F.)
B_SPLINE_SURFACE_WITH_KNOTS((4,4),(2,2),(0.,1.),(0.,1.),.PIECEWISE_BEZIER_KNOTS.)
BOUNDED_SURFACE()
GEOMETRIC_REPRESENTATION_ITEM()
RATIONAL_B_SPLINE_SURFACE(((1.,1.),(0.708055585234753,0.708055585234753),(0.708055585234753,0.708055585234753),(1.,1.)))
REPRESENTATION_ITEM('')
SURFACE()
);
#7867=(
B_SPLINE_SURFACE(3,1,((#11985,#11986),(#11987,#11988),(#11989,#11990),(#11991,
#11992)),.CYLINDRICAL_SURF.,.F.,.F.,.F.)
B_SPLINE_SURFACE_WITH_KNOTS((4,4),(2,2),(0.,1.),(0.0454545454545455,0.954545454545455),.PIECEWISE_BEZIER_KNOTS.)
BOUNDED_SURFACE()
GEOMETRIC_REPRESENTATION_ITEM()
RATIONAL_B_SPLINE_SURFACE(((1.,1.),(0.333333333333333,0.333333333333333),(0.333333333333333,0.333333333333333),(1.,1.)))
REPRESENTATION_ITEM('')
SURFACE()
);
#7868=(
B_SPLINE_SURFACE(3,1,((#12007,#12008),(#12009,#12010),(#12011,#12012),(#12013,
#12014)),.CYLINDRICAL_SURF.,.F.,.F.,.F.)
B_SPLINE_SURFACE_WITH_KNOTS((4,4),(2,2),(0.,1.),(0.,1.),.PIECEWISE_BEZIER_KNOTS.)
BOUNDED_SURFACE()
GEOMETRIC_REPRESENTATION_ITEM()
RATIONAL_B_SPLINE_SURFACE(((1.,1.),(0.468524863571008,0.468524863571008),(0.468524863571008,0.468524863571008),(1.,1.)))
REPRESENTATION_ITEM('')
SURFACE()
);
#7869=(
B_SPLINE_SURFACE(3,1,((#12051,#12052),(#12053,#12054),(#12055,#12056),(#12057,
#12058)),.CYLINDRICAL_SURF.,.F.,.F.,.F.)
B_SPLINE_SURFACE_WITH_KNOTS((4,4),(2,2),(0.,1.),(0.,1.),.PIECEWISE_BEZIER_KNOTS.)
BOUNDED_SURFACE()
GEOMETRIC_REPRESENTATION_ITEM()
RATIONAL_B_SPLINE_SURFACE(((1.,1.),(0.468524863571022,0.468524863571022),(0.468524863571022,0.468524863571022),(1.,1.)))
REPRESENTATION_ITEM('')
SURFACE()
);
#7870=(
B_SPLINE_SURFACE(3,1,((#12073,#12074),(#12075,#12076),(#12077,#12078),(#12079,
#12080)),.CYLINDRICAL_SURF.,.F.,.F.,.F.)
B_SPLINE_SURFACE_WITH_KNOTS((4,4),(2,2),(0.,1.),(0.0454545454545454,0.954545454545455),.PIECEWISE_BEZIER_KNOTS.)
BOUNDED_SURFACE()
GEOMETRIC_REPRESENTATION_ITEM()
RATIONAL_B_SPLINE_SURFACE(((1.,1.),(0.333333333333333,0.333333333333333),(0.333333333333333,0.333333333333333),(1.,1.)))
REPRESENTATION_ITEM('')
SURFACE()
);
#7871=(
B_SPLINE_SURFACE(3,1,((#12099,#12100),(#12101,#12102),(#12103,#12104),(#12105,
#12106)),.CYLINDRICAL_SURF.,.F.,.F.,.F.)
B_SPLINE_SURFACE_WITH_KNOTS((4,4),(2,2),(0.,1.),(0.,1.),.PIECEWISE_BEZIER_KNOTS.)
BOUNDED_SURFACE()
GEOMETRIC_REPRESENTATION_ITEM()
RATIONAL_B_SPLINE_SURFACE(((1.,1.),(0.708055585234754,0.708055585234754),(0.708055585234754,0.708055585234754),(1.,1.)))
REPRESENTATION_ITEM('')
SURFACE()
);
#7872=(
B_SPLINE_SURFACE(3,1,((#12121,#12122),(#12123,#12124),(#12125,#12126),(#12127,
#12128)),.CYLINDRICAL_SURF.,.F.,.F.,.F.)
B_SPLINE_SURFACE_WITH_KNOTS((4,4),(2,2),(0.,1.),(0.0454545454545454,0.954545454545455),.PIECEWISE_BEZIER_KNOTS.)
BOUNDED_SURFACE()
GEOMETRIC_REPRESENTATION_ITEM()
RATIONAL_B_SPLINE_SURFACE(((1.,1.),(0.333333333333333,0.333333333333333),(0.333333333333333,0.333333333333333),(1.,1.)))
REPRESENTATION_ITEM('')
SURFACE()
);
#7873=(
B_SPLINE_SURFACE(3,1,((#12143,#12144),(#12145,#12146),(#12147,#12148),(#12149,
#12150)),.CYLINDRICAL_SURF.,.F.,.F.,.F.)
B_SPLINE_SURFACE_WITH_KNOTS((4,4),(2,2),(0.,1.),(0.,1.),.PIECEWISE_BEZIER_KNOTS.)
BOUNDED_SURFACE()
GEOMETRIC_REPRESENTATION_ITEM()
RATIONAL_B_SPLINE_SURFACE(((1.,1.),(0.468524863570996,0.468524863570996),(0.468524863570996,0.468524863570996),(1.,1.)))
REPRESENTATION_ITEM('')
SURFACE()
);
#7874=(
B_SPLINE_SURFACE(3,1,((#12183,#12184),(#12185,#12186),(#12187,#12188),(#12189,
#12190)),.CYLINDRICAL_SURF.,.F.,.F.,.F.)
B_SPLINE_SURFACE_WITH_KNOTS((4,4),(2,2),(0.,1.),(0.,1.),.PIECEWISE_BEZIER_KNOTS.)
BOUNDED_SURFACE()
GEOMETRIC_REPRESENTATION_ITEM()
RATIONAL_B_SPLINE_SURFACE(((1.,1.),(0.468524863570996,0.468524863570996),(0.468524863570996,0.468524863570996),(1.,1.)))
REPRESENTATION_ITEM('')
SURFACE()
);
#7875=(
B_SPLINE_SURFACE(3,1,((#12205,#12206),(#12207,#12208),(#12209,#12210),(#12211,
#12212),(#12213,#12214),(#12215,#12216),(#12217,#12218)),.CYLINDRICAL_SURF.,.F.,.F.,.F.)
B_SPLINE_SURFACE_WITH_KNOTS((4,3,4),(2,2),(0.,0.5,1.),(0.,1.),.PIECEWISE_BEZIER_KNOTS.)
BOUNDED_SURFACE()
GEOMETRIC_REPRESENTATION_ITEM()
RATIONAL_B_SPLINE_SURFACE(((1.,1.),(0.758282659832463,0.758282659832463),(0.758282659832463,0.758282659832463),(1.,1.),(0.758282659832463,0.758282659832463),(0.758282659832463,0.758282659832463),(1.,1.)))
REPRESENTATION_ITEM('')
SURFACE()
);
#7876=(
B_SPLINE_SURFACE(3,1,((#12237,#12238),(#12239,#12240),(#12241,#12242),(#12243,
#12244)),.CYLINDRICAL_SURF.,.F.,.F.,.F.)
B_SPLINE_SURFACE_WITH_KNOTS((4,4),(2,2),(0.,1.),(0.,1.),.PIECEWISE_BEZIER_KNOTS.)
BOUNDED_SURFACE()
GEOMETRIC_REPRESENTATION_ITEM()
RATIONAL_B_SPLINE_SURFACE(((1.,1.),(0.708055585234754,0.708055585234754),(0.708055585234754,0.708055585234754),(1.,1.)))
REPRESENTATION_ITEM('')
SURFACE()
);
#7877=(
B_SPLINE_SURFACE(3,1,((#12247,#12248),(#12249,#12250),(#12251,#12252),(#12253,
#12254)),.CYLINDRICAL_SURF.,.F.,.F.,.F.)
B_SPLINE_SURFACE_WITH_KNOTS((4,4),(2,2),(0.,0.5),(0.0454545454545455,0.954545454545454),.PIECEWISE_BEZIER_KNOTS.)
BOUNDED_SURFACE()
GEOMETRIC_REPRESENTATION_ITEM()
RATIONAL_B_SPLINE_SURFACE(((1.,1.),(0.333333333333333,0.333333333333333),(0.333333333333333,0.333333333333333),(1.,1.)))
REPRESENTATION_ITEM('')
SURFACE()
);
#7878=(
B_SPLINE_SURFACE(3,1,((#12266,#12267),(#12268,#12269),(#12270,#12271),(#12272,
#12273)),.CYLINDRICAL_SURF.,.F.,.F.,.F.)
B_SPLINE_SURFACE_WITH_KNOTS((4,4),(2,2),(0.5,1.),(0.0454545454545454,0.954545454545454),.PIECEWISE_BEZIER_KNOTS.)
BOUNDED_SURFACE()
GEOMETRIC_REPRESENTATION_ITEM()
RATIONAL_B_SPLINE_SURFACE(((1.,1.),(0.333333333333333,0.333333333333333),(0.333333333333333,0.333333333333333),(1.,1.)))
REPRESENTATION_ITEM('')
SURFACE()
);
#7879=(
B_SPLINE_SURFACE(3,1,((#12284,#12285),(#12286,#12287),(#12288,#12289),(#12290,
#12291)),.CYLINDRICAL_SURF.,.F.,.F.,.F.)
B_SPLINE_SURFACE_WITH_KNOTS((4,4),(2,2),(0.5,1.),(0.0454545454545455,0.954545454545454),.PIECEWISE_BEZIER_KNOTS.)
BOUNDED_SURFACE()
GEOMETRIC_REPRESENTATION_ITEM()
RATIONAL_B_SPLINE_SURFACE(((1.,1.),(0.333333333333333,0.333333333333333),(0.333333333333333,0.333333333333333),(1.,1.)))
REPRESENTATION_ITEM('')
SURFACE()
);
#7880=(
B_SPLINE_SURFACE(3,1,((#12302,#12303),(#12304,#12305),(#12306,#12307),(#12308,
#12309)),.CYLINDRICAL_SURF.,.F.,.F.,.F.)
B_SPLINE_SURFACE_WITH_KNOTS((4,4),(2,2),(0.5,1.),(0.0454545454545455,0.954545454545454),.PIECEWISE_BEZIER_KNOTS.)
BOUNDED_SURFACE()
GEOMETRIC_REPRESENTATION_ITEM()
RATIONAL_B_SPLINE_SURFACE(((1.,1.),(0.333333333333333,0.333333333333333),(0.333333333333333,0.333333333333333),(1.,1.)))
REPRESENTATION_ITEM('')
SURFACE()
);
#7881=(
B_SPLINE_SURFACE(3,1,((#12350,#12351),(#12352,#12353),(#12354,#12355),(#12356,
#12357)),.CYLINDRICAL_SURF.,.F.,.F.,.F.)
B_SPLINE_SURFACE_WITH_KNOTS((4,4),(2,2),(0.,0.5),(0.0454545454545455,0.954545454545454),.PIECEWISE_BEZIER_KNOTS.)
BOUNDED_SURFACE()
GEOMETRIC_REPRESENTATION_ITEM()
RATIONAL_B_SPLINE_SURFACE(((1.,1.),(0.333333333333333,0.333333333333333),(0.333333333333333,0.333333333333333),(1.,1.)))
REPRESENTATION_ITEM('')
SURFACE()
);
#7882=(
B_SPLINE_SURFACE(3,1,((#12360,#12361),(#12362,#12363),(#12364,#12365),(#12366,
#12367)),.CYLINDRICAL_SURF.,.F.,.F.,.F.)
B_SPLINE_SURFACE_WITH_KNOTS((4,4),(2,2),(0.,0.5),(0.0454545454545455,0.954545454545454),.PIECEWISE_BEZIER_KNOTS.)
BOUNDED_SURFACE()
GEOMETRIC_REPRESENTATION_ITEM()
RATIONAL_B_SPLINE_SURFACE(((1.,1.),(0.333333333333333,0.333333333333333),(0.333333333333333,0.333333333333333),(1.,1.)))
REPRESENTATION_ITEM('')
SURFACE()
);
#7883=(
B_SPLINE_SURFACE(3,1,((#12376,#12377),(#12378,#12379),(#12380,#12381),(#12382,
#12383)),.CYLINDRICAL_SURF.,.F.,.F.,.F.)
B_SPLINE_SURFACE_WITH_KNOTS((4,4),(2,2),(0.,0.5),(0.0454545454545454,0.954545454545454),.PIECEWISE_BEZIER_KNOTS.)
BOUNDED_SURFACE()
GEOMETRIC_REPRESENTATION_ITEM()
RATIONAL_B_SPLINE_SURFACE(((1.,1.),(0.333333333333333,0.333333333333333),(0.333333333333333,0.333333333333333),(1.,1.)))
REPRESENTATION_ITEM('')
SURFACE()
);
#7884=(
B_SPLINE_SURFACE(3,1,((#12395,#12396),(#12397,#12398),(#12399,#12400),(#12401,
#12402)),.CYLINDRICAL_SURF.,.F.,.F.,.F.)
B_SPLINE_SURFACE_WITH_KNOTS((4,4),(2,2),(0.5,1.),(0.0454545454545454,0.954545454545454),.PIECEWISE_BEZIER_KNOTS.)
BOUNDED_SURFACE()
GEOMETRIC_REPRESENTATION_ITEM()
RATIONAL_B_SPLINE_SURFACE(((1.,1.),(0.333333333333333,0.333333333333333),(0.333333333333333,0.333333333333333),(1.,1.)))
REPRESENTATION_ITEM('')
SURFACE()
);
#7885=(
B_SPLINE_SURFACE(3,1,((#12413,#12414),(#12415,#12416),(#12417,#12418),(#12419,
#12420)),.CYLINDRICAL_SURF.,.F.,.F.,.F.)
B_SPLINE_SURFACE_WITH_KNOTS((4,4),(2,2),(0.5,1.),(0.0454545454545454,0.954545454545454),.PIECEWISE_BEZIER_KNOTS.)
BOUNDED_SURFACE()
GEOMETRIC_REPRESENTATION_ITEM()
RATIONAL_B_SPLINE_SURFACE(((1.,1.),(0.333333333333333,0.333333333333333),(0.333333333333333,0.333333333333333),(1.,1.)))
REPRESENTATION_ITEM('')
SURFACE()
);
#7886=(
B_SPLINE_SURFACE(3,1,((#12431,#12432),(#12433,#12434),(#12435,#12436),(#12437,
#12438)),.CYLINDRICAL_SURF.,.F.,.F.,.F.)
B_SPLINE_SURFACE_WITH_KNOTS((4,4),(2,2),(0.5,1.),(0.0454545454545455,0.954545454545454),.PIECEWISE_BEZIER_KNOTS.)
BOUNDED_SURFACE()
GEOMETRIC_REPRESENTATION_ITEM()
RATIONAL_B_SPLINE_SURFACE(((1.,1.),(0.333333333333333,0.333333333333333),(0.333333333333333,0.333333333333333),(1.,1.)))
REPRESENTATION_ITEM('')
SURFACE()
);
#7887=(
B_SPLINE_SURFACE(3,1,((#12479,#12480),(#12481,#12482),(#12483,#12484),(#12485,
#12486)),.CYLINDRICAL_SURF.,.F.,.F.,.F.)
B_SPLINE_SURFACE_WITH_KNOTS((4,4),(2,2),(0.,0.5),(0.0454545454545454,0.954545454545454),.PIECEWISE_BEZIER_KNOTS.)
BOUNDED_SURFACE()
GEOMETRIC_REPRESENTATION_ITEM()
RATIONAL_B_SPLINE_SURFACE(((1.,1.),(0.333333333333333,0.333333333333333),(0.333333333333333,0.333333333333333),(1.,1.)))
REPRESENTATION_ITEM('')
SURFACE()
);
#7888=(
B_SPLINE_SURFACE(3,1,((#12489,#12490),(#12491,#12492),(#12493,#12494),(#12495,
#12496)),.CYLINDRICAL_SURF.,.F.,.F.,.F.)
B_SPLINE_SURFACE_WITH_KNOTS((4,4),(2,2),(0.,0.5),(0.0454545454545455,0.954545454545454),.PIECEWISE_BEZIER_KNOTS.)
BOUNDED_SURFACE()
GEOMETRIC_REPRESENTATION_ITEM()
RATIONAL_B_SPLINE_SURFACE(((1.,1.),(0.333333333333333,0.333333333333333),(0.333333333333333,0.333333333333333),(1.,1.)))
REPRESENTATION_ITEM('')
SURFACE()
);
#7889=(
B_SPLINE_SURFACE(3,1,((#12505,#12506),(#12507,#12508),(#12509,#12510),(#12511,
#12512)),.CYLINDRICAL_SURF.,.F.,.F.,.F.)
B_SPLINE_SURFACE_WITH_KNOTS((4,4),(2,2),(0.,0.5),(0.0454545454545455,0.954545454545454),.PIECEWISE_BEZIER_KNOTS.)
BOUNDED_SURFACE()
GEOMETRIC_REPRESENTATION_ITEM()
RATIONAL_B_SPLINE_SURFACE(((1.,1.),(0.333333333333333,0.333333333333333),(0.333333333333333,0.333333333333333),(1.,1.)))
REPRESENTATION_ITEM('')
SURFACE()
);
#7890=(
B_SPLINE_SURFACE(3,1,((#12524,#12525),(#12526,#12527),(#12528,#12529),(#12530,
#12531)),.CYLINDRICAL_SURF.,.F.,.F.,.F.)
B_SPLINE_SURFACE_WITH_KNOTS((4,4),(2,2),(0.5,1.),(0.0454545454545455,0.954545454545454),.PIECEWISE_BEZIER_KNOTS.)
BOUNDED_SURFACE()
GEOMETRIC_REPRESENTATION_ITEM()
RATIONAL_B_SPLINE_SURFACE(((1.,1.),(0.333333333333333,0.333333333333333),(0.333333333333333,0.333333333333333),(1.,1.)))
REPRESENTATION_ITEM('')
SURFACE()
);
#7891=(
B_SPLINE_SURFACE(3,1,((#12542,#12543),(#12544,#12545),(#12546,#12547),(#12548,
#12549)),.CYLINDRICAL_SURF.,.F.,.F.,.F.)
B_SPLINE_SURFACE_WITH_KNOTS((4,4),(2,2),(0.5,1.),(0.0454545454545455,0.954545454545454),.PIECEWISE_BEZIER_KNOTS.)
BOUNDED_SURFACE()
GEOMETRIC_REPRESENTATION_ITEM()
RATIONAL_B_SPLINE_SURFACE(((1.,1.),(0.333333333333333,0.333333333333333),(0.333333333333333,0.333333333333333),(1.,1.)))
REPRESENTATION_ITEM('')
SURFACE()
);
#7892=(
B_SPLINE_SURFACE(3,1,((#12560,#12561),(#12562,#12563),(#12564,#12565),(#12566,
#12567)),.CYLINDRICAL_SURF.,.F.,.F.,.F.)
B_SPLINE_SURFACE_WITH_KNOTS((4,4),(2,2),(0.5,1.),(0.0454545454545454,0.954545454545454),.PIECEWISE_BEZIER_KNOTS.)
BOUNDED_SURFACE()
GEOMETRIC_REPRESENTATION_ITEM()
RATIONAL_B_SPLINE_SURFACE(((1.,1.),(0.333333333333333,0.333333333333333),(0.333333333333333,0.333333333333333),(1.,1.)))
REPRESENTATION_ITEM('')
SURFACE()
);
#7893=(
B_SPLINE_SURFACE(3,1,((#12608,#12609),(#12610,#12611),(#12612,#12613),(#12614,
#12615)),.CYLINDRICAL_SURF.,.F.,.F.,.F.)
B_SPLINE_SURFACE_WITH_KNOTS((4,4),(2,2),(0.,0.5),(0.0454545454545455,0.954545454545454),.PIECEWISE_BEZIER_KNOTS.)
BOUNDED_SURFACE()
GEOMETRIC_REPRESENTATION_ITEM()
RATIONAL_B_SPLINE_SURFACE(((1.,1.),(0.333333333333333,0.333333333333333),(0.333333333333333,0.333333333333333),(1.,1.)))
REPRESENTATION_ITEM('')
SURFACE()
);
#7894=(
B_SPLINE_SURFACE(3,1,((#12618,#12619),(#12620,#12621),(#12622,#12623),(#12624,
#12625)),.CYLINDRICAL_SURF.,.F.,.F.,.F.)
B_SPLINE_SURFACE_WITH_KNOTS((4,4),(2,2),(0.,0.5),(0.0454545454545454,0.954545454545454),.PIECEWISE_BEZIER_KNOTS.)
BOUNDED_SURFACE()
GEOMETRIC_REPRESENTATION_ITEM()
RATIONAL_B_SPLINE_SURFACE(((1.,1.),(0.333333333333333,0.333333333333333),(0.333333333333333,0.333333333333333),(1.,1.)))
REPRESENTATION_ITEM('')
SURFACE()
);
#7895=(
B_SPLINE_SURFACE(3,1,((#12634,#12635),(#12636,#12637),(#12638,#12639),(#12640,
#12641)),.CYLINDRICAL_SURF.,.F.,.F.,.F.)
B_SPLINE_SURFACE_WITH_KNOTS((4,4),(2,2),(0.,0.5),(0.0454545454545455,0.954545454545454),.PIECEWISE_BEZIER_KNOTS.)
BOUNDED_SURFACE()
GEOMETRIC_REPRESENTATION_ITEM()
RATIONAL_B_SPLINE_SURFACE(((1.,1.),(0.333333333333333,0.333333333333333),(0.333333333333333,0.333333333333333),(1.,1.)))
REPRESENTATION_ITEM('')
SURFACE()
);
#7896=(
B_SPLINE_SURFACE(3,1,((#12653,#12654),(#12655,#12656),(#12657,#12658),(#12659,
#12660)),.CYLINDRICAL_SURF.,.F.,.F.,.F.)
B_SPLINE_SURFACE_WITH_KNOTS((4,4),(2,2),(0.5,1.),(0.0454545454545454,0.954545454545454),.PIECEWISE_BEZIER_KNOTS.)
BOUNDED_SURFACE()
GEOMETRIC_REPRESENTATION_ITEM()
RATIONAL_B_SPLINE_SURFACE(((1.,1.),(0.333333333333333,0.333333333333333),(0.333333333333333,0.333333333333333),(1.,1.)))
REPRESENTATION_ITEM('')
SURFACE()
);
#7897=(
B_SPLINE_SURFACE(3,1,((#12671,#12672),(#12673,#12674),(#12675,#12676),(#12677,
#12678)),.CYLINDRICAL_SURF.,.F.,.F.,.F.)
B_SPLINE_SURFACE_WITH_KNOTS((4,4),(2,2),(0.5,1.),(0.0454545454545455,0.954545454545454),.PIECEWISE_BEZIER_KNOTS.)
BOUNDED_SURFACE()
GEOMETRIC_REPRESENTATION_ITEM()
RATIONAL_B_SPLINE_SURFACE(((1.,1.),(0.333333333333333,0.333333333333333),(0.333333333333333,0.333333333333333),(1.,1.)))
REPRESENTATION_ITEM('')
SURFACE()
);
#7898=(
B_SPLINE_SURFACE(3,1,((#12689,#12690),(#12691,#12692),(#12693,#12694),(#12695,
#12696)),.CYLINDRICAL_SURF.,.F.,.F.,.F.)
B_SPLINE_SURFACE_WITH_KNOTS((4,4),(2,2),(0.5,1.),(0.0454545454545455,0.954545454545454),.PIECEWISE_BEZIER_KNOTS.)
BOUNDED_SURFACE()
GEOMETRIC_REPRESENTATION_ITEM()
RATIONAL_B_SPLINE_SURFACE(((1.,1.),(0.333333333333333,0.333333333333333),(0.333333333333333,0.333333333333333),(1.,1.)))
REPRESENTATION_ITEM('')
SURFACE()
);
#7899=(
B_SPLINE_SURFACE(3,1,((#12737,#12738),(#12739,#12740),(#12741,#12742),(#12743,
#12744)),.CYLINDRICAL_SURF.,.F.,.F.,.F.)
B_SPLINE_SURFACE_WITH_KNOTS((4,4),(2,2),(0.,0.5),(0.0454545454545455,0.954545454545454),.PIECEWISE_BEZIER_KNOTS.)
BOUNDED_SURFACE()
GEOMETRIC_REPRESENTATION_ITEM()
RATIONAL_B_SPLINE_SURFACE(((1.,1.),(0.333333333333333,0.333333333333333),(0.333333333333333,0.333333333333333),(1.,1.)))
REPRESENTATION_ITEM('')
SURFACE()
);
#7900=(
B_SPLINE_SURFACE(3,1,((#12747,#12748),(#12749,#12750),(#12751,#12752),(#12753,
#12754)),.CYLINDRICAL_SURF.,.F.,.F.,.F.)
B_SPLINE_SURFACE_WITH_KNOTS((4,4),(2,2),(0.,0.5),(0.0454545454545454,0.954545454545454),.PIECEWISE_BEZIER_KNOTS.)
BOUNDED_SURFACE()
GEOMETRIC_REPRESENTATION_ITEM()
RATIONAL_B_SPLINE_SURFACE(((1.,1.),(0.333333333333333,0.333333333333333),(0.333333333333333,0.333333333333333),(1.,1.)))
REPRESENTATION_ITEM('')
SURFACE()
);
#7901=(
B_SPLINE_SURFACE(3,1,((#12763,#12764),(#12765,#12766),(#12767,#12768),(#12769,
#12770)),.CYLINDRICAL_SURF.,.F.,.F.,.F.)
B_SPLINE_SURFACE_WITH_KNOTS((4,4),(2,2),(0.,0.5),(0.0454545454545454,0.954545454545454),.PIECEWISE_BEZIER_KNOTS.)
BOUNDED_SURFACE()
GEOMETRIC_REPRESENTATION_ITEM()
RATIONAL_B_SPLINE_SURFACE(((1.,1.),(0.333333333333333,0.333333333333333),(0.333333333333333,0.333333333333333),(1.,1.)))
REPRESENTATION_ITEM('')
SURFACE()
);
#7902=(
B_SPLINE_SURFACE(3,1,((#12782,#12783),(#12784,#12785),(#12786,#12787),(#12788,
#12789)),.CYLINDRICAL_SURF.,.F.,.F.,.F.)
B_SPLINE_SURFACE_WITH_KNOTS((4,4),(2,2),(0.5,1.),(0.0454545454545455,0.954545454545454),.PIECEWISE_BEZIER_KNOTS.)
BOUNDED_SURFACE()
GEOMETRIC_REPRESENTATION_ITEM()
RATIONAL_B_SPLINE_SURFACE(((1.,1.),(0.333333333333333,0.333333333333333),(0.333333333333333,0.333333333333333),(1.,1.)))
REPRESENTATION_ITEM('')
SURFACE()
);
#7903=(
B_SPLINE_SURFACE(3,1,((#12800,#12801),(#12802,#12803),(#12804,#12805),(#12806,
#12807)),.CYLINDRICAL_SURF.,.F.,.F.,.F.)
B_SPLINE_SURFACE_WITH_KNOTS((4,4),(2,2),(0.5,1.),(0.0454545454545455,0.954545454545454),.PIECEWISE_BEZIER_KNOTS.)
BOUNDED_SURFACE()
GEOMETRIC_REPRESENTATION_ITEM()
RATIONAL_B_SPLINE_SURFACE(((1.,1.),(0.333333333333333,0.333333333333333),(0.333333333333333,0.333333333333333),(1.,1.)))
REPRESENTATION_ITEM('')
SURFACE()
);
#7904=(
B_SPLINE_SURFACE(3,1,((#12818,#12819),(#12820,#12821),(#12822,#12823),(#12824,
#12825)),.CYLINDRICAL_SURF.,.F.,.F.,.F.)
B_SPLINE_SURFACE_WITH_KNOTS((4,4),(2,2),(0.5,1.),(0.0454545454545455,0.954545454545454),.PIECEWISE_BEZIER_KNOTS.)
BOUNDED_SURFACE()
GEOMETRIC_REPRESENTATION_ITEM()
RATIONAL_B_SPLINE_SURFACE(((1.,1.),(0.333333333333333,0.333333333333333),(0.333333333333333,0.333333333333333),(1.,1.)))
REPRESENTATION_ITEM('')
SURFACE()
);
#7905=(
B_SPLINE_SURFACE(3,1,((#12866,#12867),(#12868,#12869),(#12870,#12871),(#12872,
#12873)),.CYLINDRICAL_SURF.,.F.,.F.,.F.)
B_SPLINE_SURFACE_WITH_KNOTS((4,4),(2,2),(0.,0.5),(0.0454545454545454,0.954545454545454),.PIECEWISE_BEZIER_KNOTS.)
BOUNDED_SURFACE()
GEOMETRIC_REPRESENTATION_ITEM()
RATIONAL_B_SPLINE_SURFACE(((1.,1.),(0.333333333333333,0.333333333333333),(0.333333333333333,0.333333333333333),(1.,1.)))
REPRESENTATION_ITEM('')
SURFACE()
);
#7906=(
B_SPLINE_SURFACE(3,1,((#12876,#12877),(#12878,#12879),(#12880,#12881),(#12882,
#12883)),.CYLINDRICAL_SURF.,.F.,.F.,.F.)
B_SPLINE_SURFACE_WITH_KNOTS((4,4),(2,2),(0.,0.5),(0.0454545454545455,0.954545454545454),.PIECEWISE_BEZIER_KNOTS.)
BOUNDED_SURFACE()
GEOMETRIC_REPRESENTATION_ITEM()
RATIONAL_B_SPLINE_SURFACE(((1.,1.),(0.333333333333333,0.333333333333333),(0.333333333333333,0.333333333333333),(1.,1.)))
REPRESENTATION_ITEM('')
SURFACE()
);
#7907=(
B_SPLINE_SURFACE(3,1,((#12892,#12893),(#12894,#12895),(#12896,#12897),(#12898,
#12899)),.CYLINDRICAL_SURF.,.F.,.F.,.F.)
B_SPLINE_SURFACE_WITH_KNOTS((4,4),(2,2),(0.,0.5),(0.0454545454545455,0.954545454545454),.PIECEWISE_BEZIER_KNOTS.)
BOUNDED_SURFACE()
GEOMETRIC_REPRESENTATION_ITEM()
RATIONAL_B_SPLINE_SURFACE(((1.,1.),(0.333333333333333,0.333333333333333),(0.333333333333333,0.333333333333333),(1.,1.)))
REPRESENTATION_ITEM('')
SURFACE()
);
#7908=(
B_SPLINE_SURFACE(3,1,((#12911,#12912),(#12913,#12914),(#12915,#12916),(#12917,
#12918)),.CYLINDRICAL_SURF.,.F.,.F.,.F.)
B_SPLINE_SURFACE_WITH_KNOTS((4,4),(2,2),(0.5,1.),(0.0454545454545454,0.954545454545454),.PIECEWISE_BEZIER_KNOTS.)
BOUNDED_SURFACE()
GEOMETRIC_REPRESENTATION_ITEM()
RATIONAL_B_SPLINE_SURFACE(((1.,1.),(0.333333333333333,0.333333333333333),(0.333333333333333,0.333333333333333),(1.,1.)))
REPRESENTATION_ITEM('')
SURFACE()
);
#7909=(
B_SPLINE_SURFACE(3,1,((#12929,#12930),(#12931,#12932),(#12933,#12934),(#12935,
#12936)),.CYLINDRICAL_SURF.,.F.,.F.,.F.)
B_SPLINE_SURFACE_WITH_KNOTS((4,4),(2,2),(0.5,1.),(0.0454545454545453,0.954545454545454),.PIECEWISE_BEZIER_KNOTS.)
BOUNDED_SURFACE()
GEOMETRIC_REPRESENTATION_ITEM()
RATIONAL_B_SPLINE_SURFACE(((1.,1.),(0.333333333333333,0.333333333333333),(0.333333333333333,0.333333333333333),(1.,1.)))
REPRESENTATION_ITEM('')
SURFACE()
);
#7910=(
B_SPLINE_SURFACE(3,1,((#12947,#12948),(#12949,#12950),(#12951,#12952),(#12953,
#12954)),.CYLINDRICAL_SURF.,.F.,.F.,.F.)
B_SPLINE_SURFACE_WITH_KNOTS((4,4),(2,2),(0.5,1.),(0.0454545454545455,0.954545454545454),.PIECEWISE_BEZIER_KNOTS.)
BOUNDED_SURFACE()
GEOMETRIC_REPRESENTATION_ITEM()
RATIONAL_B_SPLINE_SURFACE(((1.,1.),(0.333333333333333,0.333333333333333),(0.333333333333333,0.333333333333333),(1.,1.)))
REPRESENTATION_ITEM('')
SURFACE()
);
#7911=(
B_SPLINE_SURFACE(3,1,((#12995,#12996),(#12997,#12998),(#12999,#13000),(#13001,
#13002)),.CYLINDRICAL_SURF.,.F.,.F.,.F.)
B_SPLINE_SURFACE_WITH_KNOTS((4,4),(2,2),(0.,0.5),(0.0454545454545454,0.954545454545454),.PIECEWISE_BEZIER_KNOTS.)
BOUNDED_SURFACE()
GEOMETRIC_REPRESENTATION_ITEM()
RATIONAL_B_SPLINE_SURFACE(((1.,1.),(0.333333333333333,0.333333333333333),(0.333333333333333,0.333333333333333),(1.,1.)))
REPRESENTATION_ITEM('')
SURFACE()
);
#7912=(
B_SPLINE_SURFACE(3,1,((#13005,#13006),(#13007,#13008),(#13009,#13010),(#13011,
#13012)),.CYLINDRICAL_SURF.,.F.,.F.,.F.)
B_SPLINE_SURFACE_WITH_KNOTS((4,4),(2,2),(0.,0.5),(0.0454545454545454,0.954545454545454),.PIECEWISE_BEZIER_KNOTS.)
BOUNDED_SURFACE()
GEOMETRIC_REPRESENTATION_ITEM()
RATIONAL_B_SPLINE_SURFACE(((1.,1.),(0.333333333333333,0.333333333333333),(0.333333333333333,0.333333333333333),(1.,1.)))
REPRESENTATION_ITEM('')
SURFACE()
);
#7913=(
B_SPLINE_SURFACE(3,1,((#13021,#13022),(#13023,#13024),(#13025,#13026),(#13027,
#13028)),.CYLINDRICAL_SURF.,.F.,.F.,.F.)
B_SPLINE_SURFACE_WITH_KNOTS((4,4),(2,2),(0.,0.5),(0.0454545454545455,0.954545454545454),.PIECEWISE_BEZIER_KNOTS.)
BOUNDED_SURFACE()
GEOMETRIC_REPRESENTATION_ITEM()
RATIONAL_B_SPLINE_SURFACE(((1.,1.),(0.333333333333333,0.333333333333333),(0.333333333333333,0.333333333333333),(1.,1.)))
REPRESENTATION_ITEM('')
SURFACE()
);
#7914=(
B_SPLINE_SURFACE(3,1,((#13040,#13041),(#13042,#13043),(#13044,#13045),(#13046,
#13047)),.CYLINDRICAL_SURF.,.F.,.F.,.F.)
B_SPLINE_SURFACE_WITH_KNOTS((4,4),(2,2),(0.5,1.),(0.0454545454545454,0.954545454545455),.PIECEWISE_BEZIER_KNOTS.)
BOUNDED_SURFACE()
GEOMETRIC_REPRESENTATION_ITEM()
RATIONAL_B_SPLINE_SURFACE(((1.,1.),(0.333333333333333,0.333333333333333),(0.333333333333333,0.333333333333333),(1.,1.)))
REPRESENTATION_ITEM('')
SURFACE()
);
#7915=(
B_SPLINE_SURFACE(3,1,((#13058,#13059),(#13060,#13061),(#13062,#13063),(#13064,
#13065)),.CYLINDRICAL_SURF.,.F.,.F.,.F.)
B_SPLINE_SURFACE_WITH_KNOTS((4,4),(2,2),(0.,0.432535804355854),(0.0454545454545453,0.954545454545455),.PIECEWISE_BEZIER_KNOTS.)
BOUNDED_SURFACE()
GEOMETRIC_REPRESENTATION_ITEM()
RATIONAL_B_SPLINE_SURFACE(((1.,1.),(0.423285594192195,0.423285594192195),(0.345470447183764,0.345470447183764),(0.766554558974708,0.766554558974708)))
REPRESENTATION_ITEM('')
SURFACE()
);
#7916=(
B_SPLINE_SURFACE(3,1,((#13075,#13076),(#13077,#13078),(#13079,#13080),(#13081,
#13082)),.CYLINDRICAL_SURF.,.F.,.F.,.F.)
B_SPLINE_SURFACE_WITH_KNOTS((4,4),(2,2),(0.,0.43253580435585),(0.0454545454545455,0.954545454545455),.PIECEWISE_BEZIER_KNOTS.)
BOUNDED_SURFACE()
GEOMETRIC_REPRESENTATION_ITEM()
RATIONAL_B_SPLINE_SURFACE(((1.,1.),(0.4232855941922,0.4232855941922),(0.345470447183766,
0.345470447183766),(0.766554558974698,0.766554558974698)))
REPRESENTATION_ITEM('')
SURFACE()
);
#7917=(
B_SPLINE_SURFACE(3,1,((#13092,#13093),(#13094,#13095),(#13096,#13097),(#13098,
#13099)),.CYLINDRICAL_SURF.,.F.,.F.,.F.)
B_SPLINE_SURFACE_WITH_KNOTS((4,4),(2,2),(0.5,1.),(0.0454545454545455,0.954545454545455),.PIECEWISE_BEZIER_KNOTS.)
BOUNDED_SURFACE()
GEOMETRIC_REPRESENTATION_ITEM()
RATIONAL_B_SPLINE_SURFACE(((1.,1.),(0.333333333333333,0.333333333333333),(0.333333333333333,0.333333333333333),(1.,1.)))
REPRESENTATION_ITEM('')
SURFACE()
);
#7918=(
B_SPLINE_SURFACE(3,1,((#13110,#13111),(#13112,#13113),(#13114,#13115),(#13116,
#13117)),.CYLINDRICAL_SURF.,.F.,.F.,.F.)
B_SPLINE_SURFACE_WITH_KNOTS((4,4),(2,2),(0.5,1.),(0.0454545454545455,0.954545454545455),.PIECEWISE_BEZIER_KNOTS.)
BOUNDED_SURFACE()
GEOMETRIC_REPRESENTATION_ITEM()
RATIONAL_B_SPLINE_SURFACE(((1.,1.),(0.333333333333333,0.333333333333333),(0.333333333333333,0.333333333333333),(1.,1.)))
REPRESENTATION_ITEM('')
SURFACE()
);
#7919=(
B_SPLINE_SURFACE(3,1,((#13128,#13129),(#13130,#13131),(#13132,#13133),(#13134,
#13135)),.CYLINDRICAL_SURF.,.F.,.F.,.F.)
B_SPLINE_SURFACE_WITH_KNOTS((4,4),(2,2),(0.5,1.),(0.0454545454545454,0.954545454545455),.PIECEWISE_BEZIER_KNOTS.)
BOUNDED_SURFACE()
GEOMETRIC_REPRESENTATION_ITEM()
RATIONAL_B_SPLINE_SURFACE(((1.,1.),(0.333333333333333,0.333333333333333),(0.333333333333333,0.333333333333333),(1.,1.)))
REPRESENTATION_ITEM('')
SURFACE()
);
#7920=(
B_SPLINE_SURFACE(3,1,((#13146,#13147),(#13148,#13149),(#13150,#13151),(#13152,
#13153)),.CYLINDRICAL_SURF.,.F.,.F.,.F.)
B_SPLINE_SURFACE_WITH_KNOTS((4,4),(2,2),(0.5,1.),(0.0454545454545453,0.954545454545454),.PIECEWISE_BEZIER_KNOTS.)
BOUNDED_SURFACE()
GEOMETRIC_REPRESENTATION_ITEM()
RATIONAL_B_SPLINE_SURFACE(((1.,1.),(0.333333333333333,0.333333333333333),(0.333333333333333,0.333333333333333),(1.,1.)))
REPRESENTATION_ITEM('')
SURFACE()
);
#7921=(
B_SPLINE_SURFACE(3,1,((#13164,#13165),(#13166,#13167),(#13168,#13169),(#13170,
#13171)),.CYLINDRICAL_SURF.,.F.,.F.,.F.)
B_SPLINE_SURFACE_WITH_KNOTS((4,4),(2,2),(0.5,1.),(0.0454545454545454,0.954545454545454),.PIECEWISE_BEZIER_KNOTS.)
BOUNDED_SURFACE()
GEOMETRIC_REPRESENTATION_ITEM()
RATIONAL_B_SPLINE_SURFACE(((1.,1.),(0.333333333333333,0.333333333333333),(0.333333333333333,0.333333333333333),(1.,1.)))
REPRESENTATION_ITEM('')
SURFACE()
);
#7922=(
B_SPLINE_SURFACE(3,1,((#13182,#13183),(#13184,#13185),(#13186,#13187),(#13188,
#13189)),.CYLINDRICAL_SURF.,.F.,.F.,.F.)
B_SPLINE_SURFACE_WITH_KNOTS((4,4),(2,2),(0.5,1.),(0.0454545454545453,0.954545454545454),.PIECEWISE_BEZIER_KNOTS.)
BOUNDED_SURFACE()
GEOMETRIC_REPRESENTATION_ITEM()
RATIONAL_B_SPLINE_SURFACE(((1.,1.),(0.333333333333333,0.333333333333333),(0.333333333333333,0.333333333333333),(1.,1.)))
REPRESENTATION_ITEM('')
SURFACE()
);
#7923=(
B_SPLINE_SURFACE(3,1,((#13200,#13201),(#13202,#13203),(#13204,#13205),(#13206,
#13207)),.CYLINDRICAL_SURF.,.F.,.F.,.F.)
B_SPLINE_SURFACE_WITH_KNOTS((4,4),(2,2),(0.5,1.),(0.0454545454545453,0.954545454545455),.PIECEWISE_BEZIER_KNOTS.)
BOUNDED_SURFACE()
GEOMETRIC_REPRESENTATION_ITEM()
RATIONAL_B_SPLINE_SURFACE(((1.,1.),(0.333333333333333,0.333333333333333),(0.333333333333333,0.333333333333333),(1.,1.)))
REPRESENTATION_ITEM('')
SURFACE()
);
#7924=(
B_SPLINE_SURFACE(3,1,((#13532,#13533),(#13534,#13535),(#13536,#13537),(#13538,
#13539)),.CYLINDRICAL_SURF.,.F.,.F.,.F.)
B_SPLINE_SURFACE_WITH_KNOTS((4,4),(2,2),(0.,1.),(0.,1.),.PIECEWISE_BEZIER_KNOTS.)
BOUNDED_SURFACE()
GEOMETRIC_REPRESENTATION_ITEM()
RATIONAL_B_SPLINE_SURFACE(((1.,1.),(0.987620700506245,0.987620700506245),(0.987620700506245,0.987620700506245),(1.,1.)))
REPRESENTATION_ITEM('')
SURFACE()
);
#7925=(
B_SPLINE_SURFACE(3,1,((#13556,#13557),(#13558,#13559),(#13560,#13561),(#13562,
#13563)),.CYLINDRICAL_SURF.,.F.,.F.,.F.)
B_SPLINE_SURFACE_WITH_KNOTS((4,4),(2,2),(0.,1.),(0.,1.),.PIECEWISE_BEZIER_KNOTS.)
BOUNDED_SURFACE()
GEOMETRIC_REPRESENTATION_ITEM()
RATIONAL_B_SPLINE_SURFACE(((1.,1.),(0.98767637102374,0.98767637102374),(0.98767637102374,0.98767637102374),(1.,1.)))
REPRESENTATION_ITEM('')
SURFACE()
);
#7926=(
B_SPLINE_SURFACE(3,1,((#13584,#13585),(#13586,#13587),(#13588,#13589),(#13590,
#13591)),.CYLINDRICAL_SURF.,.F.,.F.,.F.)
B_SPLINE_SURFACE_WITH_KNOTS((4,4),(2,2),(0.,0.5),(0.0454545454545455,0.954545454545455),.PIECEWISE_BEZIER_KNOTS.)
BOUNDED_SURFACE()
GEOMETRIC_REPRESENTATION_ITEM()
RATIONAL_B_SPLINE_SURFACE(((1.,1.),(0.333333333333333,0.333333333333333),(0.333333333333333,0.333333333333333),(1.,1.)))
REPRESENTATION_ITEM('')
SURFACE()
);
#7927=(
B_SPLINE_SURFACE(3,1,((#13593,#13594),(#13595,#13596),(#13597,#13598),(#13599,
#13600)),.CYLINDRICAL_SURF.,.F.,.F.,.F.)
B_SPLINE_SURFACE_WITH_KNOTS((4,4),(2,2),(0.,0.5),(0.0454545454545453,0.954545454545455),.PIECEWISE_BEZIER_KNOTS.)
BOUNDED_SURFACE()
GEOMETRIC_REPRESENTATION_ITEM()
RATIONAL_B_SPLINE_SURFACE(((1.,1.),(0.333333333333333,0.333333333333333),(0.333333333333333,0.333333333333333),(1.,1.)))
REPRESENTATION_ITEM('')
SURFACE()
);
#7928=(
B_SPLINE_SURFACE(3,1,((#13602,#13603),(#13604,#13605),(#13606,#13607),(#13608,
#13609)),.CYLINDRICAL_SURF.,.F.,.F.,.F.)
B_SPLINE_SURFACE_WITH_KNOTS((4,4),(2,2),(0.,0.5),(0.0454545454545455,0.954545454545455),.PIECEWISE_BEZIER_KNOTS.)
BOUNDED_SURFACE()
GEOMETRIC_REPRESENTATION_ITEM()
RATIONAL_B_SPLINE_SURFACE(((1.,1.),(0.333333333333333,0.333333333333333),(0.333333333333333,0.333333333333333),(1.,1.)))
REPRESENTATION_ITEM('')
SURFACE()
);
#7929=(
B_SPLINE_SURFACE(3,1,((#13611,#13612),(#13613,#13614),(#13615,#13616),(#13617,
#13618)),.CYLINDRICAL_SURF.,.F.,.F.,.F.)
B_SPLINE_SURFACE_WITH_KNOTS((4,4),(2,2),(0.,0.5),(0.0454545454545454,0.954545454545455),.PIECEWISE_BEZIER_KNOTS.)
BOUNDED_SURFACE()
GEOMETRIC_REPRESENTATION_ITEM()
RATIONAL_B_SPLINE_SURFACE(((1.,1.),(0.333333333333333,0.333333333333333),(0.333333333333333,0.333333333333333),(1.,1.)))
REPRESENTATION_ITEM('')
SURFACE()
);
#7930=(
B_SPLINE_SURFACE(3,1,((#13620,#13621),(#13622,#13623),(#13624,#13625),(#13626,
#13627)),.CYLINDRICAL_SURF.,.F.,.F.,.F.)
B_SPLINE_SURFACE_WITH_KNOTS((4,4),(2,2),(0.,0.5),(0.0454545454545455,0.954545454545455),.PIECEWISE_BEZIER_KNOTS.)
BOUNDED_SURFACE()
GEOMETRIC_REPRESENTATION_ITEM()
RATIONAL_B_SPLINE_SURFACE(((1.,1.),(0.333333333333333,0.333333333333333),(0.333333333333333,0.333333333333333),(1.,1.)))
REPRESENTATION_ITEM('')
SURFACE()
);
#7931=(
B_SPLINE_SURFACE(3,1,((#13629,#13630),(#13631,#13632),(#13633,#13634),(#13635,
#13636)),.CYLINDRICAL_SURF.,.F.,.F.,.F.)
B_SPLINE_SURFACE_WITH_KNOTS((4,4),(2,2),(0.,0.5),(0.0454545454545455,0.954545454545455),.PIECEWISE_BEZIER_KNOTS.)
BOUNDED_SURFACE()
GEOMETRIC_REPRESENTATION_ITEM()
RATIONAL_B_SPLINE_SURFACE(((1.,1.),(0.333333333333333,0.333333333333333),(0.333333333333333,0.333333333333333),(1.,1.)))
REPRESENTATION_ITEM('')
SURFACE()
);
#7932=(
B_SPLINE_SURFACE(3,1,((#13769,#13770),(#13771,#13772),(#13773,#13774),(#13775,
#13776),(#13777,#13778),(#13779,#13780),(#13781,#13782)),.CYLINDRICAL_SURF.,.F.,.F.,.F.)
B_SPLINE_SURFACE_WITH_KNOTS((4,3,4),(2,2),(0.,0.5,1.),(0.0454545454545455,0.954545454545454),.PIECEWISE_BEZIER_KNOTS.)
BOUNDED_SURFACE()
GEOMETRIC_REPRESENTATION_ITEM()
RATIONAL_B_SPLINE_SURFACE(((1.,1.),(0.799251608297982,0.799251608297983),(0.799251608297982,0.799251608297983),(1.,1.),(0.799251608297982,0.799251608297983),(0.799251608297982,0.799251608297983),(1.,1.)))
REPRESENTATION_ITEM('')
SURFACE()
);
#7933=(
B_SPLINE_SURFACE(3,1,((#13795,#13796),(#13797,#13798),(#13799,#13800),(#13801,
#13802),(#13803,#13804),(#13805,#13806),(#13807,#13808)),.CYLINDRICAL_SURF.,.F.,.F.,.F.)
B_SPLINE_SURFACE_WITH_KNOTS((4,3,4),(2,2),(0.,0.5,1.),(0.0454545454545455,0.954545454545455),.PIECEWISE_BEZIER_KNOTS.)
BOUNDED_SURFACE()
GEOMETRIC_REPRESENTATION_ITEM()
RATIONAL_B_SPLINE_SURFACE(((1.,1.),(0.797541308251204,0.797541308251204),(0.797541308251204,0.797541308251204),(1.,1.),(0.797541308251204,0.797541308251204),(0.797541308251204,0.797541308251204),(1.,1.)))
REPRESENTATION_ITEM('')
SURFACE()
);
#7934=(
B_SPLINE_SURFACE(3,1,((#13816,#13817),(#13818,#13819),(#13820,#13821),(#13822,
#13823),(#13824,#13825),(#13826,#13827),(#13828,#13829)),.CYLINDRICAL_SURF.,.F.,.F.,.F.)
B_SPLINE_SURFACE_WITH_KNOTS((4,3,4),(2,2),(0.,0.5,1.),(0.0454545454545455,0.954545454545454),.PIECEWISE_BEZIER_KNOTS.)
BOUNDED_SURFACE()
GEOMETRIC_REPRESENTATION_ITEM()
RATIONAL_B_SPLINE_SURFACE(((1.,1.),(0.799251608298002,0.799251608298002),(0.799251608298002,0.799251608298002),(1.,1.),(0.799251608298002,0.799251608298002),(0.799251608298002,0.799251608298002),(1.,1.)))
REPRESENTATION_ITEM('')
SURFACE()
);
#7935=(
B_SPLINE_SURFACE(3,1,((#13844,#13845),(#13846,#13847),(#13848,#13849),(#13850,
#13851),(#13852,#13853),(#13854,#13855),(#13856,#13857)),.CYLINDRICAL_SURF.,.F.,.F.,.F.)
B_SPLINE_SURFACE_WITH_KNOTS((4,3,4),(2,2),(0.,0.5,1.),(0.0454545454545455,0.954545454545455),.PIECEWISE_BEZIER_KNOTS.)
BOUNDED_SURFACE()
GEOMETRIC_REPRESENTATION_ITEM()
RATIONAL_B_SPLINE_SURFACE(((1.,1.),(0.797541308251179,0.797541308251179),(0.797541308251179,0.797541308251179),(1.,1.),(0.797541308251178,0.797541308251178),(0.797541308251178,0.797541308251178),(1.,1.)))
REPRESENTATION_ITEM('')
SURFACE()
);
#7936=(
B_SPLINE_SURFACE(3,1,((#13872,#13873),(#13874,#13875),(#13876,#13877),(#13878,
#13879)),.CYLINDRICAL_SURF.,.F.,.F.,.F.)
B_SPLINE_SURFACE_WITH_KNOTS((4,4),(2,2),(0.,0.5),(0.0454545454545454,0.954545454545455),.PIECEWISE_BEZIER_KNOTS.)
BOUNDED_SURFACE()
GEOMETRIC_REPRESENTATION_ITEM()
RATIONAL_B_SPLINE_SURFACE(((1.,1.),(0.333333333333333,0.333333333333333),(0.333333333333333,0.333333333333333),(1.,1.)))
REPRESENTATION_ITEM('')
SURFACE()
);
#7937=(
B_SPLINE_SURFACE(3,1,((#13885,#13886),(#13887,#13888),(#13889,#13890),(#13891,
#13892),(#13893,#13894),(#13895,#13896),(#13897,#13898)),.CYLINDRICAL_SURF.,.T.,.F.,.F.)
B_SPLINE_SURFACE_WITH_KNOTS((4,3,4),(2,2),(0.,0.5,1.),(0.,1.),.PIECEWISE_BEZIER_KNOTS.)
BOUNDED_SURFACE()
GEOMETRIC_REPRESENTATION_ITEM()
RATIONAL_B_SPLINE_SURFACE(((1.,1.),(0.333333333333333,0.333333333333333),(0.333333333333333,0.333333333333333),(1.,1.),(0.333333333333333,0.333333333333333),(0.333333333333333,0.333333333333333),(1.,1.)))
REPRESENTATION_ITEM('')
SURFACE()
);
#7938=(
B_SPLINE_SURFACE(3,1,((#13902,#13903),(#13904,#13905),(#13906,#13907),(#13908,
#13909)),.CYLINDRICAL_SURF.,.F.,.F.,.F.)
B_SPLINE_SURFACE_WITH_KNOTS((4,4),(2,2),(0.567464195644151,1.),(0.0454545454545455,0.954545454545455),.PIECEWISE_BEZIER_KNOTS.)
BOUNDED_SURFACE()
GEOMETRIC_REPRESENTATION_ITEM()
RATIONAL_B_SPLINE_SURFACE(((0.766554558974693,0.766554558974693),(0.345470447183766,
0.345470447183766),(0.423285594192202,0.423285594192202),(1.,1.)))
REPRESENTATION_ITEM('')
SURFACE()
);
#7939=(
B_SPLINE_SURFACE(3,1,((#13915,#13916),(#13917,#13918),(#13919,#13920),(#13921,
#13922),(#13923,#13924),(#13925,#13926),(#13927,#13928)),.CYLINDRICAL_SURF.,.T.,.F.,.F.)
B_SPLINE_SURFACE_WITH_KNOTS((4,3,4),(2,2),(0.,0.5,1.),(0.,1.),.PIECEWISE_BEZIER_KNOTS.)
BOUNDED_SURFACE()
GEOMETRIC_REPRESENTATION_ITEM()
RATIONAL_B_SPLINE_SURFACE(((1.,1.),(0.333333333333333,0.333333333333333),(0.333333333333333,0.333333333333333),(1.,1.),(0.333333333333333,0.333333333333333),(0.333333333333333,0.333333333333333),(1.,1.)))
REPRESENTATION_ITEM('')
SURFACE()
);
#7940=(
B_SPLINE_SURFACE(3,1,((#13932,#13933),(#13934,#13935),(#13936,#13937),(#13938,
#13939)),.CYLINDRICAL_SURF.,.F.,.F.,.F.)
B_SPLINE_SURFACE_WITH_KNOTS((4,4),(2,2),(0.567464195644154,1.),(0.0454545454545455,0.954545454545455),.PIECEWISE_BEZIER_KNOTS.)
BOUNDED_SURFACE()
GEOMETRIC_REPRESENTATION_ITEM()
RATIONAL_B_SPLINE_SURFACE(((0.766554558974687,0.766554558974687),(0.345470447183767,
0.345470447183767),(0.423285594192205,0.423285594192205),(1.,1.)))
REPRESENTATION_ITEM('')
SURFACE()
);
#7941=(
B_SPLINE_SURFACE(3,1,((#13945,#13946),(#13947,#13948),(#13949,#13950),(#13951,
#13952)),.CYLINDRICAL_SURF.,.F.,.F.,.F.)
B_SPLINE_SURFACE_WITH_KNOTS((4,4),(2,2),(0.,0.5),(0.0454545454545455,0.954545454545454),.PIECEWISE_BEZIER_KNOTS.)
BOUNDED_SURFACE()
GEOMETRIC_REPRESENTATION_ITEM()
RATIONAL_B_SPLINE_SURFACE(((1.,1.),(0.333333333333333,0.333333333333333),(0.333333333333333,0.333333333333333),(1.,1.)))
REPRESENTATION_ITEM('')
SURFACE()
);
#7942=(
B_SPLINE_SURFACE(3,1,((#13959,#13960),(#13961,#13962),(#13963,#13964),(#13965,
#13966)),.CYLINDRICAL_SURF.,.F.,.F.,.F.)
B_SPLINE_SURFACE_WITH_KNOTS((4,4),(2,2),(0.5,1.),(0.0454545454545454,0.954545454545454),.PIECEWISE_BEZIER_KNOTS.)
BOUNDED_SURFACE()
GEOMETRIC_REPRESENTATION_ITEM()
RATIONAL_B_SPLINE_SURFACE(((1.,1.),(0.333333333333333,0.333333333333333),(0.333333333333333,0.333333333333333),(1.,1.)))
REPRESENTATION_ITEM('')
SURFACE()
);
#7943=(
B_SPLINE_SURFACE(3,1,((#13989,#13990),(#13991,#13992),(#13993,#13994),(#13995,
#13996)),.CYLINDRICAL_SURF.,.F.,.F.,.F.)
B_SPLINE_SURFACE_WITH_KNOTS((4,4),(2,2),(0.,1.),(0.0454545454545455,0.954545454545455),.PIECEWISE_BEZIER_KNOTS.)
BOUNDED_SURFACE()
GEOMETRIC_REPRESENTATION_ITEM()
RATIONAL_B_SPLINE_SURFACE(((1.,1.),(0.333333333333333,0.333333333333333),(0.333333333333333,0.333333333333333),(1.,1.)))
REPRESENTATION_ITEM('')
SURFACE()
);
#7944=(
B_SPLINE_SURFACE(3,1,((#14015,#14016),(#14017,#14018),(#14019,#14020),(#14021,
#14022)),.CYLINDRICAL_SURF.,.F.,.F.,.F.)
B_SPLINE_SURFACE_WITH_KNOTS((4,4),(2,2),(0.,1.),(0.,1.),.PIECEWISE_BEZIER_KNOTS.)
BOUNDED_SURFACE()
GEOMETRIC_REPRESENTATION_ITEM()
RATIONAL_B_SPLINE_SURFACE(((1.,1.),(0.468524863571009,0.468524863571009),(0.468524863571009,0.468524863571009),(1.,1.)))
REPRESENTATION_ITEM('')
SURFACE()
);
#7945=(
B_SPLINE_SURFACE(3,1,((#14055,#14056),(#14057,#14058),(#14059,#14060),(#14061,
#14062)),.CYLINDRICAL_SURF.,.F.,.F.,.F.)
B_SPLINE_SURFACE_WITH_KNOTS((4,4),(2,2),(0.,1.),(0.,1.),.PIECEWISE_BEZIER_KNOTS.)
BOUNDED_SURFACE()
GEOMETRIC_REPRESENTATION_ITEM()
RATIONAL_B_SPLINE_SURFACE(((1.,1.),(0.46852486357101,0.46852486357101),(0.46852486357101,0.46852486357101),(1.,1.)))
REPRESENTATION_ITEM('')
SURFACE()
);
#7946=(
B_SPLINE_SURFACE(3,1,((#14081,#14082),(#14083,#14084),(#14085,#14086),(#14087,
#14088)),.CYLINDRICAL_SURF.,.F.,.F.,.F.)
B_SPLINE_SURFACE_WITH_KNOTS((4,4),(2,2),(0.,1.),(0.0454545454545455,0.954545454545455),.PIECEWISE_BEZIER_KNOTS.)
BOUNDED_SURFACE()
GEOMETRIC_REPRESENTATION_ITEM()
RATIONAL_B_SPLINE_SURFACE(((1.,1.),(0.333333333333318,0.333333333333318),(0.333333333333318,0.333333333333318),(1.,1.)))
REPRESENTATION_ITEM('')
SURFACE()
);
#7947=(
B_SPLINE_SURFACE(3,1,((#14103,#14104),(#14105,#14106),(#14107,#14108),(#14109,
#14110)),.CYLINDRICAL_SURF.,.F.,.F.,.F.)
B_SPLINE_SURFACE_WITH_KNOTS((4,4),(2,2),(0.,1.),(0.,1.),.PIECEWISE_BEZIER_KNOTS.)
BOUNDED_SURFACE()
GEOMETRIC_REPRESENTATION_ITEM()
RATIONAL_B_SPLINE_SURFACE(((1.,1.),(0.708055585234754,0.708055585234754),(0.708055585234754,0.708055585234754),(1.,1.)))
REPRESENTATION_ITEM('')
SURFACE()
);
#7948=(
B_SPLINE_SURFACE(3,1,((#14125,#14126),(#14127,#14128),(#14129,#14130),(#14131,
#14132)),.CYLINDRICAL_SURF.,.F.,.F.,.F.)
B_SPLINE_SURFACE_WITH_KNOTS((4,4),(2,2),(0.,1.),(0.0454545454545455,0.954545454545454),.PIECEWISE_BEZIER_KNOTS.)
BOUNDED_SURFACE()
GEOMETRIC_REPRESENTATION_ITEM()
RATIONAL_B_SPLINE_SURFACE(((1.,1.),(0.333333333333333,0.333333333333333),(0.333333333333333,0.333333333333333),(1.,1.)))
REPRESENTATION_ITEM('')
SURFACE()
);
#7949=(
B_SPLINE_SURFACE(3,1,((#14147,#14148),(#14149,#14150),(#14151,#14152),(#14153,
#14154)),.CYLINDRICAL_SURF.,.F.,.F.,.F.)
B_SPLINE_SURFACE_WITH_KNOTS((4,4),(2,2),(0.,1.),(0.,1.),.PIECEWISE_BEZIER_KNOTS.)
BOUNDED_SURFACE()
GEOMETRIC_REPRESENTATION_ITEM()
RATIONAL_B_SPLINE_SURFACE(((1.,1.),(0.468524863571021,0.468524863571021),(0.468524863571021,0.468524863571021),(1.,1.)))
REPRESENTATION_ITEM('')
SURFACE()
);
#7950=(
B_SPLINE_SURFACE(3,1,((#14187,#14188),(#14189,#14190),(#14191,#14192),(#14193,
#14194)),.CYLINDRICAL_SURF.,.F.,.F.,.F.)
B_SPLINE_SURFACE_WITH_KNOTS((4,4),(2,2),(0.,1.),(0.,1.),.PIECEWISE_BEZIER_KNOTS.)
BOUNDED_SURFACE()
GEOMETRIC_REPRESENTATION_ITEM()
RATIONAL_B_SPLINE_SURFACE(((1.,1.),(0.468524863570996,0.468524863570996),(0.468524863570996,0.468524863570996),(1.,1.)))
REPRESENTATION_ITEM('')
SURFACE()
);
#7951=(
B_SPLINE_SURFACE(3,1,((#14209,#14210),(#14211,#14212),(#14213,#14214),(#14215,
#14216)),.CYLINDRICAL_SURF.,.F.,.F.,.F.)
B_SPLINE_SURFACE_WITH_KNOTS((4,4),(2,2),(0.,1.),(0.0454545454545454,0.954545454545454),.PIECEWISE_BEZIER_KNOTS.)
BOUNDED_SURFACE()
GEOMETRIC_REPRESENTATION_ITEM()
RATIONAL_B_SPLINE_SURFACE(((1.,1.),(0.333333333333308,0.333333333333308),(0.333333333333308,0.333333333333308),(1.,1.)))
REPRESENTATION_ITEM('')
SURFACE()
);
#7952=(
B_SPLINE_SURFACE(3,1,((#14231,#14232),(#14233,#14234),(#14235,#14236),(#14237,
#14238)),.CYLINDRICAL_SURF.,.F.,.F.,.F.)
B_SPLINE_SURFACE_WITH_KNOTS((4,4),(2,2),(0.,1.),(0.,1.),.PIECEWISE_BEZIER_KNOTS.)
BOUNDED_SURFACE()
GEOMETRIC_REPRESENTATION_ITEM()
RATIONAL_B_SPLINE_SURFACE(((1.,1.),(0.708055585234753,0.708055585234753),(0.708055585234753,0.708055585234753),(1.,1.)))
REPRESENTATION_ITEM('')
SURFACE()
);
#7953=(
B_SPLINE_SURFACE(3,1,((#14253,#14254),(#14255,#14256),(#14257,#14258),(#14259,
#14260)),.CYLINDRICAL_SURF.,.F.,.F.,.F.)
B_SPLINE_SURFACE_WITH_KNOTS((4,4),(2,2),(0.,1.),(0.0454545454545454,0.954545454545455),.PIECEWISE_BEZIER_KNOTS.)
BOUNDED_SURFACE()
GEOMETRIC_REPRESENTATION_ITEM()
RATIONAL_B_SPLINE_SURFACE(((1.,1.),(0.333333333333333,0.333333333333333),(0.333333333333333,0.333333333333333),(1.,1.)))
REPRESENTATION_ITEM('')
SURFACE()
);
#7954=(
B_SPLINE_SURFACE(3,1,((#14275,#14276),(#14277,#14278),(#14279,#14280),(#14281,
#14282)),.CYLINDRICAL_SURF.,.F.,.F.,.F.)
B_SPLINE_SURFACE_WITH_KNOTS((4,4),(2,2),(0.,1.),(0.,1.),.PIECEWISE_BEZIER_KNOTS.)
BOUNDED_SURFACE()
GEOMETRIC_REPRESENTATION_ITEM()
RATIONAL_B_SPLINE_SURFACE(((1.,1.),(0.468524863571021,0.468524863571021),(0.468524863571021,0.468524863571021),(1.,1.)))
REPRESENTATION_ITEM('')
SURFACE()
);
#7955=(
B_SPLINE_SURFACE(3,1,((#14319,#14320),(#14321,#14322),(#14323,#14324),(#14325,
#14326)),.CYLINDRICAL_SURF.,.F.,.F.,.F.)
B_SPLINE_SURFACE_WITH_KNOTS((4,4),(2,2),(0.,1.),(0.,1.),.PIECEWISE_BEZIER_KNOTS.)
BOUNDED_SURFACE()
GEOMETRIC_REPRESENTATION_ITEM()
RATIONAL_B_SPLINE_SURFACE(((1.,1.),(0.468524863571022,0.468524863571022),(0.468524863571022,0.468524863571022),(1.,1.)))
REPRESENTATION_ITEM('')
SURFACE()
);
#7956=(
B_SPLINE_SURFACE(3,1,((#14341,#14342),(#14343,#14344),(#14345,#14346),(#14347,
#14348)),.CYLINDRICAL_SURF.,.F.,.F.,.F.)
B_SPLINE_SURFACE_WITH_KNOTS((4,4),(2,2),(0.,1.),(0.0454545454545454,0.954545454545455),.PIECEWISE_BEZIER_KNOTS.)
BOUNDED_SURFACE()
GEOMETRIC_REPRESENTATION_ITEM()
RATIONAL_B_SPLINE_SURFACE(((1.,1.),(0.333333333333306,0.333333333333306),(0.333333333333306,0.333333333333306),(1.,1.)))
REPRESENTATION_ITEM('')
SURFACE()
);
#7957=(
B_SPLINE_SURFACE(3,1,((#14367,#14368),(#14369,#14370),(#14371,#14372),(#14373,
#14374)),.CYLINDRICAL_SURF.,.F.,.F.,.F.)
B_SPLINE_SURFACE_WITH_KNOTS((4,4),(2,2),(0.,1.),(0.,1.),.PIECEWISE_BEZIER_KNOTS.)
BOUNDED_SURFACE()
GEOMETRIC_REPRESENTATION_ITEM()
RATIONAL_B_SPLINE_SURFACE(((1.,1.),(0.708055585234754,0.708055585234754),(0.708055585234754,0.708055585234754),(1.,1.)))
REPRESENTATION_ITEM('')
SURFACE()
);
#7958=(
B_SPLINE_SURFACE(3,1,((#14389,#14390),(#14391,#14392),(#14393,#14394),(#14395,
#14396)),.CYLINDRICAL_SURF.,.F.,.F.,.F.)
B_SPLINE_SURFACE_WITH_KNOTS((4,4),(2,2),(0.,1.),(0.0454545454545455,0.954545454545455),.PIECEWISE_BEZIER_KNOTS.)
BOUNDED_SURFACE()
GEOMETRIC_REPRESENTATION_ITEM()
RATIONAL_B_SPLINE_SURFACE(((1.,1.),(0.333333333333333,0.333333333333333),(0.333333333333333,0.333333333333333),(1.,1.)))
REPRESENTATION_ITEM('')
SURFACE()
);
#7959=(
B_SPLINE_SURFACE(3,1,((#14411,#14412),(#14413,#14414),(#14415,#14416),(#14417,
#14418)),.CYLINDRICAL_SURF.,.F.,.F.,.F.)
B_SPLINE_SURFACE_WITH_KNOTS((4,4),(2,2),(0.,1.),(0.,1.),.PIECEWISE_BEZIER_KNOTS.)
BOUNDED_SURFACE()
GEOMETRIC_REPRESENTATION_ITEM()
RATIONAL_B_SPLINE_SURFACE(((1.,1.),(0.468524863570996,0.468524863570996),(0.468524863570996,0.468524863570996),(1.,1.)))
REPRESENTATION_ITEM('')
SURFACE()
);
#7960=(
B_SPLINE_SURFACE(3,1,((#14451,#14452),(#14453,#14454),(#14455,#14456),(#14457,
#14458)),.CYLINDRICAL_SURF.,.F.,.F.,.F.)
B_SPLINE_SURFACE_WITH_KNOTS((4,4),(2,2),(0.,1.),(0.,1.),.PIECEWISE_BEZIER_KNOTS.)
BOUNDED_SURFACE()
GEOMETRIC_REPRESENTATION_ITEM()
RATIONAL_B_SPLINE_SURFACE(((1.,1.),(0.468524863571008,0.468524863571008),(0.468524863571008,0.468524863571008),(1.,1.)))
REPRESENTATION_ITEM('')
SURFACE()
);
#7961=(
B_SPLINE_SURFACE(3,1,((#14473,#14474),(#14475,#14476),(#14477,#14478),(#14479,
#14480),(#14481,#14482),(#14483,#14484),(#14485,#14486)),.CYLINDRICAL_SURF.,.F.,.F.,.F.)
B_SPLINE_SURFACE_WITH_KNOTS((4,3,4),(2,2),(0.,0.5,1.),(0.,1.),.PIECEWISE_BEZIER_KNOTS.)
BOUNDED_SURFACE()
GEOMETRIC_REPRESENTATION_ITEM()
RATIONAL_B_SPLINE_SURFACE(((1.,1.),(0.758282659832459,0.758282659832459),(0.758282659832459,0.758282659832459),(1.,1.),(0.758282659832459,0.758282659832459),(0.758282659832459,0.758282659832459),(1.,1.)))
REPRESENTATION_ITEM('')
SURFACE()
);
#7962=(
B_SPLINE_SURFACE(3,1,((#14505,#14506),(#14507,#14508),(#14509,#14510),(#14511,
#14512)),.CYLINDRICAL_SURF.,.F.,.F.,.F.)
B_SPLINE_SURFACE_WITH_KNOTS((4,4),(2,2),(0.,1.),(0.,1.),.PIECEWISE_BEZIER_KNOTS.)
BOUNDED_SURFACE()
GEOMETRIC_REPRESENTATION_ITEM()
RATIONAL_B_SPLINE_SURFACE(((1.,1.),(0.708055585234754,0.708055585234754),(0.708055585234754,0.708055585234754),(1.,1.)))
REPRESENTATION_ITEM('')
SURFACE()
);
#7963=(
B_SPLINE_SURFACE(3,1,((#14515,#14516),(#14517,#14518),(#14519,#14520),(#14521,
#14522)),.CYLINDRICAL_SURF.,.F.,.F.,.F.)
B_SPLINE_SURFACE_WITH_KNOTS((4,4),(2,2),(0.,0.5),(0.0454545454545455,0.954545454545454),.PIECEWISE_BEZIER_KNOTS.)
BOUNDED_SURFACE()
GEOMETRIC_REPRESENTATION_ITEM()
RATIONAL_B_SPLINE_SURFACE(((1.,1.),(0.333333333333333,0.333333333333333),(0.333333333333333,0.333333333333333),(1.,1.)))
REPRESENTATION_ITEM('')
SURFACE()
);
#7964=(
B_SPLINE_SURFACE(3,1,((#14534,#14535),(#14536,#14537),(#14538,#14539),(#14540,
#14541)),.CYLINDRICAL_SURF.,.F.,.F.,.F.)
B_SPLINE_SURFACE_WITH_KNOTS((4,4),(2,2),(0.5,1.),(0.0454545454545455,0.954545454545454),.PIECEWISE_BEZIER_KNOTS.)
BOUNDED_SURFACE()
GEOMETRIC_REPRESENTATION_ITEM()
RATIONAL_B_SPLINE_SURFACE(((1.,1.),(0.333333333333333,0.333333333333333),(0.333333333333333,0.333333333333333),(1.,1.)))
REPRESENTATION_ITEM('')
SURFACE()
);
#7965=(
B_SPLINE_SURFACE(3,1,((#14552,#14553),(#14554,#14555),(#14556,#14557),(#14558,
#14559)),.CYLINDRICAL_SURF.,.F.,.F.,.F.)
B_SPLINE_SURFACE_WITH_KNOTS((4,4),(2,2),(0.,0.432535804355856),(0.0454545454545455,0.954545454545455),.PIECEWISE_BEZIER_KNOTS.)
BOUNDED_SURFACE()
GEOMETRIC_REPRESENTATION_ITEM()
RATIONAL_B_SPLINE_SURFACE(((1.,1.),(0.423285594192193,0.423285594192193),(0.345470447183764,0.345470447183764),(0.766554558974714,0.766554558974714)))
REPRESENTATION_ITEM('')
SURFACE()
);
#7966=(
B_SPLINE_SURFACE(3,1,((#14569,#14570),(#14571,#14572),(#14573,#14574),(#14575,
#14576)),.CYLINDRICAL_SURF.,.F.,.F.,.F.)
B_SPLINE_SURFACE_WITH_KNOTS((4,4),(2,2),(0.,0.43253580435585),(0.0454545454545455,0.954545454545454),.PIECEWISE_BEZIER_KNOTS.)
BOUNDED_SURFACE()
GEOMETRIC_REPRESENTATION_ITEM()
RATIONAL_B_SPLINE_SURFACE(((1.,1.),(0.423285594192199,0.423285594192199),(0.345470447183766,0.345470447183766),(0.766554558974698,0.766554558974698)))
REPRESENTATION_ITEM('')
SURFACE()
);
#7967=(
B_SPLINE_SURFACE(3,1,((#14586,#14587),(#14588,#14589),(#14590,#14591),(#14592,
#14593)),.CYLINDRICAL_SURF.,.F.,.F.,.F.)
B_SPLINE_SURFACE_WITH_KNOTS((4,4),(2,2),(0.5,1.),(0.0454545454545455,0.954545454545455),.PIECEWISE_BEZIER_KNOTS.)
BOUNDED_SURFACE()
GEOMETRIC_REPRESENTATION_ITEM()
RATIONAL_B_SPLINE_SURFACE(((1.,1.),(0.333333333333333,0.333333333333333),(0.333333333333333,0.333333333333333),(1.,1.)))
REPRESENTATION_ITEM('')
SURFACE()
);
#7968=(
B_SPLINE_SURFACE(3,1,((#14604,#14605),(#14606,#14607),(#14608,#14609),(#14610,
#14611)),.CYLINDRICAL_SURF.,.F.,.F.,.F.)
B_SPLINE_SURFACE_WITH_KNOTS((4,4),(2,2),(0.5,1.),(0.0454545454545455,0.954545454545455),.PIECEWISE_BEZIER_KNOTS.)
BOUNDED_SURFACE()
GEOMETRIC_REPRESENTATION_ITEM()
RATIONAL_B_SPLINE_SURFACE(((1.,1.),(0.333333333333333,0.333333333333333),(0.333333333333333,0.333333333333333),(1.,1.)))
REPRESENTATION_ITEM('')
SURFACE()
);
#7969=(
B_SPLINE_SURFACE(3,1,((#14622,#14623),(#14624,#14625),(#14626,#14627),(#14628,
#14629)),.CYLINDRICAL_SURF.,.F.,.F.,.F.)
B_SPLINE_SURFACE_WITH_KNOTS((4,4),(2,2),(0.5,1.),(0.0454545454545455,0.954545454545454),.PIECEWISE_BEZIER_KNOTS.)
BOUNDED_SURFACE()
GEOMETRIC_REPRESENTATION_ITEM()
RATIONAL_B_SPLINE_SURFACE(((1.,1.),(0.333333333333333,0.333333333333333),(0.333333333333333,0.333333333333333),(1.,1.)))
REPRESENTATION_ITEM('')
SURFACE()
);
#7970=(
B_SPLINE_SURFACE(3,1,((#14640,#14641),(#14642,#14643),(#14644,#14645),(#14646,
#14647)),.CYLINDRICAL_SURF.,.F.,.F.,.F.)
B_SPLINE_SURFACE_WITH_KNOTS((4,4),(2,2),(0.5,1.),(0.0454545454545455,0.954545454545455),.PIECEWISE_BEZIER_KNOTS.)
BOUNDED_SURFACE()
GEOMETRIC_REPRESENTATION_ITEM()
RATIONAL_B_SPLINE_SURFACE(((1.,1.),(0.333333333333333,0.333333333333333),(0.333333333333333,0.333333333333333),(1.,1.)))
REPRESENTATION_ITEM('')
SURFACE()
);
#7971=(
B_SPLINE_SURFACE(3,1,((#14658,#14659),(#14660,#14661),(#14662,#14663),(#14664,
#14665)),.CYLINDRICAL_SURF.,.F.,.F.,.F.)
B_SPLINE_SURFACE_WITH_KNOTS((4,4),(2,2),(0.5,1.),(0.0454545454545455,0.954545454545455),.PIECEWISE_BEZIER_KNOTS.)
BOUNDED_SURFACE()
GEOMETRIC_REPRESENTATION_ITEM()
RATIONAL_B_SPLINE_SURFACE(((1.,1.),(0.333333333333333,0.333333333333333),(0.333333333333333,0.333333333333333),(1.,1.)))
REPRESENTATION_ITEM('')
SURFACE()
);
#7972=(
B_SPLINE_SURFACE(3,1,((#14676,#14677),(#14678,#14679),(#14680,#14681),(#14682,
#14683)),.CYLINDRICAL_SURF.,.F.,.F.,.F.)
B_SPLINE_SURFACE_WITH_KNOTS((4,4),(2,2),(0.5,1.),(0.0454545454545451,0.954545454545455),.PIECEWISE_BEZIER_KNOTS.)
BOUNDED_SURFACE()
GEOMETRIC_REPRESENTATION_ITEM()
RATIONAL_B_SPLINE_SURFACE(((1.,1.),(0.333333333333333,0.333333333333333),(0.333333333333333,0.333333333333333),(1.,1.)))
REPRESENTATION_ITEM('')
SURFACE()
);
#7973=(
B_SPLINE_SURFACE(3,1,((#14694,#14695),(#14696,#14697),(#14698,#14699),(#14700,
#14701)),.CYLINDRICAL_SURF.,.F.,.F.,.F.)
B_SPLINE_SURFACE_WITH_KNOTS((4,4),(2,2),(0.5,1.),(0.0454545454545455,0.954545454545454),.PIECEWISE_BEZIER_KNOTS.)
BOUNDED_SURFACE()
GEOMETRIC_REPRESENTATION_ITEM()
RATIONAL_B_SPLINE_SURFACE(((1.,1.),(0.333333333333333,0.333333333333333),(0.333333333333333,0.333333333333333),(1.,1.)))
REPRESENTATION_ITEM('')
SURFACE()
);
#7974=(
B_SPLINE_SURFACE(3,1,((#14874,#14875),(#14876,#14877),(#14878,#14879),(#14880,
#14881)),.CYLINDRICAL_SURF.,.F.,.F.,.F.)
B_SPLINE_SURFACE_WITH_KNOTS((4,4),(2,2),(0.,1.),(0.,1.),.PIECEWISE_BEZIER_KNOTS.)
BOUNDED_SURFACE()
GEOMETRIC_REPRESENTATION_ITEM()
RATIONAL_B_SPLINE_SURFACE(((1.,1.),(0.987676371023746,0.987676371023746),(0.987676371023746,0.987676371023746),(1.,1.)))
REPRESENTATION_ITEM('')
SURFACE()
);
#7975=(
B_SPLINE_SURFACE(3,1,((#15047,#15048),(#15049,#15050),(#15051,#15052),(#15053,
#15054)),.CYLINDRICAL_SURF.,.F.,.F.,.F.)
B_SPLINE_SURFACE_WITH_KNOTS((4,4),(2,2),(0.,1.),(0.,1.),.PIECEWISE_BEZIER_KNOTS.)
BOUNDED_SURFACE()
GEOMETRIC_REPRESENTATION_ITEM()
RATIONAL_B_SPLINE_SURFACE(((1.,1.),(0.98767637102374,0.98767637102374),(0.98767637102374,0.98767637102374),(1.,1.)))
REPRESENTATION_ITEM('')
SURFACE()
);
#7976=(
B_SPLINE_SURFACE(3,1,((#15077,#15078),(#15079,#15080),(#15081,#15082),(#15083,
#15084)),.CYLINDRICAL_SURF.,.F.,.F.,.F.)
B_SPLINE_SURFACE_WITH_KNOTS((4,4),(2,2),(0.,1.),(0.,1.),.PIECEWISE_BEZIER_KNOTS.)
BOUNDED_SURFACE()
GEOMETRIC_REPRESENTATION_ITEM()
RATIONAL_B_SPLINE_SURFACE(((1.,1.),(0.987676371023746,0.987676371023746),(0.987676371023746,0.987676371023746),(1.,1.)))
REPRESENTATION_ITEM('')
SURFACE()
);
#7977=(
B_SPLINE_SURFACE(3,1,((#15087,#15088),(#15089,#15090),(#15091,#15092),(#15093,
#15094)),.CYLINDRICAL_SURF.,.F.,.F.,.F.)
B_SPLINE_SURFACE_WITH_KNOTS((4,4),(2,2),(0.,0.5),(0.0454545454545453,0.954545454545454),.PIECEWISE_BEZIER_KNOTS.)
BOUNDED_SURFACE()
GEOMETRIC_REPRESENTATION_ITEM()
RATIONAL_B_SPLINE_SURFACE(((1.,1.),(0.333333333333333,0.333333333333333),(0.333333333333333,0.333333333333333),(1.,1.)))
REPRESENTATION_ITEM('')
SURFACE()
);
#7978=(
B_SPLINE_SURFACE(3,1,((#15096,#15097),(#15098,#15099),(#15100,#15101),(#15102,
#15103)),.CYLINDRICAL_SURF.,.F.,.F.,.F.)
B_SPLINE_SURFACE_WITH_KNOTS((4,4),(2,2),(0.,0.5),(0.0454545454545454,0.954545454545454),.PIECEWISE_BEZIER_KNOTS.)
BOUNDED_SURFACE()
GEOMETRIC_REPRESENTATION_ITEM()
RATIONAL_B_SPLINE_SURFACE(((1.,1.),(0.333333333333333,0.333333333333333),(0.333333333333333,0.333333333333333),(1.,1.)))
REPRESENTATION_ITEM('')
SURFACE()
);
#7979=(
B_SPLINE_SURFACE(3,1,((#15105,#15106),(#15107,#15108),(#15109,#15110),(#15111,
#15112)),.CYLINDRICAL_SURF.,.F.,.F.,.F.)
B_SPLINE_SURFACE_WITH_KNOTS((4,4),(2,2),(0.,0.5),(0.0454545454545452,0.954545454545454),.PIECEWISE_BEZIER_KNOTS.)
BOUNDED_SURFACE()
GEOMETRIC_REPRESENTATION_ITEM()
RATIONAL_B_SPLINE_SURFACE(((1.,1.),(0.333333333333333,0.333333333333333),(0.333333333333333,0.333333333333333),(1.,1.)))
REPRESENTATION_ITEM('')
SURFACE()
);
#7980=(
B_SPLINE_SURFACE(3,1,((#15114,#15115),(#15116,#15117),(#15118,#15119),(#15120,
#15121)),.CYLINDRICAL_SURF.,.F.,.F.,.F.)
B_SPLINE_SURFACE_WITH_KNOTS((4,4),(2,2),(0.,0.5),(0.0454545454545455,0.954545454545455),.PIECEWISE_BEZIER_KNOTS.)
BOUNDED_SURFACE()
GEOMETRIC_REPRESENTATION_ITEM()
RATIONAL_B_SPLINE_SURFACE(((1.,1.),(0.333333333333333,0.333333333333333),(0.333333333333333,0.333333333333333),(1.,1.)))
REPRESENTATION_ITEM('')
SURFACE()
);
#7981=(
B_SPLINE_SURFACE(3,1,((#15123,#15124),(#15125,#15126),(#15127,#15128),(#15129,
#15130)),.CYLINDRICAL_SURF.,.F.,.F.,.F.)
B_SPLINE_SURFACE_WITH_KNOTS((4,4),(2,2),(0.,0.5),(0.0454545454545454,0.954545454545454),.PIECEWISE_BEZIER_KNOTS.)
BOUNDED_SURFACE()
GEOMETRIC_REPRESENTATION_ITEM()
RATIONAL_B_SPLINE_SURFACE(((1.,1.),(0.333333333333333,0.333333333333333),(0.333333333333333,0.333333333333333),(1.,1.)))
REPRESENTATION_ITEM('')
SURFACE()
);
#7982=(
B_SPLINE_SURFACE(3,1,((#15167,#15168),(#15169,#15170),(#15171,#15172),(#15173,
#15174)),.CYLINDRICAL_SURF.,.F.,.F.,.F.)
B_SPLINE_SURFACE_WITH_KNOTS((4,4),(2,2),(0.,0.5),(0.0454545454545453,0.954545454545454),.PIECEWISE_BEZIER_KNOTS.)
BOUNDED_SURFACE()
GEOMETRIC_REPRESENTATION_ITEM()
RATIONAL_B_SPLINE_SURFACE(((1.,1.),(0.333333333333333,0.333333333333333),(0.333333333333333,0.333333333333333),(1.,1.)))
REPRESENTATION_ITEM('')
SURFACE()
);
#7983=(
B_SPLINE_SURFACE(3,1,((#15364,#15365),(#15366,#15367),(#15368,#15369),(#15370,
#15371),(#15372,#15373),(#15374,#15375),(#15376,#15377)),.CYLINDRICAL_SURF.,.F.,.F.,.F.)
B_SPLINE_SURFACE_WITH_KNOTS((4,3,4),(2,2),(0.,0.5,1.),(0.0454545454545455,0.954545454545455),.PIECEWISE_BEZIER_KNOTS.)
BOUNDED_SURFACE()
GEOMETRIC_REPRESENTATION_ITEM()
RATIONAL_B_SPLINE_SURFACE(((1.,1.),(0.797541308251148,0.797541308251148),(0.797541308251148,0.797541308251148),(1.,1.),(0.797541308251148,0.797541308251148),(0.797541308251148,0.797541308251148),(1.,1.)))
REPRESENTATION_ITEM('')
SURFACE()
);
#7984=(
B_SPLINE_SURFACE(3,1,((#15390,#15391),(#15392,#15393),(#15394,#15395),(#15396,
#15397),(#15398,#15399),(#15400,#15401),(#15402,#15403)),.CYLINDRICAL_SURF.,.F.,.F.,.F.)
B_SPLINE_SURFACE_WITH_KNOTS((4,3,4),(2,2),(0.,0.5,1.),(0.0454545454545455,0.954545454545455),.PIECEWISE_BEZIER_KNOTS.)
BOUNDED_SURFACE()
GEOMETRIC_REPRESENTATION_ITEM()
RATIONAL_B_SPLINE_SURFACE(((1.,1.),(0.799251608297981,0.799251608297981),(0.799251608297981,0.799251608297981),(1.,1.),(0.799251608297981,0.799251608297981),(0.799251608297981,0.799251608297981),(1.,1.)))
REPRESENTATION_ITEM('')
SURFACE()
);
#7985=(
B_SPLINE_SURFACE(3,1,((#15418,#15419),(#15420,#15421),(#15422,#15423),(#15424,
#15425),(#15426,#15427),(#15428,#15429),(#15430,#15431)),.CYLINDRICAL_SURF.,.F.,.F.,.F.)
B_SPLINE_SURFACE_WITH_KNOTS((4,3,4),(2,2),(0.,0.5,1.),(0.0454545454545455,0.954545454545455),.PIECEWISE_BEZIER_KNOTS.)
BOUNDED_SURFACE()
GEOMETRIC_REPRESENTATION_ITEM()
RATIONAL_B_SPLINE_SURFACE(((1.,1.),(0.799251608298001,0.799251608298001),(0.799251608298001,0.799251608298001),(1.,1.),(0.799251608298001,0.799251608298001),(0.799251608298001,0.799251608298001),(1.,1.)))
REPRESENTATION_ITEM('')
SURFACE()
);
#7986=(
B_SPLINE_SURFACE(3,1,((#15442,#15443),(#15444,#15445),(#15446,#15447),(#15448,
#15449),(#15450,#15451),(#15452,#15453),(#15454,#15455)),.CYLINDRICAL_SURF.,.F.,.F.,.F.)
B_SPLINE_SURFACE_WITH_KNOTS((4,3,4),(2,2),(0.,0.5,1.),(0.0454545454545455,0.954545454545454),.PIECEWISE_BEZIER_KNOTS.)
BOUNDED_SURFACE()
GEOMETRIC_REPRESENTATION_ITEM()
RATIONAL_B_SPLINE_SURFACE(((1.,1.),(0.797541308251166,0.797541308251166),(0.797541308251166,0.797541308251166),(1.,1.),(0.797541308251166,0.797541308251166),(0.797541308251166,0.797541308251166),(1.,1.)))
REPRESENTATION_ITEM('')
SURFACE()
);
#7987=(
B_SPLINE_SURFACE(3,1,((#15468,#15469),(#15470,#15471),(#15472,#15473),(#15474,
#15475)),.CYLINDRICAL_SURF.,.F.,.F.,.F.)
B_SPLINE_SURFACE_WITH_KNOTS((4,4),(2,2),(0.,0.5),(0.0454545454545455,0.954545454545454),.PIECEWISE_BEZIER_KNOTS.)
BOUNDED_SURFACE()
GEOMETRIC_REPRESENTATION_ITEM()
RATIONAL_B_SPLINE_SURFACE(((1.,1.),(0.333333333333333,0.333333333333333),(0.333333333333333,0.333333333333333),(1.,1.)))
REPRESENTATION_ITEM('')
SURFACE()
);
#7988=(
B_SPLINE_SURFACE(3,1,((#15483,#15484),(#15485,#15486),(#15487,#15488),(#15489,
#15490)),.CYLINDRICAL_SURF.,.F.,.F.,.F.)
B_SPLINE_SURFACE_WITH_KNOTS((4,4),(2,2),(0.567464195644152,1.),(0.0454545454545455,0.954545454545454),.PIECEWISE_BEZIER_KNOTS.)
BOUNDED_SURFACE()
GEOMETRIC_REPRESENTATION_ITEM()
RATIONAL_B_SPLINE_SURFACE(((0.766554558974693,0.766554558974693),(0.345470447183766,
0.345470447183766),(0.423285594192202,0.423285594192202),(1.,1.)))
REPRESENTATION_ITEM('')
SURFACE()
);
#7989=(
B_SPLINE_SURFACE(3,1,((#15492,#15493),(#15494,#15495),(#15496,#15497),(#15498,
#15499),(#15500,#15501),(#15502,#15503),(#15504,#15505)),.CYLINDRICAL_SURF.,.T.,.F.,.F.)
B_SPLINE_SURFACE_WITH_KNOTS((4,3,4),(2,2),(0.,0.5,1.),(0.,1.),.PIECEWISE_BEZIER_KNOTS.)
BOUNDED_SURFACE()
GEOMETRIC_REPRESENTATION_ITEM()
RATIONAL_B_SPLINE_SURFACE(((1.,1.),(0.333333333333333,0.333333333333333),(0.333333333333333,0.333333333333333),(1.,1.),(0.333333333333333,0.333333333333333),(0.333333333333333,0.333333333333333),(1.,1.)))
REPRESENTATION_ITEM('')
SURFACE()
);
#7990=(
B_SPLINE_SURFACE(3,1,((#15513,#15514),(#15515,#15516),(#15517,#15518),(#15519,
#15520),(#15521,#15522),(#15523,#15524),(#15525,#15526)),.CYLINDRICAL_SURF.,.T.,.F.,.F.)
B_SPLINE_SURFACE_WITH_KNOTS((4,3,4),(2,2),(0.,0.5,1.),(0.,1.),.PIECEWISE_BEZIER_KNOTS.)
BOUNDED_SURFACE()
GEOMETRIC_REPRESENTATION_ITEM()
RATIONAL_B_SPLINE_SURFACE(((1.,1.),(0.333333333333333,0.333333333333333),(0.333333333333333,0.333333333333333),(1.,1.),(0.333333333333333,0.333333333333333),(0.333333333333333,0.333333333333333),(1.,1.)))
REPRESENTATION_ITEM('')
SURFACE()
);
#7991=(
B_SPLINE_SURFACE(3,1,((#15528,#15529),(#15530,#15531),(#15532,#15533),(#15534,
#15535)),.CYLINDRICAL_SURF.,.F.,.F.,.F.)
B_SPLINE_SURFACE_WITH_KNOTS((4,4),(2,2),(0.567464195644153,1.),(0.0454545454545455,0.954545454545454),.PIECEWISE_BEZIER_KNOTS.)
BOUNDED_SURFACE()
GEOMETRIC_REPRESENTATION_ITEM()
RATIONAL_B_SPLINE_SURFACE(((0.766554558974688,0.766554558974688),(0.345470447183767,
0.345470447183767),(0.423285594192204,0.423285594192204),(1.,1.)))
REPRESENTATION_ITEM('')
SURFACE()
);
#7992=(
B_SPLINE_SURFACE(3,1,((#15541,#15542),(#15543,#15544),(#15545,#15546),(#15547,
#15548)),.CYLINDRICAL_SURF.,.F.,.F.,.F.)
B_SPLINE_SURFACE_WITH_KNOTS((4,4),(2,2),(0.,0.5),(0.0454545454545455,0.954545454545454),.PIECEWISE_BEZIER_KNOTS.)
BOUNDED_SURFACE()
GEOMETRIC_REPRESENTATION_ITEM()
RATIONAL_B_SPLINE_SURFACE(((1.,1.),(0.333333333333333,0.333333333333333),(0.333333333333333,0.333333333333333),(1.,1.)))
REPRESENTATION_ITEM('')
SURFACE()
);
#7993=ADVANCED_FACE('',(#7247),#7798,.F.);
#7994=ADVANCED_FACE('',(#7248),#7799,.F.);
#7995=ADVANCED_FACE('',(#7249),#7800,.F.);
#7996=ADVANCED_FACE('',(#7250),#7801,.F.);
#7997=ADVANCED_FACE('',(#7251),#7802,.F.);
#7998=ADVANCED_FACE('',(#7252),#7803,.F.);
#7999=ADVANCED_FACE('',(#7253),#1442,.F.);
#8000=ADVANCED_FACE('',(#7254),#1443,.F.);
#8001=ADVANCED_FACE('',(#7255),#1444,.F.);
#8002=ADVANCED_FACE('',(#7256),#1445,.T.);
#8003=ADVANCED_FACE('',(#7257,#7258,#7259,#7260),#1446,.F.);
#8004=ADVANCED_FACE('',(#7261,#7262,#7263,#7264),#1447,.T.);
#8005=ADVANCED_FACE('',(#7265),#1448,.F.);
#8006=ADVANCED_FACE('',(#7266),#1449,.F.);
#8007=ADVANCED_FACE('',(#7267),#1450,.F.);
#8008=ADVANCED_FACE('',(#7268),#1451,.F.);
#8009=ADVANCED_FACE('',(#7269),#1452,.F.);
#8010=ADVANCED_FACE('',(#7270),#1453,.F.);
#8011=ADVANCED_FACE('',(#7271,#7272),#1454,.T.);
#8012=ADVANCED_FACE('',(#7273),#1455,.F.);
#8013=ADVANCED_FACE('',(#7274),#1456,.F.);
#8014=ADVANCED_FACE('',(#7275),#1457,.F.);
#8015=ADVANCED_FACE('',(#7276),#1458,.F.);
#8016=ADVANCED_FACE('',(#7277),#1459,.F.);
#8017=ADVANCED_FACE('',(#7278),#1460,.F.);
#8018=ADVANCED_FACE('',(#7279,#7280),#1461,.T.);
#8019=ADVANCED_FACE('',(#7281),#1462,.F.);
#8020=ADVANCED_FACE('',(#7282),#1463,.F.);
#8021=ADVANCED_FACE('',(#7283),#1464,.F.);
#8022=ADVANCED_FACE('',(#7284),#1465,.F.);
#8023=ADVANCED_FACE('',(#7285),#1466,.F.);
#8024=ADVANCED_FACE('',(#7286),#1467,.F.);
#8025=ADVANCED_FACE('',(#7287,#7288),#1468,.T.);
#8026=ADVANCED_FACE('',(#7289),#7804,.T.);
#8027=ADVANCED_FACE('',(#7290),#7805,.T.);
#8028=ADVANCED_FACE('',(#7291),#7806,.T.);
#8029=ADVANCED_FACE('',(#7292),#7807,.T.);
#8030=ADVANCED_FACE('',(#7293),#7808,.T.);
#8031=ADVANCED_FACE('',(#7294),#7809,.T.);
#8032=ADVANCED_FACE('',(#7295),#7810,.T.);
#8033=ADVANCED_FACE('',(#7296),#7811,.T.);
#8034=ADVANCED_FACE('',(#7297),#7812,.T.);
#8035=ADVANCED_FACE('',(#7298),#7813,.T.);
#8036=ADVANCED_FACE('',(#7299),#7814,.T.);
#8037=ADVANCED_FACE('',(#7300),#7815,.T.);
#8038=ADVANCED_FACE('',(#7301),#7816,.T.);
#8039=ADVANCED_FACE('',(#7302),#7817,.T.);
#8040=ADVANCED_FACE('',(#7303),#7818,.T.);
#8041=ADVANCED_FACE('',(#7304),#7819,.T.);
#8042=ADVANCED_FACE('',(#7305),#7820,.T.);
#8043=ADVANCED_FACE('',(#7306),#7821,.T.);
#8044=ADVANCED_FACE('',(#7307),#7822,.T.);
#8045=ADVANCED_FACE('',(#7308),#7823,.T.);
#8046=ADVANCED_FACE('',(#7309),#7824,.F.);
#8047=ADVANCED_FACE('',(#7310),#7825,.F.);
#8048=ADVANCED_FACE('',(#7311),#7826,.F.);
#8049=ADVANCED_FACE('',(#7312),#7827,.F.);
#8050=ADVANCED_FACE('',(#7313),#7828,.F.);
#8051=ADVANCED_FACE('',(#7314),#7829,.F.);
#8052=ADVANCED_FACE('',(#7315),#7830,.F.);
#8053=ADVANCED_FACE('',(#7316),#7831,.F.);
#8054=ADVANCED_FACE('',(#7317),#7832,.F.);
#8055=ADVANCED_FACE('',(#7318),#1469,.T.);
#8056=ADVANCED_FACE('',(#7319),#1470,.T.);
#8057=ADVANCED_FACE('',(#7320),#1471,.T.);
#8058=ADVANCED_FACE('',(#7321),#1472,.F.);
#8059=ADVANCED_FACE('',(#7322,#7323,#7324,#7325),#1473,.T.);
#8060=ADVANCED_FACE('',(#7326,#7327,#7328,#7329),#1474,.F.);
#8061=ADVANCED_FACE('',(#7330),#7833,.F.);
#8062=ADVANCED_FACE('',(#7331,#7332),#1475,.T.);
#8063=ADVANCED_FACE('',(#7333),#7834,.F.);
#8064=ADVANCED_FACE('',(#7334,#7335),#1476,.T.);
#8065=ADVANCED_FACE('',(#7336),#7835,.F.);
#8066=ADVANCED_FACE('',(#7337,#7338),#1477,.T.);
#8067=ADVANCED_FACE('',(#7339),#7836,.T.);
#8068=ADVANCED_FACE('',(#7340),#7837,.T.);
#8069=ADVANCED_FACE('',(#7341),#7838,.T.);
#8070=ADVANCED_FACE('',(#7342),#7839,.T.);
#8071=ADVANCED_FACE('',(#7343),#7840,.T.);
#8072=ADVANCED_FACE('',(#7344),#7841,.T.);
#8073=ADVANCED_FACE('',(#7345),#7842,.T.);
#8074=ADVANCED_FACE('',(#7346),#7843,.T.);
#8075=ADVANCED_FACE('',(#7347),#7844,.T.);
#8076=ADVANCED_FACE('',(#7348),#7845,.T.);
#8077=ADVANCED_FACE('',(#7349),#7846,.T.);
#8078=ADVANCED_FACE('',(#7350),#7847,.T.);
#8079=ADVANCED_FACE('',(#7351),#7848,.T.);
#8080=ADVANCED_FACE('',(#7352),#7849,.T.);
#8081=ADVANCED_FACE('',(#7353),#7850,.T.);
#8082=ADVANCED_FACE('',(#7354),#7851,.T.);
#8083=ADVANCED_FACE('',(#7355),#7852,.T.);
#8084=ADVANCED_FACE('',(#7356),#7853,.T.);
#8085=ADVANCED_FACE('',(#7357),#7854,.T.);
#8086=ADVANCED_FACE('',(#7358),#7855,.T.);
#8087=ADVANCED_FACE('',(#7359),#7856,.F.);
#8088=ADVANCED_FACE('',(#7360),#1478,.F.);
#8089=ADVANCED_FACE('',(#7361),#7857,.T.);
#8090=ADVANCED_FACE('',(#7362),#1479,.F.);
#8091=ADVANCED_FACE('',(#7363),#7858,.F.);
#8092=ADVANCED_FACE('',(#7364),#1480,.T.);
#8093=ADVANCED_FACE('',(#7365),#1481,.F.);
#8094=ADVANCED_FACE('',(#7366),#1482,.F.);
#8095=ADVANCED_FACE('',(#7367),#7859,.F.);
#8096=ADVANCED_FACE('',(#7368),#1483,.T.);
#8097=ADVANCED_FACE('',(#7369),#7860,.T.);
#8098=ADVANCED_FACE('',(#7370),#1484,.F.);
#8099=ADVANCED_FACE('',(#7371),#7861,.T.);
#8100=ADVANCED_FACE('',(#7372),#1485,.F.);
#8101=ADVANCED_FACE('',(#7373),#7862,.T.);
#8102=ADVANCED_FACE('',(#7374),#1486,.F.);
#8103=ADVANCED_FACE('',(#7375),#7863,.F.);
#8104=ADVANCED_FACE('',(#7376),#1487,.T.);
#8105=ADVANCED_FACE('',(#7377),#1488,.F.);
#8106=ADVANCED_FACE('',(#7378),#1489,.F.);
#8107=ADVANCED_FACE('',(#7379),#7864,.F.);
#8108=ADVANCED_FACE('',(#7380),#1490,.T.);
#8109=ADVANCED_FACE('',(#7381),#7865,.T.);
#8110=ADVANCED_FACE('',(#7382),#1491,.F.);
#8111=ADVANCED_FACE('',(#7383),#7866,.T.);
#8112=ADVANCED_FACE('',(#7384),#1492,.T.);
#8113=ADVANCED_FACE('',(#7385),#7867,.T.);
#8114=ADVANCED_FACE('',(#7386),#1493,.F.);
#8115=ADVANCED_FACE('',(#7387),#7868,.F.);
#8116=ADVANCED_FACE('',(#7388),#1494,.T.);
#8117=ADVANCED_FACE('',(#7389),#1495,.T.);
#8118=ADVANCED_FACE('',(#7390),#1496,.F.);
#8119=ADVANCED_FACE('',(#7391),#7869,.F.);
#8120=ADVANCED_FACE('',(#7392),#1497,.T.);
#8121=ADVANCED_FACE('',(#7393),#7870,.T.);
#8122=ADVANCED_FACE('',(#7394),#1498,.T.);
#8123=ADVANCED_FACE('',(#7395),#7871,.T.);
#8124=ADVANCED_FACE('',(#7396),#1499,.T.);
#8125=ADVANCED_FACE('',(#7397),#7872,.T.);
#8126=ADVANCED_FACE('',(#7398),#1500,.F.);
#8127=ADVANCED_FACE('',(#7399),#7873,.F.);
#8128=ADVANCED_FACE('',(#7400),#1501,.T.);
#8129=ADVANCED_FACE('',(#7401),#1502,.T.);
#8130=ADVANCED_FACE('',(#7402),#1503,.F.);
#8131=ADVANCED_FACE('',(#7403),#7874,.F.);
#8132=ADVANCED_FACE('',(#7404),#1504,.T.);
#8133=ADVANCED_FACE('',(#7405),#7875,.T.);
#8134=ADVANCED_FACE('',(#7406),#1505,.T.);
#8135=ADVANCED_FACE('',(#7407),#7876,.T.);
#8136=ADVANCED_FACE('',(#7408),#7877,.F.);
#8137=ADVANCED_FACE('',(#7409,#7410),#1506,.F.);
#8138=ADVANCED_FACE('',(#7411,#7412),#1507,.T.);
#8139=ADVANCED_FACE('',(#7413),#7878,.F.);
#8140=ADVANCED_FACE('',(#7414),#7879,.F.);
#8141=ADVANCED_FACE('',(#7415),#7880,.F.);
#8142=ADVANCED_FACE('',(#7416),#1508,.F.);
#8143=ADVANCED_FACE('',(#7417),#1509,.F.);
#8144=ADVANCED_FACE('',(#7418),#1510,.T.);
#8145=ADVANCED_FACE('',(#7419),#7881,.F.);
#8146=ADVANCED_FACE('',(#7420),#7882,.F.);
#8147=ADVANCED_FACE('',(#7421),#1511,.F.);
#8148=ADVANCED_FACE('',(#7422),#7883,.F.);
#8149=ADVANCED_FACE('',(#7423,#7424,#7425,#7426),#1512,.F.);
#8150=ADVANCED_FACE('',(#7427,#7428,#7429,#7430),#1513,.T.);
#8151=ADVANCED_FACE('',(#7431),#7884,.F.);
#8152=ADVANCED_FACE('',(#7432),#7885,.F.);
#8153=ADVANCED_FACE('',(#7433),#7886,.F.);
#8154=ADVANCED_FACE('',(#7434),#1514,.T.);
#8155=ADVANCED_FACE('',(#7435),#1515,.F.);
#8156=ADVANCED_FACE('',(#7436),#1516,.F.);
#8157=ADVANCED_FACE('',(#7437),#7887,.F.);
#8158=ADVANCED_FACE('',(#7438),#7888,.F.);
#8159=ADVANCED_FACE('',(#7439),#1517,.T.);
#8160=ADVANCED_FACE('',(#7440),#7889,.F.);
#8161=ADVANCED_FACE('',(#7441,#7442,#7443,#7444),#1518,.F.);
#8162=ADVANCED_FACE('',(#7445,#7446,#7447,#7448),#1519,.T.);
#8163=ADVANCED_FACE('',(#7449),#7890,.F.);
#8164=ADVANCED_FACE('',(#7450),#7891,.F.);
#8165=ADVANCED_FACE('',(#7451),#7892,.F.);
#8166=ADVANCED_FACE('',(#7452),#1520,.F.);
#8167=ADVANCED_FACE('',(#7453),#1521,.T.);
#8168=ADVANCED_FACE('',(#7454),#1522,.T.);
#8169=ADVANCED_FACE('',(#7455),#7893,.F.);
#8170=ADVANCED_FACE('',(#7456),#7894,.F.);
#8171=ADVANCED_FACE('',(#7457),#1523,.T.);
#8172=ADVANCED_FACE('',(#7458),#7895,.F.);
#8173=ADVANCED_FACE('',(#7459,#7460,#7461,#7462),#1524,.F.);
#8174=ADVANCED_FACE('',(#7463,#7464,#7465,#7466),#1525,.T.);
#8175=ADVANCED_FACE('',(#7467),#7896,.F.);
#8176=ADVANCED_FACE('',(#7468),#7897,.F.);
#8177=ADVANCED_FACE('',(#7469),#7898,.F.);
#8178=ADVANCED_FACE('',(#7470),#1526,.T.);
#8179=ADVANCED_FACE('',(#7471),#1527,.T.);
#8180=ADVANCED_FACE('',(#7472),#1528,.T.);
#8181=ADVANCED_FACE('',(#7473),#7899,.F.);
#8182=ADVANCED_FACE('',(#7474),#7900,.F.);
#8183=ADVANCED_FACE('',(#7475),#1529,.F.);
#8184=ADVANCED_FACE('',(#7476),#7901,.F.);
#8185=ADVANCED_FACE('',(#7477,#7478,#7479,#7480),#1530,.T.);
#8186=ADVANCED_FACE('',(#7481,#7482,#7483,#7484),#1531,.F.);
#8187=ADVANCED_FACE('',(#7485),#7902,.F.);
#8188=ADVANCED_FACE('',(#7486),#7903,.F.);
#8189=ADVANCED_FACE('',(#7487),#7904,.F.);
#8190=ADVANCED_FACE('',(#7488),#1532,.T.);
#8191=ADVANCED_FACE('',(#7489),#1533,.T.);
#8192=ADVANCED_FACE('',(#7490),#1534,.F.);
#8193=ADVANCED_FACE('',(#7491),#7905,.F.);
#8194=ADVANCED_FACE('',(#7492),#7906,.F.);
#8195=ADVANCED_FACE('',(#7493),#1535,.F.);
#8196=ADVANCED_FACE('',(#7494),#7907,.F.);
#8197=ADVANCED_FACE('',(#7495,#7496,#7497,#7498),#1536,.T.);
#8198=ADVANCED_FACE('',(#7499,#7500,#7501,#7502),#1537,.F.);
#8199=ADVANCED_FACE('',(#7503),#7908,.F.);
#8200=ADVANCED_FACE('',(#7504),#7909,.F.);
#8201=ADVANCED_FACE('',(#7505),#7910,.F.);
#8202=ADVANCED_FACE('',(#7506),#1538,.T.);
#8203=ADVANCED_FACE('',(#7507),#1539,.T.);
#8204=ADVANCED_FACE('',(#7508),#1540,.F.);
#8205=ADVANCED_FACE('',(#7509),#7911,.F.);
#8206=ADVANCED_FACE('',(#7510),#7912,.F.);
#8207=ADVANCED_FACE('',(#7511),#1541,.F.);
#8208=ADVANCED_FACE('',(#7512),#7913,.F.);
#8209=ADVANCED_FACE('',(#7513,#7514,#7515,#7516),#1542,.T.);
#8210=ADVANCED_FACE('',(#7517,#7518,#7519,#7520),#1543,.F.);
#8211=ADVANCED_FACE('',(#7521),#7914,.F.);
#8212=ADVANCED_FACE('',(#7522),#7915,.F.);
#8213=ADVANCED_FACE('',(#7523),#7916,.F.);
#8214=ADVANCED_FACE('',(#7524),#7917,.F.);
#8215=ADVANCED_FACE('',(#7525),#7918,.F.);
#8216=ADVANCED_FACE('',(#7526),#7919,.F.);
#8217=ADVANCED_FACE('',(#7527),#7920,.F.);
#8218=ADVANCED_FACE('',(#7528),#7921,.F.);
#8219=ADVANCED_FACE('',(#7529),#7922,.F.);
#8220=ADVANCED_FACE('',(#7530),#7923,.F.);
#8221=ADVANCED_FACE('',(#7531),#1544,.T.);
#8222=ADVANCED_FACE('',(#7532),#1545,.T.);
#8223=ADVANCED_FACE('',(#7533),#1546,.F.);
#8224=ADVANCED_FACE('',(#7534),#1547,.T.);
#8225=ADVANCED_FACE('',(#7535),#1548,.F.);
#8226=ADVANCED_FACE('',(#7536),#1549,.F.);
#8227=ADVANCED_FACE('',(#7537),#1550,.F.);
#8228=ADVANCED_FACE('',(#7538),#1551,.T.);
#8229=ADVANCED_FACE('',(#7539,#7540,#7541,#7542,#7543,#7544,#7545),#1552,.F.);
#8230=ADVANCED_FACE('',(#7546,#7547),#1553,.F.);
#8231=ADVANCED_FACE('',(#7548,#7549,#7550),#1554,.F.);
#8232=ADVANCED_FACE('',(#7551,#7552),#1555,.T.);
#8233=ADVANCED_FACE('',(#7553),#1556,.T.);
#8234=ADVANCED_FACE('',(#7554),#1557,.T.);
#8235=ADVANCED_FACE('',(#7555),#1558,.T.);
#8236=ADVANCED_FACE('',(#7556),#1559,.T.);
#8237=ADVANCED_FACE('',(#7557),#1560,.T.);
#8238=ADVANCED_FACE('',(#7558),#1561,.F.);
#8239=ADVANCED_FACE('',(#7559),#1562,.F.);
#8240=ADVANCED_FACE('',(#7560),#1563,.F.);
#8241=ADVANCED_FACE('',(#7561),#1564,.F.);
#8242=ADVANCED_FACE('',(#7562),#1565,.T.);
#8243=ADVANCED_FACE('',(#7563),#7924,.F.);
#8244=ADVANCED_FACE('',(#7564),#1566,.T.);
#8245=ADVANCED_FACE('',(#7565),#1567,.T.);
#8246=ADVANCED_FACE('',(#7566),#7925,.F.);
#8247=ADVANCED_FACE('',(#7567),#1568,.T.);
#8248=ADVANCED_FACE('',(#7568),#7926,.F.);
#8249=ADVANCED_FACE('',(#7569),#7927,.F.);
#8250=ADVANCED_FACE('',(#7570),#7928,.F.);
#8251=ADVANCED_FACE('',(#7571),#7929,.F.);
#8252=ADVANCED_FACE('',(#7572),#7930,.F.);
#8253=ADVANCED_FACE('',(#7573),#7931,.F.);
#8254=ADVANCED_FACE('',(#7574),#1569,.F.);
#8255=ADVANCED_FACE('',(#7575),#1570,.T.);
#8256=ADVANCED_FACE('',(#7576,#7577),#1571,.F.);
#8257=ADVANCED_FACE('',(#7578),#1572,.F.);
#8258=ADVANCED_FACE('',(#7579,#7580),#1573,.T.);
#8259=ADVANCED_FACE('',(#7581),#1574,.T.);
#8260=ADVANCED_FACE('',(#7582),#1575,.F.);
#8261=ADVANCED_FACE('',(#7583),#1576,.T.);
#8262=ADVANCED_FACE('',(#7584,#7585,#7586,#7587,#7588),#1577,.T.);
#8263=ADVANCED_FACE('',(#7589),#1578,.F.);
#8264=ADVANCED_FACE('',(#7590),#1579,.T.);
#8265=ADVANCED_FACE('',(#7591),#1580,.F.);
#8266=ADVANCED_FACE('',(#7592),#1581,.F.);
#8267=ADVANCED_FACE('',(#7593),#1582,.T.);
#8268=ADVANCED_FACE('',(#7594),#1583,.T.);
#8269=ADVANCED_FACE('',(#7595),#1584,.T.);
#8270=ADVANCED_FACE('',(#7596),#1585,.F.);
#8271=ADVANCED_FACE('',(#7597),#1586,.F.);
#8272=ADVANCED_FACE('',(#7598),#1587,.T.);
#8273=ADVANCED_FACE('',(#7599),#1588,.T.);
#8274=ADVANCED_FACE('',(#7600),#7932,.F.);
#8275=ADVANCED_FACE('',(#7601),#1589,.F.);
#8276=ADVANCED_FACE('',(#7602),#7933,.F.);
#8277=ADVANCED_FACE('',(#7603,#7604),#1590,.F.);
#8278=ADVANCED_FACE('',(#7605),#7934,.F.);
#8279=ADVANCED_FACE('',(#7606),#1591,.F.);
#8280=ADVANCED_FACE('',(#7607),#7935,.F.);
#8281=ADVANCED_FACE('',(#7608),#1592,.T.);
#8282=ADVANCED_FACE('',(#7609,#7610),#1593,.F.);
#8283=ADVANCED_FACE('',(#7611),#7936,.F.);
#8284=ADVANCED_FACE('',(#7612,#7613),#1594,.F.);
#8285=ADVANCED_FACE('',(#7614),#7937,.F.);
#8286=ADVANCED_FACE('',(#7615),#7938,.F.);
#8287=ADVANCED_FACE('',(#7616,#7617,#7618),#1595,.F.);
#8288=ADVANCED_FACE('',(#7619),#7939,.F.);
#8289=ADVANCED_FACE('',(#7620),#7940,.F.);
#8290=ADVANCED_FACE('',(#7621,#7622,#7623),#1596,.F.);
#8291=ADVANCED_FACE('',(#7624),#7941,.F.);
#8292=ADVANCED_FACE('',(#7625,#7626),#1597,.F.);
#8293=ADVANCED_FACE('',(#7627),#7942,.F.);
#8294=ADVANCED_FACE('',(#7628),#1598,.F.);
#8295=ADVANCED_FACE('',(#7629),#7943,.T.);
#8296=ADVANCED_FACE('',(#7630),#1599,.F.);
#8297=ADVANCED_FACE('',(#7631),#7944,.F.);
#8298=ADVANCED_FACE('',(#7632),#1600,.T.);
#8299=ADVANCED_FACE('',(#7633),#1601,.F.);
#8300=ADVANCED_FACE('',(#7634),#1602,.F.);
#8301=ADVANCED_FACE('',(#7635),#7945,.F.);
#8302=ADVANCED_FACE('',(#7636),#1603,.T.);
#8303=ADVANCED_FACE('',(#7637),#7946,.T.);
#8304=ADVANCED_FACE('',(#7638),#1604,.F.);
#8305=ADVANCED_FACE('',(#7639),#7947,.T.);
#8306=ADVANCED_FACE('',(#7640),#1605,.F.);
#8307=ADVANCED_FACE('',(#7641),#7948,.T.);
#8308=ADVANCED_FACE('',(#7642),#1606,.F.);
#8309=ADVANCED_FACE('',(#7643),#7949,.F.);
#8310=ADVANCED_FACE('',(#7644),#1607,.T.);
#8311=ADVANCED_FACE('',(#7645),#1608,.F.);
#8312=ADVANCED_FACE('',(#7646),#1609,.F.);
#8313=ADVANCED_FACE('',(#7647),#7950,.F.);
#8314=ADVANCED_FACE('',(#7648),#1610,.T.);
#8315=ADVANCED_FACE('',(#7649),#7951,.T.);
#8316=ADVANCED_FACE('',(#7650),#1611,.F.);
#8317=ADVANCED_FACE('',(#7651),#7952,.T.);
#8318=ADVANCED_FACE('',(#7652),#1612,.T.);
#8319=ADVANCED_FACE('',(#7653),#7953,.T.);
#8320=ADVANCED_FACE('',(#7654),#1613,.F.);
#8321=ADVANCED_FACE('',(#7655),#7954,.F.);
#8322=ADVANCED_FACE('',(#7656),#1614,.T.);
#8323=ADVANCED_FACE('',(#7657),#1615,.T.);
#8324=ADVANCED_FACE('',(#7658),#1616,.F.);
#8325=ADVANCED_FACE('',(#7659),#7955,.F.);
#8326=ADVANCED_FACE('',(#7660),#1617,.T.);
#8327=ADVANCED_FACE('',(#7661),#7956,.T.);
#8328=ADVANCED_FACE('',(#7662),#1618,.T.);
#8329=ADVANCED_FACE('',(#7663),#7957,.T.);
#8330=ADVANCED_FACE('',(#7664),#1619,.T.);
#8331=ADVANCED_FACE('',(#7665),#7958,.T.);
#8332=ADVANCED_FACE('',(#7666),#1620,.F.);
#8333=ADVANCED_FACE('',(#7667),#7959,.F.);
#8334=ADVANCED_FACE('',(#7668),#1621,.T.);
#8335=ADVANCED_FACE('',(#7669),#1622,.T.);
#8336=ADVANCED_FACE('',(#7670),#1623,.F.);
#8337=ADVANCED_FACE('',(#7671),#7960,.F.);
#8338=ADVANCED_FACE('',(#7672),#1624,.T.);
#8339=ADVANCED_FACE('',(#7673),#7961,.T.);
#8340=ADVANCED_FACE('',(#7674),#1625,.T.);
#8341=ADVANCED_FACE('',(#7675),#7962,.T.);
#8342=ADVANCED_FACE('',(#7676),#7963,.F.);
#8343=ADVANCED_FACE('',(#7677,#7678),#1626,.F.);
#8344=ADVANCED_FACE('',(#7679,#7680),#1627,.T.);
#8345=ADVANCED_FACE('',(#7681),#7964,.F.);
#8346=ADVANCED_FACE('',(#7682),#7965,.F.);
#8347=ADVANCED_FACE('',(#7683),#7966,.F.);
#8348=ADVANCED_FACE('',(#7684),#7967,.F.);
#8349=ADVANCED_FACE('',(#7685),#7968,.F.);
#8350=ADVANCED_FACE('',(#7686),#7969,.F.);
#8351=ADVANCED_FACE('',(#7687),#7970,.F.);
#8352=ADVANCED_FACE('',(#7688),#7971,.F.);
#8353=ADVANCED_FACE('',(#7689),#7972,.F.);
#8354=ADVANCED_FACE('',(#7690),#7973,.F.);
#8355=ADVANCED_FACE('',(#7691),#1628,.F.);
#8356=ADVANCED_FACE('',(#7692,#7693),#1629,.F.);
#8357=ADVANCED_FACE('',(#7694),#1630,.F.);
#8358=ADVANCED_FACE('',(#7695),#1631,.T.);
#8359=ADVANCED_FACE('',(#7696),#1632,.F.);
#8360=ADVANCED_FACE('',(#7697),#1633,.F.);
#8361=ADVANCED_FACE('',(#7698),#1634,.T.);
#8362=ADVANCED_FACE('',(#7699),#1635,.F.);
#8363=ADVANCED_FACE('',(#7700),#7974,.F.);
#8364=ADVANCED_FACE('',(#7701),#1636,.F.);
#8365=ADVANCED_FACE('',(#7702),#1637,.F.);
#8366=ADVANCED_FACE('',(#7703,#7704,#7705,#7706,#7707,#7708,#7709),#1638,.F.);
#8367=ADVANCED_FACE('',(#7710,#7711),#1639,.F.);
#8368=ADVANCED_FACE('',(#7712),#1640,.F.);
#8369=ADVANCED_FACE('',(#7713),#1641,.F.);
#8370=ADVANCED_FACE('',(#7714),#1642,.F.);
#8371=ADVANCED_FACE('',(#7715),#1643,.F.);
#8372=ADVANCED_FACE('',(#7716),#1644,.T.);
#8373=ADVANCED_FACE('',(#7717),#1645,.T.);
#8374=ADVANCED_FACE('',(#7718),#1646,.T.);
#8375=ADVANCED_FACE('',(#7719),#1647,.T.);
#8376=ADVANCED_FACE('',(#7720),#1648,.T.);
#8377=ADVANCED_FACE('',(#7721),#1649,.F.);
#8378=ADVANCED_FACE('',(#7722),#7975,.F.);
#8379=ADVANCED_FACE('',(#7723),#1650,.T.);
#8380=ADVANCED_FACE('',(#7724),#7976,.F.);
#8381=ADVANCED_FACE('',(#7725),#7977,.F.);
#8382=ADVANCED_FACE('',(#7726),#7978,.F.);
#8383=ADVANCED_FACE('',(#7727),#7979,.F.);
#8384=ADVANCED_FACE('',(#7728),#7980,.F.);
#8385=ADVANCED_FACE('',(#7729),#7981,.F.);
#8386=ADVANCED_FACE('',(#7730),#1651,.F.);
#8387=ADVANCED_FACE('',(#7731),#1652,.T.);
#8388=ADVANCED_FACE('',(#7732,#7733,#7734),#1653,.T.);
#8389=ADVANCED_FACE('',(#7735),#7982,.F.);
#8390=ADVANCED_FACE('',(#7736,#7737),#1654,.F.);
#8391=ADVANCED_FACE('',(#7738,#7739),#1655,.T.);
#8392=ADVANCED_FACE('',(#7740),#1656,.F.);
#8393=ADVANCED_FACE('',(#7741,#7742),#1657,.T.);
#8394=ADVANCED_FACE('',(#7743),#1658,.F.);
#8395=ADVANCED_FACE('',(#7744),#1659,.T.);
#8396=ADVANCED_FACE('',(#7745,#7746,#7747,#7748,#7749),#1660,.T.);
#8397=ADVANCED_FACE('',(#7750),#1661,.T.);
#8398=ADVANCED_FACE('',(#7751),#1662,.F.);
#8399=ADVANCED_FACE('',(#7752),#1663,.F.);
#8400=ADVANCED_FACE('',(#7753),#1664,.F.);
#8401=ADVANCED_FACE('',(#7754),#1665,.T.);
#8402=ADVANCED_FACE('',(#7755),#1666,.F.);
#8403=ADVANCED_FACE('',(#7756),#1667,.T.);
#8404=ADVANCED_FACE('',(#7757),#1668,.F.);
#8405=ADVANCED_FACE('',(#7758),#1669,.T.);
#8406=ADVANCED_FACE('',(#7759),#1670,.T.);
#8407=ADVANCED_FACE('',(#7760),#1671,.F.);
#8408=ADVANCED_FACE('',(#7761),#1672,.T.);
#8409=ADVANCED_FACE('',(#7762),#1673,.T.);
#8410=ADVANCED_FACE('',(#7763),#1674,.T.);
#8411=ADVANCED_FACE('',(#7764),#1675,.F.);
#8412=ADVANCED_FACE('',(#7765),#1676,.F.);
#8413=ADVANCED_FACE('',(#7766),#1677,.T.);
#8414=ADVANCED_FACE('',(#7767),#1678,.T.);
#8415=ADVANCED_FACE('',(#7768),#1679,.F.);
#8416=ADVANCED_FACE('',(#7769),#1680,.T.);
#8417=ADVANCED_FACE('',(#7770),#1681,.F.);
#8418=ADVANCED_FACE('',(#7771),#7983,.F.);
#8419=ADVANCED_FACE('',(#7772),#1682,.T.);
#8420=ADVANCED_FACE('',(#7773),#7984,.F.);
#8421=ADVANCED_FACE('',(#7774,#7775),#1683,.F.);
#8422=ADVANCED_FACE('',(#7776),#1684,.T.);
#8423=ADVANCED_FACE('',(#7777),#7985,.F.);
#8424=ADVANCED_FACE('',(#7778),#1685,.F.);
#8425=ADVANCED_FACE('',(#7779),#7986,.F.);
#8426=ADVANCED_FACE('',(#7780,#7781),#1686,.F.);
#8427=ADVANCED_FACE('',(#7782,#7783),#1687,.F.);
#8428=ADVANCED_FACE('',(#7784),#7987,.F.);
#8429=ADVANCED_FACE('',(#7785,#7786,#7787),#1688,.F.);
#8430=ADVANCED_FACE('',(#7788),#7988,.F.);
#8431=ADVANCED_FACE('',(#7789),#7989,.F.);
#8432=ADVANCED_FACE('',(#7790,#7791,#7792),#1689,.F.);
#8433=ADVANCED_FACE('',(#7793),#7990,.F.);
#8434=ADVANCED_FACE('',(#7794),#7991,.F.);
#8435=ADVANCED_FACE('',(#7795,#7796),#1690,.F.);
#8436=ADVANCED_FACE('',(#7797),#7992,.F.);
#8437=CLOSED_SHELL('',(#7993,#7994,#7995,#7996,#7997,#7998,#7999,#8000,#8001,#8002,#8003,#8004,#8005,#8006,#8007,#8008,#8009,#8010,#8011,#8012,#8013,#8014,#8015,#8016,#8017,#8018,#8019,#8020,#8021,#8022,#8023,#8024,#8025,#8026,#8027,#8028,#8029,#8030,#8031,#8032,#8033,#8034,#8035,#8036,#8037,#8038,#8039,#8040,#8041,#8042,#8043,#8044,#8045));
#8438=CLOSED_SHELL('',(#8046,#8047,#8048,#8049,#8050,#8051,#8052,#8053,#8054,#8055,#8056,#8057,#8058,#8059,#8060,#8061,#8062,#8063,#8064,#8065,#8066,#8067,#8068,#8069,#8070,#8071,#8072,#8073,#8074,#8075,#8076,#8077,#8078,#8079,#8080,#8081,#8082,#8083,#8084,#8085,#8086));
#8439=CLOSED_SHELL('',(#8087,#8088,#8089,#8090,#8091,#8092,#8093,#8094,#8095,#8096,#8097,#8098,#8099,#8100,#8101,#8102,#8103,#8104,#8105,#8106,#8107,#8108,#8109,#8110,#8111,#8112,#8113,#8114,#8115,#8116,#8117,#8118,#8119,#8120,#8121,#8122,#8123,#8124,#8125,#8126,#8127,#8128,#8129,#8130,#8131,#8132,#8133,#8134,#8135,#8136,#8137,#8138));
#8440=CLOSED_SHELL('',(#8139,#8140,#8141,#8142,#8143,#8144,#8145,#8146,#8147,#8148,#8149,#8150));
#8441=CLOSED_SHELL('',(#8151,#8152,#8153,#8154,#8155,#8156,#8157,#8158,#8159,#8160,#8161,#8162));
#8442=CLOSED_SHELL('',(#8163,#8164,#8165,#8166,#8167,#8168,#8169,#8170,#8171,#8172,#8173,#8174));
#8443=CLOSED_SHELL('',(#8175,#8176,#8177,#8178,#8179,#8180,#8181,#8182,#8183,#8184,#8185,#8186));
#8444=CLOSED_SHELL('',(#8187,#8188,#8189,#8190,#8191,#8192,#8193,#8194,#8195,#8196,#8197,#8198));
#8445=CLOSED_SHELL('',(#8199,#8200,#8201,#8202,#8203,#8204,#8205,#8206,#8207,#8208,#8209,#8210));
#8446=CLOSED_SHELL('',(#8211,#8212,#8213,#8214,#8215,#8216,#8217,#8218,#8219,#8220,#8221,#8222,#8223,#8224,#8225,#8226,#8227,#8228,#8229,#8230,#8231,#8232,#8233,#8234,#8235,#8236,#8237,#8238,#8239,#8240,#8241,#8242,#8243,#8244,#8245,#8246,#8247,#8248,#8249,#8250,#8251,#8252,#8253,#8254,#8255,#8256,#8257,#8258,#8259,#8260,#8261,#8262,#8263,#8264,#8265,#8266,#8267,#8268,#8269,#8270,#8271,#8272,#8273,#8274,#8275,#8276,#8277,#8278,#8279,#8280,#8281,#8282,#8283,#8284,#8285,#8286,#8287,#8288,#8289,#8290,#8291,#8292));
#8447=CLOSED_SHELL('',(#8293,#8294,#8295,#8296,#8297,#8298,#8299,#8300,#8301,#8302,#8303,#8304,#8305,#8306,#8307,#8308,#8309,#8310,#8311,#8312,#8313,#8314,#8315,#8316,#8317,#8318,#8319,#8320,#8321,#8322,#8323,#8324,#8325,#8326,#8327,#8328,#8329,#8330,#8331,#8332,#8333,#8334,#8335,#8336,#8337,#8338,#8339,#8340,#8341,#8342,#8343,#8344));
#8448=CLOSED_SHELL('',(#8345,#8346,#8347,#8348,#8349,#8350,#8351,#8352,#8353,#8354,#8355,#8356,#8357,#8358,#8359,#8360,#8361,#8362,#8363,#8364,#8365,#8366,#8367,#8368,#8369,#8370,#8371,#8372,#8373,#8374,#8375,#8376,#8377,#8378,#8379,#8380,#8381,#8382,#8383,#8384,#8385,#8386,#8387,#8388,#8389,#8390,#8391,#8392,#8393,#8394,#8395,#8396,#8397,#8398,#8399,#8400,#8401,#8402,#8403,#8404,#8405,#8406,#8407,#8408,#8409,#8410,#8411,#8412,#8413,#8414,#8415,#8416,#8417,#8418,#8419,#8420,#8421,#8422,#8423,#8424,#8425,#8426,#8427,#8428,#8429,#8430,#8431,#8432,#8433,#8434,#8435,#8436));
#8449=STYLED_ITEM('',(#8461),#8541);
#8450=STYLED_ITEM('',(#8462),#8542);
#8451=STYLED_ITEM('',(#8463),#8543);
#8452=STYLED_ITEM('',(#8464),#8544);
#8453=STYLED_ITEM('',(#8465),#8545);
#8454=STYLED_ITEM('',(#8466),#8546);
#8455=STYLED_ITEM('',(#8467),#8547);
#8456=STYLED_ITEM('',(#8468),#8548);
#8457=STYLED_ITEM('',(#8469),#8549);
#8458=STYLED_ITEM('',(#8470),#8550);
#8459=STYLED_ITEM('',(#8471),#8551);
#8460=STYLED_ITEM('',(#8472),#8552);
#8461=PRESENTATION_STYLE_ASSIGNMENT((#8473));
#8462=PRESENTATION_STYLE_ASSIGNMENT((#8474));
#8463=PRESENTATION_STYLE_ASSIGNMENT((#8475));
#8464=PRESENTATION_STYLE_ASSIGNMENT((#8476));
#8465=PRESENTATION_STYLE_ASSIGNMENT((#8477));
#8466=PRESENTATION_STYLE_ASSIGNMENT((#8478));
#8467=PRESENTATION_STYLE_ASSIGNMENT((#8479));
#8468=PRESENTATION_STYLE_ASSIGNMENT((#8480));
#8469=PRESENTATION_STYLE_ASSIGNMENT((#8481));
#8470=PRESENTATION_STYLE_ASSIGNMENT((#8482));
#8471=PRESENTATION_STYLE_ASSIGNMENT((#8483));
#8472=PRESENTATION_STYLE_ASSIGNMENT((#8484));
#8473=SURFACE_STYLE_USAGE(.BOTH.,#8485);
#8474=SURFACE_STYLE_USAGE(.BOTH.,#8486);
#8475=SURFACE_STYLE_USAGE(.BOTH.,#8487);
#8476=SURFACE_STYLE_USAGE(.BOTH.,#8488);
#8477=SURFACE_STYLE_USAGE(.BOTH.,#8489);
#8478=SURFACE_STYLE_USAGE(.BOTH.,#8490);
#8479=SURFACE_STYLE_USAGE(.BOTH.,#8491);
#8480=SURFACE_STYLE_USAGE(.BOTH.,#8492);
#8481=SURFACE_STYLE_USAGE(.BOTH.,#8493);
#8482=SURFACE_STYLE_USAGE(.BOTH.,#8494);
#8483=SURFACE_STYLE_USAGE(.BOTH.,#8495);
#8484=SURFACE_STYLE_USAGE(.BOTH.,#8496);
#8485=SURFACE_SIDE_STYLE('',(#8497));
#8486=SURFACE_SIDE_STYLE('',(#8498));
#8487=SURFACE_SIDE_STYLE('',(#8499));
#8488=SURFACE_SIDE_STYLE('',(#8500));
#8489=SURFACE_SIDE_STYLE('',(#8501));
#8490=SURFACE_SIDE_STYLE('',(#8502));
#8491=SURFACE_SIDE_STYLE('',(#8503));
#8492=SURFACE_SIDE_STYLE('',(#8504));
#8493=SURFACE_SIDE_STYLE('',(#8505));
#8494=SURFACE_SIDE_STYLE('',(#8506));
#8495=SURFACE_SIDE_STYLE('',(#8507));
#8496=SURFACE_SIDE_STYLE('',(#8508));
#8497=SURFACE_STYLE_FILL_AREA(#8509);
#8498=SURFACE_STYLE_FILL_AREA(#8510);
#8499=SURFACE_STYLE_FILL_AREA(#8511);
#8500=SURFACE_STYLE_FILL_AREA(#8512);
#8501=SURFACE_STYLE_FILL_AREA(#8513);
#8502=SURFACE_STYLE_FILL_AREA(#8514);
#8503=SURFACE_STYLE_FILL_AREA(#8515);
#8504=SURFACE_STYLE_FILL_AREA(#8516);
#8505=SURFACE_STYLE_FILL_AREA(#8517);
#8506=SURFACE_STYLE_FILL_AREA(#8518);
#8507=SURFACE_STYLE_FILL_AREA(#8519);
#8508=SURFACE_STYLE_FILL_AREA(#8520);
#8509=FILL_AREA_STYLE('',(#8521));
#8510=FILL_AREA_STYLE('',(#8522));
#8511=FILL_AREA_STYLE('',(#8523));
#8512=FILL_AREA_STYLE('',(#8524));
#8513=FILL_AREA_STYLE('',(#8525));
#8514=FILL_AREA_STYLE('',(#8526));
#8515=FILL_AREA_STYLE('',(#8527));
#8516=FILL_AREA_STYLE('',(#8528));
#8517=FILL_AREA_STYLE('',(#8529));
#8518=FILL_AREA_STYLE('',(#8530));
#8519=FILL_AREA_STYLE('',(#8531));
#8520=FILL_AREA_STYLE('',(#8532));
#8521=FILL_AREA_STYLE_COLOUR('',#8533);
#8522=FILL_AREA_STYLE_COLOUR('',#8534);
#8523=FILL_AREA_STYLE_COLOUR('',#8533);
#8524=FILL_AREA_STYLE_COLOUR('',#8535);
#8525=FILL_AREA_STYLE_COLOUR('',#8536);
#8526=FILL_AREA_STYLE_COLOUR('',#8537);
#8527=FILL_AREA_STYLE_COLOUR('',#8538);
#8528=FILL_AREA_STYLE_COLOUR('',#8539);
#8529=FILL_AREA_STYLE_COLOUR('',#8540);
#8530=FILL_AREA_STYLE_COLOUR('',#8533);
#8531=FILL_AREA_STYLE_COLOUR('',#8535);
#8532=FILL_AREA_STYLE_COLOUR('',#8536);
#8533=COLOUR_RGB('',0.647058823529412,0.647058823529412,0.647058823529412);
#8534=COLOUR_RGB('',0.972549019607843,0.529411764705882,0.00392156862745098);
#8535=COLOUR_RGB('',0.231372549019608,0.380392156862745,0.705882352941177);
#8536=COLOUR_RGB('',0.615686274509804,0.811764705882353,0.929411764705882);
#8537=COLOUR_RGB('',0.917647058823529,0.917647058823529,0.917647058823529);
#8538=COLOUR_RGB('',0.768627450980392,0.886274509803922,0.952941176470588);
#8539=COLOUR_RGB('',0.498039215686275,0.498039215686275,0.498039215686275);
#8540=COLOUR_RGB('',0.980392156862745,0.713725490196078,0.00392156862745098);
#8541=MANIFOLD_SOLID_BREP('Joint_Bottom',#8437);
#8542=MANIFOLD_SOLID_BREP('Joint_Top',#8438);
#8543=MANIFOLD_SOLID_BREP('Part 11',#8439);
#8544=MANIFOLD_SOLID_BREP('Part 3',#8440);
#8545=MANIFOLD_SOLID_BREP('Part 1',#8441);
#8546=MANIFOLD_SOLID_BREP('Part 4',#8442);
#8547=MANIFOLD_SOLID_BREP('Part 5',#8443);
#8548=MANIFOLD_SOLID_BREP('Part 7',#8444);
#8549=MANIFOLD_SOLID_BREP('Part 8',#8445);
#8550=MANIFOLD_SOLID_BREP('Part 10',#8446);
#8551=MANIFOLD_SOLID_BREP('Part 12',#8447);
#8552=MANIFOLD_SOLID_BREP('E-End',#8448);
#8553=SHAPE_DEFINITION_REPRESENTATION(#15621,#8565);
#8554=SHAPE_DEFINITION_REPRESENTATION(#15622,#8566);
#8555=SHAPE_DEFINITION_REPRESENTATION(#15623,#8567);
#8556=SHAPE_DEFINITION_REPRESENTATION(#15624,#8568);
#8557=SHAPE_DEFINITION_REPRESENTATION(#15625,#8569);
#8558=SHAPE_DEFINITION_REPRESENTATION(#15626,#8570);
#8559=SHAPE_DEFINITION_REPRESENTATION(#15627,#8571);
#8560=SHAPE_DEFINITION_REPRESENTATION(#15628,#8572);
#8561=SHAPE_DEFINITION_REPRESENTATION(#15629,#8573);
#8562=SHAPE_DEFINITION_REPRESENTATION(#15630,#8574);
#8563=SHAPE_DEFINITION_REPRESENTATION(#15631,#8575);
#8564=SHAPE_DEFINITION_REPRESENTATION(#15632,#8576);
#8565=SHAPE_REPRESENTATION('Joint_Bottom',(#8577),#15561);
#8566=SHAPE_REPRESENTATION('Joint_Top',(#8626),#15562);
#8567=SHAPE_REPRESENTATION('Part 11',(#8687),#15563);
#8568=SHAPE_REPRESENTATION('Part 3',(#8742),#15564);
#8569=SHAPE_REPRESENTATION('Part 1',(#8755),#15565);
#8570=SHAPE_REPRESENTATION('Part 4',(#8768),#15566);
#8571=SHAPE_REPRESENTATION('Part 5',(#8781),#15567);
#8572=SHAPE_REPRESENTATION('Part 7',(#8794),#15568);
#8573=SHAPE_REPRESENTATION('Part 8',(#8807),#15569);
#8574=SHAPE_REPRESENTATION('Part 10',(#8820),#15570);
#8575=SHAPE_REPRESENTATION('Part 12',(#8887),#15571);
#8576=SHAPE_REPRESENTATION('E-End',(#8942),#15572);
#8577=AXIS2_PLACEMENT_3D('',#10562,#9007,#9008);
#8578=AXIS2_PLACEMENT_3D('',#10571,#9009,#9010);
#8579=AXIS2_PLACEMENT_3D('',#10577,#9011,#9012);
#8580=AXIS2_PLACEMENT_3D('',#10589,#9013,#9014);
#8581=AXIS2_PLACEMENT_3D('',#10595,#9015,#9016);
#8582=AXIS2_PLACEMENT_3D('',#10607,#9017,#9018);
#8583=AXIS2_PLACEMENT_3D('',#10613,#9019,#9020);
#8584=AXIS2_PLACEMENT_3D('',#10625,#9021,#9022);
#8585=AXIS2_PLACEMENT_3D('',#10626,#9023,#9024);
#8586=AXIS2_PLACEMENT_3D('',#10635,#9025,#9026);
#8587=AXIS2_PLACEMENT_3D('',#10636,#9027,#9028);
#8588=AXIS2_PLACEMENT_3D('',#10645,#9029,#9030);
#8589=AXIS2_PLACEMENT_3D('',#10646,#9031,#9032);
#8590=AXIS2_PLACEMENT_3D('',#10702,#9050,#9051);
#8591=AXIS2_PLACEMENT_3D('',#10706,#9053,#9054);
#8592=AXIS2_PLACEMENT_3D('',#10708,#9055,#9056);
#8593=AXIS2_PLACEMENT_3D('',#10712,#9058,#9059);
#8594=AXIS2_PLACEMENT_3D('',#10716,#9061,#9062);
#8595=AXIS2_PLACEMENT_3D('',#10760,#9082,#9083);
#8596=AXIS2_PLACEMENT_3D('',#10764,#9085,#9086);
#8597=AXIS2_PLACEMENT_3D('',#10768,#9088,#9089);
#8598=AXIS2_PLACEMENT_3D('',#10772,#9091,#9092);
#8599=AXIS2_PLACEMENT_3D('',#10774,#9093,#9094);
#8600=AXIS2_PLACEMENT_3D('',#10921,#9131,#9132);
#8601=AXIS2_PLACEMENT_3D('',#10923,#9133,#9134);
#8602=AXIS2_PLACEMENT_3D('',#10924,#9135,#9136);
#8603=AXIS2_PLACEMENT_3D('',#10926,#9137,#9138);
#8604=AXIS2_PLACEMENT_3D('',#10935,#9139,#9140);
#8605=AXIS2_PLACEMENT_3D('',#10936,#9141,#9142);
#8606=AXIS2_PLACEMENT_3D('',#10945,#9143,#9144);
#8607=AXIS2_PLACEMENT_3D('',#10946,#9145,#9146);
#8608=AXIS2_PLACEMENT_3D('',#10955,#9147,#9148);
#8609=AXIS2_PLACEMENT_3D('',#10956,#9149,#9150);
#8610=AXIS2_PLACEMENT_3D('',#10973,#9151,#9152);
#8611=AXIS2_PLACEMENT_3D('',#10974,#9153,#9154);
#8612=AXIS2_PLACEMENT_3D('',#10983,#9155,#9156);
#8613=AXIS2_PLACEMENT_3D('',#10992,#9157,#9158);
#8614=AXIS2_PLACEMENT_3D('',#11009,#9159,#9160);
#8615=AXIS2_PLACEMENT_3D('',#11026,#9161,#9162);
#8616=AXIS2_PLACEMENT_3D('',#11035,#9163,#9164);
#8617=AXIS2_PLACEMENT_3D('',#11044,#9165,#9166);
#8618=AXIS2_PLACEMENT_3D('',#11077,#9167,#9168);
#8619=AXIS2_PLACEMENT_3D('',#11078,#9169,#9170);
#8620=AXIS2_PLACEMENT_3D('',#11087,#9171,#9172);
#8621=AXIS2_PLACEMENT_3D('',#11096,#9173,#9174);
#8622=AXIS2_PLACEMENT_3D('',#11113,#9175,#9176);
#8623=AXIS2_PLACEMENT_3D('',#11130,#9177,#9178);
#8624=AXIS2_PLACEMENT_3D('',#11139,#9179,#9180);
#8625=AXIS2_PLACEMENT_3D('',#11148,#9181,#9182);
#8626=AXIS2_PLACEMENT_3D('',#11165,#9183,#9184);
#8627=AXIS2_PLACEMENT_3D('',#11174,#9185,#9186);
#8628=AXIS2_PLACEMENT_3D('',#11180,#9187,#9188);
#8629=AXIS2_PLACEMENT_3D('',#11192,#9189,#9190);
#8630=AXIS2_PLACEMENT_3D('',#11198,#9191,#9192);
#8631=AXIS2_PLACEMENT_3D('',#11210,#9193,#9194);
#8632=AXIS2_PLACEMENT_3D('',#11216,#9195,#9196);
#8633=AXIS2_PLACEMENT_3D('',#11228,#9197,#9198);
#8634=AXIS2_PLACEMENT_3D('',#11234,#9199,#9200);
#8635=AXIS2_PLACEMENT_3D('',#11246,#9201,#9202);
#8636=AXIS2_PLACEMENT_3D('',#11252,#9203,#9204);
#8637=AXIS2_PLACEMENT_3D('',#11264,#9205,#9206);
#8638=AXIS2_PLACEMENT_3D('',#11270,#9207,#9208);
#8639=AXIS2_PLACEMENT_3D('',#11282,#9209,#9210);
#8640=AXIS2_PLACEMENT_3D('',#11283,#9211,#9212);
#8641=AXIS2_PLACEMENT_3D('',#11292,#9213,#9214);
#8642=AXIS2_PLACEMENT_3D('',#11293,#9215,#9216);
#8643=AXIS2_PLACEMENT_3D('',#11302,#9217,#9218);
#8644=AXIS2_PLACEMENT_3D('',#11303,#9219,#9220);
#8645=AXIS2_PLACEMENT_3D('',#11359,#9238,#9239);
#8646=AXIS2_PLACEMENT_3D('',#11363,#9241,#9242);
#8647=AXIS2_PLACEMENT_3D('',#11367,#9244,#9245);
#8648=AXIS2_PLACEMENT_3D('',#11369,#9246,#9247);
#8649=AXIS2_PLACEMENT_3D('',#11373,#9249,#9250);
#8650=AXIS2_PLACEMENT_3D('',#11374,#9251,#9252);
#8651=AXIS2_PLACEMENT_3D('',#11375,#9253,#9254);
#8652=AXIS2_PLACEMENT_3D('',#11376,#9255,#9256);
#8653=AXIS2_PLACEMENT_3D('',#11384,#9258,#9259);
#8654=AXIS2_PLACEMENT_3D('',#11388,#9261,#9262);
#8655=AXIS2_PLACEMENT_3D('',#11392,#9264,#9265);
#8656=AXIS2_PLACEMENT_3D('',#11396,#9267,#9268);
#8657=AXIS2_PLACEMENT_3D('',#11398,#9269,#9270);
#8658=AXIS2_PLACEMENT_3D('',#11407,#9271,#9272);
#8659=AXIS2_PLACEMENT_3D('',#11420,#9273,#9274);
#8660=AXIS2_PLACEMENT_3D('',#11433,#9275,#9276);
#8661=AXIS2_PLACEMENT_3D('',#11446,#9277,#9278);
#8662=AXIS2_PLACEMENT_3D('',#11447,#9279,#9280);
#8663=AXIS2_PLACEMENT_3D('',#11456,#9281,#9282);
#8664=AXIS2_PLACEMENT_3D('',#11457,#9283,#9284);
#8665=AXIS2_PLACEMENT_3D('',#11466,#9285,#9286);
#8666=AXIS2_PLACEMENT_3D('',#11467,#9287,#9288);
#8667=AXIS2_PLACEMENT_3D('',#11476,#9289,#9290);
#8668=AXIS2_PLACEMENT_3D('',#11478,#9291,#9292);
#8669=AXIS2_PLACEMENT_3D('',#11479,#9293,#9294);
#8670=AXIS2_PLACEMENT_3D('',#11481,#9295,#9296);
#8671=AXIS2_PLACEMENT_3D('',#11498,#9297,#9298);
#8672=AXIS2_PLACEMENT_3D('',#11499,#9299,#9300);
#8673=AXIS2_PLACEMENT_3D('',#11508,#9301,#9302);
#8674=AXIS2_PLACEMENT_3D('',#11517,#9303,#9304);
#8675=AXIS2_PLACEMENT_3D('',#11534,#9305,#9306);
#8676=AXIS2_PLACEMENT_3D('',#11551,#9307,#9308);
#8677=AXIS2_PLACEMENT_3D('',#11560,#9309,#9310);
#8678=AXIS2_PLACEMENT_3D('',#11569,#9311,#9312);
#8679=AXIS2_PLACEMENT_3D('',#11602,#9313,#9314);
#8680=AXIS2_PLACEMENT_3D('',#11603,#9315,#9316);
#8681=AXIS2_PLACEMENT_3D('',#11612,#9317,#9318);
#8682=AXIS2_PLACEMENT_3D('',#11621,#9319,#9320);
#8683=AXIS2_PLACEMENT_3D('',#11638,#9321,#9322);
#8684=AXIS2_PLACEMENT_3D('',#11655,#9323,#9324);
#8685=AXIS2_PLACEMENT_3D('',#11664,#9325,#9326);
#8686=AXIS2_PLACEMENT_3D('',#11673,#9327,#9328);
#8687=AXIS2_PLACEMENT_3D('',#11690,#9329,#9330);
#8688=AXIS2_PLACEMENT_3D('',#11699,#9331,#9332);
#8689=AXIS2_PLACEMENT_3D('',#11705,#9333,#9334);
#8690=AXIS2_PLACEMENT_3D('',#11729,#9339,#9340);
#8691=AXIS2_PLACEMENT_3D('',#11731,#9341,#9342);
#8692=AXIS2_PLACEMENT_3D('',#11733,#9343,#9344);
#8693=AXIS2_PLACEMENT_3D('',#11737,#9346,#9347);
#8694=AXIS2_PLACEMENT_3D('',#11755,#9351,#9352);
#8695=AXIS2_PLACEMENT_3D('',#11757,#9353,#9354);
#8696=AXIS2_PLACEMENT_3D('',#11795,#9365,#9366);
#8697=AXIS2_PLACEMENT_3D('',#11798,#9367,#9368);
#8698=AXIS2_PLACEMENT_3D('',#11799,#9369,#9370);
#8699=AXIS2_PLACEMENT_3D('',#11801,#9371,#9372);
#8700=AXIS2_PLACEMENT_3D('',#11821,#9377,#9378);
#8701=AXIS2_PLACEMENT_3D('',#11823,#9379,#9380);
#8702=AXIS2_PLACEMENT_3D('',#11843,#9385,#9386);
#8703=AXIS2_PLACEMENT_3D('',#11845,#9387,#9388);
#8704=AXIS2_PLACEMENT_3D('',#11865,#9393,#9394);
#8705=AXIS2_PLACEMENT_3D('',#11867,#9395,#9396);
#8706=AXIS2_PLACEMENT_3D('',#11887,#9401,#9402);
#8707=AXIS2_PLACEMENT_3D('',#11889,#9403,#9404);
#8708=AXIS2_PLACEMENT_3D('',#11927,#9415,#9416);
#8709=AXIS2_PLACEMENT_3D('',#11929,#9417,#9418);
#8710=AXIS2_PLACEMENT_3D('',#11949,#9423,#9424);
#8711=AXIS2_PLACEMENT_3D('',#11951,#9425,#9426);
#8712=AXIS2_PLACEMENT_3D('',#11971,#9431,#9432);
#8713=AXIS2_PLACEMENT_3D('',#11973,#9433,#9434);
#8714=AXIS2_PLACEMENT_3D('',#11993,#9439,#9440);
#8715=AXIS2_PLACEMENT_3D('',#11995,#9441,#9442);
#8716=AXIS2_PLACEMENT_3D('',#12015,#9447,#9448);
#8717=AXIS2_PLACEMENT_3D('',#12018,#9449,#9450);
#8718=AXIS2_PLACEMENT_3D('',#12019,#9451,#9452);
#8719=AXIS2_PLACEMENT_3D('',#12021,#9453,#9454);
#8720=AXIS2_PLACEMENT_3D('',#12059,#9465,#9466);
#8721=AXIS2_PLACEMENT_3D('',#12061,#9467,#9468);
#8722=AXIS2_PLACEMENT_3D('',#12081,#9473,#9474);
#8723=AXIS2_PLACEMENT_3D('',#12083,#9475,#9476);
#8724=AXIS2_PLACEMENT_3D('',#12085,#9477,#9478);
#8725=AXIS2_PLACEMENT_3D('',#12089,#9480,#9481);
#8726=AXIS2_PLACEMENT_3D('',#12107,#9485,#9486);
#8727=AXIS2_PLACEMENT_3D('',#12109,#9487,#9488);
#8728=AXIS2_PLACEMENT_3D('',#12129,#9493,#9494);
#8729=AXIS2_PLACEMENT_3D('',#12131,#9495,#9496);
#8730=AXIS2_PLACEMENT_3D('',#12151,#9501,#9502);
#8731=AXIS2_PLACEMENT_3D('',#12153,#9503,#9504);
#8732=AXIS2_PLACEMENT_3D('',#12191,#9515,#9516);
#8733=AXIS2_PLACEMENT_3D('',#12193,#9517,#9518);
#8734=AXIS2_PLACEMENT_3D('',#12219,#9523,#9524);
#8735=AXIS2_PLACEMENT_3D('',#12221,#9525,#9526);
#8736=AXIS2_PLACEMENT_3D('',#12223,#9527,#9528);
#8737=AXIS2_PLACEMENT_3D('',#12227,#9530,#9531);
#8738=AXIS2_PLACEMENT_3D('',#12245,#9535,#9536);
#8739=AXIS2_PLACEMENT_3D('',#12246,#9537,#9538);
#8740=AXIS2_PLACEMENT_3D('',#12255,#9539,#9540);
#8741=AXIS2_PLACEMENT_3D('',#12256,#9541,#9542);
#8742=AXIS2_PLACEMENT_3D('',#12265,#9543,#9544);
#8743=AXIS2_PLACEMENT_3D('',#12274,#9545,#9546);
#8744=AXIS2_PLACEMENT_3D('',#12280,#9547,#9548);
#8745=AXIS2_PLACEMENT_3D('',#12292,#9549,#9550);
#8746=AXIS2_PLACEMENT_3D('',#12298,#9551,#9552);
#8747=AXIS2_PLACEMENT_3D('',#12310,#9553,#9554);
#8748=AXIS2_PLACEMENT_3D('',#12316,#9555,#9556);
#8749=AXIS2_PLACEMENT_3D('',#12358,#9567,#9568);
#8750=AXIS2_PLACEMENT_3D('',#12359,#9569,#9570);
#8751=AXIS2_PLACEMENT_3D('',#12368,#9571,#9572);
#8752=AXIS2_PLACEMENT_3D('',#12369,#9573,#9574);
#8753=AXIS2_PLACEMENT_3D('',#12384,#9577,#9578);
#8754=AXIS2_PLACEMENT_3D('',#12385,#9579,#9580);
#8755=AXIS2_PLACEMENT_3D('',#12394,#9581,#9582);
#8756=AXIS2_PLACEMENT_3D('',#12403,#9583,#9584);
#8757=AXIS2_PLACEMENT_3D('',#12409,#9585,#9586);
#8758=AXIS2_PLACEMENT_3D('',#12421,#9587,#9588);
#8759=AXIS2_PLACEMENT_3D('',#12427,#9589,#9590);
#8760=AXIS2_PLACEMENT_3D('',#12439,#9591,#9592);
#8761=AXIS2_PLACEMENT_3D('',#12445,#9593,#9594);
#8762=AXIS2_PLACEMENT_3D('',#12487,#9605,#9606);
#8763=AXIS2_PLACEMENT_3D('',#12488,#9607,#9608);
#8764=AXIS2_PLACEMENT_3D('',#12497,#9609,#9610);
#8765=AXIS2_PLACEMENT_3D('',#12498,#9611,#9612);
#8766=AXIS2_PLACEMENT_3D('',#12513,#9615,#9616);
#8767=AXIS2_PLACEMENT_3D('',#12514,#9617,#9618);
#8768=AXIS2_PLACEMENT_3D('',#12523,#9619,#9620);
#8769=AXIS2_PLACEMENT_3D('',#12532,#9621,#9622);
#8770=AXIS2_PLACEMENT_3D('',#12538,#9623,#9624);
#8771=AXIS2_PLACEMENT_3D('',#12550,#9625,#9626);
#8772=AXIS2_PLACEMENT_3D('',#12556,#9627,#9628);
#8773=AXIS2_PLACEMENT_3D('',#12568,#9629,#9630);
#8774=AXIS2_PLACEMENT_3D('',#12574,#9631,#9632);
#8775=AXIS2_PLACEMENT_3D('',#12616,#9643,#9644);
#8776=AXIS2_PLACEMENT_3D('',#12617,#9645,#9646);
#8777=AXIS2_PLACEMENT_3D('',#12626,#9647,#9648);
#8778=AXIS2_PLACEMENT_3D('',#12627,#9649,#9650);
#8779=AXIS2_PLACEMENT_3D('',#12642,#9653,#9654);
#8780=AXIS2_PLACEMENT_3D('',#12643,#9655,#9656);
#8781=AXIS2_PLACEMENT_3D('',#12652,#9657,#9658);
#8782=AXIS2_PLACEMENT_3D('',#12661,#9659,#9660);
#8783=AXIS2_PLACEMENT_3D('',#12667,#9661,#9662);
#8784=AXIS2_PLACEMENT_3D('',#12679,#9663,#9664);
#8785=AXIS2_PLACEMENT_3D('',#12685,#9665,#9666);
#8786=AXIS2_PLACEMENT_3D('',#12697,#9667,#9668);
#8787=AXIS2_PLACEMENT_3D('',#12703,#9669,#9670);
#8788=AXIS2_PLACEMENT_3D('',#12745,#9681,#9682);
#8789=AXIS2_PLACEMENT_3D('',#12746,#9683,#9684);
#8790=AXIS2_PLACEMENT_3D('',#12755,#9685,#9686);
#8791=AXIS2_PLACEMENT_3D('',#12756,#9687,#9688);
#8792=AXIS2_PLACEMENT_3D('',#12771,#9691,#9692);
#8793=AXIS2_PLACEMENT_3D('',#12772,#9693,#9694);
#8794=AXIS2_PLACEMENT_3D('',#12781,#9695,#9696);
#8795=AXIS2_PLACEMENT_3D('',#12790,#9697,#9698);
#8796=AXIS2_PLACEMENT_3D('',#12796,#9699,#9700);
#8797=AXIS2_PLACEMENT_3D('',#12808,#9701,#9702);
#8798=AXIS2_PLACEMENT_3D('',#12814,#9703,#9704);
#8799=AXIS2_PLACEMENT_3D('',#12826,#9705,#9706);
#8800=AXIS2_PLACEMENT_3D('',#12832,#9707,#9708);
#8801=AXIS2_PLACEMENT_3D('',#12874,#9719,#9720);
#8802=AXIS2_PLACEMENT_3D('',#12875,#9721,#9722);
#8803=AXIS2_PLACEMENT_3D('',#12884,#9723,#9724);
#8804=AXIS2_PLACEMENT_3D('',#12885,#9725,#9726);
#8805=AXIS2_PLACEMENT_3D('',#12900,#9729,#9730);
#8806=AXIS2_PLACEMENT_3D('',#12901,#9731,#9732);
#8807=AXIS2_PLACEMENT_3D('',#12910,#9733,#9734);
#8808=AXIS2_PLACEMENT_3D('',#12919,#9735,#9736);
#8809=AXIS2_PLACEMENT_3D('',#12925,#9737,#9738);
#8810=AXIS2_PLACEMENT_3D('',#12937,#9739,#9740);
#8811=AXIS2_PLACEMENT_3D('',#12943,#9741,#9742);
#8812=AXIS2_PLACEMENT_3D('',#12955,#9743,#9744);
#8813=AXIS2_PLACEMENT_3D('',#12961,#9745,#9746);
#8814=AXIS2_PLACEMENT_3D('',#13003,#9757,#9758);
#8815=AXIS2_PLACEMENT_3D('',#13004,#9759,#9760);
#8816=AXIS2_PLACEMENT_3D('',#13013,#9761,#9762);
#8817=AXIS2_PLACEMENT_3D('',#13014,#9763,#9764);
#8818=AXIS2_PLACEMENT_3D('',#13029,#9767,#9768);
#8819=AXIS2_PLACEMENT_3D('',#13030,#9769,#9770);
#8820=AXIS2_PLACEMENT_3D('',#13039,#9771,#9772);
#8821=AXIS2_PLACEMENT_3D('',#13048,#9773,#9774);
#8822=AXIS2_PLACEMENT_3D('',#13054,#9775,#9776);
#8823=AXIS2_PLACEMENT_3D('',#13066,#9777,#9778);
#8824=AXIS2_PLACEMENT_3D('',#13072,#9779,#9780);
#8825=AXIS2_PLACEMENT_3D('',#13083,#9782,#9783);
#8826=AXIS2_PLACEMENT_3D('',#13089,#9784,#9785);
#8827=AXIS2_PLACEMENT_3D('',#13100,#9787,#9788);
#8828=AXIS2_PLACEMENT_3D('',#13106,#9789,#9790);
#8829=AXIS2_PLACEMENT_3D('',#13118,#9791,#9792);
#8830=AXIS2_PLACEMENT_3D('',#13124,#9793,#9794);
#8831=AXIS2_PLACEMENT_3D('',#13136,#9795,#9796);
#8832=AXIS2_PLACEMENT_3D('',#13142,#9797,#9798);
#8833=AXIS2_PLACEMENT_3D('',#13154,#9799,#9800);
#8834=AXIS2_PLACEMENT_3D('',#13160,#9801,#9802);
#8835=AXIS2_PLACEMENT_3D('',#13172,#9803,#9804);
#8836=AXIS2_PLACEMENT_3D('',#13178,#9805,#9806);
#8837=AXIS2_PLACEMENT_3D('',#13190,#9807,#9808);
#8838=AXIS2_PLACEMENT_3D('',#13196,#9809,#9810);
#8839=AXIS2_PLACEMENT_3D('',#13208,#9811,#9812);
#8840=AXIS2_PLACEMENT_3D('',#13214,#9813,#9814);
#8841=AXIS2_PLACEMENT_3D('',#13344,#9857,#9858);
#8842=AXIS2_PLACEMENT_3D('',#13345,#9859,#9860);
#8843=AXIS2_PLACEMENT_3D('',#13346,#9861,#9862);
#8844=AXIS2_PLACEMENT_3D('',#13347,#9863,#9864);
#8845=AXIS2_PLACEMENT_3D('',#13348,#9865,#9866);
#8846=AXIS2_PLACEMENT_3D('',#13349,#9867,#9868);
#8847=AXIS2_PLACEMENT_3D('',#13373,#9877,#9878);
#8848=AXIS2_PLACEMENT_3D('',#13417,#9899,#9900);
#8849=AXIS2_PLACEMENT_3D('',#13421,#9902,#9903);
#8850=AXIS2_PLACEMENT_3D('',#13423,#9904,#9905);
#8851=AXIS2_PLACEMENT_3D('',#13427,#9907,#9908);
#8852=AXIS2_PLACEMENT_3D('',#13429,#9909,#9910);
#8853=AXIS2_PLACEMENT_3D('',#13543,#9939,#9940);
#8854=AXIS2_PLACEMENT_3D('',#13544,#9941,#9942);
#8855=AXIS2_PLACEMENT_3D('',#13592,#9949,#9950);
#8856=AXIS2_PLACEMENT_3D('',#13601,#9951,#9952);
#8857=AXIS2_PLACEMENT_3D('',#13610,#9953,#9954);
#8858=AXIS2_PLACEMENT_3D('',#13619,#9955,#9956);
#8859=AXIS2_PLACEMENT_3D('',#13628,#9957,#9958);
#8860=AXIS2_PLACEMENT_3D('',#13637,#9959,#9960);
#8861=AXIS2_PLACEMENT_3D('',#13667,#9968,#9969);
#8862=AXIS2_PLACEMENT_3D('',#13672,#9971,#9972);
#8863=AXIS2_PLACEMENT_3D('',#13674,#9973,#9974);
#8864=AXIS2_PLACEMENT_3D('',#13678,#9976,#9977);
#8865=AXIS2_PLACEMENT_3D('',#13702,#9983,#9984);
#8866=AXIS2_PLACEMENT_3D('',#13703,#9985,#9986);
#8867=AXIS2_PLACEMENT_3D('',#13706,#9987,#9988);
#8868=AXIS2_PLACEMENT_3D('',#13707,#9989,#9990);
#8869=AXIS2_PLACEMENT_3D('',#13708,#9991,#9992);
#8870=AXIS2_PLACEMENT_3D('',#13711,#9993,#9994);
#8871=AXIS2_PLACEMENT_3D('',#13712,#9995,#9996);
#8872=AXIS2_PLACEMENT_3D('',#13713,#9997,#9998);
#8873=AXIS2_PLACEMENT_3D('',#13783,#10008,#10009);
#8874=AXIS2_PLACEMENT_3D('',#13785,#10010,#10011);
#8875=AXIS2_PLACEMENT_3D('',#13809,#10015,#10016);
#8876=AXIS2_PLACEMENT_3D('',#13811,#10017,#10018);
#8877=AXIS2_PLACEMENT_3D('',#13832,#10020,#10021);
#8878=AXIS2_PLACEMENT_3D('',#13834,#10022,#10023);
#8879=AXIS2_PLACEMENT_3D('',#13858,#10027,#10028);
#8880=AXIS2_PLACEMENT_3D('',#13860,#10029,#10030);
#8881=AXIS2_PLACEMENT_3D('',#13880,#10033,#10034);
#8882=AXIS2_PLACEMENT_3D('',#13899,#10035,#10036);
#8883=AXIS2_PLACEMENT_3D('',#13910,#10038,#10039);
#8884=AXIS2_PLACEMENT_3D('',#13929,#10040,#10041);
#8885=AXIS2_PLACEMENT_3D('',#13940,#10043,#10044);
#8886=AXIS2_PLACEMENT_3D('',#13953,#10045,#10046);
#8887=AXIS2_PLACEMENT_3D('',#13958,#10047,#10048);
#8888=AXIS2_PLACEMENT_3D('',#13967,#10049,#10050);
#8889=AXIS2_PLACEMENT_3D('',#13973,#10051,#10052);
#8890=AXIS2_PLACEMENT_3D('',#13997,#10057,#10058);
#8891=AXIS2_PLACEMENT_3D('',#13999,#10059,#10060);
#8892=AXIS2_PLACEMENT_3D('',#14001,#10061,#10062);
#8893=AXIS2_PLACEMENT_3D('',#14005,#10064,#10065);
#8894=AXIS2_PLACEMENT_3D('',#14023,#10069,#10070);
#8895=AXIS2_PLACEMENT_3D('',#14025,#10071,#10072);
#8896=AXIS2_PLACEMENT_3D('',#14063,#10083,#10084);
#8897=AXIS2_PLACEMENT_3D('',#14066,#10085,#10086);
#8898=AXIS2_PLACEMENT_3D('',#14067,#10087,#10088);
#8899=AXIS2_PLACEMENT_3D('',#14069,#10089,#10090);
#8900=AXIS2_PLACEMENT_3D('',#14089,#10095,#10096);
#8901=AXIS2_PLACEMENT_3D('',#14091,#10097,#10098);
#8902=AXIS2_PLACEMENT_3D('',#14111,#10103,#10104);
#8903=AXIS2_PLACEMENT_3D('',#14113,#10105,#10106);
#8904=AXIS2_PLACEMENT_3D('',#14133,#10111,#10112);
#8905=AXIS2_PLACEMENT_3D('',#14135,#10113,#10114);
#8906=AXIS2_PLACEMENT_3D('',#14155,#10119,#10120);
#8907=AXIS2_PLACEMENT_3D('',#14157,#10121,#10122);
#8908=AXIS2_PLACEMENT_3D('',#14195,#10133,#10134);
#8909=AXIS2_PLACEMENT_3D('',#14197,#10135,#10136);
#8910=AXIS2_PLACEMENT_3D('',#14217,#10141,#10142);
#8911=AXIS2_PLACEMENT_3D('',#14219,#10143,#10144);
#8912=AXIS2_PLACEMENT_3D('',#14239,#10149,#10150);
#8913=AXIS2_PLACEMENT_3D('',#14241,#10151,#10152);
#8914=AXIS2_PLACEMENT_3D('',#14261,#10157,#10158);
#8915=AXIS2_PLACEMENT_3D('',#14263,#10159,#10160);
#8916=AXIS2_PLACEMENT_3D('',#14283,#10165,#10166);
#8917=AXIS2_PLACEMENT_3D('',#14286,#10167,#10168);
#8918=AXIS2_PLACEMENT_3D('',#14287,#10169,#10170);
#8919=AXIS2_PLACEMENT_3D('',#14289,#10171,#10172);
#8920=AXIS2_PLACEMENT_3D('',#14327,#10183,#10184);
#8921=AXIS2_PLACEMENT_3D('',#14329,#10185,#10186);
#8922=AXIS2_PLACEMENT_3D('',#14349,#10191,#10192);
#8923=AXIS2_PLACEMENT_3D('',#14351,#10193,#10194);
#8924=AXIS2_PLACEMENT_3D('',#14353,#10195,#10196);
#8925=AXIS2_PLACEMENT_3D('',#14357,#10198,#10199);
#8926=AXIS2_PLACEMENT_3D('',#14375,#10203,#10204);
#8927=AXIS2_PLACEMENT_3D('',#14377,#10205,#10206);
#8928=AXIS2_PLACEMENT_3D('',#14397,#10211,#10212);
#8929=AXIS2_PLACEMENT_3D('',#14399,#10213,#10214);
#8930=AXIS2_PLACEMENT_3D('',#14419,#10219,#10220);
#8931=AXIS2_PLACEMENT_3D('',#14421,#10221,#10222);
#8932=AXIS2_PLACEMENT_3D('',#14459,#10233,#10234);
#8933=AXIS2_PLACEMENT_3D('',#14461,#10235,#10236);
#8934=AXIS2_PLACEMENT_3D('',#14487,#10241,#10242);
#8935=AXIS2_PLACEMENT_3D('',#14489,#10243,#10244);
#8936=AXIS2_PLACEMENT_3D('',#14491,#10245,#10246);
#8937=AXIS2_PLACEMENT_3D('',#14495,#10248,#10249);
#8938=AXIS2_PLACEMENT_3D('',#14513,#10253,#10254);
#8939=AXIS2_PLACEMENT_3D('',#14514,#10255,#10256);
#8940=AXIS2_PLACEMENT_3D('',#14523,#10257,#10258);
#8941=AXIS2_PLACEMENT_3D('',#14524,#10259,#10260);
#8942=AXIS2_PLACEMENT_3D('',#14533,#10261,#10262);
#8943=AXIS2_PLACEMENT_3D('',#14542,#10263,#10264);
#8944=AXIS2_PLACEMENT_3D('',#14548,#10265,#10266);
#8945=AXIS2_PLACEMENT_3D('',#14560,#10267,#10268);
#8946=AXIS2_PLACEMENT_3D('',#14566,#10269,#10270);
#8947=AXIS2_PLACEMENT_3D('',#14577,#10272,#10273);
#8948=AXIS2_PLACEMENT_3D('',#14583,#10274,#10275);
#8949=AXIS2_PLACEMENT_3D('',#14594,#10277,#10278);
#8950=AXIS2_PLACEMENT_3D('',#14600,#10279,#10280);
#8951=AXIS2_PLACEMENT_3D('',#14612,#10281,#10282);
#8952=AXIS2_PLACEMENT_3D('',#14618,#10283,#10284);
#8953=AXIS2_PLACEMENT_3D('',#14630,#10285,#10286);
#8954=AXIS2_PLACEMENT_3D('',#14636,#10287,#10288);
#8955=AXIS2_PLACEMENT_3D('',#14648,#10289,#10290);
#8956=AXIS2_PLACEMENT_3D('',#14654,#10291,#10292);
#8957=AXIS2_PLACEMENT_3D('',#14666,#10293,#10294);
#8958=AXIS2_PLACEMENT_3D('',#14672,#10295,#10296);
#8959=AXIS2_PLACEMENT_3D('',#14684,#10297,#10298);
#8960=AXIS2_PLACEMENT_3D('',#14690,#10299,#10300);
#8961=AXIS2_PLACEMENT_3D('',#14702,#10301,#10302);
#8962=AXIS2_PLACEMENT_3D('',#14708,#10303,#10304);
#8963=AXIS2_PLACEMENT_3D('',#14882,#10353,#10354);
#8964=AXIS2_PLACEMENT_3D('',#14886,#10356,#10357);
#8965=AXIS2_PLACEMENT_3D('',#14928,#10373,#10374);
#8966=AXIS2_PLACEMENT_3D('',#14929,#10375,#10376);
#8967=AXIS2_PLACEMENT_3D('',#14930,#10377,#10378);
#8968=AXIS2_PLACEMENT_3D('',#14931,#10379,#10380);
#8969=AXIS2_PLACEMENT_3D('',#14932,#10381,#10382);
#8970=AXIS2_PLACEMENT_3D('',#14933,#10383,#10384);
#8971=AXIS2_PLACEMENT_3D('',#14960,#10394,#10395);
#8972=AXIS2_PLACEMENT_3D('',#15055,#10424,#10425);
#8973=AXIS2_PLACEMENT_3D('',#15085,#10429,#10430);
#8974=AXIS2_PLACEMENT_3D('',#15086,#10431,#10432);
#8975=AXIS2_PLACEMENT_3D('',#15095,#10433,#10434);
#8976=AXIS2_PLACEMENT_3D('',#15104,#10435,#10436);
#8977=AXIS2_PLACEMENT_3D('',#15113,#10437,#10438);
#8978=AXIS2_PLACEMENT_3D('',#15122,#10439,#10440);
#8979=AXIS2_PLACEMENT_3D('',#15131,#10441,#10442);
#8980=AXIS2_PLACEMENT_3D('',#15175,#10459,#10460);
#8981=AXIS2_PLACEMENT_3D('',#15194,#10467,#10468);
#8982=AXIS2_PLACEMENT_3D('',#15196,#10469,#10470);
#8983=AXIS2_PLACEMENT_3D('',#15200,#10472,#10473);
#8984=AXIS2_PLACEMENT_3D('',#15217,#10479,#10480);
#8985=AXIS2_PLACEMENT_3D('',#15221,#10482,#10483);
#8986=AXIS2_PLACEMENT_3D('',#15223,#10484,#10485);
#8987=AXIS2_PLACEMENT_3D('',#15238,#10488,#10489);
#8988=AXIS2_PLACEMENT_3D('',#15239,#10490,#10491);
#8989=AXIS2_PLACEMENT_3D('',#15242,#10492,#10493);
#8990=AXIS2_PLACEMENT_3D('',#15243,#10494,#10495);
#8991=AXIS2_PLACEMENT_3D('',#15244,#10496,#10497);
#8992=AXIS2_PLACEMENT_3D('',#15246,#10498,#10499);
#8993=AXIS2_PLACEMENT_3D('',#15248,#10500,#10501);
#8994=AXIS2_PLACEMENT_3D('',#15249,#10502,#10503);
#8995=AXIS2_PLACEMENT_3D('',#15378,#10527,#10528);
#8996=AXIS2_PLACEMENT_3D('',#15380,#10529,#10530);
#8997=AXIS2_PLACEMENT_3D('',#15404,#10534,#10535);
#8998=AXIS2_PLACEMENT_3D('',#15432,#10539,#10540);
#8999=AXIS2_PLACEMENT_3D('',#15456,#10544,#10545);
#9000=AXIS2_PLACEMENT_3D('',#15458,#10546,#10547);
#9001=AXIS2_PLACEMENT_3D('',#15467,#10548,#10549);
#9002=AXIS2_PLACEMENT_3D('',#15480,#10550,#10551);
#9003=AXIS2_PLACEMENT_3D('',#15482,#10552,#10553);
#9004=AXIS2_PLACEMENT_3D('',#15510,#10555,#10556);
#9005=AXIS2_PLACEMENT_3D('',#15512,#10557,#10558);
#9006=AXIS2_PLACEMENT_3D('',#15540,#10560,#10561);
#9007=DIRECTION('',(0.,0.,1.));
#9008=DIRECTION('',(1.,0.,0.));
#9009=DIRECTION('',(0.,0.,1.));
#9010=DIRECTION('',(1.,0.,0.));
#9011=DIRECTION('',(0.,0.,1.));
#9012=DIRECTION('',(1.,0.,0.));
#9013=DIRECTION('',(0.,0.,1.));
#9014=DIRECTION('',(1.,0.,0.));
#9015=DIRECTION('',(0.,0.,1.));
#9016=DIRECTION('',(1.,0.,0.));
#9017=DIRECTION('',(0.,0.,1.));
#9018=DIRECTION('',(1.,0.,0.));
#9019=DIRECTION('',(0.,0.,1.));
#9020=DIRECTION('',(1.,0.,0.));
#9021=DIRECTION('',(0.,0.,1.));
#9022=DIRECTION('',(1.,0.,0.));
#9023=DIRECTION('',(0.,0.,1.));
#9024=DIRECTION('',(1.,0.,0.));
#9025=DIRECTION('',(0.,0.,1.));
#9026=DIRECTION('',(1.,0.,0.));
#9027=DIRECTION('',(0.,0.,1.));
#9028=DIRECTION('',(1.,0.,0.));
#9029=DIRECTION('',(0.,0.,1.));
#9030=DIRECTION('',(1.,0.,0.));
#9031=DIRECTION('',(0.,0.,1.));
#9032=DIRECTION('',(1.,0.,0.));
#9033=DIRECTION('',(0.,0.,1.));
#9034=DIRECTION('',(-0.366501226724294,0.930417567982026,0.));
#9035=DIRECTION('',(0.,0.,1.));
#9036=DIRECTION('',(-0.366501226724294,0.930417567982026,0.));
#9037=DIRECTION('',(0.,0.,1.));
#9038=DIRECTION('',(-0.930417567982026,-0.366501226724295,0.));
#9039=DIRECTION('',(0.,0.,1.));
#9040=DIRECTION('',(-0.930417567982026,-0.366501226724295,0.));
#9041=DIRECTION('',(0.,0.,1.));
#9042=DIRECTION('',(0.366501226724292,-0.930417567982027,0.));
#9043=DIRECTION('',(0.,0.,1.));
#9044=DIRECTION('',(0.366501226724292,-0.930417567982027,0.));
#9045=DIRECTION('',(0.,0.,1.));
#9046=DIRECTION('',(-0.930417567982026,-0.366501226724295,0.));
#9047=DIRECTION('',(0.,0.,1.));
#9048=DIRECTION('',(-0.930417567982026,-0.366501226724295,0.));
#9049=DIRECTION('',(-0.930417567982026,-0.366501226724295,0.));
#9050=DIRECTION('',(0.,0.,1.));
#9051=DIRECTION('',(1.,0.,0.));
#9052=DIRECTION('',(0.366501226724292,-0.930417567982027,0.));
#9053=DIRECTION('',(0.,0.,1.));
#9054=DIRECTION('',(1.,0.,0.));
#9055=DIRECTION('',(0.,0.,1.));
#9056=DIRECTION('',(1.,0.,0.));
#9057=DIRECTION('',(-0.930417567982026,-0.366501226724295,0.));
#9058=DIRECTION('',(0.,0.,1.));
#9059=DIRECTION('',(1.,0.,0.));
#9060=DIRECTION('',(-0.366501226724294,0.930417567982026,0.));
#9061=DIRECTION('',(0.,0.,1.));
#9062=DIRECTION('',(1.,0.,0.));
#9063=DIRECTION('',(0.461748613235039,-0.887010833178219,0.));
#9064=DIRECTION('',(0.999048221581858,-0.0436193873653321,0.));
#9065=DIRECTION('',(0.537299608346819,0.843391445812889,0.));
#9066=DIRECTION('',(-0.461748613235039,0.887010833178219,0.));
#9067=DIRECTION('',(-0.999048221581858,0.0436193873653293,0.));
#9068=DIRECTION('',(-0.537299608346819,-0.843391445812889,0.));
#9069=DIRECTION('',(0.461748613235033,-0.887010833178222,0.));
#9070=DIRECTION('',(0.999048221581858,-0.0436193873653368,0.));
#9071=DIRECTION('',(0.537299608346824,0.843391445812886,0.));
#9072=DIRECTION('',(-0.461748613235033,0.887010833178222,0.));
#9073=DIRECTION('',(-0.999048221581858,0.0436193873653365,0.));
#9074=DIRECTION('',(-0.537299608346825,-0.843391445812885,0.));
#9075=DIRECTION('',(0.461748613235039,-0.887010833178219,0.));
#9076=DIRECTION('',(0.999048221581858,-0.0436193873653321,0.));
#9077=DIRECTION('',(0.537299608346819,0.843391445812889,0.));
#9078=DIRECTION('',(-0.461748613235039,0.887010833178219,0.));
#9079=DIRECTION('',(-0.999048221581858,0.0436193873653319,0.));
#9080=DIRECTION('',(-0.537299608346819,-0.843391445812889,0.));
#9081=DIRECTION('',(0.366501226724292,-0.930417567982027,0.));
#9082=DIRECTION('',(0.,0.,1.));
#9083=DIRECTION('',(1.,0.,0.));
#9084=DIRECTION('',(-0.930417567982026,-0.366501226724295,0.));
#9085=DIRECTION('',(0.,0.,1.));
#9086=DIRECTION('',(1.,0.,0.));
#9087=DIRECTION('',(-0.366501226724294,0.930417567982026,0.));
#9088=DIRECTION('',(0.,0.,1.));
#9089=DIRECTION('',(1.,0.,0.));
#9090=DIRECTION('',(-0.930417567982026,-0.366501226724295,0.));
#9091=DIRECTION('',(0.,0.,1.));
#9092=DIRECTION('',(1.,0.,0.));
#9093=DIRECTION('',(0.,0.,1.));
#9094=DIRECTION('',(1.,0.,0.));
#9095=DIRECTION('',(0.,0.,-1.));
#9096=DIRECTION('',(0.999048221581858,-0.0436193873653321,0.));
#9097=DIRECTION('',(0.,0.,-1.));
#9098=DIRECTION('',(0.,0.,-1.));
#9099=DIRECTION('',(0.461748613235039,-0.887010833178219,0.));
#9100=DIRECTION('',(0.,0.,-1.));
#9101=DIRECTION('',(-0.537299608346819,-0.843391445812889,0.));
#9102=DIRECTION('',(0.,0.,-1.));
#9103=DIRECTION('',(-0.999048221581858,0.0436193873653319,0.));
#9104=DIRECTION('',(0.,0.,-1.));
#9105=DIRECTION('',(-0.461748613235039,0.887010833178219,0.));
#9106=DIRECTION('',(0.537299608346819,0.843391445812889,0.));
#9107=DIRECTION('',(0.,0.,-1.));
#9108=DIRECTION('',(0.999048221581858,-0.0436193873653368,0.));
#9109=DIRECTION('',(0.,0.,-1.));
#9110=DIRECTION('',(0.,0.,-1.));
#9111=DIRECTION('',(0.461748613235033,-0.887010833178222,0.));
#9112=DIRECTION('',(0.,0.,-1.));
#9113=DIRECTION('',(-0.537299608346825,-0.843391445812885,0.));
#9114=DIRECTION('',(0.,0.,-1.));
#9115=DIRECTION('',(-0.999048221581858,0.0436193873653365,0.));
#9116=DIRECTION('',(0.,0.,-1.));
#9117=DIRECTION('',(-0.461748613235033,0.887010833178222,0.));
#9118=DIRECTION('',(0.537299608346824,0.843391445812886,0.));
#9119=DIRECTION('',(0.,0.,-1.));
#9120=DIRECTION('',(0.999048221581858,-0.0436193873653321,0.));
#9121=DIRECTION('',(0.,0.,-1.));
#9122=DIRECTION('',(0.,0.,-1.));
#9123=DIRECTION('',(0.461748613235039,-0.887010833178219,0.));
#9124=DIRECTION('',(0.,0.,-1.));
#9125=DIRECTION('',(-0.537299608346819,-0.843391445812889,0.));
#9126=DIRECTION('',(0.,0.,-1.));
#9127=DIRECTION('',(-0.999048221581858,0.0436193873653293,0.));
#9128=DIRECTION('',(0.,0.,-1.));
#9129=DIRECTION('',(-0.461748613235039,0.887010833178219,0.));
#9130=DIRECTION('',(0.537299608346819,0.843391445812889,0.));
#9131=DIRECTION('',(0.,0.,1.));
#9132=DIRECTION('',(1.,0.,0.));
#9133=DIRECTION('',(0.,0.,1.));
#9134=DIRECTION('',(1.,0.,0.));
#9135=DIRECTION('',(0.,0.,1.));
#9136=DIRECTION('',(1.,0.,0.));
#9137=DIRECTION('',(0.,0.,1.));
#9138=DIRECTION('',(1.,0.,0.));
#9139=DIRECTION('',(0.,0.,1.));
#9140=DIRECTION('',(1.,0.,0.));
#9141=DIRECTION('',(0.,0.,1.));
#9142=DIRECTION('',(1.,0.,0.));
#9143=DIRECTION('',(0.,0.,1.));
#9144=DIRECTION('',(1.,0.,0.));
#9145=DIRECTION('',(0.,0.,1.));
#9146=DIRECTION('',(1.,0.,0.));
#9147=DIRECTION('',(0.,0.,1.));
#9148=DIRECTION('',(1.,0.,0.));
#9149=DIRECTION('',(0.,0.,1.));
#9150=DIRECTION('',(1.,0.,0.));
#9151=DIRECTION('',(0.930417567982027,0.366501226724292,9.07884673672314E-16));
#9152=DIRECTION('',(-0.366501226724292,0.930417567982027,0.));
#9153=DIRECTION('',(-0.366501226724298,0.930417567982025,0.));
#9154=DIRECTION('',(-0.930417567982025,-0.366501226724298,0.));
#9155=DIRECTION('',(-0.366501226724297,0.930417567982025,0.));
#9156=DIRECTION('',(-0.930417567982025,-0.366501226724297,0.));
#9157=DIRECTION('',(0.930417567982026,0.366501226724293,-7.00788841122844E-16));
#9158=DIRECTION('',(-0.366501226724293,0.930417567982026,0.));
#9159=DIRECTION('',(0.930417567982027,0.366501226724292,0.));
#9160=DIRECTION('',(-0.366501226724292,0.930417567982027,0.));
#9161=DIRECTION('',(-0.366501226724297,0.930417567982025,-4.23852187981958E-16));
#9162=DIRECTION('',(-0.930417567982025,-0.366501226724297,0.));
#9163=DIRECTION('',(0.930417567982027,0.366501226724292,0.));
#9164=DIRECTION('',(-0.366501226724292,0.930417567982027,0.));
#9165=DIRECTION('',(-0.366501226724289,0.930417567982028,-8.60809172074491E-15));
#9166=DIRECTION('',(-0.930417567982028,-0.366501226724289,0.));
#9167=DIRECTION('',(-0.366501226724297,0.930417567982025,-6.35778281972936E-16));
#9168=DIRECTION('',(-0.930417567982025,-0.366501226724297,0.));
#9169=DIRECTION('',(0.930417567982027,0.366501226724291,0.));
#9170=DIRECTION('',(-0.366501226724291,0.930417567982027,0.));
#9171=DIRECTION('',(0.930417567982026,0.366501226724293,0.));
#9172=DIRECTION('',(-0.366501226724293,0.930417567982026,0.));
#9173=DIRECTION('',(-0.366501226724297,0.930417567982025,1.69540875192783E-15));
#9174=DIRECTION('',(-0.930417567982025,-0.366501226724297,0.));
#9175=DIRECTION('',(-0.366501226724297,0.930417567982025,0.));
#9176=DIRECTION('',(-0.930417567982025,-0.366501226724297,0.));
#9177=DIRECTION('',(0.930417567982027,0.366501226724292,0.));
#9178=DIRECTION('',(-0.366501226724292,0.930417567982027,0.));
#9179=DIRECTION('',(-0.366501226724299,0.930417567982024,0.));
#9180=DIRECTION('',(-0.930417567982024,-0.366501226724299,0.));
#9181=DIRECTION('',(0.930417567982027,0.366501226724292,9.13228356516841E-16));
#9182=DIRECTION('',(-0.366501226724292,0.930417567982027,0.));
#9183=DIRECTION('',(0.,0.,1.));
#9184=DIRECTION('',(1.,0.,0.));
#9185=DIRECTION('',(0.,0.,1.));
#9186=DIRECTION('',(1.,0.,0.));
#9187=DIRECTION('',(0.,0.,1.));
#9188=DIRECTION('',(1.,0.,0.));
#9189=DIRECTION('',(0.,0.,1.));
#9190=DIRECTION('',(1.,0.,0.));
#9191=DIRECTION('',(0.,0.,1.));
#9192=DIRECTION('',(1.,0.,0.));
#9193=DIRECTION('',(0.,0.,1.));
#9194=DIRECTION('',(1.,0.,0.));
#9195=DIRECTION('',(0.,0.,1.));
#9196=DIRECTION('',(1.,0.,0.));
#9197=DIRECTION('',(0.,0.,1.));
#9198=DIRECTION('',(1.,0.,0.));
#9199=DIRECTION('',(0.,0.,1.));
#9200=DIRECTION('',(1.,0.,0.));
#9201=DIRECTION('',(0.,0.,1.));
#9202=DIRECTION('',(1.,0.,0.));
#9203=DIRECTION('',(0.,0.,1.));
#9204=DIRECTION('',(1.,0.,0.));
#9205=DIRECTION('',(0.,0.,1.));
#9206=DIRECTION('',(1.,0.,0.));
#9207=DIRECTION('',(0.,0.,1.));
#9208=DIRECTION('',(1.,0.,0.));
#9209=DIRECTION('',(0.,0.,1.));
#9210=DIRECTION('',(1.,0.,0.));
#9211=DIRECTION('',(0.,0.,1.));
#9212=DIRECTION('',(1.,0.,0.));
#9213=DIRECTION('',(0.,0.,1.));
#9214=DIRECTION('',(1.,0.,0.));
#9215=DIRECTION('',(0.,0.,1.));
#9216=DIRECTION('',(1.,0.,0.));
#9217=DIRECTION('',(0.,0.,1.));
#9218=DIRECTION('',(1.,0.,0.));
#9219=DIRECTION('',(0.,0.,1.));
#9220=DIRECTION('',(1.,0.,0.));
#9221=DIRECTION('',(0.,0.,-1.));
#9222=DIRECTION('',(0.930417567982024,-0.3665012267243,0.));
#9223=DIRECTION('',(0.,0.,-1.));
#9224=DIRECTION('',(0.930417567982024,-0.3665012267243,0.));
#9225=DIRECTION('',(0.,0.,-1.));
#9226=DIRECTION('',(0.366501226724301,0.930417567982023,0.));
#9227=DIRECTION('',(0.,0.,-1.));
#9228=DIRECTION('',(0.366501226724301,0.930417567982023,0.));
#9229=DIRECTION('',(0.,0.,-1.));
#9230=DIRECTION('',(-0.930417567982023,0.366501226724302,0.));
#9231=DIRECTION('',(0.,0.,-1.));
#9232=DIRECTION('',(-0.930417567982023,0.366501226724302,0.));
#9233=DIRECTION('',(0.,0.,-1.));
#9234=DIRECTION('',(0.366501226724301,0.930417567982023,0.));
#9235=DIRECTION('',(0.,0.,-1.));
#9236=DIRECTION('',(0.366501226724301,0.930417567982023,0.));
#9237=DIRECTION('',(0.366501226724301,0.930417567982023,0.));
#9238=DIRECTION('',(0.,0.,1.));
#9239=DIRECTION('',(1.,0.,0.));
#9240=DIRECTION('',(-0.930417567982023,0.366501226724302,0.));
#9241=DIRECTION('',(0.,0.,1.));
#9242=DIRECTION('',(1.,0.,0.));
#9243=DIRECTION('',(0.366501226724301,0.930417567982023,0.));
#9244=DIRECTION('',(0.,0.,1.));
#9245=DIRECTION('',(1.,0.,0.));
#9246=DIRECTION('',(0.,0.,1.));
#9247=DIRECTION('',(1.,0.,0.));
#9248=DIRECTION('',(0.930417567982024,-0.3665012267243,0.));
#9249=DIRECTION('',(0.,0.,1.));
#9250=DIRECTION('',(1.,0.,0.));
#9251=DIRECTION('',(0.,0.,1.));
#9252=DIRECTION('',(1.,0.,0.));
#9253=DIRECTION('',(0.,0.,1.));
#9254=DIRECTION('',(1.,0.,0.));
#9255=DIRECTION('',(0.,0.,1.));
#9256=DIRECTION('',(1.,0.,0.));
#9257=DIRECTION('',(0.366501226724301,0.930417567982023,0.));
#9258=DIRECTION('',(0.,0.,1.));
#9259=DIRECTION('',(1.,0.,0.));
#9260=DIRECTION('',(-0.930417567982023,0.366501226724302,0.));
#9261=DIRECTION('',(0.,0.,1.));
#9262=DIRECTION('',(1.,0.,0.));
#9263=DIRECTION('',(0.366501226724301,0.930417567982023,0.));
#9264=DIRECTION('',(0.,0.,1.));
#9265=DIRECTION('',(1.,0.,0.));
#9266=DIRECTION('',(0.930417567982024,-0.3665012267243,0.));
#9267=DIRECTION('',(0.,0.,1.));
#9268=DIRECTION('',(1.,0.,0.));
#9269=DIRECTION('',(0.,0.,1.));
#9270=DIRECTION('',(1.,0.,0.));
#9271=DIRECTION('',(0.,0.,1.));
#9272=DIRECTION('',(1.,0.,0.));
#9273=DIRECTION('',(0.,0.,1.));
#9274=DIRECTION('',(1.,0.,0.));
#9275=DIRECTION('',(0.,0.,1.));
#9276=DIRECTION('',(1.,0.,0.));
#9277=DIRECTION('',(0.,0.,1.));
#9278=DIRECTION('',(1.,0.,0.));
#9279=DIRECTION('',(0.,0.,1.));
#9280=DIRECTION('',(1.,0.,0.));
#9281=DIRECTION('',(0.,0.,1.));
#9282=DIRECTION('',(1.,0.,0.));
#9283=DIRECTION('',(0.,0.,1.));
#9284=DIRECTION('',(1.,0.,0.));
#9285=DIRECTION('',(0.,0.,1.));
#9286=DIRECTION('',(1.,0.,0.));
#9287=DIRECTION('',(0.,0.,1.));
#9288=DIRECTION('',(1.,0.,0.));
#9289=DIRECTION('',(0.,0.,1.));
#9290=DIRECTION('',(1.,0.,0.));
#9291=DIRECTION('',(0.,0.,1.));
#9292=DIRECTION('',(1.,0.,0.));
#9293=DIRECTION('',(0.,0.,1.));
#9294=DIRECTION('',(1.,0.,0.));
#9295=DIRECTION('',(0.,0.,1.));
#9296=DIRECTION('',(1.,0.,0.));
#9297=DIRECTION('',(-0.366501226724298,-0.930417567982024,-2.11926093990979E-16));
#9298=DIRECTION('',(0.930417567982024,-0.366501226724298,0.));
#9299=DIRECTION('',(0.930417567982023,-0.366501226724303,0.));
#9300=DIRECTION('',(0.366501226724303,0.930417567982023,0.));
#9301=DIRECTION('',(0.930417567982023,-0.366501226724301,0.));
#9302=DIRECTION('',(0.366501226724301,0.930417567982023,0.));
#9303=DIRECTION('',(-0.366501226724297,-0.930417567982025,1.69540875192783E-15));
#9304=DIRECTION('',(0.930417567982025,-0.366501226724297,0.));
#9305=DIRECTION('',(-0.366501226724297,-0.930417567982025,0.));
#9306=DIRECTION('',(0.930417567982025,-0.366501226724297,0.));
#9307=DIRECTION('',(0.930417567982022,-0.366501226724303,0.));
#9308=DIRECTION('',(0.366501226724303,0.930417567982022,0.));
#9309=DIRECTION('',(-0.3665012267243,-0.930417567982023,0.));
#9310=DIRECTION('',(0.930417567982023,-0.3665012267243,0.));
#9311=DIRECTION('',(0.930417567982022,-0.366501226724303,0.));
#9312=DIRECTION('',(0.366501226724303,0.930417567982023,0.));
#9313=DIRECTION('',(-0.366501226724298,-0.930417567982024,-6.35778281972938E-16));
#9314=DIRECTION('',(0.930417567982024,-0.366501226724298,0.));
#9315=DIRECTION('',(-0.930417567982023,0.366501226724302,0.));
#9316=DIRECTION('',(-0.366501226724302,-0.930417567982023,0.));
#9317=DIRECTION('',(-0.930417567982023,0.366501226724301,0.));
#9318=DIRECTION('',(-0.366501226724301,-0.930417567982023,0.));
#9319=DIRECTION('',(-0.366501226724297,-0.930417567982025,1.69540875192783E-15));
#9320=DIRECTION('',(0.930417567982025,-0.366501226724297,0.));
#9321=DIRECTION('',(-0.366501226724298,-0.930417567982025,0.));
#9322=DIRECTION('',(0.930417567982025,-0.366501226724298,0.));
#9323=DIRECTION('',(-0.930417567982022,0.366501226724303,0.));
#9324=DIRECTION('',(-0.366501226724303,-0.930417567982022,0.));
#9325=DIRECTION('',(-0.366501226724299,-0.930417567982024,0.));
#9326=DIRECTION('',(0.930417567982024,-0.366501226724299,0.));
#9327=DIRECTION('',(-0.930417567982022,0.366501226724303,0.));
#9328=DIRECTION('',(-0.366501226724303,-0.930417567982022,0.));
#9329=DIRECTION('',(0.,0.,1.));
#9330=DIRECTION('',(1.,0.,0.));
#9331=DIRECTION('',(1.,0.,0.));
#9332=DIRECTION('',(0.,0.,-1.));
#9333=DIRECTION('',(1.,0.,0.));
#9334=DIRECTION('',(0.,0.,-1.));
#9335=DIRECTION('',(0.,0.,1.));
#9336=DIRECTION('',(1.,0.,0.));
#9337=DIRECTION('',(0.,0.,1.));
#9338=DIRECTION('',(1.,0.,0.));
#9339=DIRECTION('',(1.,0.,0.));
#9340=DIRECTION('',(0.,0.,-1.));
#9341=DIRECTION('',(1.,0.,0.));
#9342=DIRECTION('',(0.,0.,-1.));
#9343=DIRECTION('',(1.,0.,0.));
#9344=DIRECTION('',(0.,0.,-1.));
#9345=DIRECTION('',(1.,0.,0.));
#9346=DIRECTION('',(1.,0.,0.));
#9347=DIRECTION('',(0.,0.,-1.));
#9348=DIRECTION('',(0.,0.,-1.));
#9349=DIRECTION('',(0.,0.,-1.));
#9350=DIRECTION('',(1.,0.,0.));
#9351=DIRECTION('',(1.,0.,0.));
#9352=DIRECTION('',(0.,0.,-1.));
#9353=DIRECTION('',(1.,0.,0.));
#9354=DIRECTION('',(0.,0.,-1.));
#9355=DIRECTION('',(1.,0.,0.));
#9356=DIRECTION('',(0.,0.707106781186549,-0.707106781186546));
#9357=DIRECTION('',(0.,0.707106781186549,-0.707106781186546));
#9358=DIRECTION('',(1.,0.,0.));
#9359=DIRECTION('',(0.,0.,1.));
#9360=DIRECTION('',(0.,0.,1.));
#9361=DIRECTION('',(1.,0.,0.));
#9362=DIRECTION('',(0.,0.707106781186546,0.707106781186549));
#9363=DIRECTION('',(0.,0.707106781186546,0.707106781186549));
#9364=DIRECTION('',(1.,0.,0.));
#9365=DIRECTION('',(1.,0.,0.));
#9366=DIRECTION('',(0.,0.,-1.));
#9367=DIRECTION('',(1.,0.,0.));
#9368=DIRECTION('',(0.,0.,-1.));
#9369=DIRECTION('',(1.,0.,0.));
#9370=DIRECTION('',(0.,0.,-1.));
#9371=DIRECTION('',(1.,0.,0.));
#9372=DIRECTION('',(0.,0.,-1.));
#9373=DIRECTION('',(1.,0.,0.));
#9374=DIRECTION('',(0.,0.,1.));
#9375=DIRECTION('',(0.,0.,1.));
#9376=DIRECTION('',(1.,0.,0.));
#9377=DIRECTION('',(1.,0.,0.));
#9378=DIRECTION('',(0.,0.,-1.));
#9379=DIRECTION('',(1.,0.,0.));
#9380=DIRECTION('',(0.,0.,-1.));
#9381=DIRECTION('',(1.,0.,0.));
#9382=DIRECTION('',(0.,0.,1.));
#9383=DIRECTION('',(0.,0.,1.));
#9384=DIRECTION('',(1.,0.,0.));
#9385=DIRECTION('',(1.,0.,0.));
#9386=DIRECTION('',(0.,0.,-1.));
#9387=DIRECTION('',(1.,0.,0.));
#9388=DIRECTION('',(0.,0.,-1.));
#9389=DIRECTION('',(1.,0.,0.));
#9390=DIRECTION('',(0.,-1.,0.));
#9391=DIRECTION('',(0.,-1.,0.));
#9392=DIRECTION('',(1.,0.,0.));
#9393=DIRECTION('',(1.,0.,0.));
#9394=DIRECTION('',(0.,0.,-1.));
#9395=DIRECTION('',(1.,0.,0.));
#9396=DIRECTION('',(0.,0.,-1.));
#9397=DIRECTION('',(1.,0.,0.));
#9398=DIRECTION('',(0.,1.,0.));
#9399=DIRECTION('',(0.,1.,0.));
#9400=DIRECTION('',(1.,0.,0.));
#9401=DIRECTION('',(1.,0.,0.));
#9402=DIRECTION('',(0.,0.,-1.));
#9403=DIRECTION('',(1.,0.,0.));
#9404=DIRECTION('',(0.,0.,-1.));
#9405=DIRECTION('',(1.,0.,0.));
#9406=DIRECTION('',(0.,0.707106781186546,0.707106781186549));
#9407=DIRECTION('',(0.,0.707106781186546,0.707106781186549));
#9408=DIRECTION('',(1.,0.,0.));
#9409=DIRECTION('',(0.,-1.,0.));
#9410=DIRECTION('',(0.,-1.,0.));
#9411=DIRECTION('',(1.,0.,0.));
#9412=DIRECTION('',(0.,-0.707106781186549,0.707106781186546));
#9413=DIRECTION('',(0.,-0.707106781186549,0.707106781186546));
#9414=DIRECTION('',(1.,0.,0.));
#9415=DIRECTION('',(1.,0.,0.));
#9416=DIRECTION('',(0.,0.,-1.));
#9417=DIRECTION('',(1.,0.,0.));
#9418=DIRECTION('',(0.,0.,-1.));
#9419=DIRECTION('',(1.,0.,0.));
#9420=DIRECTION('',(0.,-1.,0.));
#9421=DIRECTION('',(0.,-1.,0.));
#9422=DIRECTION('',(1.,0.,0.));
#9423=DIRECTION('',(1.,0.,0.));
#9424=DIRECTION('',(0.,0.,-1.));
#9425=DIRECTION('',(1.,0.,0.));
#9426=DIRECTION('',(0.,0.,-1.));
#9427=DIRECTION('',(1.,0.,0.));
#9428=DIRECTION('',(0.,-1.,0.));
#9429=DIRECTION('',(0.,-1.,0.));
#9430=DIRECTION('',(1.,0.,0.));
#9431=DIRECTION('',(1.,0.,0.));
#9432=DIRECTION('',(0.,0.,-1.));
#9433=DIRECTION('',(1.,0.,0.));
#9434=DIRECTION('',(0.,0.,-1.));
#9435=DIRECTION('',(1.,0.,0.));
#9436=DIRECTION('',(0.,0.,1.));
#9437=DIRECTION('',(0.,0.,1.));
#9438=DIRECTION('',(1.,0.,0.));
#9439=DIRECTION('',(1.,0.,0.));
#9440=DIRECTION('',(0.,0.,-1.));
#9441=DIRECTION('',(1.,0.,0.));
#9442=DIRECTION('',(0.,0.,-1.));
#9443=DIRECTION('',(1.,0.,0.));
#9444=DIRECTION('',(0.,0.,1.));
#9445=DIRECTION('',(0.,0.,1.));
#9446=DIRECTION('',(1.,0.,0.));
#9447=DIRECTION('',(1.,0.,0.));
#9448=DIRECTION('',(0.,0.,-1.));
#9449=DIRECTION('',(1.,0.,0.));
#9450=DIRECTION('',(0.,0.,-1.));
#9451=DIRECTION('',(1.,0.,0.));
#9452=DIRECTION('',(0.,0.,-1.));
#9453=DIRECTION('',(1.,0.,0.));
#9454=DIRECTION('',(0.,0.,-1.));
#9455=DIRECTION('',(1.,0.,0.));
#9456=DIRECTION('',(0.,-0.70710678118655,0.707106781186545));
#9457=DIRECTION('',(0.,-0.70710678118655,0.707106781186545));
#9458=DIRECTION('',(1.,0.,0.));
#9459=DIRECTION('',(0.,0.,1.));
#9460=DIRECTION('',(0.,0.,1.));
#9461=DIRECTION('',(1.,0.,0.));
#9462=DIRECTION('',(0.,-0.707106781186546,-0.70710678118655));
#9463=DIRECTION('',(0.,-0.707106781186546,-0.70710678118655));
#9464=DIRECTION('',(1.,0.,0.));
#9465=DIRECTION('',(1.,0.,0.));
#9466=DIRECTION('',(0.,0.,-1.));
#9467=DIRECTION('',(1.,0.,0.));
#9468=DIRECTION('',(0.,0.,-1.));
#9469=DIRECTION('',(1.,0.,0.));
#9470=DIRECTION('',(0.,0.,-1.));
#9471=DIRECTION('',(0.,0.,-1.));
#9472=DIRECTION('',(1.,0.,0.));
#9473=DIRECTION('',(1.,0.,0.));
#9474=DIRECTION('',(0.,0.,-1.));
#9475=DIRECTION('',(1.,0.,0.));
#9476=DIRECTION('',(0.,0.,-1.));
#9477=DIRECTION('',(1.,0.,0.));
#9478=DIRECTION('',(0.,0.,-1.));
#9479=DIRECTION('',(1.,0.,0.));
#9480=DIRECTION('',(1.,0.,0.));
#9481=DIRECTION('',(0.,0.,-1.));
#9482=DIRECTION('',(0.,0.,1.));
#9483=DIRECTION('',(0.,0.,1.));
#9484=DIRECTION('',(1.,0.,0.));
#9485=DIRECTION('',(1.,0.,0.));
#9486=DIRECTION('',(0.,0.,-1.));
#9487=DIRECTION('',(1.,0.,0.));
#9488=DIRECTION('',(0.,0.,-1.));
#9489=DIRECTION('',(1.,0.,0.));
#9490=DIRECTION('',(0.,-1.,0.));
#9491=DIRECTION('',(0.,-1.,0.));
#9492=DIRECTION('',(1.,0.,0.));
#9493=DIRECTION('',(1.,0.,0.));
#9494=DIRECTION('',(0.,0.,-1.));
#9495=DIRECTION('',(1.,0.,0.));
#9496=DIRECTION('',(0.,0.,-1.));
#9497=DIRECTION('',(1.,0.,0.));
#9498=DIRECTION('',(0.,-1.,0.));
#9499=DIRECTION('',(0.,-1.,0.));
#9500=DIRECTION('',(1.,0.,0.));
#9501=DIRECTION('',(1.,0.,0.));
#9502=DIRECTION('',(0.,0.,-1.));
#9503=DIRECTION('',(1.,0.,0.));
#9504=DIRECTION('',(0.,0.,-1.));
#9505=DIRECTION('',(1.,0.,0.));
#9506=DIRECTION('',(0.,-0.707106781186546,-0.70710678118655));
#9507=DIRECTION('',(0.,-0.707106781186546,-0.70710678118655));
#9508=DIRECTION('',(1.,0.,0.));
#9509=DIRECTION('',(0.,-1.,0.));
#9510=DIRECTION('',(0.,-1.,0.));
#9511=DIRECTION('',(1.,0.,0.));
#9512=DIRECTION('',(0.,0.70710678118655,-0.707106781186546));
#9513=DIRECTION('',(0.,0.70710678118655,-0.707106781186546));
#9514=DIRECTION('',(1.,0.,0.));
#9515=DIRECTION('',(1.,0.,0.));
#9516=DIRECTION('',(0.,0.,-1.));
#9517=DIRECTION('',(1.,0.,0.));
#9518=DIRECTION('',(0.,0.,-1.));
#9519=DIRECTION('',(1.,0.,0.));
#9520=DIRECTION('',(0.,1.,0.));
#9521=DIRECTION('',(0.,1.,0.));
#9522=DIRECTION('',(1.,0.,0.));
#9523=DIRECTION('',(1.,0.,0.));
#9524=DIRECTION('',(0.,0.,-1.));
#9525=DIRECTION('',(1.,0.,0.));
#9526=DIRECTION('',(0.,0.,-1.));
#9527=DIRECTION('',(1.,0.,0.));
#9528=DIRECTION('',(0.,0.,-1.));
#9529=DIRECTION('',(1.,0.,0.));
#9530=DIRECTION('',(1.,0.,0.));
#9531=DIRECTION('',(0.,0.,-1.));
#9532=DIRECTION('',(0.,-1.,3.46071431618408E-16));
#9533=DIRECTION('',(0.,-1.,3.46071431618408E-16));
#9534=DIRECTION('',(1.,0.,0.));
#9535=DIRECTION('',(1.,0.,0.));
#9536=DIRECTION('',(0.,0.,-1.));
#9537=DIRECTION('',(1.,0.,0.));
#9538=DIRECTION('',(0.,0.,-1.));
#9539=DIRECTION('',(1.,0.,0.));
#9540=DIRECTION('',(0.,0.,-1.));
#9541=DIRECTION('',(1.,0.,0.));
#9542=DIRECTION('',(0.,0.,-1.));
#9543=DIRECTION('',(0.,0.,1.));
#9544=DIRECTION('',(1.,0.,0.));
#9545=DIRECTION('',(0.,0.,1.));
#9546=DIRECTION('',(1.,0.,0.));
#9547=DIRECTION('',(0.,0.,1.));
#9548=DIRECTION('',(1.,0.,0.));
#9549=DIRECTION('',(0.,0.,1.));
#9550=DIRECTION('',(1.,0.,0.));
#9551=DIRECTION('',(0.,0.,1.));
#9552=DIRECTION('',(1.,0.,0.));
#9553=DIRECTION('',(0.,0.,1.));
#9554=DIRECTION('',(1.,0.,0.));
#9555=DIRECTION('',(0.,0.,1.));
#9556=DIRECTION('',(1.,0.,0.));
#9557=DIRECTION('',(-0.930417567982026,-0.366501226724294,0.));
#9558=DIRECTION('',(0.,0.,1.));
#9559=DIRECTION('',(-0.930417567982026,-0.366501226724294,0.));
#9560=DIRECTION('',(0.,0.,1.));
#9561=DIRECTION('',(0.366501226724293,-0.930417567982026,0.));
#9562=DIRECTION('',(0.366501226724293,-0.930417567982026,0.));
#9563=DIRECTION('',(0.,0.,1.));
#9564=DIRECTION('',(-0.930417567982025,-0.366501226724296,0.));
#9565=DIRECTION('',(-0.930417567982025,-0.366501226724296,0.));
#9566=DIRECTION('',(0.,0.,1.));
#9567=DIRECTION('',(0.,0.,1.));
#9568=DIRECTION('',(1.,0.,0.));
#9569=DIRECTION('',(0.,0.,1.));
#9570=DIRECTION('',(1.,0.,0.));
#9571=DIRECTION('',(0.,0.,1.));
#9572=DIRECTION('',(1.,0.,0.));
#9573=DIRECTION('',(0.,0.,1.));
#9574=DIRECTION('',(1.,0.,0.));
#9575=DIRECTION('',(-0.366501226724295,0.930417567982026,0.));
#9576=DIRECTION('',(-0.366501226724295,0.930417567982026,0.));
#9577=DIRECTION('',(0.,0.,1.));
#9578=DIRECTION('',(1.,0.,0.));
#9579=DIRECTION('',(0.,0.,1.));
#9580=DIRECTION('',(1.,0.,0.));
#9581=DIRECTION('',(0.,0.,1.));
#9582=DIRECTION('',(1.,0.,0.));
#9583=DIRECTION('',(0.,0.,1.));
#9584=DIRECTION('',(1.,0.,0.));
#9585=DIRECTION('',(0.,0.,1.));
#9586=DIRECTION('',(1.,0.,0.));
#9587=DIRECTION('',(0.,0.,1.));
#9588=DIRECTION('',(1.,0.,0.));
#9589=DIRECTION('',(0.,0.,1.));
#9590=DIRECTION('',(1.,0.,0.));
#9591=DIRECTION('',(0.,0.,1.));
#9592=DIRECTION('',(1.,0.,0.));
#9593=DIRECTION('',(0.,0.,1.));
#9594=DIRECTION('',(1.,0.,0.));
#9595=DIRECTION('',(0.930417567982027,0.366501226724292,0.));
#9596=DIRECTION('',(0.,0.,1.));
#9597=DIRECTION('',(0.930417567982027,0.366501226724292,0.));
#9598=DIRECTION('',(0.,0.,1.));
#9599=DIRECTION('',(0.366501226724294,-0.930417567982026,0.));
#9600=DIRECTION('',(0.366501226724294,-0.930417567982026,0.));
#9601=DIRECTION('',(0.,0.,1.));
#9602=DIRECTION('',(0.930417567982026,0.366501226724293,0.));
#9603=DIRECTION('',(0.930417567982026,0.366501226724293,0.));
#9604=DIRECTION('',(0.,0.,1.));
#9605=DIRECTION('',(0.,0.,1.));
#9606=DIRECTION('',(1.,0.,0.));
#9607=DIRECTION('',(0.,0.,1.));
#9608=DIRECTION('',(1.,0.,0.));
#9609=DIRECTION('',(0.,0.,1.));
#9610=DIRECTION('',(1.,0.,0.));
#9611=DIRECTION('',(0.,0.,1.));
#9612=DIRECTION('',(1.,0.,0.));
#9613=DIRECTION('',(0.366501226724294,-0.930417567982026,0.));
#9614=DIRECTION('',(0.366501226724294,-0.930417567982026,0.));
#9615=DIRECTION('',(0.,0.,1.));
#9616=DIRECTION('',(1.,0.,0.));
#9617=DIRECTION('',(0.,0.,1.));
#9618=DIRECTION('',(1.,0.,0.));
#9619=DIRECTION('',(0.,0.,1.));
#9620=DIRECTION('',(1.,0.,0.));
#9621=DIRECTION('',(0.,0.,1.));
#9622=DIRECTION('',(1.,0.,0.));
#9623=DIRECTION('',(0.,0.,1.));
#9624=DIRECTION('',(1.,0.,0.));
#9625=DIRECTION('',(0.,0.,1.));
#9626=DIRECTION('',(1.,0.,0.));
#9627=DIRECTION('',(0.,0.,1.));
#9628=DIRECTION('',(1.,0.,0.));
#9629=DIRECTION('',(0.,0.,1.));
#9630=DIRECTION('',(1.,0.,0.));
#9631=DIRECTION('',(0.,0.,1.));
#9632=DIRECTION('',(1.,0.,0.));
#9633=DIRECTION('',(-0.930417567982026,-0.366501226724294,0.));
#9634=DIRECTION('',(0.,0.,1.));
#9635=DIRECTION('',(-0.930417567982026,-0.366501226724294,0.));
#9636=DIRECTION('',(0.,0.,1.));
#9637=DIRECTION('',(-0.366501226724294,0.930417567982026,0.));
#9638=DIRECTION('',(-0.366501226724294,0.930417567982026,0.));
#9639=DIRECTION('',(0.,0.,1.));
#9640=DIRECTION('',(-0.930417567982026,-0.366501226724294,0.));
#9641=DIRECTION('',(-0.930417567982026,-0.366501226724294,0.));
#9642=DIRECTION('',(0.,0.,1.));
#9643=DIRECTION('',(0.,0.,1.));
#9644=DIRECTION('',(1.,0.,0.));
#9645=DIRECTION('',(0.,0.,1.));
#9646=DIRECTION('',(1.,0.,0.));
#9647=DIRECTION('',(0.,0.,1.));
#9648=DIRECTION('',(1.,0.,0.));
#9649=DIRECTION('',(0.,0.,1.));
#9650=DIRECTION('',(1.,0.,0.));
#9651=DIRECTION('',(0.366501226724294,-0.930417567982026,0.));
#9652=DIRECTION('',(0.366501226724294,-0.930417567982026,0.));
#9653=DIRECTION('',(0.,0.,1.));
#9654=DIRECTION('',(1.,0.,0.));
#9655=DIRECTION('',(0.,0.,1.));
#9656=DIRECTION('',(1.,0.,0.));
#9657=DIRECTION('',(0.,0.,1.));
#9658=DIRECTION('',(1.,0.,0.));
#9659=DIRECTION('',(0.,0.,1.));
#9660=DIRECTION('',(1.,0.,0.));
#9661=DIRECTION('',(0.,0.,1.));
#9662=DIRECTION('',(1.,0.,0.));
#9663=DIRECTION('',(0.,0.,1.));
#9664=DIRECTION('',(1.,0.,0.));
#9665=DIRECTION('',(0.,0.,1.));
#9666=DIRECTION('',(1.,0.,0.));
#9667=DIRECTION('',(0.,0.,1.));
#9668=DIRECTION('',(1.,0.,0.));
#9669=DIRECTION('',(0.,0.,1.));
#9670=DIRECTION('',(1.,0.,0.));
#9671=DIRECTION('',(0.930417567982023,-0.3665012267243,0.));
#9672=DIRECTION('',(0.,0.,-1.));
#9673=DIRECTION('',(0.930417567982023,-0.3665012267243,0.));
#9674=DIRECTION('',(0.,0.,-1.));
#9675=DIRECTION('',(0.366501226724301,0.930417567982023,0.));
#9676=DIRECTION('',(0.,0.,-1.));
#9677=DIRECTION('',(0.366501226724301,0.930417567982023,0.));
#9678=DIRECTION('',(-0.930417567982023,0.366501226724301,0.));
#9679=DIRECTION('',(0.,0.,-1.));
#9680=DIRECTION('',(-0.930417567982023,0.366501226724301,0.));
#9681=DIRECTION('',(0.,0.,1.));
#9682=DIRECTION('',(1.,0.,0.));
#9683=DIRECTION('',(0.,0.,1.));
#9684=DIRECTION('',(1.,0.,0.));
#9685=DIRECTION('',(0.,0.,1.));
#9686=DIRECTION('',(1.,0.,0.));
#9687=DIRECTION('',(0.,0.,1.));
#9688=DIRECTION('',(1.,0.,0.));
#9689=DIRECTION('',(0.3665012267243,0.930417567982024,0.));
#9690=DIRECTION('',(0.3665012267243,0.930417567982024,0.));
#9691=DIRECTION('',(0.,0.,1.));
#9692=DIRECTION('',(1.,0.,0.));
#9693=DIRECTION('',(0.,0.,1.));
#9694=DIRECTION('',(1.,0.,0.));
#9695=DIRECTION('',(0.,0.,1.));
#9696=DIRECTION('',(1.,0.,0.));
#9697=DIRECTION('',(0.,0.,1.));
#9698=DIRECTION('',(1.,0.,0.));
#9699=DIRECTION('',(0.,0.,1.));
#9700=DIRECTION('',(1.,0.,0.));
#9701=DIRECTION('',(0.,0.,1.));
#9702=DIRECTION('',(1.,0.,0.));
#9703=DIRECTION('',(0.,0.,1.));
#9704=DIRECTION('',(1.,0.,0.));
#9705=DIRECTION('',(0.,0.,1.));
#9706=DIRECTION('',(1.,0.,0.));
#9707=DIRECTION('',(0.,0.,1.));
#9708=DIRECTION('',(1.,0.,0.));
#9709=DIRECTION('',(0.366501226724301,0.930417567982023,0.));
#9710=DIRECTION('',(0.,0.,-1.));
#9711=DIRECTION('',(0.366501226724301,0.930417567982023,0.));
#9712=DIRECTION('',(0.,0.,-1.));
#9713=DIRECTION('',(-0.930417567982023,0.366501226724301,0.));
#9714=DIRECTION('',(0.,0.,-1.));
#9715=DIRECTION('',(-0.930417567982023,0.366501226724301,0.));
#9716=DIRECTION('',(0.366501226724301,0.930417567982023,0.));
#9717=DIRECTION('',(0.,0.,-1.));
#9718=DIRECTION('',(0.366501226724301,0.930417567982023,0.));
#9719=DIRECTION('',(0.,0.,1.));
#9720=DIRECTION('',(1.,0.,0.));
#9721=DIRECTION('',(0.,0.,1.));
#9722=DIRECTION('',(1.,0.,0.));
#9723=DIRECTION('',(0.,0.,1.));
#9724=DIRECTION('',(1.,0.,0.));
#9725=DIRECTION('',(0.,0.,1.));
#9726=DIRECTION('',(1.,0.,0.));
#9727=DIRECTION('',(-0.930417567982022,0.366501226724303,0.));
#9728=DIRECTION('',(-0.930417567982022,0.366501226724303,0.));
#9729=DIRECTION('',(0.,0.,1.));
#9730=DIRECTION('',(1.,0.,0.));
#9731=DIRECTION('',(0.,0.,1.));
#9732=DIRECTION('',(1.,0.,0.));
#9733=DIRECTION('',(0.,0.,1.));
#9734=DIRECTION('',(1.,0.,0.));
#9735=DIRECTION('',(0.,0.,1.));
#9736=DIRECTION('',(1.,0.,0.));
#9737=DIRECTION('',(0.,0.,1.));
#9738=DIRECTION('',(1.,0.,0.));
#9739=DIRECTION('',(0.,0.,1.));
#9740=DIRECTION('',(1.,0.,0.));
#9741=DIRECTION('',(0.,0.,1.));
#9742=DIRECTION('',(1.,0.,0.));
#9743=DIRECTION('',(0.,0.,1.));
#9744=DIRECTION('',(1.,0.,0.));
#9745=DIRECTION('',(0.,0.,1.));
#9746=DIRECTION('',(1.,0.,0.));
#9747=DIRECTION('',(0.366501226724302,0.930417567982023,0.));
#9748=DIRECTION('',(0.,0.,-1.));
#9749=DIRECTION('',(0.366501226724302,0.930417567982023,0.));
#9750=DIRECTION('',(0.,0.,-1.));
#9751=DIRECTION('',(-0.930417567982023,0.366501226724302,0.));
#9752=DIRECTION('',(0.,0.,-1.));
#9753=DIRECTION('',(-0.930417567982023,0.366501226724302,0.));
#9754=DIRECTION('',(0.366501226724301,0.930417567982023,0.));
#9755=DIRECTION('',(0.,0.,-1.));
#9756=DIRECTION('',(0.366501226724301,0.930417567982023,0.));
#9757=DIRECTION('',(0.,0.,1.));
#9758=DIRECTION('',(1.,0.,0.));
#9759=DIRECTION('',(0.,0.,1.));
#9760=DIRECTION('',(1.,0.,0.));
#9761=DIRECTION('',(0.,0.,1.));
#9762=DIRECTION('',(1.,0.,0.));
#9763=DIRECTION('',(0.,0.,1.));
#9764=DIRECTION('',(1.,0.,0.));
#9765=DIRECTION('',(-0.930417567982023,0.366501226724301,0.));
#9766=DIRECTION('',(-0.930417567982023,0.366501226724301,0.));
#9767=DIRECTION('',(0.,0.,1.));
#9768=DIRECTION('',(1.,0.,0.));
#9769=DIRECTION('',(0.,0.,1.));
#9770=DIRECTION('',(1.,0.,0.));
#9771=DIRECTION('',(0.,0.,1.));
#9772=DIRECTION('',(1.,0.,0.));
#9773=DIRECTION('',(0.,0.,1.));
#9774=DIRECTION('',(1.,0.,0.));
#9775=DIRECTION('',(0.,0.,-1.));
#9776=DIRECTION('',(-1.,0.,0.));
#9777=DIRECTION('',(0.,0.,1.));
#9778=DIRECTION('',(1.,0.,0.));
#9779=DIRECTION('',(0.,0.,-1.));
#9780=DIRECTION('',(-1.,0.,0.));
#9781=DIRECTION('',(0.,0.,-1.));
#9782=DIRECTION('',(0.,0.,1.));
#9783=DIRECTION('',(1.,0.,0.));
#9784=DIRECTION('',(0.,0.,-1.));
#9785=DIRECTION('',(-1.,0.,0.));
#9786=DIRECTION('',(0.,0.,-1.));
#9787=DIRECTION('',(0.,0.,1.));
#9788=DIRECTION('',(1.,0.,0.));
#9789=DIRECTION('',(0.,0.,-1.));
#9790=DIRECTION('',(-1.,0.,0.));
#9791=DIRECTION('',(0.,0.,-1.));
#9792=DIRECTION('',(1.,0.,0.));
#9793=DIRECTION('',(0.,0.,-1.));
#9794=DIRECTION('',(-1.,0.,0.));
#9795=DIRECTION('',(0.,0.,-1.));
#9796=DIRECTION('',(1.,0.,0.));
#9797=DIRECTION('',(0.,0.,-1.));
#9798=DIRECTION('',(-1.,0.,0.));
#9799=DIRECTION('',(0.,0.,-1.));
#9800=DIRECTION('',(1.,0.,0.));
#9801=DIRECTION('',(0.,0.,-1.));
#9802=DIRECTION('',(-1.,0.,0.));
#9803=DIRECTION('',(0.,0.,-1.));
#9804=DIRECTION('',(1.,0.,0.));
#9805=DIRECTION('',(0.,0.,-1.));
#9806=DIRECTION('',(-1.,0.,0.));
#9807=DIRECTION('',(0.,0.,-1.));
#9808=DIRECTION('',(1.,0.,0.));
#9809=DIRECTION('',(0.,0.,-1.));
#9810=DIRECTION('',(-1.,0.,0.));
#9811=DIRECTION('',(0.,0.,-1.));
#9812=DIRECTION('',(1.,0.,0.));
#9813=DIRECTION('',(0.,0.,-1.));
#9814=DIRECTION('',(-1.,0.,0.));
#9815=DIRECTION('',(0.,0.,1.));
#9816=DIRECTION('',(0.,-1.,0.));
#9817=DIRECTION('',(0.,0.,1.));
#9818=DIRECTION('',(-5.65577260701047E-15,1.,0.));
#9819=DIRECTION('',(0.,-1.,0.));
#9820=DIRECTION('',(0.,0.,1.));
#9821=DIRECTION('',(0.,-1.,0.));
#9822=DIRECTION('',(0.,0.,-1.));
#9823=DIRECTION('',(0.,1.,-1.36056743213867E-16));
#9824=DIRECTION('',(0.,0.,1.));
#9825=DIRECTION('',(0.,-1.,0.));
#9826=DIRECTION('',(0.,0.,1.));
#9827=DIRECTION('',(0.,1.,1.36056743213867E-16));
#9828=DIRECTION('',(0.,0.,-1.));
#9829=DIRECTION('',(0.,-1.,0.));
#9830=DIRECTION('',(0.,0.,1.));
#9831=DIRECTION('',(0.,-1.,0.));
#9832=DIRECTION('',(0.,-1.85037170770859E-16,1.));
#9833=DIRECTION('',(0.,-1.,0.));
#9834=DIRECTION('',(0.,9.25185853854298E-17,1.));
#9835=DIRECTION('',(0.,0.,1.));
#9836=DIRECTION('',(1.,0.,0.));
#9837=DIRECTION('',(0.,0.,1.));
#9838=DIRECTION('',(1.,0.,0.));
#9839=DIRECTION('',(1.,0.,0.));
#9840=DIRECTION('',(0.,0.,1.));
#9841=DIRECTION('',(1.,0.,0.));
#9842=DIRECTION('',(0.,0.,1.));
#9843=DIRECTION('',(0.,0.,1.));
#9844=DIRECTION('',(1.,0.,0.));
#9845=DIRECTION('',(0.,0.,1.));
#9846=DIRECTION('',(1.,0.,0.));
#9847=DIRECTION('',(1.,0.,0.));
#9848=DIRECTION('',(1.,0.,0.));
#9849=DIRECTION('',(0.,-1.,0.));
#9850=DIRECTION('',(1.,0.,0.));
#9851=DIRECTION('',(0.,-1.,0.));
#9852=DIRECTION('',(1.,0.,0.));
#9853=DIRECTION('',(1.,0.,0.));
#9854=DIRECTION('',(0.,0.,1.));
#9855=DIRECTION('',(1.,0.,0.));
#9856=DIRECTION('',(0.,0.,1.));
#9857=DIRECTION('',(0.,0.,-1.));
#9858=DIRECTION('',(1.,0.,0.));
#9859=DIRECTION('',(0.,0.,-1.));
#9860=DIRECTION('',(1.,0.,0.));
#9861=DIRECTION('',(0.,0.,-1.));
#9862=DIRECTION('',(1.,0.,0.));
#9863=DIRECTION('',(0.,0.,-1.));
#9864=DIRECTION('',(1.,0.,0.));
#9865=DIRECTION('',(0.,0.,-1.));
#9866=DIRECTION('',(1.,0.,0.));
#9867=DIRECTION('',(0.,0.,-1.));
#9868=DIRECTION('',(1.,0.,0.));
#9869=DIRECTION('',(1.,0.,0.));
#9870=DIRECTION('',(1.,0.,0.));
#9871=DIRECTION('',(0.,-1.,0.));
#9872=DIRECTION('',(5.6557726070105E-15,-1.,0.));
#9873=DIRECTION('',(0.866025403784441,-0.5,0.));
#9874=DIRECTION('',(0.866025403784435,0.500000000000007,0.));
#9875=DIRECTION('',(-0.866025403784441,0.5,0.));
#9876=DIRECTION('',(-0.866025403784435,-0.500000000000006,0.));
#9877=DIRECTION('',(0.,0.,1.));
#9878=DIRECTION('',(1.,0.,0.));
#9879=DIRECTION('',(-1.,0.,0.));
#9880=DIRECTION('',(0.,-1.,0.));
#9881=DIRECTION('',(0.,0.,1.));
#9882=DIRECTION('',(0.,-1.,0.));
#9883=DIRECTION('',(0.,-1.,1.36056743213867E-16));
#9884=DIRECTION('',(0.,-1.85037170770859E-16,1.));
#9885=DIRECTION('',(0.,0.,1.));
#9886=DIRECTION('',(0.,-1.,0.));
#9887=DIRECTION('',(0.,0.,-1.));
#9888=DIRECTION('',(0.,-1.,0.));
#9889=DIRECTION('',(0.,0.,1.));
#9890=DIRECTION('',(0.,-1.,0.));
#9891=DIRECTION('',(0.,9.25185853854297E-17,1.));
#9892=DIRECTION('',(0.,-1.,0.));
#9893=DIRECTION('',(0.,0.,1.));
#9894=DIRECTION('',(0.,-1.,-1.36056743213867E-16));
#9895=DIRECTION('',(-0.32969017324118,0.944089185229976,0.));
#9896=DIRECTION('',(0.,-1.,0.));
#9897=DIRECTION('',(-1.,2.89120579329469E-16,0.));
#9898=DIRECTION('',(-1.,0.,0.));
#9899=DIRECTION('',(0.,0.,1.));
#9900=DIRECTION('',(1.,0.,0.));
#9901=DIRECTION('',(-1.16521223034078E-05,0.999999999932114,0.));
#9902=DIRECTION('',(0.,0.,-1.));
#9903=DIRECTION('',(1.,0.,0.));
#9904=DIRECTION('',(0.,0.,-1.));
#9905=DIRECTION('',(1.,0.,0.));
#9906=DIRECTION('',(0.,1.,0.));
#9907=DIRECTION('',(0.,0.,-1.));
#9908=DIRECTION('',(1.,0.,0.));
#9909=DIRECTION('',(0.,0.,-1.));
#9910=DIRECTION('',(1.,0.,0.));
#9911=DIRECTION('',(5.65577260701047E-15,-1.,0.));
#9912=DIRECTION('',(0.,0.,1.));
#9913=DIRECTION('',(0.,0.,1.));
#9914=DIRECTION('',(-0.866025403784435,-0.500000000000006,0.));
#9915=DIRECTION('',(0.,0.,1.));
#9916=DIRECTION('',(-0.866025403784441,0.5,0.));
#9917=DIRECTION('',(0.866025403784435,0.500000000000007,0.));
#9918=DIRECTION('',(0.,0.,1.));
#9919=DIRECTION('',(0.,1.,0.));
#9920=DIRECTION('',(0.,0.,1.));
#9921=DIRECTION('',(0.,1.,0.));
#9922=DIRECTION('',(0.,0.,1.));
#9923=DIRECTION('',(0.,0.,1.));
#9924=DIRECTION('',(-0.866025403784441,-0.5,0.));
#9925=DIRECTION('',(-0.866025403784441,-0.5,0.));
#9926=DIRECTION('',(0.,0.,1.));
#9927=DIRECTION('',(-0.866025403784436,0.5,0.));
#9928=DIRECTION('',(-0.866025403784436,0.5,0.));
#9929=DIRECTION('',(0.,0.,1.));
#9930=DIRECTION('',(5.65577260701047E-15,1.,0.));
#9931=DIRECTION('',(5.65577260701047E-15,1.,0.));
#9932=DIRECTION('',(0.,0.,1.));
#9933=DIRECTION('',(0.866025403784441,0.5,0.));
#9934=DIRECTION('',(0.866025403784441,0.5,0.));
#9935=DIRECTION('',(0.,0.,1.));
#9936=DIRECTION('',(0.,0.,1.));
#9937=DIRECTION('',(0.,0.,-1.));
#9938=DIRECTION('',(0.,0.,1.));
#9939=DIRECTION('',(0.,0.,1.));
#9940=DIRECTION('',(1.,0.,0.));
#9941=DIRECTION('',(0.,0.,1.));
#9942=DIRECTION('',(1.,0.,0.));
#9943=DIRECTION('',(1.,0.,0.));
#9944=DIRECTION('',(1.,0.,0.));
#9945=DIRECTION('',(0.,0.,1.));
#9946=DIRECTION('',(0.,0.,1.));
#9947=DIRECTION('',(0.,0.,-1.));
#9948=DIRECTION('',(0.,0.,1.));
#9949=DIRECTION('',(0.,0.,-1.));
#9950=DIRECTION('',(-1.,0.,0.));
#9951=DIRECTION('',(0.,0.,-1.));
#9952=DIRECTION('',(-1.,0.,0.));
#9953=DIRECTION('',(0.,0.,-1.));
#9954=DIRECTION('',(-1.,0.,0.));
#9955=DIRECTION('',(0.,0.,-1.));
#9956=DIRECTION('',(-1.,0.,0.));
#9957=DIRECTION('',(0.,0.,-1.));
#9958=DIRECTION('',(-1.,0.,0.));
#9959=DIRECTION('',(0.,0.,-1.));
#9960=DIRECTION('',(-1.,0.,0.));
#9961=DIRECTION('',(0.866025403784437,-0.5,0.));
#9962=DIRECTION('',(0.866025403784437,-0.5,0.));
#9963=DIRECTION('',(0.866025403784441,-0.5,0.));
#9964=DIRECTION('',(0.,0.,-1.));
#9965=DIRECTION('',(-1.,2.89120579329469E-16,0.));
#9966=DIRECTION('',(0.,-1.,0.));
#9967=DIRECTION('',(-0.366501226724301,-0.930417567982023,0.));
#9968=DIRECTION('',(0.,0.,1.));
#9969=DIRECTION('',(1.,0.,0.));
#9970=DIRECTION('',(-1.1652122304966E-05,-0.999999999932114,0.));
#9971=DIRECTION('',(0.,0.,1.));
#9972=DIRECTION('',(1.,0.,0.));
#9973=DIRECTION('',(0.,0.,1.));
#9974=DIRECTION('',(1.,0.,0.));
#9975=DIRECTION('',(0.,-1.,0.));
#9976=DIRECTION('',(0.,0.,1.));
#9977=DIRECTION('',(1.,0.,0.));
#9978=DIRECTION('',(0.,0.,-1.));
#9979=DIRECTION('',(0.,-1.,0.));
#9980=DIRECTION('',(0.,0.,-1.));
#9981=DIRECTION('',(-0.32969017324118,0.944089185229976,0.));
#9982=DIRECTION('',(-0.366501226724301,-0.930417567982023,0.));
#9983=DIRECTION('',(0.,0.,1.));
#9984=DIRECTION('',(1.,0.,0.));
#9985=DIRECTION('',(0.,0.,1.));
#9986=DIRECTION('',(1.,0.,0.));
#9987=DIRECTION('',(0.,0.,1.));
#9988=DIRECTION('',(1.,0.,0.));
#9989=DIRECTION('',(0.,0.,1.));
#9990=DIRECTION('',(1.,0.,0.));
#9991=DIRECTION('',(0.,0.,1.));
#9992=DIRECTION('',(1.,0.,0.));
#9993=DIRECTION('',(0.,0.,1.));
#9994=DIRECTION('',(1.,0.,0.));
#9995=DIRECTION('',(0.,0.,1.));
#9996=DIRECTION('',(1.,0.,0.));
#9997=DIRECTION('',(0.,0.,1.));
#9998=DIRECTION('',(1.,0.,0.));
#9999=DIRECTION('',(1.,0.,0.));
#10000=DIRECTION('',(1.,0.,0.));
#10001=DIRECTION('',(1.,0.,0.));
#10002=DIRECTION('',(1.,0.,0.));
#10003=DIRECTION('',(1.,0.,0.));
#10004=DIRECTION('',(1.,0.,0.));
#10005=DIRECTION('',(0.,0.,1.));
#10006=DIRECTION('',(-1.16521223034078E-05,0.999999999932114,0.));
#10007=DIRECTION('',(0.,0.,1.));
#10008=DIRECTION('',(0.,0.,-1.));
#10009=DIRECTION('',(1.,0.,0.));
#10010=DIRECTION('',(0.,0.,-1.));
#10011=DIRECTION('',(1.,0.,0.));
#10012=DIRECTION('',(0.,0.,1.));
#10013=DIRECTION('',(0.,1.,0.));
#10014=DIRECTION('',(0.,0.,1.));
#10015=DIRECTION('',(0.,0.,-1.));
#10016=DIRECTION('',(1.,0.,0.));
#10017=DIRECTION('',(0.,0.,-1.));
#10018=DIRECTION('',(1.,0.,0.));
#10019=DIRECTION('',(0.,0.,1.));
#10020=DIRECTION('',(0.,0.,1.));
#10021=DIRECTION('',(1.,0.,0.));
#10022=DIRECTION('',(0.,0.,1.));
#10023=DIRECTION('',(1.,0.,0.));
#10024=DIRECTION('',(0.,0.,1.));
#10025=DIRECTION('',(-1.1652122304966E-05,-0.999999999932114,0.));
#10026=DIRECTION('',(0.,0.,1.));
#10027=DIRECTION('',(0.,0.,1.));
#10028=DIRECTION('',(1.,0.,0.));
#10029=DIRECTION('',(0.,0.,1.));
#10030=DIRECTION('',(1.,0.,0.));
#10031=DIRECTION('',(0.,0.,1.));
#10032=DIRECTION('',(0.,-1.,0.));
#10033=DIRECTION('',(0.,0.,-1.));
#10034=DIRECTION('',(-1.,0.,0.));
#10035=DIRECTION('',(0.,0.,-1.));
#10036=DIRECTION('',(-1.,0.,0.));
#10037=DIRECTION('',(0.,0.,-1.));
#10038=DIRECTION('',(0.,0.,-1.));
#10039=DIRECTION('',(-1.,0.,0.));
#10040=DIRECTION('',(0.,0.,-1.));
#10041=DIRECTION('',(-1.,0.,0.));
#10042=DIRECTION('',(0.,0.,-1.));
#10043=DIRECTION('',(0.,0.,-1.));
#10044=DIRECTION('',(-1.,0.,0.));
#10045=DIRECTION('',(0.,0.,-1.));
#10046=DIRECTION('',(-1.,0.,0.));
#10047=DIRECTION('',(0.,0.,1.));
#10048=DIRECTION('',(1.,0.,0.));
#10049=DIRECTION('',(1.,0.,0.));
#10050=DIRECTION('',(0.,0.,-1.));
#10051=DIRECTION('',(1.,0.,0.));
#10052=DIRECTION('',(0.,0.,-1.));
#10053=DIRECTION('',(0.,0.,1.));
#10054=DIRECTION('',(1.,0.,0.));
#10055=DIRECTION('',(0.,0.,1.));
#10056=DIRECTION('',(1.,0.,0.));
#10057=DIRECTION('',(1.,0.,0.));
#10058=DIRECTION('',(0.,0.,-1.));
#10059=DIRECTION('',(1.,0.,0.));
#10060=DIRECTION('',(0.,0.,-1.));
#10061=DIRECTION('',(1.,0.,0.));
#10062=DIRECTION('',(0.,0.,-1.));
#10063=DIRECTION('',(1.,0.,0.));
#10064=DIRECTION('',(1.,0.,0.));
#10065=DIRECTION('',(0.,0.,-1.));
#10066=DIRECTION('',(0.,0.,-1.));
#10067=DIRECTION('',(0.,0.,-1.));
#10068=DIRECTION('',(1.,0.,0.));
#10069=DIRECTION('',(1.,0.,0.));
#10070=DIRECTION('',(0.,0.,-1.));
#10071=DIRECTION('',(1.,0.,0.));
#10072=DIRECTION('',(0.,0.,-1.));
#10073=DIRECTION('',(1.,0.,0.));
#10074=DIRECTION('',(0.,0.707106781186548,-0.707106781186547));
#10075=DIRECTION('',(0.,0.707106781186548,-0.707106781186547));
#10076=DIRECTION('',(1.,0.,0.));
#10077=DIRECTION('',(0.,0.,1.));
#10078=DIRECTION('',(0.,0.,1.));
#10079=DIRECTION('',(1.,0.,0.));
#10080=DIRECTION('',(0.,0.707106781186547,0.707106781186548));
#10081=DIRECTION('',(0.,0.707106781186547,0.707106781186548));
#10082=DIRECTION('',(1.,0.,0.));
#10083=DIRECTION('',(1.,0.,0.));
#10084=DIRECTION('',(0.,0.,-1.));
#10085=DIRECTION('',(1.,0.,0.));
#10086=DIRECTION('',(0.,0.,-1.));
#10087=DIRECTION('',(1.,0.,0.));
#10088=DIRECTION('',(0.,0.,-1.));
#10089=DIRECTION('',(1.,0.,0.));
#10090=DIRECTION('',(0.,0.,-1.));
#10091=DIRECTION('',(1.,0.,0.));
#10092=DIRECTION('',(0.,0.,1.));
#10093=DIRECTION('',(0.,0.,1.));
#10094=DIRECTION('',(1.,0.,0.));
#10095=DIRECTION('',(1.,0.,0.));
#10096=DIRECTION('',(0.,0.,-1.));
#10097=DIRECTION('',(1.,0.,0.));
#10098=DIRECTION('',(0.,0.,-1.));
#10099=DIRECTION('',(1.,0.,0.));
#10100=DIRECTION('',(0.,0.,1.));
#10101=DIRECTION('',(0.,0.,1.));
#10102=DIRECTION('',(1.,0.,0.));
#10103=DIRECTION('',(1.,0.,0.));
#10104=DIRECTION('',(0.,0.,-1.));
#10105=DIRECTION('',(1.,0.,0.));
#10106=DIRECTION('',(0.,0.,-1.));
#10107=DIRECTION('',(1.,0.,0.));
#10108=DIRECTION('',(0.,-1.,0.));
#10109=DIRECTION('',(0.,-1.,0.));
#10110=DIRECTION('',(1.,0.,0.));
#10111=DIRECTION('',(1.,0.,0.));
#10112=DIRECTION('',(0.,0.,-1.));
#10113=DIRECTION('',(1.,0.,0.));
#10114=DIRECTION('',(0.,0.,-1.));
#10115=DIRECTION('',(1.,0.,0.));
#10116=DIRECTION('',(0.,1.,0.));
#10117=DIRECTION('',(0.,1.,0.));
#10118=DIRECTION('',(1.,0.,0.));
#10119=DIRECTION('',(1.,0.,0.));
#10120=DIRECTION('',(0.,0.,-1.));
#10121=DIRECTION('',(1.,0.,0.));
#10122=DIRECTION('',(0.,0.,-1.));
#10123=DIRECTION('',(1.,0.,0.));
#10124=DIRECTION('',(0.,0.707106781186547,0.707106781186548));
#10125=DIRECTION('',(0.,0.707106781186547,0.707106781186548));
#10126=DIRECTION('',(1.,0.,0.));
#10127=DIRECTION('',(0.,-1.,0.));
#10128=DIRECTION('',(0.,-1.,0.));
#10129=DIRECTION('',(1.,0.,0.));
#10130=DIRECTION('',(0.,-0.707106781186548,0.707106781186547));
#10131=DIRECTION('',(0.,-0.707106781186548,0.707106781186547));
#10132=DIRECTION('',(1.,0.,0.));
#10133=DIRECTION('',(1.,0.,0.));
#10134=DIRECTION('',(0.,0.,-1.));
#10135=DIRECTION('',(1.,0.,0.));
#10136=DIRECTION('',(0.,0.,-1.));
#10137=DIRECTION('',(1.,0.,0.));
#10138=DIRECTION('',(0.,-1.,0.));
#10139=DIRECTION('',(0.,-1.,0.));
#10140=DIRECTION('',(1.,0.,0.));
#10141=DIRECTION('',(1.,0.,0.));
#10142=DIRECTION('',(0.,0.,-1.));
#10143=DIRECTION('',(1.,0.,0.));
#10144=DIRECTION('',(0.,0.,-1.));
#10145=DIRECTION('',(1.,0.,0.));
#10146=DIRECTION('',(0.,-1.,0.));
#10147=DIRECTION('',(0.,-1.,0.));
#10148=DIRECTION('',(1.,0.,0.));
#10149=DIRECTION('',(1.,0.,0.));
#10150=DIRECTION('',(0.,0.,-1.));
#10151=DIRECTION('',(1.,0.,0.));
#10152=DIRECTION('',(0.,0.,-1.));
#10153=DIRECTION('',(1.,0.,0.));
#10154=DIRECTION('',(0.,0.,1.));
#10155=DIRECTION('',(0.,0.,1.));
#10156=DIRECTION('',(1.,0.,0.));
#10157=DIRECTION('',(1.,0.,0.));
#10158=DIRECTION('',(0.,0.,-1.));
#10159=DIRECTION('',(1.,0.,0.));
#10160=DIRECTION('',(0.,0.,-1.));
#10161=DIRECTION('',(1.,0.,0.));
#10162=DIRECTION('',(0.,0.,1.));
#10163=DIRECTION('',(0.,0.,1.));
#10164=DIRECTION('',(1.,0.,0.));
#10165=DIRECTION('',(1.,0.,0.));
#10166=DIRECTION('',(0.,0.,-1.));
#10167=DIRECTION('',(1.,0.,0.));
#10168=DIRECTION('',(0.,0.,-1.));
#10169=DIRECTION('',(1.,0.,0.));
#10170=DIRECTION('',(0.,0.,-1.));
#10171=DIRECTION('',(1.,0.,0.));
#10172=DIRECTION('',(0.,0.,-1.));
#10173=DIRECTION('',(1.,0.,0.));
#10174=DIRECTION('',(0.,-0.707106781186548,0.707106781186547));
#10175=DIRECTION('',(0.,-0.707106781186548,0.707106781186547));
#10176=DIRECTION('',(1.,0.,0.));
#10177=DIRECTION('',(0.,0.,1.));
#10178=DIRECTION('',(0.,0.,1.));
#10179=DIRECTION('',(1.,0.,0.));
#10180=DIRECTION('',(0.,-0.707106781186547,-0.707106781186548));
#10181=DIRECTION('',(0.,-0.707106781186547,-0.707106781186548));
#10182=DIRECTION('',(1.,0.,0.));
#10183=DIRECTION('',(1.,0.,0.));
#10184=DIRECTION('',(0.,0.,-1.));
#10185=DIRECTION('',(1.,0.,0.));
#10186=DIRECTION('',(0.,0.,-1.));
#10187=DIRECTION('',(1.,0.,0.));
#10188=DIRECTION('',(0.,0.,-1.));
#10189=DIRECTION('',(0.,0.,-1.));
#10190=DIRECTION('',(1.,0.,0.));
#10191=DIRECTION('',(1.,0.,0.));
#10192=DIRECTION('',(0.,0.,-1.));
#10193=DIRECTION('',(1.,0.,0.));
#10194=DIRECTION('',(0.,0.,-1.));
#10195=DIRECTION('',(1.,0.,0.));
#10196=DIRECTION('',(0.,0.,-1.));
#10197=DIRECTION('',(1.,0.,0.));
#10198=DIRECTION('',(1.,0.,0.));
#10199=DIRECTION('',(0.,0.,-1.));
#10200=DIRECTION('',(0.,0.,1.));
#10201=DIRECTION('',(0.,0.,1.));
#10202=DIRECTION('',(1.,0.,0.));
#10203=DIRECTION('',(1.,0.,0.));
#10204=DIRECTION('',(0.,0.,-1.));
#10205=DIRECTION('',(1.,0.,0.));
#10206=DIRECTION('',(0.,0.,-1.));
#10207=DIRECTION('',(1.,0.,0.));
#10208=DIRECTION('',(0.,-1.,0.));
#10209=DIRECTION('',(0.,-1.,0.));
#10210=DIRECTION('',(1.,0.,0.));
#10211=DIRECTION('',(1.,0.,0.));
#10212=DIRECTION('',(0.,0.,-1.));
#10213=DIRECTION('',(1.,0.,0.));
#10214=DIRECTION('',(0.,0.,-1.));
#10215=DIRECTION('',(1.,0.,0.));
#10216=DIRECTION('',(0.,-1.,0.));
#10217=DIRECTION('',(0.,-1.,0.));
#10218=DIRECTION('',(1.,0.,0.));
#10219=DIRECTION('',(1.,0.,0.));
#10220=DIRECTION('',(0.,0.,-1.));
#10221=DIRECTION('',(1.,0.,0.));
#10222=DIRECTION('',(0.,0.,-1.));
#10223=DIRECTION('',(1.,0.,0.));
#10224=DIRECTION('',(0.,-0.707106781186547,-0.707106781186548));
#10225=DIRECTION('',(0.,-0.707106781186547,-0.707106781186548));
#10226=DIRECTION('',(1.,0.,0.));
#10227=DIRECTION('',(0.,-1.,0.));
#10228=DIRECTION('',(0.,-1.,0.));
#10229=DIRECTION('',(1.,0.,0.));
#10230=DIRECTION('',(0.,0.707106781186548,-0.707106781186547));
#10231=DIRECTION('',(0.,0.707106781186548,-0.707106781186547));
#10232=DIRECTION('',(1.,0.,0.));
#10233=DIRECTION('',(1.,0.,0.));
#10234=DIRECTION('',(0.,0.,-1.));
#10235=DIRECTION('',(1.,0.,0.));
#10236=DIRECTION('',(0.,0.,-1.));
#10237=DIRECTION('',(1.,0.,0.));
#10238=DIRECTION('',(0.,1.,0.));
#10239=DIRECTION('',(0.,1.,0.));
#10240=DIRECTION('',(1.,0.,0.));
#10241=DIRECTION('',(1.,0.,0.));
#10242=DIRECTION('',(0.,0.,-1.));
#10243=DIRECTION('',(1.,0.,0.));
#10244=DIRECTION('',(0.,0.,-1.));
#10245=DIRECTION('',(1.,0.,0.));
#10246=DIRECTION('',(0.,0.,-1.));
#10247=DIRECTION('',(1.,0.,0.));
#10248=DIRECTION('',(1.,0.,0.));
#10249=DIRECTION('',(0.,0.,-1.));
#10250=DIRECTION('',(0.,-1.,0.));
#10251=DIRECTION('',(0.,-1.,0.));
#10252=DIRECTION('',(1.,0.,0.));
#10253=DIRECTION('',(1.,0.,0.));
#10254=DIRECTION('',(0.,0.,-1.));
#10255=DIRECTION('',(1.,0.,0.));
#10256=DIRECTION('',(0.,0.,-1.));
#10257=DIRECTION('',(1.,0.,0.));
#10258=DIRECTION('',(0.,0.,-1.));
#10259=DIRECTION('',(1.,0.,0.));
#10260=DIRECTION('',(0.,0.,-1.));
#10261=DIRECTION('',(0.,0.,1.));
#10262=DIRECTION('',(1.,0.,0.));
#10263=DIRECTION('',(0.,0.,1.));
#10264=DIRECTION('',(1.,0.,0.));
#10265=DIRECTION('',(0.,0.,-1.));
#10266=DIRECTION('',(-1.,0.,0.));
#10267=DIRECTION('',(0.,0.,1.));
#10268=DIRECTION('',(1.,0.,0.));
#10269=DIRECTION('',(0.,0.,-1.));
#10270=DIRECTION('',(-1.,0.,0.));
#10271=DIRECTION('',(0.,0.,-1.));
#10272=DIRECTION('',(0.,0.,1.));
#10273=DIRECTION('',(1.,0.,0.));
#10274=DIRECTION('',(0.,0.,-1.));
#10275=DIRECTION('',(-1.,0.,0.));
#10276=DIRECTION('',(0.,0.,-1.));
#10277=DIRECTION('',(0.,0.,1.));
#10278=DIRECTION('',(1.,0.,0.));
#10279=DIRECTION('',(0.,0.,-1.));
#10280=DIRECTION('',(-1.,0.,0.));
#10281=DIRECTION('',(0.,0.,1.));
#10282=DIRECTION('',(1.,0.,0.));
#10283=DIRECTION('',(0.,0.,-1.));
#10284=DIRECTION('',(-1.,0.,0.));
#10285=DIRECTION('',(0.,0.,1.));
#10286=DIRECTION('',(1.,0.,0.));
#10287=DIRECTION('',(0.,0.,-1.));
#10288=DIRECTION('',(-1.,0.,0.));
#10289=DIRECTION('',(0.,0.,1.));
#10290=DIRECTION('',(1.,0.,0.));
#10291=DIRECTION('',(0.,0.,-1.));
#10292=DIRECTION('',(-1.,0.,0.));
#10293=DIRECTION('',(0.,0.,1.));
#10294=DIRECTION('',(1.,0.,0.));
#10295=DIRECTION('',(0.,0.,-1.));
#10296=DIRECTION('',(-1.,0.,0.));
#10297=DIRECTION('',(0.,0.,1.));
#10298=DIRECTION('',(1.,0.,0.));
#10299=DIRECTION('',(0.,0.,-1.));
#10300=DIRECTION('',(-1.,0.,0.));
#10301=DIRECTION('',(0.,0.,1.));
#10302=DIRECTION('',(1.,0.,0.));
#10303=DIRECTION('',(0.,0.,-1.));
#10304=DIRECTION('',(-1.,0.,0.));
#10305=DIRECTION('',(0.,-1.,0.));
#10306=DIRECTION('',(0.,0.,1.));
#10307=DIRECTION('',(5.6557726070105E-15,1.,0.));
#10308=DIRECTION('',(0.,0.,1.));
#10309=DIRECTION('',(0.,1.,3.01691039300315E-16));
#10310=DIRECTION('',(0.,0.,-1.));
#10311=DIRECTION('',(0.,1.,3.01691039300315E-16));
#10312=DIRECTION('',(0.,0.,-1.));
#10313=DIRECTION('',(0.,0.,1.));
#10314=DIRECTION('',(0.,-1.,0.));
#10315=DIRECTION('',(0.,-1.85037170770859E-16,-1.));
#10316=DIRECTION('',(0.,-1.,0.));
#10317=DIRECTION('',(0.,1.85037170770859E-16,-1.));
#10318=DIRECTION('',(0.,-1.,0.));
#10319=DIRECTION('',(0.,0.,1.));
#10320=DIRECTION('',(0.,-1.,0.));
#10321=DIRECTION('',(0.,0.,1.));
#10322=DIRECTION('',(0.,1.,1.36056743213867E-16));
#10323=DIRECTION('',(0.,0.,1.));
#10324=DIRECTION('',(0.,-1.,0.));
#10325=DIRECTION('',(0.,0.,1.));
#10326=DIRECTION('',(0.,1.,-1.36056743213867E-16));
#10327=DIRECTION('',(0.,2.72113486427734E-16,1.));
#10328=DIRECTION('',(0.,-1.,0.));
#10329=DIRECTION('',(0.,0.,1.));
#10330=DIRECTION('',(-1.,0.,0.));
#10331=DIRECTION('',(0.,0.,1.));
#10332=DIRECTION('',(-1.,0.,0.));
#10333=DIRECTION('',(-1.,0.,0.));
#10334=DIRECTION('',(0.,0.,1.));
#10335=DIRECTION('',(-1.,0.,0.));
#10336=DIRECTION('',(0.,0.,1.));
#10337=DIRECTION('',(0.,0.,1.));
#10338=DIRECTION('',(-1.,0.,0.));
#10339=DIRECTION('',(0.,0.,1.));
#10340=DIRECTION('',(-1.,0.,0.));
#10341=DIRECTION('',(-1.,0.,0.));
#10342=DIRECTION('',(0.,1.,0.));
#10343=DIRECTION('',(-1.,0.,0.));
#10344=DIRECTION('',(-1.,0.,0.));
#10345=DIRECTION('',(0.,0.,1.));
#10346=DIRECTION('',(-1.,0.,0.));
#10347=DIRECTION('',(0.,0.,1.));
#10348=DIRECTION('',(0.,0.,1.));
#10349=DIRECTION('',(0.,0.,-1.));
#10350=DIRECTION('',(0.,0.,1.));
#10351=DIRECTION('',(0.,0.,1.));
#10352=DIRECTION('',(0.,0.,1.));
#10353=DIRECTION('',(0.,0.,1.));
#10354=DIRECTION('',(1.,0.,0.));
#10355=DIRECTION('',(0.,0.,1.));
#10356=DIRECTION('',(0.,0.,1.));
#10357=DIRECTION('',(1.,0.,0.));
#10358=DIRECTION('',(1.,0.,0.));
#10359=DIRECTION('',(0.,0.,-1.));
#10360=DIRECTION('',(1.,0.,0.));
#10361=DIRECTION('',(0.,0.,1.));
#10362=DIRECTION('',(1.,0.,0.));
#10363=DIRECTION('',(0.,0.,1.));
#10364=DIRECTION('',(1.,0.,0.));
#10365=DIRECTION('',(0.,0.,1.));
#10366=DIRECTION('',(0.,-1.,0.));
#10367=DIRECTION('',(0.,0.,-1.));
#10368=DIRECTION('',(0.,-1.,0.));
#10369=DIRECTION('',(0.,0.,-1.));
#10370=DIRECTION('',(0.,-1.,0.));
#10371=DIRECTION('',(0.,0.,-1.));
#10372=DIRECTION('',(0.,1.,0.));
#10373=DIRECTION('',(0.,0.,1.));
#10374=DIRECTION('',(1.,0.,0.));
#10375=DIRECTION('',(0.,0.,1.));
#10376=DIRECTION('',(1.,0.,0.));
#10377=DIRECTION('',(0.,0.,1.));
#10378=DIRECTION('',(1.,0.,0.));
#10379=DIRECTION('',(0.,0.,1.));
#10380=DIRECTION('',(1.,0.,0.));
#10381=DIRECTION('',(0.,0.,1.));
#10382=DIRECTION('',(1.,0.,0.));
#10383=DIRECTION('',(0.,0.,1.));
#10384=DIRECTION('',(1.,0.,0.));
#10385=DIRECTION('',(-1.,0.,0.));
#10386=DIRECTION('',(-1.,0.,0.));
#10387=DIRECTION('',(0.,-1.,0.));
#10388=DIRECTION('',(0.,1.,0.));
#10389=DIRECTION('',(-0.866025403784442,0.499999999999994,0.));
#10390=DIRECTION('',(-0.866025403784436,-0.5,0.));
#10391=DIRECTION('',(5.65577260701047E-15,-1.,0.));
#10392=DIRECTION('',(0.866025403784441,-0.5,0.));
#10393=DIRECTION('',(0.866025403784435,0.500000000000006,0.));
#10394=DIRECTION('',(0.,0.,1.));
#10395=DIRECTION('',(1.,0.,0.));
#10396=DIRECTION('',(-1.,0.,0.));
#10397=DIRECTION('',(0.,-1.,0.));
#10398=DIRECTION('',(0.,0.,1.));
#10399=DIRECTION('',(0.,-1.,0.));
#10400=DIRECTION('',(0.,0.,1.));
#10401=DIRECTION('',(0.,-1.,0.));
#10402=DIRECTION('',(0.,0.,1.));
#10403=DIRECTION('',(-0.866025403784442,-0.5,0.));
#10404=DIRECTION('',(-0.866025403784442,-0.5,0.));
#10405=DIRECTION('',(-0.866025403784436,0.5,0.));
#10406=DIRECTION('',(-0.866025403784436,0.5,0.));
#10407=DIRECTION('',(0.,0.,1.));
#10408=DIRECTION('',(0.866025403784442,0.499999999999994,0.));
#10409=DIRECTION('',(0.866025403784442,0.499999999999994,0.));
#10410=DIRECTION('',(0.,1.,0.));
#10411=DIRECTION('',(0.,0.,1.));
#10412=DIRECTION('',(0.,0.,1.));
#10413=DIRECTION('',(0.866025403784435,0.500000000000006,0.));
#10414=DIRECTION('',(0.,0.,1.));
#10415=DIRECTION('',(0.866025403784441,-0.5,0.));
#10416=DIRECTION('',(0.,0.,1.));
#10417=DIRECTION('',(5.65577260701047E-15,-1.,0.));
#10418=DIRECTION('',(0.,0.,1.));
#10419=DIRECTION('',(-0.866025403784436,-0.5,0.));
#10420=DIRECTION('',(0.,0.,1.));
#10421=DIRECTION('',(-1.,0.,0.));
#10422=DIRECTION('',(0.,0.,1.));
#10423=DIRECTION('',(0.,0.,1.));
#10424=DIRECTION('',(0.,0.,1.));
#10425=DIRECTION('',(1.,0.,0.));
#10426=DIRECTION('',(0.,0.,1.));
#10427=DIRECTION('',(0.,0.,-1.));
#10428=DIRECTION('',(0.,0.,1.));
#10429=DIRECTION('',(0.,0.,1.));
#10430=DIRECTION('',(1.,0.,0.));
#10431=DIRECTION('',(0.,0.,1.));
#10432=DIRECTION('',(1.,0.,0.));
#10433=DIRECTION('',(0.,0.,-1.));
#10434=DIRECTION('',(-1.,0.,0.));
#10435=DIRECTION('',(0.,0.,-1.));
#10436=DIRECTION('',(-1.,0.,0.));
#10437=DIRECTION('',(0.,0.,-1.));
#10438=DIRECTION('',(-1.,0.,0.));
#10439=DIRECTION('',(0.,0.,-1.));
#10440=DIRECTION('',(-1.,0.,0.));
#10441=DIRECTION('',(0.,0.,-1.));
#10442=DIRECTION('',(-1.,0.,0.));
#10443=DIRECTION('',(0.866025403784436,-0.5,0.));
#10444=DIRECTION('',(0.866025403784436,-0.5,0.));
#10445=DIRECTION('',(-0.866025403784442,0.499999999999994,0.));
#10446=DIRECTION('',(0.,-1.85037170770859E-16,1.));
#10447=DIRECTION('',(0.,1.85037170770859E-16,1.));
#10448=DIRECTION('',(0.,-1.,0.));
#10449=DIRECTION('',(0.,0.,-1.));
#10450=DIRECTION('',(0.,-1.,0.));
#10451=DIRECTION('',(0.,-1.,0.));
#10452=DIRECTION('',(0.,1.,0.));
#10453=DIRECTION('',(0.,1.,0.));
#10454=DIRECTION('',(0.,2.72113486427734E-16,1.));
#10455=DIRECTION('',(0.,1.,-1.36056743213867E-16));
#10456=DIRECTION('',(0.,0.,1.));
#10457=DIRECTION('',(0.,1.,0.));
#10458=DIRECTION('',(0.,1.,1.36056743213867E-16));
#10459=DIRECTION('',(0.,0.,-1.));
#10460=DIRECTION('',(-1.,0.,0.));
#10461=DIRECTION('',(1.,0.,0.));
#10462=DIRECTION('',(0.,1.,0.));
#10463=DIRECTION('',(0.,1.,0.));
#10464=DIRECTION('',(1.,5.78241158658935E-16,0.));
#10465=DIRECTION('',(0.32969017324118,-0.944089185229976,0.));
#10466=DIRECTION('',(0.,-1.,0.));
#10467=DIRECTION('',(0.,0.,-1.));
#10468=DIRECTION('',(1.,0.,0.));
#10469=DIRECTION('',(0.,0.,-1.));
#10470=DIRECTION('',(1.,0.,0.));
#10471=DIRECTION('',(1.16521223034078E-05,-0.999999999932114,0.));
#10472=DIRECTION('',(0.,0.,-1.));
#10473=DIRECTION('',(1.,0.,0.));
#10474=DIRECTION('',(0.,0.,1.));
#10475=DIRECTION('',(-1.,-5.78241158658935E-16,0.));
#10476=DIRECTION('',(1.,5.78241158658935E-16,0.));
#10477=DIRECTION('',(0.32969017324118,0.944089185229976,0.));
#10478=DIRECTION('',(0.,1.,0.));
#10479=DIRECTION('',(0.,0.,1.));
#10480=DIRECTION('',(1.,0.,0.));
#10481=DIRECTION('',(1.16521223074909E-05,0.999999999932114,0.));
#10482=DIRECTION('',(0.,0.,1.));
#10483=DIRECTION('',(1.,0.,0.));
#10484=DIRECTION('',(0.,0.,1.));
#10485=DIRECTION('',(1.,0.,0.));
#10486=DIRECTION('',(0.32969017324118,-0.944089185229976,0.));
#10487=DIRECTION('',(0.32969017324118,0.944089185229976,0.));
#10488=DIRECTION('',(0.,0.,1.));
#10489=DIRECTION('',(1.,0.,0.));
#10490=DIRECTION('',(0.,0.,1.));
#10491=DIRECTION('',(1.,0.,0.));
#10492=DIRECTION('',(0.,0.,1.));
#10493=DIRECTION('',(1.,0.,0.));
#10494=DIRECTION('',(0.,0.,1.));
#10495=DIRECTION('',(1.,0.,0.));
#10496=DIRECTION('',(0.,0.,1.));
#10497=DIRECTION('',(1.,0.,0.));
#10498=DIRECTION('',(0.,0.,1.));
#10499=DIRECTION('',(1.,0.,0.));
#10500=DIRECTION('',(0.,0.,1.));
#10501=DIRECTION('',(1.,0.,0.));
#10502=DIRECTION('',(0.,0.,1.));
#10503=DIRECTION('',(1.,0.,0.));
#10504=DIRECTION('',(-1.,0.,0.));
#10505=DIRECTION('',(-1.,0.,0.));
#10506=DIRECTION('',(-1.,0.,0.));
#10507=DIRECTION('',(-1.,0.,0.));
#10508=DIRECTION('',(-1.,0.,0.));
#10509=DIRECTION('',(-1.,0.,0.));
#10510=DIRECTION('',(-1.,0.,0.));
#10511=DIRECTION('',(-1.,0.,0.));
#10512=DIRECTION('',(0.,0.,-1.));
#10513=DIRECTION('',(0.,1.,0.));
#10514=DIRECTION('',(0.,1.,0.));
#10515=DIRECTION('',(1.,0.,0.));
#10516=DIRECTION('',(1.,0.,0.));
#10517=DIRECTION('',(0.,1.,3.01691039300315E-16));
#10518=DIRECTION('',(1.,0.,0.));
#10519=DIRECTION('',(1.,0.,0.));
#10520=DIRECTION('',(0.,0.,-1.));
#10521=DIRECTION('',(1.,0.,0.));
#10522=DIRECTION('',(0.,1.,3.01691039300315E-16));
#10523=DIRECTION('',(0.,0.,-1.));
#10524=DIRECTION('',(0.,0.,1.));
#10525=DIRECTION('',(0.,-1.,0.));
#10526=DIRECTION('',(0.,0.,1.));
#10527=DIRECTION('',(0.,0.,-1.));
#10528=DIRECTION('',(1.,0.,0.));
#10529=DIRECTION('',(0.,0.,-1.));
#10530=DIRECTION('',(1.,0.,0.));
#10531=DIRECTION('',(0.,0.,1.));
#10532=DIRECTION('',(1.16521223034078E-05,-0.999999999932114,0.));
#10533=DIRECTION('',(0.,0.,1.));
#10534=DIRECTION('',(0.,0.,-1.));
#10535=DIRECTION('',(1.,0.,0.));
#10536=DIRECTION('',(0.,0.,1.));
#10537=DIRECTION('',(0.,1.,0.));
#10538=DIRECTION('',(0.,0.,1.));
#10539=DIRECTION('',(0.,0.,1.));
#10540=DIRECTION('',(1.,0.,0.));
#10541=DIRECTION('',(0.,0.,1.));
#10542=DIRECTION('',(1.16521223074909E-05,0.999999999932114,0.));
#10543=DIRECTION('',(0.,0.,1.));
#10544=DIRECTION('',(0.,0.,1.));
#10545=DIRECTION('',(1.,0.,0.));
#10546=DIRECTION('',(0.,0.,1.));
#10547=DIRECTION('',(1.,0.,0.));
#10548=DIRECTION('',(0.,0.,-1.));
#10549=DIRECTION('',(-1.,0.,0.));
#10550=DIRECTION('',(0.,0.,-1.));
#10551=DIRECTION('',(-1.,0.,0.));
#10552=DIRECTION('',(0.,0.,-1.));
#10553=DIRECTION('',(-1.,0.,0.));
#10554=DIRECTION('',(0.,0.,-1.));
#10555=DIRECTION('',(0.,0.,-1.));
#10556=DIRECTION('',(-1.,0.,0.));
#10557=DIRECTION('',(0.,0.,-1.));
#10558=DIRECTION('',(-1.,0.,0.));
#10559=DIRECTION('',(0.,0.,-1.));
#10560=DIRECTION('',(0.,0.,-1.));
#10561=DIRECTION('',(-1.,0.,0.));
#10562=CARTESIAN_POINT('',(0.,0.,0.));
#10563=CARTESIAN_POINT('',(-0.00510000000000002,-0.139855199500477,-0.005));
#10564=CARTESIAN_POINT('',(-0.00510000000000002,-0.139855199500477,5.14996031930615E-19));
#10565=CARTESIAN_POINT('',(-0.00510000000000002,-0.150055199500477,-0.005));
#10566=CARTESIAN_POINT('',(-0.00510000000000002,-0.150055199500477,4.06575814682064E-20));
#10567=CARTESIAN_POINT('',(0.00509999999999998,-0.150055199500477,-0.005));
#10568=CARTESIAN_POINT('',(0.00509999999999998,-0.150055199500477,4.06575814682064E-20));
#10569=CARTESIAN_POINT('',(0.00509999999999998,-0.139855199500477,-0.005));
#10570=CARTESIAN_POINT('',(0.00509999999999998,-0.139855199500477,5.14996031930615E-19));
#10571=CARTESIAN_POINT('',(-2.08166817117217E-17,-0.139855199500477,-0.005));
#10572=CARTESIAN_POINT('',(-0.00510000000000002,-0.139855199500477,-0.005));
#10573=CARTESIAN_POINT('',(0.00509999999999998,-0.139855199500477,-0.005));
#10574=CARTESIAN_POINT('',(-0.00510000000000002,-0.139855199500477,-0.00525));
#10575=CARTESIAN_POINT('',(-0.00510000000000002,-0.139855199500477,0.00025));
#10576=CARTESIAN_POINT('',(-0.00510000000000002,-0.139855199500477,0.));
#10577=CARTESIAN_POINT('',(-2.08166817117217E-17,-0.139855199500477,0.));
#10578=CARTESIAN_POINT('',(0.00509999999999998,-0.139855199500477,0.));
#10579=CARTESIAN_POINT('',(0.00509999999999998,-0.139855199500477,-0.00525));
#10580=CARTESIAN_POINT('',(0.00509999999999998,-0.139855199500477,0.00025));
#10581=CARTESIAN_POINT('',(-0.11528085630491,0.139855199500477,-0.005));
#10582=CARTESIAN_POINT('',(-0.11528085630491,0.139855199500477,5.14996031930615E-19));
#10583=CARTESIAN_POINT('',(-0.11528085630491,0.129655199500477,-0.005));
#10584=CARTESIAN_POINT('',(-0.11528085630491,0.129655199500477,4.06575814682064E-20));
#10585=CARTESIAN_POINT('',(-0.10508085630491,0.129655199500477,-0.005));
#10586=CARTESIAN_POINT('',(-0.10508085630491,0.129655199500477,4.06575814682064E-20));
#10587=CARTESIAN_POINT('',(-0.10508085630491,0.139855199500477,-0.005));
#10588=CARTESIAN_POINT('',(-0.10508085630491,0.139855199500477,5.14996031930615E-19));
#10589=CARTESIAN_POINT('',(-0.11018085630491,0.139855199500477,-0.005));
#10590=CARTESIAN_POINT('',(-0.11528085630491,0.139855199500477,-0.005));
#10591=CARTESIAN_POINT('',(-0.10508085630491,0.139855199500477,-0.005));
#10592=CARTESIAN_POINT('',(-0.11528085630491,0.139855199500477,-0.00525));
#10593=CARTESIAN_POINT('',(-0.11528085630491,0.139855199500477,0.00025));
#10594=CARTESIAN_POINT('',(-0.11528085630491,0.139855199500477,0.));
#10595=CARTESIAN_POINT('',(-0.11018085630491,0.139855199500477,0.));
#10596=CARTESIAN_POINT('',(-0.10508085630491,0.139855199500477,0.));
#10597=CARTESIAN_POINT('',(-0.10508085630491,0.139855199500477,-0.00525));
#10598=CARTESIAN_POINT('',(-0.10508085630491,0.139855199500477,0.00025));
#10599=CARTESIAN_POINT('',(-0.0601904281524549,-1.60625832654399E-18,-0.005));
#10600=CARTESIAN_POINT('',(-0.0601904281524549,-1.60625832654399E-18,5.14996031930615E-19));
#10601=CARTESIAN_POINT('',(-0.0601904281524549,-0.0102,-0.005));
#10602=CARTESIAN_POINT('',(-0.0601904281524549,-0.0102,4.06575814682064E-20));
#10603=CARTESIAN_POINT('',(-0.0499904281524549,-0.0102,-0.005));
#10604=CARTESIAN_POINT('',(-0.0499904281524549,-0.0102,4.06575814682064E-20));
#10605=CARTESIAN_POINT('',(-0.0499904281524549,-2.23082819410914E-18,-0.005));
#10606=CARTESIAN_POINT('',(-0.0499904281524549,-2.23082819410914E-18,5.14996031930615E-19));
#10607=CARTESIAN_POINT('',(-0.0550904281524549,-2.23082819410914E-18,-0.005));
#10608=CARTESIAN_POINT('',(-0.0601904281524549,-1.60625832654399E-18,-0.005));
#10609=CARTESIAN_POINT('',(-0.0499904281524549,-2.23082819410914E-18,-0.005));
#10610=CARTESIAN_POINT('',(-0.0601904281524549,-1.60625832654399E-18,-0.00525));
#10611=CARTESIAN_POINT('',(-0.0601904281524549,-1.60625832654399E-18,0.00025));
#10612=CARTESIAN_POINT('',(-0.0601904281524549,-1.60625832654399E-18,0.));
#10613=CARTESIAN_POINT('',(-0.0550904281524549,-2.23082819410914E-18,0.));
#10614=CARTESIAN_POINT('',(-0.0499904281524549,-2.23082819410914E-18,0.));
#10615=CARTESIAN_POINT('',(-0.0499904281524549,-2.23082819410914E-18,-0.00525));
#10616=CARTESIAN_POINT('',(-0.0499904281524549,-2.23082819410914E-18,0.00025));
#10617=CARTESIAN_POINT('',(-0.0499904281524549,-2.23082819410914E-18,-0.005));
#10618=CARTESIAN_POINT('',(-0.0499904281524549,-2.23082819410914E-18,5.14996031930615E-19));
#10619=CARTESIAN_POINT('',(-0.0499904281524549,0.0102,-0.005));
#10620=CARTESIAN_POINT('',(-0.0499904281524549,0.0102,4.06575814682064E-20));
#10621=CARTESIAN_POINT('',(-0.0601904281524549,0.0102,-0.005));
#10622=CARTESIAN_POINT('',(-0.0601904281524549,0.0102,4.06575814682064E-20));
#10623=CARTESIAN_POINT('',(-0.0601904281524549,-1.60625832654399E-18,-0.005));
#10624=CARTESIAN_POINT('',(-0.0601904281524549,-1.60625832654399E-18,5.14996031930615E-19));
#10625=CARTESIAN_POINT('',(-0.0550904281524549,-2.23082819410914E-18,-0.005));
#10626=CARTESIAN_POINT('',(-0.0550904281524549,-2.23082819410914E-18,0.));
#10627=CARTESIAN_POINT('',(-0.10508085630491,0.139855199500477,-0.005));
#10628=CARTESIAN_POINT('',(-0.10508085630491,0.139855199500477,5.14996031930615E-19));
#10629=CARTESIAN_POINT('',(-0.10508085630491,0.150055199500477,-0.005));
#10630=CARTESIAN_POINT('',(-0.10508085630491,0.150055199500477,4.06575814682064E-20));
#10631=CARTESIAN_POINT('',(-0.11528085630491,0.150055199500477,-0.005));
#10632=CARTESIAN_POINT('',(-0.11528085630491,0.150055199500477,4.06575814682064E-20));
#10633=CARTESIAN_POINT('',(-0.11528085630491,0.139855199500477,-0.005));
#10634=CARTESIAN_POINT('',(-0.11528085630491,0.139855199500477,5.14996031930615E-19));
#10635=CARTESIAN_POINT('',(-0.11018085630491,0.139855199500477,-0.005));
#10636=CARTESIAN_POINT('',(-0.11018085630491,0.139855199500477,0.));
#10637=CARTESIAN_POINT('',(0.00509999999999998,-0.139855199500477,-0.005));
#10638=CARTESIAN_POINT('',(0.00509999999999998,-0.139855199500477,5.14996031930615E-19));
#10639=CARTESIAN_POINT('',(0.00509999999999998,-0.129655199500477,-0.005));
#10640=CARTESIAN_POINT('',(0.00509999999999998,-0.129655199500477,4.06575814682064E-20));
#10641=CARTESIAN_POINT('',(-0.00510000000000002,-0.129655199500477,-0.005));
#10642=CARTESIAN_POINT('',(-0.00510000000000002,-0.129655199500477,4.06575814682064E-20));
#10643=CARTESIAN_POINT('',(-0.00510000000000002,-0.139855199500477,-0.005));
#10644=CARTESIAN_POINT('',(-0.00510000000000002,-0.139855199500477,5.14996031930615E-19));
#10645=CARTESIAN_POINT('',(-2.08166817117217E-17,-0.139855199500477,-0.005));
#10646=CARTESIAN_POINT('',(-2.08166817117217E-17,-0.139855199500477,0.));
#10647=CARTESIAN_POINT('',(-0.00289596598935579,-0.16660965938282,-0.01245));
#10648=CARTESIAN_POINT('',(-0.00289596598935579,-0.16660965938282,-0.00254999999999999));
#10649=CARTESIAN_POINT('',(-0.130545329515104,0.157447128714713,-0.01245));
#10650=CARTESIAN_POINT('',(-0.130545329515104,0.157447128714713,-0.00254999999999999));
#10651=CARTESIAN_POINT('',(-0.124743085718479,0.14271727471028,-0.015));
#10652=CARTESIAN_POINT('',(-0.124743085718479,0.14271727471028,-0.003));
#10653=CARTESIAN_POINT('',(-0.124743085718479,0.14271727471028,-0.012));
#10654=CARTESIAN_POINT('',(-0.125462139308445,0.144542698593315,-0.012));
#10655=CARTESIAN_POINT('',(-0.00869820978598085,-0.151879805378387,-0.012));
#10656=CARTESIAN_POINT('',(-0.00869820978598085,-0.151879805378387,-0.015));
#10657=CARTESIAN_POINT('',(-0.00869820978598085,-0.151879805378387,-0.003));
#10658=CARTESIAN_POINT('',(-0.124743085718479,0.14271727471028,-0.003));
#10659=CARTESIAN_POINT('',(0.0111265446871549,-0.151594130598526,-0.01245));
#10660=CARTESIAN_POINT('',(0.0111265446871549,-0.151594130598526,-0.00254999999999998));
#10661=CARTESIAN_POINT('',(-0.000131507885426688,-0.156028795441889,-0.01245));
#10662=CARTESIAN_POINT('',(-0.000131507885426688,-0.156028795441889,-0.00254999999999998));
#10663=CARTESIAN_POINT('',(0.0003802217769634,-0.155827219767191,-0.015));
#10664=CARTESIAN_POINT('',(0.0003802217769634,-0.155827219767191,-0.003));
#10665=CARTESIAN_POINT('',(0.0003802217769634,-0.155827219767191,-0.012));
#10666=CARTESIAN_POINT('',(0.00419270537999153,-0.154325442537848,-0.012));
#10667=CARTESIAN_POINT('',(0.0106148150247648,-0.151795706273224,-0.012));
#10668=CARTESIAN_POINT('',(0.0106148150247648,-0.151795706273224,-0.015));
#10669=CARTESIAN_POINT('',(0.0106148150247648,-0.151795706273224,-0.003));
#10670=CARTESIAN_POINT('',(0.000380221776963393,-0.155827219767191,-0.003));
#10671=CARTESIAN_POINT('',(-0.107284890315554,0.16660965938282,-0.01245));
#10672=CARTESIAN_POINT('',(-0.107284890315554,0.16660965938282,-0.00254999999999999));
#10673=CARTESIAN_POINT('',(0.0203644732101939,-0.157447128714713,-0.01245));
#10674=CARTESIAN_POINT('',(0.0203644732101939,-0.157447128714713,-0.00254999999999999));
#10675=CARTESIAN_POINT('',(0.0145622294135689,-0.14271727471028,-0.015));
#10676=CARTESIAN_POINT('',(0.0145622294135689,-0.14271727471028,-0.003));
#10677=CARTESIAN_POINT('',(0.0145622294135689,-0.14271727471028,-0.012));
#10678=CARTESIAN_POINT('',(-0.097648332501807,0.142145832167504,-0.012));
#10679=CARTESIAN_POINT('',(-0.101482646518929,0.151879805378387,-0.012));
#10680=CARTESIAN_POINT('',(-0.101482646518929,0.151879805378387,0.));
#10681=CARTESIAN_POINT('',(-0.101482646518929,0.151879805378387,-0.003));
#10682=CARTESIAN_POINT('',(0.014562229413569,-0.14271727471028,-0.003));
#10683=CARTESIAN_POINT('',(-0.110049348419483,0.156028795441889,-0.01245));
#10684=CARTESIAN_POINT('',(-0.110049348419483,0.156028795441889,-0.00254999999999998));
#10685=CARTESIAN_POINT('',(-0.121307400992065,0.151594130598525,-0.01245));
#10686=CARTESIAN_POINT('',(-0.121307400992065,0.151594130598525,-0.00254999999999998));
#10687=CARTESIAN_POINT('',(-0.110561078081873,0.155827219767191,-0.015));
#10688=CARTESIAN_POINT('',(-0.110561078081873,0.155827219767191,-0.003));
#10689=CARTESIAN_POINT('',(-0.110561078081873,0.155827219767191,-0.012));
#10690=CARTESIAN_POINT('',(-0.120795671329675,0.151795706273224,-0.012));
#10691=CARTESIAN_POINT('',(-0.120795671329675,0.151795706273224,-0.012));
#10692=CARTESIAN_POINT('',(-0.120795671329675,0.151795706273224,0.));
#10693=CARTESIAN_POINT('',(-0.120795671329675,0.151795706273224,-0.003));
#10694=CARTESIAN_POINT('',(-0.122937430685221,0.150952044826828,-0.003));
#10695=CARTESIAN_POINT('',(-0.12983038069821,-0.170669475188094,-0.015));
#10696=CARTESIAN_POINT('',(-0.12983038069821,0.170669475188094,-0.015));
#10697=CARTESIAN_POINT('',(0.0196495243932998,-0.170669475188094,-0.015));
#10698=CARTESIAN_POINT('',(0.0196495243932998,0.170669475188094,-0.015));
#10699=CARTESIAN_POINT('',(-0.1094615744017,0.153035967063245,-0.015));
#10700=CARTESIAN_POINT('',(-0.119696167649503,0.149004453569278,-0.015));
#10701=CARTESIAN_POINT('',(-0.1094615744017,0.153035967063245,-0.015));
#10702=CARTESIAN_POINT('',(-0.107995569494803,0.149314296791317,-0.015));
#10703=CARTESIAN_POINT('',(-0.104273899222875,0.150780301698214,-0.015));
#10704=CARTESIAN_POINT('',(-0.0388515414569403,-0.0153040291736768,-0.015));
#10705=CARTESIAN_POINT('',(0.0117709767096229,-0.143816778390453,-0.015));
#10706=CARTESIAN_POINT('',(0.00804930643769476,-0.14528278329735,-0.015));
#10707=CARTESIAN_POINT('',(0.0120493064376948,-0.14528278329735,-0.015));
#10708=CARTESIAN_POINT('',(0.00804930643769476,-0.14528278329735,-0.015));
#10709=CARTESIAN_POINT('',(0.00951531134459194,-0.149004453569278,-0.015));
#10710=CARTESIAN_POINT('',(0.0520885230734606,-0.132234419488704,-0.015));
#10711=CARTESIAN_POINT('',(-0.000719281903209475,-0.153035967063245,-0.015));
#10712=CARTESIAN_POINT('',(-0.00218528681010667,-0.149314296791317,-0.015));
#10713=CARTESIAN_POINT('',(-0.00590695708203478,-0.150780301698214,-0.015));
#10714=CARTESIAN_POINT('',(-0.0565294752485982,-0.0222675524814382,-0.015));
#10715=CARTESIAN_POINT('',(-0.121951833014533,0.143816778390453,-0.015));
#10716=CARTESIAN_POINT('',(-0.118230162742605,0.14528278329735,-0.015));
#10717=CARTESIAN_POINT('',(-0.102641264222895,0.143780062712975,-0.015));
#10718=CARTESIAN_POINT('',(-0.104907285055163,0.148133048231106,-0.015));
#10719=CARTESIAN_POINT('',(-0.100375243390627,0.139427077194844,-0.015));
#10720=CARTESIAN_POINT('',(-0.109810091512304,0.148347109383923,-0.015));
#10721=CARTESIAN_POINT('',(-0.114712897969446,0.14856117053674,-0.015));
#10722=CARTESIAN_POINT('',(-0.117349683594319,0.144422246171425,-0.015));
#10723=CARTESIAN_POINT('',(-0.119986469219193,0.14028332180611,-0.015));
#10724=CARTESIAN_POINT('',(-0.117720448386925,0.135930336287979,-0.015));
#10725=CARTESIAN_POINT('',(-0.115454427554657,0.131577350769848,-0.015));
#10726=CARTESIAN_POINT('',(-0.110551621097515,0.131363289617031,-0.015));
#10727=CARTESIAN_POINT('',(-0.105648814640374,0.131149228464215,-0.015));
#10728=CARTESIAN_POINT('',(-0.1030120290155,0.135288152829529,-0.015));
#10729=CARTESIAN_POINT('',(-0.0475508360704401,0.00392486321249778,-0.015));
#10730=CARTESIAN_POINT('',(-0.0498168569027081,0.00827784873062905,-0.015));
#10731=CARTESIAN_POINT('',(-0.045284815238172,-0.00042812230563348,-0.015));
#10732=CARTESIAN_POINT('',(-0.0547196633598496,0.00849190988344579,-0.015));
#10733=CARTESIAN_POINT('',(-0.0596224698169911,0.00870597103626253,-0.015));
#10734=CARTESIAN_POINT('',(-0.0622592554418645,0.004567046670948,-0.015));
#10735=CARTESIAN_POINT('',(-0.0648960410667379,0.00042812230563347,-0.015));
#10736=CARTESIAN_POINT('',(-0.0626300202344698,-0.0039248632124978,-0.015));
#10737=CARTESIAN_POINT('',(-0.0603639994022018,-0.00827784873062906,-0.015));
#10738=CARTESIAN_POINT('',(-0.0554611929450603,-0.00849190988344578,-0.015));
#10739=CARTESIAN_POINT('',(-0.0505583864879188,-0.00870597103626252,-0.015));
#10740=CARTESIAN_POINT('',(-0.0479216008630454,-0.00456704667094801,-0.015));
#10741=CARTESIAN_POINT('',(0.00753959208201486,-0.135930336287979,-0.015));
#10742=CARTESIAN_POINT('',(0.00527357124974678,-0.131577350769848,-0.015));
#10743=CARTESIAN_POINT('',(0.00980561291428293,-0.14028332180611,-0.015));
#10744=CARTESIAN_POINT('',(0.000370764792605309,-0.131363289617031,-0.015));
#10745=CARTESIAN_POINT('',(-0.00453204166453616,-0.131149228464215,-0.015));
#10746=CARTESIAN_POINT('',(-0.00716882728940959,-0.135288152829529,-0.015));
#10747=CARTESIAN_POINT('',(-0.00980561291428297,-0.139427077194844,-0.015));
#10748=CARTESIAN_POINT('',(-0.0075395920820149,-0.143780062712975,-0.015));
#10749=CARTESIAN_POINT('',(-0.00527357124974682,-0.148133048231106,-0.015));
#10750=CARTESIAN_POINT('',(-0.000370764792605347,-0.148347109383923,-0.015));
#10751=CARTESIAN_POINT('',(0.00453204166453615,-0.14856117053674,-0.015));
#10752=CARTESIAN_POINT('',(0.00716882728940953,-0.144422246171425,-0.015));
#10753=CARTESIAN_POINT('',(-0.12983038069821,-0.170669475188094,0.));
#10754=CARTESIAN_POINT('',(-0.12983038069821,0.170669475188094,0.));
#10755=CARTESIAN_POINT('',(0.0196495243932998,-0.170669475188094,0.));
#10756=CARTESIAN_POINT('',(0.0196495243932998,0.170669475188094,0.));
#10757=CARTESIAN_POINT('',(-0.104273899222875,0.150780301698214,0.));
#10758=CARTESIAN_POINT('',(0.0117709767096229,-0.143816778390453,0.));
#10759=CARTESIAN_POINT('',(-0.104273899222875,0.150780301698214,0.));
#10760=CARTESIAN_POINT('',(-0.107995569494803,0.149314296791317,0.));
#10761=CARTESIAN_POINT('',(-0.1094615744017,0.153035967063245,0.));
#10762=CARTESIAN_POINT('',(-0.0668883626728326,0.169806001143819,0.));
#10763=CARTESIAN_POINT('',(-0.119696167649503,0.149004453569278,0.));
#10764=CARTESIAN_POINT('',(-0.118230162742605,0.14528278329735,0.));
#10765=CARTESIAN_POINT('',(-0.121951833014533,0.143816778390453,0.));
#10766=CARTESIAN_POINT('',(-0.00590695708203472,-0.150780301698214,0.));
#10767=CARTESIAN_POINT('',(-0.00590695708203478,-0.150780301698214,0.));
#10768=CARTESIAN_POINT('',(-0.00218528681010667,-0.149314296791317,0.));
#10769=CARTESIAN_POINT('',(-0.000719281903209484,-0.153035967063245,0.));
#10770=CARTESIAN_POINT('',(0.00951531134459195,-0.149004453569278,0.));
#10771=CARTESIAN_POINT('',(0.00951531134459195,-0.149004453569278,0.));
#10772=CARTESIAN_POINT('',(0.00804930643769476,-0.14528278329735,0.));
#10773=CARTESIAN_POINT('',(0.0120493064376948,-0.14528278329735,0.));
#10774=CARTESIAN_POINT('',(0.00804930643769476,-0.14528278329735,0.));
#10775=CARTESIAN_POINT('',(0.00576385189546093,-0.13159875688513,-0.0155));
#10776=CARTESIAN_POINT('',(0.00576385189546093,-0.13159875688513,-0.0045));
#10777=CARTESIAN_POINT('',(-0.0050223223102503,-0.131127822348933,-0.0155));
#10778=CARTESIAN_POINT('',(-0.0050223223102503,-0.131127822348933,-0.0045));
#10779=CARTESIAN_POINT('',(0.00527357124974678,-0.131577350769848,-0.005));
#10780=CARTESIAN_POINT('',(0.00527357124974678,-0.131577350769848,-0.005));
#10781=CARTESIAN_POINT('',(0.000370764792605309,-0.131363289617031,-0.005));
#10782=CARTESIAN_POINT('',(-0.00453204166453616,-0.131149228464215,-0.005));
#10783=CARTESIAN_POINT('',(-0.00453204166453616,-0.131149228464215,-0.005));
#10784=CARTESIAN_POINT('',(0.0100322149975097,-0.140718620357924,-0.0155));
#10785=CARTESIAN_POINT('',(0.0100322149975097,-0.140718620357924,-0.0045));
#10786=CARTESIAN_POINT('',(0.00504696916651999,-0.131142052218035,-0.0155));
#10787=CARTESIAN_POINT('',(0.00504696916651999,-0.131142052218035,-0.0045));
#10788=CARTESIAN_POINT('',(0.00980561291428293,-0.14028332180611,-0.005));
#10789=CARTESIAN_POINT('',(0.00980561291428293,-0.14028332180611,-0.005));
#10790=CARTESIAN_POINT('',(0.00753959208201486,-0.135930336287979,-0.005));
#10791=CARTESIAN_POINT('',(0.00426836310204877,-0.148975062973271,-0.0155));
#10792=CARTESIAN_POINT('',(0.00426836310204877,-0.148975062973271,-0.0045));
#10793=CARTESIAN_POINT('',(0.0100692914767703,-0.139869429369579,-0.0155));
#10794=CARTESIAN_POINT('',(0.0100692914767703,-0.139869429369579,-0.0045));
#10795=CARTESIAN_POINT('',(0.00453204166453615,-0.14856117053674,-0.005));
#10796=CARTESIAN_POINT('',(0.00453204166453615,-0.14856117053674,-0.005));
#10797=CARTESIAN_POINT('',(0.00716882728940953,-0.144422246171425,-0.005));
#10798=CARTESIAN_POINT('',(-0.00576385189546097,-0.148111642115825,-0.0155));
#10799=CARTESIAN_POINT('',(-0.00576385189546097,-0.148111642115825,-0.0045));
#10800=CARTESIAN_POINT('',(0.00502232231025029,-0.148582576652021,-0.0155));
#10801=CARTESIAN_POINT('',(0.00502232231025029,-0.148582576652021,-0.0045));
#10802=CARTESIAN_POINT('',(-0.00527357124974682,-0.148133048231106,-0.005));
#10803=CARTESIAN_POINT('',(-0.00527357124974682,-0.148133048231106,-0.005));
#10804=CARTESIAN_POINT('',(-0.000370764792605347,-0.148347109383923,-0.005));
#10805=CARTESIAN_POINT('',(-0.0100322149975099,-0.138991778643031,-0.0155));
#10806=CARTESIAN_POINT('',(-0.0100322149975099,-0.138991778643031,-0.0045));
#10807=CARTESIAN_POINT('',(-0.00504696916652003,-0.148568346782919,-0.0155));
#10808=CARTESIAN_POINT('',(-0.00504696916652003,-0.148568346782919,-0.0045));
#10809=CARTESIAN_POINT('',(-0.00980561291428299,-0.139427077194844,-0.005));
#10810=CARTESIAN_POINT('',(-0.00980561291428299,-0.139427077194844,-0.005));
#10811=CARTESIAN_POINT('',(-0.0075395920820149,-0.143780062712975,-0.005));
#10812=CARTESIAN_POINT('',(-0.00426836310204892,-0.130735336027683,-0.0155));
#10813=CARTESIAN_POINT('',(-0.00426836310204892,-0.130735336027683,-0.0045));
#10814=CARTESIAN_POINT('',(-0.0100692914767703,-0.139840969631375,-0.0155));
#10815=CARTESIAN_POINT('',(-0.0100692914767703,-0.139840969631375,-0.0045));
#10816=CARTESIAN_POINT('',(-0.00716882728940959,-0.135288152829529,-0.005));
#10817=CARTESIAN_POINT('',(-0.0109156082961798,-0.13016371254291,-0.005));
#10818=CARTESIAN_POINT('',(-0.0109156082961798,-0.149546686458045,-0.005));
#10819=CARTESIAN_POINT('',(0.0109156082961798,-0.13016371254291,-0.005));
#10820=CARTESIAN_POINT('',(0.0109156082961798,-0.149546686458045,-0.005));
#10821=CARTESIAN_POINT('',(-0.0493265762569939,0.00825644261534737,-0.0155));
#10822=CARTESIAN_POINT('',(-0.0493265762569939,0.00825644261534737,-0.0045));
#10823=CARTESIAN_POINT('',(-0.0601127504627053,0.00872737715154421,-0.0155));
#10824=CARTESIAN_POINT('',(-0.0601127504627053,0.00872737715154421,-0.0045));
#10825=CARTESIAN_POINT('',(-0.0498168569027081,0.00827784873062905,-0.005));
#10826=CARTESIAN_POINT('',(-0.0498168569027081,0.00827784873062905,-0.005));
#10827=CARTESIAN_POINT('',(-0.0547196633598496,0.00849190988344579,-0.005));
#10828=CARTESIAN_POINT('',(-0.0596224698169911,0.00870597103626253,-0.005));
#10829=CARTESIAN_POINT('',(-0.0596224698169911,0.00870597103626253,-0.005));
#10830=CARTESIAN_POINT('',(-0.0450582131549452,-0.000863420857446623,-0.0155));
#10831=CARTESIAN_POINT('',(-0.0450582131549452,-0.000863420857446623,-0.0045));
#10832=CARTESIAN_POINT('',(-0.0500434589859349,0.00871314728244215,-0.0155));
#10833=CARTESIAN_POINT('',(-0.0500434589859349,0.00871314728244215,-0.0045));
#10834=CARTESIAN_POINT('',(-0.045284815238172,-0.00042812230563348,-0.005));
#10835=CARTESIAN_POINT('',(-0.045284815238172,-0.00042812230563348,-0.005));
#10836=CARTESIAN_POINT('',(-0.0475508360704401,0.00392486321249778,-0.005));
#10837=CARTESIAN_POINT('',(-0.0508220650504062,-0.00911986347279397,-0.0155));
#10838=CARTESIAN_POINT('',(-0.0508220650504062,-0.00911986347279397,-0.0045));
#10839=CARTESIAN_POINT('',(-0.0450211366756846,-1.42298691020396E-05,-0.0155));
#10840=CARTESIAN_POINT('',(-0.0450211366756846,-1.42298691020396E-05,-0.0045));
#10841=CARTESIAN_POINT('',(-0.0505583864879188,-0.00870597103626252,-0.005));
#10842=CARTESIAN_POINT('',(-0.0505583864879188,-0.00870597103626252,-0.005));
#10843=CARTESIAN_POINT('',(-0.0479216008630454,-0.00456704667094801,-0.005));
#10844=CARTESIAN_POINT('',(-0.060854280047916,-0.00825644261534736,-0.0155));
#10845=CARTESIAN_POINT('',(-0.060854280047916,-0.00825644261534736,-0.0045));
#10846=CARTESIAN_POINT('',(-0.0500681058422046,-0.0087273771515442,-0.0155));
#10847=CARTESIAN_POINT('',(-0.0500681058422046,-0.0087273771515442,-0.0045));
#10848=CARTESIAN_POINT('',(-0.0603639994022018,-0.00827784873062906,-0.005));
#10849=CARTESIAN_POINT('',(-0.0603639994022018,-0.00827784873062906,-0.005));
#10850=CARTESIAN_POINT('',(-0.0554611929450603,-0.00849190988344578,-0.005));
#10851=CARTESIAN_POINT('',(-0.0651226431499647,0.000863420857446617,-0.0155));
#10852=CARTESIAN_POINT('',(-0.0651226431499647,0.000863420857446617,-0.0045));
#10853=CARTESIAN_POINT('',(-0.060137397318975,-0.00871314728244216,-0.0155));
#10854=CARTESIAN_POINT('',(-0.060137397318975,-0.00871314728244216,-0.0045));
#10855=CARTESIAN_POINT('',(-0.0648960410667379,0.000428122305633468,-0.005));
#10856=CARTESIAN_POINT('',(-0.0648960410667379,0.000428122305633468,-0.005));
#10857=CARTESIAN_POINT('',(-0.0626300202344698,-0.0039248632124978,-0.005));
#10858=CARTESIAN_POINT('',(-0.0593587912545037,0.00911986347279398,-0.0155));
#10859=CARTESIAN_POINT('',(-0.0593587912545037,0.00911986347279398,-0.0045));
#10860=CARTESIAN_POINT('',(-0.0651597196292253,1.42298691020145E-05,-0.0155));
#10861=CARTESIAN_POINT('',(-0.0651597196292253,1.42298691020145E-05,-0.0045));
#10862=CARTESIAN_POINT('',(-0.0622592554418645,0.004567046670948,-0.005));
#10863=CARTESIAN_POINT('',(-0.0660060364486347,0.00969148695756745,-0.005));
#10864=CARTESIAN_POINT('',(-0.0660060364486347,-0.00969148695756744,-0.005));
#10865=CARTESIAN_POINT('',(-0.0441748198562752,0.00969148695756745,-0.005));
#10866=CARTESIAN_POINT('',(-0.0441748198562752,-0.00969148695756744,-0.005));
#10867=CARTESIAN_POINT('',(-0.104417004409449,0.148111642115825,-0.0155));
#10868=CARTESIAN_POINT('',(-0.104417004409449,0.148111642115825,-0.0045));
#10869=CARTESIAN_POINT('',(-0.11520317861516,0.148582576652021,-0.0155));
#10870=CARTESIAN_POINT('',(-0.11520317861516,0.148582576652021,-0.0045));
#10871=CARTESIAN_POINT('',(-0.104907285055163,0.148133048231106,-0.005));
#10872=CARTESIAN_POINT('',(-0.104907285055163,0.148133048231106,-0.005));
#10873=CARTESIAN_POINT('',(-0.109810091512304,0.148347109383923,-0.005));
#10874=CARTESIAN_POINT('',(-0.114712897969446,0.14856117053674,-0.005));
#10875=CARTESIAN_POINT('',(-0.114712897969446,0.14856117053674,-0.005));
#10876=CARTESIAN_POINT('',(-0.1001486413074,0.138991778643031,-0.0155));
#10877=CARTESIAN_POINT('',(-0.1001486413074,0.138991778643031,-0.0045));
#10878=CARTESIAN_POINT('',(-0.10513388713839,0.148568346782919,-0.0155));
#10879=CARTESIAN_POINT('',(-0.10513388713839,0.148568346782919,-0.0045));
#10880=CARTESIAN_POINT('',(-0.100375243390627,0.139427077194844,-0.005));
#10881=CARTESIAN_POINT('',(-0.100375243390627,0.139427077194844,-0.005));
#10882=CARTESIAN_POINT('',(-0.102641264222895,0.143780062712975,-0.005));
#10883=CARTESIAN_POINT('',(-0.105912493202861,0.130735336027683,-0.0155));
#10884=CARTESIAN_POINT('',(-0.105912493202861,0.130735336027683,-0.0045));
#10885=CARTESIAN_POINT('',(-0.10011156482814,0.139840969631375,-0.0155));
#10886=CARTESIAN_POINT('',(-0.10011156482814,0.139840969631375,-0.0045));
#10887=CARTESIAN_POINT('',(-0.105648814640374,0.131149228464215,-0.005));
#10888=CARTESIAN_POINT('',(-0.105648814640374,0.131149228464215,-0.005));
#10889=CARTESIAN_POINT('',(-0.1030120290155,0.135288152829529,-0.005));
#10890=CARTESIAN_POINT('',(-0.115944708200371,0.13159875688513,-0.0155));
#10891=CARTESIAN_POINT('',(-0.115944708200371,0.13159875688513,-0.0045));
#10892=CARTESIAN_POINT('',(-0.105158533994659,0.131127822348933,-0.0155));
#10893=CARTESIAN_POINT('',(-0.105158533994659,0.131127822348933,-0.0045));
#10894=CARTESIAN_POINT('',(-0.115454427554657,0.131577350769848,-0.005));
#10895=CARTESIAN_POINT('',(-0.115454427554657,0.131577350769848,-0.005));
#10896=CARTESIAN_POINT('',(-0.110551621097515,0.131363289617031,-0.005));
#10897=CARTESIAN_POINT('',(-0.120213071302419,0.140718620357924,-0.0155));
#10898=CARTESIAN_POINT('',(-0.120213071302419,0.140718620357924,-0.0045));
#10899=CARTESIAN_POINT('',(-0.11522782547143,0.131142052218035,-0.0155));
#10900=CARTESIAN_POINT('',(-0.11522782547143,0.131142052218035,-0.0045));
#10901=CARTESIAN_POINT('',(-0.119986469219193,0.14028332180611,-0.005));
#10902=CARTESIAN_POINT('',(-0.119986469219193,0.14028332180611,-0.005));
#10903=CARTESIAN_POINT('',(-0.117720448386925,0.135930336287979,-0.005));
#10904=CARTESIAN_POINT('',(-0.114449219406959,0.148975062973271,-0.0155));
#10905=CARTESIAN_POINT('',(-0.114449219406959,0.148975062973271,-0.0045));
#10906=CARTESIAN_POINT('',(-0.12025014778168,0.139869429369579,-0.0155));
#10907=CARTESIAN_POINT('',(-0.12025014778168,0.139869429369579,-0.0045));
#10908=CARTESIAN_POINT('',(-0.117349683594319,0.144422246171425,-0.005));
#10909=CARTESIAN_POINT('',(-0.12109646460109,0.149546686458045,-0.005));
#10910=CARTESIAN_POINT('',(-0.12109646460109,0.13016371254291,-0.005));
#10911=CARTESIAN_POINT('',(-0.0992652480087302,0.149546686458045,-0.005));
#10912=CARTESIAN_POINT('',(-0.0992652480087302,0.13016371254291,-0.005));
#10913=CARTESIAN_POINT('',(0.00934897274539384,-0.152161072873155,-0.01245));
#10914=CARTESIAN_POINT('',(0.00934897274539384,-0.152161072873155,-0.00255));
#10915=CARTESIAN_POINT('',(0.0147053315878497,-0.151148978362919,-0.01245));
#10916=CARTESIAN_POINT('',(0.0147053315878497,-0.151148978362919,-0.00255));
#10917=CARTESIAN_POINT('',(0.0168789681502594,-0.146149956514461,-0.01245));
#10918=CARTESIAN_POINT('',(0.0168789681502594,-0.146149956514461,-0.00255));
#10919=CARTESIAN_POINT('',(0.0139661392702478,-0.141542316851621,-0.01245));
#10920=CARTESIAN_POINT('',(0.0139661392702478,-0.141542316851621,-0.00255));
#10921=CARTESIAN_POINT('',(0.00804930643769476,-0.14528278329735,-0.012));
#10922=CARTESIAN_POINT('',(0.0150493064376948,-0.14528278329735,-0.012));
#10923=CARTESIAN_POINT('',(0.00804930643769476,-0.14528278329735,-0.012));
#10924=CARTESIAN_POINT('',(0.00804930643769476,-0.14528278329735,-0.003));
#10925=CARTESIAN_POINT('',(0.0150493064376948,-0.14528278329735,-0.003));
#10926=CARTESIAN_POINT('',(0.00804930643769476,-0.14528278329735,-0.003));
#10927=CARTESIAN_POINT('',(-0.00906357638591199,-0.150613963099016,-0.01245));
#10928=CARTESIAN_POINT('',(-0.00906357638591199,-0.150613963099016,-0.00255));
#10929=CARTESIAN_POINT('',(-0.00805148187567607,-0.155970321941472,-0.01245));
#10930=CARTESIAN_POINT('',(-0.00805148187567607,-0.155970321941472,-0.00255));
#10931=CARTESIAN_POINT('',(-0.00305246002721784,-0.158143958503882,-0.01245));
#10932=CARTESIAN_POINT('',(-0.00305246002721784,-0.158143958503882,-0.00255));
#10933=CARTESIAN_POINT('',(0.00155517963562216,-0.15523112962387,-0.01245));
#10934=CARTESIAN_POINT('',(0.00155517963562216,-0.15523112962387,-0.00255));
#10935=CARTESIAN_POINT('',(-0.00218528681010667,-0.149314296791317,-0.012));
#10936=CARTESIAN_POINT('',(-0.00218528681010667,-0.149314296791317,-0.003));
#10937=CARTESIAN_POINT('',(-0.124146995575158,0.141542316851621,-0.00255));
#10938=CARTESIAN_POINT('',(-0.124146995575158,0.141542316851621,-0.01245));
#10939=CARTESIAN_POINT('',(-0.12705982445517,0.146149956514461,-0.00255));
#10940=CARTESIAN_POINT('',(-0.12705982445517,0.146149956514461,-0.01245));
#10941=CARTESIAN_POINT('',(-0.12488618789276,0.151148978362919,-0.00255));
#10942=CARTESIAN_POINT('',(-0.12488618789276,0.151148978362919,-0.01245));
#10943=CARTESIAN_POINT('',(-0.119529829050304,0.152161072873155,-0.00255));
#10944=CARTESIAN_POINT('',(-0.119529829050304,0.152161072873155,-0.01245));
#10945=CARTESIAN_POINT('',(-0.118230162742605,0.14528278329735,-0.012));
#10946=CARTESIAN_POINT('',(-0.118230162742605,0.14528278329735,-0.003));
#10947=CARTESIAN_POINT('',(-0.111736035940532,0.15523112962387,-0.00255));
#10948=CARTESIAN_POINT('',(-0.111736035940532,0.15523112962387,-0.01245));
#10949=CARTESIAN_POINT('',(-0.107128396277692,0.158143958503882,-0.00255));
#10950=CARTESIAN_POINT('',(-0.107128396277692,0.158143958503882,-0.01245));
#10951=CARTESIAN_POINT('',(-0.102129374429234,0.155970321941472,-0.00255));
#10952=CARTESIAN_POINT('',(-0.102129374429234,0.155970321941472,-0.01245));
#10953=CARTESIAN_POINT('',(-0.101117279918998,0.150613963099016,-0.00255));
#10954=CARTESIAN_POINT('',(-0.101117279918998,0.150613963099016,-0.01245));
#10955=CARTESIAN_POINT('',(-0.107995569494803,0.149314296791317,-0.012));
#10956=CARTESIAN_POINT('',(-0.107995569494803,0.149314296791317,-0.003));
#10957=CARTESIAN_POINT('',(-0.00901136206362416,-0.150604097100397,-0.0114378560562428));
#10958=CARTESIAN_POINT('',(-0.00800695054323069,-0.15591979486806,-0.0114378560562428));
#10959=CARTESIAN_POINT('',(-0.0030458771607453,-0.158076930967854,-0.0114378560562428));
#10960=CARTESIAN_POINT('',(0.00152678508806034,-0.155186213891109,-0.0114378560562428));
#10961=CARTESIAN_POINT('',(-0.00944151130417801,-0.150685374643174,-0.0137326778763854));
#10962=CARTESIAN_POINT('',(-0.00837380618729538,-0.156336044305059,-0.0137326778763854));
#10963=CARTESIAN_POINT('',(-0.00310010777965978,-0.158629113634511,-0.0137326778763854));
#10964=CARTESIAN_POINT('',(0.00176070353293173,-0.15555623628132,-0.0137326778763854));
#10965=CARTESIAN_POINT('',(-0.00781828944990543,-0.150378663689721,-0.0153846224266521));
#10966=CARTESIAN_POINT('',(-0.00698943062024263,-0.154765275094597,-0.0153846224266521));
#10967=CARTESIAN_POINT('',(-0.00289546176963917,-0.156545383413544,-0.0153846224266521));
#10968=CARTESIAN_POINT('',(0.000877983081434997,-0.154159910602381,-0.0153846224266521));
#10969=CARTESIAN_POINT('',(-0.00556336816364578,-0.149952591889462,-0.0149468617521861));
#10970=CARTESIAN_POINT('',(-0.00506630598628807,-0.152583219130312,-0.0149468617521861));
#10971=CARTESIAN_POINT('',(-0.00261117490957202,-0.153650740504619,-0.0149468617521861));
#10972=CARTESIAN_POINT('',(-0.000348260349589291,-0.15222018530377,-0.0149468617521861));
#10973=CARTESIAN_POINT('',(-0.000719281903209495,-0.153035967063245,-0.012));
#10974=CARTESIAN_POINT('',(-0.00590695708203478,-0.150780301698214,-0.012));
#10975=CARTESIAN_POINT('',(0.000418315315596681,-0.165304129257665,-0.0149468617521861));
#10976=CARTESIAN_POINT('',(-0.127231048210152,0.158752658839869,-0.0149468617521861));
#10977=CARTESIAN_POINT('',(-0.00171682722125249,-0.166145184269861,-0.0153846224266521));
#10978=CARTESIAN_POINT('',(-0.129366190747001,0.157911603827673,-0.0153846224266521));
#10979=CARTESIAN_POINT('',(-0.0032538254521528,-0.166750623974014,-0.0137326778763854));
#10980=CARTESIAN_POINT('',(-0.130903188977902,0.15730616412352,-0.0137326778763854));
#10981=CARTESIAN_POINT('',(-0.00284652523005799,-0.166590184149811,-0.0114378560562428));
#10982=CARTESIAN_POINT('',(-0.130495888755807,0.157466603947723,-0.0114378560562428));
#10983=CARTESIAN_POINT('',(-0.121951833014533,0.143816778390453,-0.012));
#10984=CARTESIAN_POINT('',(0.00982101456199937,-0.148279849293573,-0.014946861752186));
#10985=CARTESIAN_POINT('',(-0.00143703801058228,-0.152714514136937,-0.014946861752186));
#10986=CARTESIAN_POINT('',(0.0106620695741953,-0.150414991830422,-0.0153846224266521));
#10987=CARTESIAN_POINT('',(-0.000595982998386327,-0.154849656673786,-0.0153846224266521));
#10988=CARTESIAN_POINT('',(0.0112675092783486,-0.151951990061323,-0.0137326778763855));
#10989=CARTESIAN_POINT('',(9.45670576694912E-06,-0.156386654904686,-0.0137326778763855));
#10990=CARTESIAN_POINT('',(0.0111070694541452,-0.151544689839228,-0.0114378560562428));
#10991=CARTESIAN_POINT('',(-0.000150983118436492,-0.155979354682592,-0.0114378560562428));
#10992=CARTESIAN_POINT('',(0.00951531134459195,-0.149004453569278,-0.012));
#10993=CARTESIAN_POINT('',(-0.119519963051685,0.152108858550867,-0.0114378560562428));
#10994=CARTESIAN_POINT('',(-0.124835660819348,0.151104447030473,-0.0114378560562428));
#10995=CARTESIAN_POINT('',(-0.126992796919142,0.146143373647988,-0.0114378560562428));
#10996=CARTESIAN_POINT('',(-0.124102079842397,0.141570711399183,-0.0114378560562428));
#10997=CARTESIAN_POINT('',(-0.119601240594462,0.152539007791421,-0.0137326778763855));
#10998=CARTESIAN_POINT('',(-0.125251910256347,0.151471302674538,-0.0137326778763855));
#10999=CARTESIAN_POINT('',(-0.127544979585799,0.146197604266903,-0.0137326778763855));
#11000=CARTESIAN_POINT('',(-0.124472102232609,0.141336792954311,-0.0137326778763855));
#11001=CARTESIAN_POINT('',(-0.11929452964101,0.150915785937148,-0.0153846224266522));
#11002=CARTESIAN_POINT('',(-0.123681141045885,0.150086927107485,-0.0153846224266522));
#11003=CARTESIAN_POINT('',(-0.125461249364832,0.145992958256882,-0.0153846224266522));
#11004=CARTESIAN_POINT('',(-0.123075776553669,0.142219513405808,-0.0153846224266522));
#11005=CARTESIAN_POINT('',(-0.118868457840751,0.148660864650889,-0.014946861752186));
#11006=CARTESIAN_POINT('',(-0.1214990850816,0.148163802473531,-0.014946861752186));
#11007=CARTESIAN_POINT('',(-0.122566606455908,0.145708671396815,-0.014946861752186));
#11008=CARTESIAN_POINT('',(-0.121136051255058,0.143445756836832,-0.014946861752186));
#11009=CARTESIAN_POINT('',(-0.119696167649503,0.149004453569278,-0.012));
#11010=CARTESIAN_POINT('',(0.00933910674677469,-0.152108858550867,-0.0114378560562428));
#11011=CARTESIAN_POINT('',(0.0146548045144377,-0.151104447030474,-0.0114378560562428));
#11012=CARTESIAN_POINT('',(0.0168119406142316,-0.146143373647989,-0.0114378560562428));
#11013=CARTESIAN_POINT('',(0.0139212235374864,-0.141570711399183,-0.0114378560562428));
#11014=CARTESIAN_POINT('',(0.0094203842895517,-0.152539007791421,-0.0137326778763854));
#11015=CARTESIAN_POINT('',(0.0150710539514369,-0.151471302674538,-0.0137326778763854));
#11016=CARTESIAN_POINT('',(0.0173641232808885,-0.146197604266903,-0.0137326778763854));
#11017=CARTESIAN_POINT('',(0.0142912459276979,-0.141336792954312,-0.0137326778763854));
#11018=CARTESIAN_POINT('',(0.00911367333609902,-0.150915785937149,-0.0153846224266521));
#11019=CARTESIAN_POINT('',(0.0135002847409745,-0.150086927107486,-0.0153846224266521));
#11020=CARTESIAN_POINT('',(0.0152803930599214,-0.145992958256882,-0.0153846224266521));
#11021=CARTESIAN_POINT('',(0.0128949202487586,-0.142219513405808,-0.0153846224266521));
#11022=CARTESIAN_POINT('',(0.00868760153584017,-0.148660864650889,-0.0149468617521861));
#11023=CARTESIAN_POINT('',(0.0113182287766897,-0.148163802473531,-0.0149468617521861));
#11024=CARTESIAN_POINT('',(0.012385750150997,-0.145708671396815,-0.0149468617521861));
#11025=CARTESIAN_POINT('',(0.0109551949501474,-0.143445756836833,-0.0149468617521861));
#11026=CARTESIAN_POINT('',(0.0117709767096229,-0.143816778390453,-0.012));
#11027=CARTESIAN_POINT('',(-0.12000187086691,0.148279849293573,-0.0149468617521861));
#11028=CARTESIAN_POINT('',(-0.108743818294328,0.152714514136937,-0.0149468617521861));
#11029=CARTESIAN_POINT('',(-0.120842925879106,0.150414991830422,-0.0153846224266521));
#11030=CARTESIAN_POINT('',(-0.109584873306523,0.154849656673786,-0.0153846224266521));
#11031=CARTESIAN_POINT('',(-0.121448365583259,0.151951990061322,-0.0137326778763854));
#11032=CARTESIAN_POINT('',(-0.110190313010677,0.156386654904686,-0.0137326778763854));
#11033=CARTESIAN_POINT('',(-0.121287925759056,0.151544689839228,-0.0114378560562428));
#11034=CARTESIAN_POINT('',(-0.110029873186473,0.155979354682592,-0.0114378560562428));
#11035=CARTESIAN_POINT('',(-0.1094615744017,0.153035967063245,-0.012));
#11036=CARTESIAN_POINT('',(-0.110599171620506,0.165304129257665,-0.0149468617521861));
#11037=CARTESIAN_POINT('',(0.0170501919052415,-0.158752658839869,-0.0149468617521861));
#11038=CARTESIAN_POINT('',(-0.108464029083657,0.166145184269861,-0.0153846224266521));
#11039=CARTESIAN_POINT('',(0.0191853344420906,-0.157911603827673,-0.0153846224266521));
#11040=CARTESIAN_POINT('',(-0.106927030852757,0.166750623974014,-0.0137326778763854));
#11041=CARTESIAN_POINT('',(0.0207223326729909,-0.15730616412352,-0.0137326778763854));
#11042=CARTESIAN_POINT('',(-0.107334331074852,0.166590184149811,-0.0114378560562428));
#11043=CARTESIAN_POINT('',(0.0203150324508961,-0.157466603947723,-0.0114378560562428));
#11044=CARTESIAN_POINT('',(-0.104273899222875,0.150780301698214,-0.012));
#11045=CARTESIAN_POINT('',(-0.101169494241286,0.150604097100397,-0.0114378560562428));
#11046=CARTESIAN_POINT('',(-0.102173905761679,0.15591979486806,-0.0114378560562428));
#11047=CARTESIAN_POINT('',(-0.107134979144165,0.158076930967854,-0.0114378560562428));
#11048=CARTESIAN_POINT('',(-0.11170764139297,0.155186213891109,-0.0114378560562428));
#11049=CARTESIAN_POINT('',(-0.100739345000732,0.150685374643173,-0.0137326778763854));
#11050=CARTESIAN_POINT('',(-0.101807050117614,0.156336044305059,-0.0137326778763854));
#11051=CARTESIAN_POINT('',(-0.10708074852525,0.158629113634511,-0.0137326778763854));
#11052=CARTESIAN_POINT('',(-0.111941559837842,0.15555623628132,-0.0137326778763854));
#11053=CARTESIAN_POINT('',(-0.102362566855004,0.150378663689721,-0.0153846224266521));
#11054=CARTESIAN_POINT('',(-0.103191425684667,0.154765275094597,-0.0153846224266521));
#11055=CARTESIAN_POINT('',(-0.107285394535271,0.156545383413544,-0.0153846224266521));
#11056=CARTESIAN_POINT('',(-0.111058839386345,0.154159910602381,-0.0153846224266521));
#11057=CARTESIAN_POINT('',(-0.104617488141264,0.149952591889462,-0.014946861752186));
#11058=CARTESIAN_POINT('',(-0.105114550318622,0.152583219130312,-0.014946861752186));
#11059=CARTESIAN_POINT('',(-0.107569681395338,0.153650740504619,-0.014946861752186));
#11060=CARTESIAN_POINT('',(-0.109832595955321,0.15222018530377,-0.014946861752186));
#11061=CARTESIAN_POINT('',(-0.00556336816364577,-0.149952591889462,-5.31382478139524E-05));
#11062=CARTESIAN_POINT('',(-0.00506630598628806,-0.152583219130312,-5.31382478139524E-05));
#11063=CARTESIAN_POINT('',(-0.00261117490957205,-0.153650740504619,-5.31382478139524E-05));
#11064=CARTESIAN_POINT('',(-0.000348260349589319,-0.15222018530377,-5.31382478139524E-05));
#11065=CARTESIAN_POINT('',(-0.00781828944990543,-0.150378663689721,0.000384622426652113));
#11066=CARTESIAN_POINT('',(-0.00698943062024263,-0.154765275094597,0.000384622426652113));
#11067=CARTESIAN_POINT('',(-0.00289546176963919,-0.156545383413544,0.000384622426652113));
#11068=CARTESIAN_POINT('',(0.000877983081434969,-0.154159910602381,0.000384622426652113));
#11069=CARTESIAN_POINT('',(-0.00944151130417801,-0.150685374643174,-0.00126732212361455));
#11070=CARTESIAN_POINT('',(-0.00837380618729539,-0.156336044305059,-0.00126732212361455));
#11071=CARTESIAN_POINT('',(-0.00310010777965982,-0.158629113634511,-0.00126732212361455));
#11072=CARTESIAN_POINT('',(0.0017607035329317,-0.15555623628132,-0.00126732212361455));
#11073=CARTESIAN_POINT('',(-0.00901136206362416,-0.150604097100397,-0.00356214394375717));
#11074=CARTESIAN_POINT('',(-0.0080069505432307,-0.15591979486806,-0.00356214394375717));
#11075=CARTESIAN_POINT('',(-0.00304587716074534,-0.158076930967854,-0.00356214394375717));
#11076=CARTESIAN_POINT('',(0.00152678508806031,-0.155186213891109,-0.00356214394375717));
#11077=CARTESIAN_POINT('',(-0.00590695708203478,-0.150780301698214,-0.003));
#11078=CARTESIAN_POINT('',(-0.000719281903209492,-0.153035967063245,-0.003));
#11079=CARTESIAN_POINT('',(-0.00143703801058223,-0.152714514136937,-5.3138247813942E-05));
#11080=CARTESIAN_POINT('',(0.00982101456199942,-0.148279849293573,-5.3138247813942E-05));
#11081=CARTESIAN_POINT('',(-0.00059598299838629,-0.154849656673786,0.000384622426652078));
#11082=CARTESIAN_POINT('',(0.0106620695741954,-0.150414991830422,0.000384622426652078));
#11083=CARTESIAN_POINT('',(9.45670576696196E-06,-0.156386654904686,-0.00126732212361458));
#11084=CARTESIAN_POINT('',(0.0112675092783486,-0.151951990061323,-0.00126732212361458));
#11085=CARTESIAN_POINT('',(-0.000150983118436475,-0.155979354682592,-0.00356214394375717));
#11086=CARTESIAN_POINT('',(0.0111070694541452,-0.151544689839228,-0.00356214394375717));
#11087=CARTESIAN_POINT('',(0.00951531134459195,-0.149004453569278,-0.003));
#11088=CARTESIAN_POINT('',(-0.127231048210152,0.158752658839869,-5.31382478139641E-05));
#11089=CARTESIAN_POINT('',(0.000418315315596718,-0.165304129257665,-5.31382478139641E-05));
#11090=CARTESIAN_POINT('',(-0.129366190747001,0.157911603827673,0.000384622426652157));
#11091=CARTESIAN_POINT('',(-0.0017168272212525,-0.166145184269861,0.000384622426652157));
#11092=CARTESIAN_POINT('',(-0.130903188977902,0.157306164123519,-0.00126732212361451));
#11093=CARTESIAN_POINT('',(-0.00325382545215283,-0.166750623974014,-0.00126732212361451));
#11094=CARTESIAN_POINT('',(-0.130495888755807,0.157466603947723,-0.00356214394375717));
#11095=CARTESIAN_POINT('',(-0.00284652523005802,-0.166590184149811,-0.00356214394375717));
#11096=CARTESIAN_POINT('',(-0.121951833014533,0.143816778390453,-0.003));
#11097=CARTESIAN_POINT('',(0.00868760153584017,-0.148660864650889,-5.31382478139494E-05));
#11098=CARTESIAN_POINT('',(0.0113182287766897,-0.148163802473531,-5.31382478139494E-05));
#11099=CARTESIAN_POINT('',(0.012385750150997,-0.145708671396815,-5.31382478139494E-05));
#11100=CARTESIAN_POINT('',(0.0109551949501474,-0.143445756836833,-5.31382478139494E-05));
#11101=CARTESIAN_POINT('',(0.00911367333609903,-0.150915785937149,0.000384622426652098));
#11102=CARTESIAN_POINT('',(0.0135002847409745,-0.150086927107486,0.000384622426652098));
#11103=CARTESIAN_POINT('',(0.0152803930599214,-0.145992958256882,0.000384622426652098));
#11104=CARTESIAN_POINT('',(0.0128949202487586,-0.142219513405808,0.000384622426652098));
#11105=CARTESIAN_POINT('',(0.0094203842895517,-0.152539007791421,-0.00126732212361456));
#11106=CARTESIAN_POINT('',(0.0150710539514369,-0.151471302674538,-0.00126732212361456));
#11107=CARTESIAN_POINT('',(0.0173641232808886,-0.146197604266903,-0.00126732212361456));
#11108=CARTESIAN_POINT('',(0.0142912459276979,-0.141336792954312,-0.00126732212361456));
#11109=CARTESIAN_POINT('',(0.0093391067467747,-0.152108858550867,-0.00356214394375718));
#11110=CARTESIAN_POINT('',(0.0146548045144377,-0.151104447030474,-0.00356214394375718));
#11111=CARTESIAN_POINT('',(0.0168119406142316,-0.146143373647989,-0.00356214394375718));
#11112=CARTESIAN_POINT('',(0.0139212235374864,-0.141570711399183,-0.00356214394375718));
#11113=CARTESIAN_POINT('',(0.0117709767096229,-0.143816778390453,-0.003));
#11114=CARTESIAN_POINT('',(-0.118868457840751,0.148660864650889,-5.3138247813965E-05));
#11115=CARTESIAN_POINT('',(-0.1214990850816,0.148163802473531,-5.3138247813965E-05));
#11116=CARTESIAN_POINT('',(-0.122566606455908,0.145708671396815,-5.3138247813965E-05));
#11117=CARTESIAN_POINT('',(-0.121136051255058,0.143445756836832,-5.3138247813965E-05));
#11118=CARTESIAN_POINT('',(-0.119294529641009,0.150915785937148,0.000384622426652156));
#11119=CARTESIAN_POINT('',(-0.123681141045885,0.150086927107485,0.000384622426652156));
#11120=CARTESIAN_POINT('',(-0.125461249364832,0.145992958256882,0.000384622426652156));
#11121=CARTESIAN_POINT('',(-0.123075776553669,0.142219513405808,0.000384622426652156));
#11122=CARTESIAN_POINT('',(-0.119601240594462,0.152539007791421,-0.00126732212361451));
#11123=CARTESIAN_POINT('',(-0.125251910256347,0.151471302674538,-0.00126732212361451));
#11124=CARTESIAN_POINT('',(-0.127544979585799,0.146197604266903,-0.00126732212361451));
#11125=CARTESIAN_POINT('',(-0.124472102232609,0.141336792954311,-0.00126732212361451));
#11126=CARTESIAN_POINT('',(-0.119519963051685,0.152108858550867,-0.00356214394375717));
#11127=CARTESIAN_POINT('',(-0.124835660819348,0.151104447030473,-0.00356214394375717));
#11128=CARTESIAN_POINT('',(-0.126992796919142,0.146143373647988,-0.00356214394375717));
#11129=CARTESIAN_POINT('',(-0.124102079842397,0.141570711399183,-0.00356214394375717));
#11130=CARTESIAN_POINT('',(-0.119696167649503,0.149004453569278,-0.003));
#11131=CARTESIAN_POINT('',(0.0170501919052415,-0.158752658839869,-5.31382478139459E-05));
#11132=CARTESIAN_POINT('',(-0.110599171620506,0.165304129257665,-5.31382478139459E-05));
#11133=CARTESIAN_POINT('',(0.0191853344420906,-0.157911603827673,0.000384622426652089));
#11134=CARTESIAN_POINT('',(-0.108464029083657,0.166145184269861,0.000384622426652089));
#11135=CARTESIAN_POINT('',(0.0207223326729909,-0.15730616412352,-0.00126732212361457));
#11136=CARTESIAN_POINT('',(-0.106927030852757,0.166750623974014,-0.00126732212361457));
#11137=CARTESIAN_POINT('',(0.0203150324508961,-0.157466603947723,-0.00356214394375717));
#11138=CARTESIAN_POINT('',(-0.107334331074852,0.166590184149811,-0.00356214394375717));
#11139=CARTESIAN_POINT('',(-0.104273899222875,0.150780301698214,-0.003));
#11140=CARTESIAN_POINT('',(-0.108743818294328,0.152714514136937,-5.31382478139697E-05));
#11141=CARTESIAN_POINT('',(-0.12000187086691,0.148279849293573,-5.31382478139697E-05));
#11142=CARTESIAN_POINT('',(-0.109584873306524,0.154849656673786,0.000384622426652179));
#11143=CARTESIAN_POINT('',(-0.120842925879106,0.150414991830422,0.000384622426652179));
#11144=CARTESIAN_POINT('',(-0.110190313010677,0.156386654904687,-0.0012673221236145));
#11145=CARTESIAN_POINT('',(-0.121448365583259,0.151951990061323,-0.0012673221236145));
#11146=CARTESIAN_POINT('',(-0.110029873186473,0.155979354682592,-0.00356214394375717));
#11147=CARTESIAN_POINT('',(-0.121287925759056,0.151544689839228,-0.00356214394375717));
#11148=CARTESIAN_POINT('',(-0.1094615744017,0.153035967063245,-0.003));
#11149=CARTESIAN_POINT('',(-0.104617488141264,0.149952591889462,-5.31382478139533E-05));
#11150=CARTESIAN_POINT('',(-0.105114550318622,0.152583219130312,-5.31382478139533E-05));
#11151=CARTESIAN_POINT('',(-0.107569681395338,0.153650740504619,-5.31382478139533E-05));
#11152=CARTESIAN_POINT('',(-0.109832595955321,0.15222018530377,-5.31382478139533E-05));
#11153=CARTESIAN_POINT('',(-0.102362566855004,0.150378663689721,0.000384622426652112));
#11154=CARTESIAN_POINT('',(-0.103191425684667,0.154765275094597,0.000384622426652112));
#11155=CARTESIAN_POINT('',(-0.107285394535271,0.156545383413544,0.000384622426652112));
#11156=CARTESIAN_POINT('',(-0.111058839386345,0.154159910602381,0.000384622426652112));
#11157=CARTESIAN_POINT('',(-0.100739345000732,0.150685374643173,-0.00126732212361455));
#11158=CARTESIAN_POINT('',(-0.101807050117614,0.156336044305059,-0.00126732212361455));
#11159=CARTESIAN_POINT('',(-0.10708074852525,0.158629113634511,-0.00126732212361455));
#11160=CARTESIAN_POINT('',(-0.111941559837842,0.15555623628132,-0.00126732212361455));
#11161=CARTESIAN_POINT('',(-0.101169494241286,0.150604097100397,-0.00356214394375717));
#11162=CARTESIAN_POINT('',(-0.102173905761679,0.15591979486806,-0.00356214394375717));
#11163=CARTESIAN_POINT('',(-0.107134979144165,0.158076930967854,-0.00356214394375717));
#11164=CARTESIAN_POINT('',(-0.11170764139297,0.155186213891109,-0.00356214394375717));
#11165=CARTESIAN_POINT('',(0.,0.,0.));
#11166=CARTESIAN_POINT('',(-0.00811499999999999,0.139855199500477,0.00554));
#11167=CARTESIAN_POINT('',(-0.00811499999999999,0.139855199500477,0.015));
#11168=CARTESIAN_POINT('',(-0.00811499999999999,0.123625199500477,0.00554));
#11169=CARTESIAN_POINT('',(-0.00811499999999999,0.123625199500477,0.015));
#11170=CARTESIAN_POINT('',(0.00811500000000001,0.123625199500477,0.00554));
#11171=CARTESIAN_POINT('',(0.00811500000000001,0.123625199500477,0.015));
#11172=CARTESIAN_POINT('',(0.00811500000000001,0.139855199500477,0.00554));
#11173=CARTESIAN_POINT('',(0.00811500000000001,0.139855199500477,0.015));
#11174=CARTESIAN_POINT('',(1.38777878078145E-17,0.139855199500477,0.00554));
#11175=CARTESIAN_POINT('',(-0.00811499999999999,0.139855199500477,0.00554));
#11176=CARTESIAN_POINT('',(0.00811500000000001,0.139855199500477,0.00554));
#11177=CARTESIAN_POINT('',(-0.00811499999999999,0.139855199500477,0.005067));
#11178=CARTESIAN_POINT('',(-0.00811499999999999,0.139855199500477,0.015473));
#11179=CARTESIAN_POINT('',(-0.00811499999999999,0.139855199500477,0.015));
#11180=CARTESIAN_POINT('',(1.38777878078145E-17,0.139855199500477,0.015));
#11181=CARTESIAN_POINT('',(0.00811500000000001,0.139855199500477,0.015));
#11182=CARTESIAN_POINT('',(0.00811500000000001,0.139855199500477,0.005067));
#11183=CARTESIAN_POINT('',(0.00811500000000001,0.139855199500477,0.015473));
#11184=CARTESIAN_POINT('',(-0.0632054281524549,-7.40126877847028E-19,0.00554));
#11185=CARTESIAN_POINT('',(-0.0632054281524549,-7.40126877847028E-19,0.015));
#11186=CARTESIAN_POINT('',(-0.0632054281524549,-0.01623,0.00554));
#11187=CARTESIAN_POINT('',(-0.0632054281524549,-0.01623,0.015));
#11188=CARTESIAN_POINT('',(-0.0469754281524549,-0.01623,0.00554));
#11189=CARTESIAN_POINT('',(-0.0469754281524549,-0.01623,0.015));
#11190=CARTESIAN_POINT('',(-0.0469754281524549,-1.7339277553551E-18,0.00554));
#11191=CARTESIAN_POINT('',(-0.0469754281524549,-1.73392775535511E-18,0.015));
#11192=CARTESIAN_POINT('',(-0.0550904281524549,-1.73392775535511E-18,0.00554));
#11193=CARTESIAN_POINT('',(-0.0632054281524549,-7.40126877847028E-19,0.00554));
#11194=CARTESIAN_POINT('',(-0.0469754281524549,-1.73392775535511E-18,0.00554));
#11195=CARTESIAN_POINT('',(-0.0632054281524549,-7.40126877847028E-19,0.005067));
#11196=CARTESIAN_POINT('',(-0.0632054281524549,-7.40126877847028E-19,0.015473));
#11197=CARTESIAN_POINT('',(-0.0632054281524549,-7.40126877847028E-19,0.015));
#11198=CARTESIAN_POINT('',(-0.0550904281524549,-1.73392775535511E-18,0.015));
#11199=CARTESIAN_POINT('',(-0.0469754281524549,-1.73392775535511E-18,0.015));
#11200=CARTESIAN_POINT('',(-0.0469754281524549,-1.73392775535511E-18,0.005067));
#11201=CARTESIAN_POINT('',(-0.0469754281524549,-1.73392775535511E-18,0.015473));
#11202=CARTESIAN_POINT('',(-0.118295856304912,-0.139855199500477,0.00554));
#11203=CARTESIAN_POINT('',(-0.118295856304912,-0.139855199500477,0.015));
#11204=CARTESIAN_POINT('',(-0.118295856304912,-0.156085199500477,0.00554));
#11205=CARTESIAN_POINT('',(-0.118295856304912,-0.156085199500477,0.015));
#11206=CARTESIAN_POINT('',(-0.102065856304912,-0.156085199500477,0.00554));
#11207=CARTESIAN_POINT('',(-0.102065856304912,-0.156085199500477,0.015));
#11208=CARTESIAN_POINT('',(-0.102065856304912,-0.139855199500477,0.00554));
#11209=CARTESIAN_POINT('',(-0.102065856304912,-0.139855199500477,0.015));
#11210=CARTESIAN_POINT('',(-0.110180856304912,-0.139855199500477,0.00554));
#11211=CARTESIAN_POINT('',(-0.118295856304912,-0.139855199500477,0.00554));
#11212=CARTESIAN_POINT('',(-0.102065856304912,-0.139855199500477,0.00554));
#11213=CARTESIAN_POINT('',(-0.118295856304912,-0.139855199500477,0.005067));
#11214=CARTESIAN_POINT('',(-0.118295856304912,-0.139855199500477,0.015473));
#11215=CARTESIAN_POINT('',(-0.118295856304912,-0.139855199500477,0.015));
#11216=CARTESIAN_POINT('',(-0.110180856304912,-0.139855199500477,0.015));
#11217=CARTESIAN_POINT('',(-0.102065856304912,-0.139855199500477,0.015));
#11218=CARTESIAN_POINT('',(-0.102065856304912,-0.139855199500477,0.005067));
#11219=CARTESIAN_POINT('',(-0.102065856304912,-0.139855199500477,0.015473));
#11220=CARTESIAN_POINT('',(-0.105080856304912,-0.139855199500477,0.00554));
#11221=CARTESIAN_POINT('',(-0.105080856304912,-0.139855199500477,1.62630325872826E-19));
#11222=CARTESIAN_POINT('',(-0.105080856304912,-0.150055199500477,0.00554));
#11223=CARTESIAN_POINT('',(-0.105080856304912,-0.150055199500477,-4.4723339615027E-19));
#11224=CARTESIAN_POINT('',(-0.115280856304912,-0.150055199500477,0.00554));
#11225=CARTESIAN_POINT('',(-0.115280856304912,-0.150055199500477,-4.4723339615027E-19));
#11226=CARTESIAN_POINT('',(-0.115280856304912,-0.139855199500477,0.00554));
#11227=CARTESIAN_POINT('',(-0.115280856304912,-0.139855199500477,1.62630325872826E-19));
#11228=CARTESIAN_POINT('',(-0.110180856304912,-0.139855199500477,0.00554));
#11229=CARTESIAN_POINT('',(-0.115280856304912,-0.139855199500477,0.00554));
#11230=CARTESIAN_POINT('',(-0.105080856304912,-0.139855199500477,0.00554));
#11231=CARTESIAN_POINT('',(-0.105080856304912,-0.139855199500477,0.005817));
#11232=CARTESIAN_POINT('',(-0.105080856304912,-0.139855199500477,-0.000276999999999999));
#11233=CARTESIAN_POINT('',(-0.105080856304912,-0.139855199500477,0.));
#11234=CARTESIAN_POINT('',(-0.110180856304912,-0.139855199500477,0.));
#11235=CARTESIAN_POINT('',(-0.115280856304912,-0.139855199500477,0.));
#11236=CARTESIAN_POINT('',(-0.115280856304912,-0.139855199500477,0.005817));
#11237=CARTESIAN_POINT('',(-0.115280856304912,-0.139855199500477,-0.000276999999999999));
#11238=CARTESIAN_POINT('',(0.00510000000000001,0.139855199500477,0.00554));
#11239=CARTESIAN_POINT('',(0.00510000000000001,0.139855199500477,1.62630325872826E-19));
#11240=CARTESIAN_POINT('',(0.00510000000000001,0.129655199500477,0.00554));
#11241=CARTESIAN_POINT('',(0.00510000000000001,0.129655199500477,-4.4723339615027E-19));
#11242=CARTESIAN_POINT('',(-0.00509999999999999,0.129655199500477,0.00554));
#11243=CARTESIAN_POINT('',(-0.00509999999999999,0.129655199500477,-4.4723339615027E-19));
#11244=CARTESIAN_POINT('',(-0.00509999999999999,0.139855199500477,0.00554));
#11245=CARTESIAN_POINT('',(-0.00509999999999999,0.139855199500477,1.62630325872826E-19));
#11246=CARTESIAN_POINT('',(1.30104260698261E-17,0.139855199500477,0.00554));
#11247=CARTESIAN_POINT('',(-0.00509999999999999,0.139855199500477,0.00554));
#11248=CARTESIAN_POINT('',(0.00510000000000001,0.139855199500477,0.00554));
#11249=CARTESIAN_POINT('',(0.00510000000000001,0.139855199500477,0.005817));
#11250=CARTESIAN_POINT('',(0.00510000000000001,0.139855199500477,-0.000276999999999999));
#11251=CARTESIAN_POINT('',(0.00510000000000001,0.139855199500477,0.));
#11252=CARTESIAN_POINT('',(1.30104260698261E-17,0.139855199500477,0.));
#11253=CARTESIAN_POINT('',(-0.00509999999999999,0.139855199500477,0.));
#11254=CARTESIAN_POINT('',(-0.00509999999999999,0.139855199500477,0.005817));
#11255=CARTESIAN_POINT('',(-0.00509999999999999,0.139855199500477,-0.000276999999999999));
#11256=CARTESIAN_POINT('',(-0.0499904281524549,-1.60625832654399E-18,0.00554));
#11257=CARTESIAN_POINT('',(-0.0499904281524549,-1.60625832654399E-18,1.62630325872826E-19));
#11258=CARTESIAN_POINT('',(-0.0499904281524549,-0.0102,0.00554));
#11259=CARTESIAN_POINT('',(-0.0499904281524549,-0.0102,-4.4723339615027E-19));
#11260=CARTESIAN_POINT('',(-0.0601904281524549,-0.0102,0.00554));
#11261=CARTESIAN_POINT('',(-0.0601904281524549,-0.0102,-4.4723339615027E-19));
#11262=CARTESIAN_POINT('',(-0.0601904281524549,-2.23082819410914E-18,0.00554));
#11263=CARTESIAN_POINT('',(-0.0601904281524549,-2.23082819410914E-18,1.62630325872826E-19));
#11264=CARTESIAN_POINT('',(-0.0550904281524549,-2.23082819410914E-18,0.00554));
#11265=CARTESIAN_POINT('',(-0.0601904281524549,-2.23082819410914E-18,0.00554));
#11266=CARTESIAN_POINT('',(-0.0499904281524549,-1.60625832654399E-18,0.00554));
#11267=CARTESIAN_POINT('',(-0.0499904281524549,-1.60625832654399E-18,0.005817));
#11268=CARTESIAN_POINT('',(-0.0499904281524549,-1.60625832654399E-18,-0.000276999999999999));
#11269=CARTESIAN_POINT('',(-0.0499904281524549,-1.60625832654399E-18,0.));
#11270=CARTESIAN_POINT('',(-0.0550904281524549,-2.23082819410914E-18,0.));
#11271=CARTESIAN_POINT('',(-0.0601904281524549,-2.23082819410914E-18,0.));
#11272=CARTESIAN_POINT('',(-0.0601904281524549,-2.23082819410914E-18,0.005817));
#11273=CARTESIAN_POINT('',(-0.0601904281524549,-2.23082819410914E-18,-0.000276999999999999));
#11274=CARTESIAN_POINT('',(-0.0601904281524549,-2.23082819410914E-18,0.00554));
#11275=CARTESIAN_POINT('',(-0.0601904281524549,-2.23082819410914E-18,1.62630325872826E-19));
#11276=CARTESIAN_POINT('',(-0.0601904281524549,0.0102,0.00554));
#11277=CARTESIAN_POINT('',(-0.0601904281524549,0.0102,-4.4723339615027E-19));
#11278=CARTESIAN_POINT('',(-0.0499904281524549,0.0102,0.00554));
#11279=CARTESIAN_POINT('',(-0.0499904281524549,0.0102,-4.4723339615027E-19));
#11280=CARTESIAN_POINT('',(-0.0499904281524549,-1.60625832654399E-18,0.00554));
#11281=CARTESIAN_POINT('',(-0.0499904281524549,-1.60625832654399E-18,1.62630325872826E-19));
#11282=CARTESIAN_POINT('',(-0.0550904281524549,-2.23082819410914E-18,0.00554));
#11283=CARTESIAN_POINT('',(-0.0550904281524549,-2.23082819410914E-18,0.));
#11284=CARTESIAN_POINT('',(-0.00509999999999999,0.139855199500477,0.00554));
#11285=CARTESIAN_POINT('',(-0.00509999999999999,0.139855199500477,1.62630325872826E-19));
#11286=CARTESIAN_POINT('',(-0.00509999999999999,0.150055199500477,0.00554));
#11287=CARTESIAN_POINT('',(-0.00509999999999999,0.150055199500477,-4.4723339615027E-19));
#11288=CARTESIAN_POINT('',(0.00510000000000001,0.150055199500477,0.00554));
#11289=CARTESIAN_POINT('',(0.00510000000000001,0.150055199500477,-4.4723339615027E-19));
#11290=CARTESIAN_POINT('',(0.00510000000000001,0.139855199500477,0.00554));
#11291=CARTESIAN_POINT('',(0.00510000000000001,0.139855199500477,1.62630325872826E-19));
#11292=CARTESIAN_POINT('',(1.30104260698261E-17,0.139855199500477,0.00554));
#11293=CARTESIAN_POINT('',(1.30104260698261E-17,0.139855199500477,0.));
#11294=CARTESIAN_POINT('',(-0.115280856304912,-0.139855199500477,0.00554));
#11295=CARTESIAN_POINT('',(-0.115280856304912,-0.139855199500477,2.16840434497101E-19));
#11296=CARTESIAN_POINT('',(-0.115280856304912,-0.129655199500477,0.00554));
#11297=CARTESIAN_POINT('',(-0.115280856304912,-0.129655199500477,-4.06575814682064E-19));
#11298=CARTESIAN_POINT('',(-0.105080856304912,-0.129655199500477,0.00554));
#11299=CARTESIAN_POINT('',(-0.105080856304912,-0.129655199500477,-4.06575814682064E-19));
#11300=CARTESIAN_POINT('',(-0.105080856304912,-0.139855199500477,0.00554));
#11301=CARTESIAN_POINT('',(-0.105080856304912,-0.139855199500477,2.16840434497101E-19));
#11302=CARTESIAN_POINT('',(-0.110180856304912,-0.139855199500477,0.00554));
#11303=CARTESIAN_POINT('',(-0.110180856304912,-0.139855199500477,0.));
#11304=CARTESIAN_POINT('',(0.0111265446871557,0.151594130598525,0.00254999999999998));
#11305=CARTESIAN_POINT('',(0.0111265446871557,0.151594130598525,0.01245));
#11306=CARTESIAN_POINT('',(-0.000131507885426711,0.156028795441889,0.00254999999999998));
#11307=CARTESIAN_POINT('',(-0.000131507885426711,0.156028795441889,0.01245));
#11308=CARTESIAN_POINT('',(0.0106148150247656,0.151795706273224,0.));
#11309=CARTESIAN_POINT('',(0.0106148150247656,0.151795706273224,0.012));
#11310=CARTESIAN_POINT('',(0.0106148150247656,0.151795706273224,0.003));
#11311=CARTESIAN_POINT('',(0.000380221776963367,0.155827219767191,0.003));
#11312=CARTESIAN_POINT('',(0.000380221776963372,0.155827219767191,0.003));
#11313=CARTESIAN_POINT('',(0.000380221776963372,0.155827219767191,0.015));
#11314=CARTESIAN_POINT('',(0.000380221776963372,0.155827219767191,0.012));
#11315=CARTESIAN_POINT('',(0.0127565743803114,0.150952044826828,0.012));
#11316=CARTESIAN_POINT('',(-0.00289596598935584,0.16660965938282,0.00255));
#11317=CARTESIAN_POINT('',(-0.00289596598935584,0.16660965938282,0.01245));
#11318=CARTESIAN_POINT('',(-0.130545329515107,-0.157447128714713,0.00255));
#11319=CARTESIAN_POINT('',(-0.130545329515107,-0.157447128714713,0.01245));
#11320=CARTESIAN_POINT('',(-0.0086982097859809,0.151879805378387,0.015));
#11321=CARTESIAN_POINT('',(-0.0086982097859809,0.151879805378387,0.012));
#11322=CARTESIAN_POINT('',(-0.0086982097859809,0.151879805378387,0.003));
#11323=CARTESIAN_POINT('',(-0.124743085718482,-0.142717274710279,0.003));
#11324=CARTESIAN_POINT('',(-0.124743085718482,-0.142717274710279,0.003));
#11325=CARTESIAN_POINT('',(-0.124743085718482,-0.142717274710279,0.015));
#11326=CARTESIAN_POINT('',(-0.124743085718482,-0.142717274710279,0.012));
#11327=CARTESIAN_POINT('',(-0.0100078151798792,0.148555178401017,0.012));
#11328=CARTESIAN_POINT('',(-0.121307400992068,-0.151594130598525,0.00254999999999999));
#11329=CARTESIAN_POINT('',(-0.121307400992068,-0.151594130598525,0.01245));
#11330=CARTESIAN_POINT('',(-0.110049348419486,-0.156028795441889,0.00254999999999999));
#11331=CARTESIAN_POINT('',(-0.110049348419486,-0.156028795441889,0.01245));
#11332=CARTESIAN_POINT('',(-0.120795671329678,-0.151795706273224,0.015));
#11333=CARTESIAN_POINT('',(-0.120795671329678,-0.151795706273224,0.012));
#11334=CARTESIAN_POINT('',(-0.120795671329678,-0.151795706273224,0.003));
#11335=CARTESIAN_POINT('',(-0.110561078081876,-0.155827219767191,0.003));
#11336=CARTESIAN_POINT('',(-0.110561078081876,-0.155827219767191,0.003));
#11337=CARTESIAN_POINT('',(-0.110561078081876,-0.155827219767191,0.015));
#11338=CARTESIAN_POINT('',(-0.110561078081876,-0.155827219767191,0.012));
#11339=CARTESIAN_POINT('',(-0.114373561684904,-0.154325442537848,0.012));
#11340=CARTESIAN_POINT('',(0.0203644732101947,0.157447128714713,0.00255));
#11341=CARTESIAN_POINT('',(0.0203644732101947,0.157447128714713,0.01245));
#11342=CARTESIAN_POINT('',(-0.107284890315557,-0.16660965938282,0.00255));
#11343=CARTESIAN_POINT('',(-0.107284890315557,-0.16660965938282,0.01245));
#11344=CARTESIAN_POINT('',(-0.101482646518931,-0.151879805378387,0.));
#11345=CARTESIAN_POINT('',(-0.101482646518931,-0.151879805378387,0.012));
#11346=CARTESIAN_POINT('',(-0.101482646518931,-0.151879805378387,0.003));
#11347=CARTESIAN_POINT('',(0.0152812830035352,0.144542698593315,0.003));
#11348=CARTESIAN_POINT('',(0.0145622294135697,0.142717274710279,0.003));
#11349=CARTESIAN_POINT('',(0.0145622294135697,0.142717274710279,0.015));
#11350=CARTESIAN_POINT('',(0.0145622294135697,0.142717274710279,0.012));
#11351=CARTESIAN_POINT('',(-0.101482646518932,-0.151879805378387,0.012));
#11352=CARTESIAN_POINT('',(-0.129830380698213,-0.170669475188094,0.015));
#11353=CARTESIAN_POINT('',(-0.129830380698213,0.170669475188094,0.015));
#11354=CARTESIAN_POINT('',(0.0196495243933007,-0.170669475188094,0.015));
#11355=CARTESIAN_POINT('',(0.0196495243933007,0.170669475188094,0.015));
#11356=CARTESIAN_POINT('',(-0.0565294752485991,0.022267552481439,0.015));
#11357=CARTESIAN_POINT('',(-0.00590695708203484,0.150780301698214,0.015));
#11358=CARTESIAN_POINT('',(-0.121951833014536,-0.143816778390452,0.015));
#11359=CARTESIAN_POINT('',(-0.118230162742608,-0.14528278329735,0.015));
#11360=CARTESIAN_POINT('',(-0.119696167649505,-0.149004453569278,0.015));
#11361=CARTESIAN_POINT('',(-0.0668883626728343,-0.169806001143819,0.015));
#11362=CARTESIAN_POINT('',(-0.109461574401703,-0.153035967063245,0.015));
#11363=CARTESIAN_POINT('',(-0.107995569494806,-0.149314296791317,0.015));
#11364=CARTESIAN_POINT('',(-0.104273899222878,-0.150780301698214,0.015));
#11365=CARTESIAN_POINT('',(0.0117709767096237,0.143816778390452,0.015));
#11366=CARTESIAN_POINT('',(0.0117709767096236,0.143816778390452,0.015));
#11367=CARTESIAN_POINT('',(0.00804930643769556,0.14528278329735,0.015));
#11368=CARTESIAN_POINT('',(0.0120493064376956,0.14528278329735,0.015));
#11369=CARTESIAN_POINT('',(0.00804930643769556,0.14528278329735,0.015));
#11370=CARTESIAN_POINT('',(0.00951531134459275,0.149004453569278,0.015));
#11371=CARTESIAN_POINT('',(0.0520885230734614,0.132234419488703,0.015));
#11372=CARTESIAN_POINT('',(-0.000719281903209529,0.153035967063245,0.015));
#11373=CARTESIAN_POINT('',(-0.00218528681010673,0.149314296791317,0.015));
#11374=CARTESIAN_POINT('',(1.38777878078145E-17,0.139855199500477,0.015));
#11375=CARTESIAN_POINT('',(-0.0550904281524549,-1.73392775535511E-18,0.015));
#11376=CARTESIAN_POINT('',(-0.110180856304912,-0.139855199500477,0.015));
#11377=CARTESIAN_POINT('',(-0.129830380698213,-0.170669475188094,0.));
#11378=CARTESIAN_POINT('',(-0.129830380698213,0.170669475188094,0.));
#11379=CARTESIAN_POINT('',(0.0196495243933007,-0.170669475188094,0.));
#11380=CARTESIAN_POINT('',(0.0196495243933007,0.170669475188094,0.));
#11381=CARTESIAN_POINT('',(-0.0388515414569406,0.0153040291736772,0.));
#11382=CARTESIAN_POINT('',(0.0117709767096237,0.143816778390452,0.));
#11383=CARTESIAN_POINT('',(-0.104273899222878,-0.150780301698214,0.));
#11384=CARTESIAN_POINT('',(-0.107995569494806,-0.149314296791317,0.));
#11385=CARTESIAN_POINT('',(-0.109461574401703,-0.153035967063245,0.));
#11386=CARTESIAN_POINT('',(-0.119696167649505,-0.149004453569278,0.));
#11387=CARTESIAN_POINT('',(-0.119696167649505,-0.149004453569278,0.));
#11388=CARTESIAN_POINT('',(-0.118230162742608,-0.14528278329735,0.));
#11389=CARTESIAN_POINT('',(-0.121951833014536,-0.143816778390452,0.));
#11390=CARTESIAN_POINT('',(-0.00590695708203482,0.150780301698214,0.));
#11391=CARTESIAN_POINT('',(-0.00590695708203482,0.150780301698214,0.));
#11392=CARTESIAN_POINT('',(-0.00218528681010673,0.149314296791317,0.));
#11393=CARTESIAN_POINT('',(-0.000719281903209531,0.153035967063245,0.));
#11394=CARTESIAN_POINT('',(0.00951531134459274,0.149004453569278,0.));
#11395=CARTESIAN_POINT('',(0.00951531134459275,0.149004453569278,0.));
#11396=CARTESIAN_POINT('',(0.00804930643769556,0.14528278329735,0.));
#11397=CARTESIAN_POINT('',(0.0120493064376956,0.14528278329735,0.));
#11398=CARTESIAN_POINT('',(0.00804930643769556,0.14528278329735,0.));
#11399=CARTESIAN_POINT('',(-0.102065856304912,-0.139855199500477,0.00554));
#11400=CARTESIAN_POINT('',(-0.102065856304912,-0.139855199500477,0.015));
#11401=CARTESIAN_POINT('',(-0.102065856304912,-0.123625199500477,0.00554));
#11402=CARTESIAN_POINT('',(-0.102065856304912,-0.123625199500477,0.015));
#11403=CARTESIAN_POINT('',(-0.118295856304912,-0.123625199500477,0.00554));
#11404=CARTESIAN_POINT('',(-0.118295856304912,-0.123625199500477,0.015));
#11405=CARTESIAN_POINT('',(-0.118295856304912,-0.139855199500477,0.00554));
#11406=CARTESIAN_POINT('',(-0.118295856304912,-0.139855199500477,0.015));
#11407=CARTESIAN_POINT('',(-0.110180856304912,-0.139855199500477,0.00554));
#11408=CARTESIAN_POINT('',(-0.118442432419051,-0.148131044362661,0.00554));
#11409=CARTESIAN_POINT('',(-0.118442432419051,-0.131614350974086,0.00554));
#11410=CARTESIAN_POINT('',(-0.101968182888725,-0.148131044362661,0.00554));
#11411=CARTESIAN_POINT('',(-0.101968182888725,-0.131614350974086,0.00554));
#11412=CARTESIAN_POINT('',(-0.0469754281524549,-1.7339277553551E-18,0.00554));
#11413=CARTESIAN_POINT('',(-0.0469754281524549,-1.73392775535511E-18,0.015));
#11414=CARTESIAN_POINT('',(-0.0469754281524549,0.01623,0.00554));
#11415=CARTESIAN_POINT('',(-0.0469754281524549,0.01623,0.015));
#11416=CARTESIAN_POINT('',(-0.0632054281524549,0.01623,0.00554));
#11417=CARTESIAN_POINT('',(-0.0632054281524549,0.01623,0.015));
#11418=CARTESIAN_POINT('',(-0.0632054281524549,-7.40126877847028E-19,0.00554));
#11419=CARTESIAN_POINT('',(-0.0632054281524549,-7.40126877847028E-19,0.015));
#11420=CARTESIAN_POINT('',(-0.0550904281524549,-1.73392775535511E-18,0.00554));
#11421=CARTESIAN_POINT('',(-0.0633520042665938,-0.00827584486218364,0.00554));
#11422=CARTESIAN_POINT('',(-0.0633520042665938,0.00824084852639114,0.00554));
#11423=CARTESIAN_POINT('',(-0.0468777547362672,-0.00827584486218364,0.00554));
#11424=CARTESIAN_POINT('',(-0.0468777547362672,0.00824084852639114,0.00554));
#11425=CARTESIAN_POINT('',(0.00811500000000001,0.139855199500477,0.00554));
#11426=CARTESIAN_POINT('',(0.00811500000000001,0.139855199500477,0.015));
#11427=CARTESIAN_POINT('',(0.00811500000000001,0.156085199500477,0.00554));
#11428=CARTESIAN_POINT('',(0.00811500000000001,0.156085199500477,0.015));
#11429=CARTESIAN_POINT('',(-0.00811499999999999,0.156085199500477,0.00554));
#11430=CARTESIAN_POINT('',(-0.00811499999999999,0.156085199500477,0.015));
#11431=CARTESIAN_POINT('',(-0.00811499999999999,0.139855199500477,0.00554));
#11432=CARTESIAN_POINT('',(-0.00811499999999999,0.139855199500477,0.015));
#11433=CARTESIAN_POINT('',(1.38777878078145E-17,0.139855199500477,0.00554));
#11434=CARTESIAN_POINT('',(-0.00826157611413888,0.131579354638293,0.00554));
#11435=CARTESIAN_POINT('',(-0.00826157611413888,0.148096048026868,0.00554));
#11436=CARTESIAN_POINT('',(0.00821267341618772,0.131579354638293,0.00554));
#11437=CARTESIAN_POINT('',(0.00821267341618772,0.148096048026868,0.00554));
#11438=CARTESIAN_POINT('',(-0.00906357638591206,0.150613963099016,0.01245));
#11439=CARTESIAN_POINT('',(-0.00906357638591206,0.150613963099016,0.00255));
#11440=CARTESIAN_POINT('',(-0.00805148187567613,0.155970321941472,0.01245));
#11441=CARTESIAN_POINT('',(-0.00805148187567613,0.155970321941472,0.00255));
#11442=CARTESIAN_POINT('',(-0.00305246002721788,0.158143958503882,0.01245));
#11443=CARTESIAN_POINT('',(-0.00305246002721788,0.158143958503882,0.00255));
#11444=CARTESIAN_POINT('',(0.00155517963562212,0.15523112962387,0.01245));
#11445=CARTESIAN_POINT('',(0.00155517963562212,0.15523112962387,0.00255));
#11446=CARTESIAN_POINT('',(-0.00218528681010673,0.149314296791317,0.003));
#11447=CARTESIAN_POINT('',(-0.00218528681010673,0.149314296791317,0.012));
#11448=CARTESIAN_POINT('',(-0.111736035940535,-0.15523112962387,0.00255));
#11449=CARTESIAN_POINT('',(-0.111736035940535,-0.15523112962387,0.01245));
#11450=CARTESIAN_POINT('',(-0.107128396277695,-0.158143958503882,0.00255));
#11451=CARTESIAN_POINT('',(-0.107128396277695,-0.158143958503882,0.01245));
#11452=CARTESIAN_POINT('',(-0.102129374429236,-0.155970321941472,0.00255));
#11453=CARTESIAN_POINT('',(-0.102129374429236,-0.155970321941472,0.01245));
#11454=CARTESIAN_POINT('',(-0.101117279919,-0.150613963099016,0.00255));
#11455=CARTESIAN_POINT('',(-0.101117279919,-0.150613963099016,0.01245));
#11456=CARTESIAN_POINT('',(-0.107995569494806,-0.149314296791317,0.003));
#11457=CARTESIAN_POINT('',(-0.107995569494806,-0.149314296791317,0.012));
#11458=CARTESIAN_POINT('',(-0.119529829050307,-0.152161072873155,0.01245));
#11459=CARTESIAN_POINT('',(-0.119529829050307,-0.152161072873155,0.00255));
#11460=CARTESIAN_POINT('',(-0.124886187892763,-0.151148978362919,0.01245));
#11461=CARTESIAN_POINT('',(-0.124886187892763,-0.151148978362919,0.00255));
#11462=CARTESIAN_POINT('',(-0.127059824455173,-0.146149956514461,0.01245));
#11463=CARTESIAN_POINT('',(-0.127059824455173,-0.146149956514461,0.00255));
#11464=CARTESIAN_POINT('',(-0.124146995575161,-0.141542316851621,0.01245));
#11465=CARTESIAN_POINT('',(-0.124146995575161,-0.141542316851621,0.00255));
#11466=CARTESIAN_POINT('',(-0.118230162742608,-0.14528278329735,0.003));
#11467=CARTESIAN_POINT('',(-0.118230162742608,-0.14528278329735,0.012));
#11468=CARTESIAN_POINT('',(0.0139661392702485,0.141542316851621,0.00255));
#11469=CARTESIAN_POINT('',(0.0139661392702485,0.141542316851621,0.01245));
#11470=CARTESIAN_POINT('',(0.0168789681502603,0.146149956514461,0.00255));
#11471=CARTESIAN_POINT('',(0.0168789681502603,0.146149956514461,0.01245));
#11472=CARTESIAN_POINT('',(0.0147053315878506,0.151148978362919,0.00255));
#11473=CARTESIAN_POINT('',(0.0147053315878506,0.151148978362919,0.01245));
#11474=CARTESIAN_POINT('',(0.00934897274539451,0.152161072873155,0.00255));
#11475=CARTESIAN_POINT('',(0.00934897274539451,0.152161072873155,0.01245));
#11476=CARTESIAN_POINT('',(0.00804930643769556,0.14528278329735,0.003));
#11477=CARTESIAN_POINT('',(0.0150493064376956,0.14528278329735,0.003));
#11478=CARTESIAN_POINT('',(0.00804930643769556,0.14528278329735,0.003));
#11479=CARTESIAN_POINT('',(0.00804930643769556,0.14528278329735,0.012));
#11480=CARTESIAN_POINT('',(0.0150493064376956,0.14528278329735,0.012));
#11481=CARTESIAN_POINT('',(0.00804930643769556,0.14528278329735,0.012));
#11482=CARTESIAN_POINT('',(0.00152678508806029,0.155186213891109,0.00356214394375717));
#11483=CARTESIAN_POINT('',(-0.00304587716074534,0.158076930967854,0.00356214394375717));
#11484=CARTESIAN_POINT('',(-0.00800695054323075,0.15591979486806,0.00356214394375717));
#11485=CARTESIAN_POINT('',(-0.00901136206362424,0.150604097100397,0.00356214394375717));
#11486=CARTESIAN_POINT('',(0.00176070353293167,0.15555623628132,0.00126732212361456));
#11487=CARTESIAN_POINT('',(-0.00310010777965984,0.158629113634511,0.00126732212361456));
#11488=CARTESIAN_POINT('',(-0.00837380618729544,0.156336044305059,0.00126732212361456));
#11489=CARTESIAN_POINT('',(-0.00944151130417809,0.150685374643174,0.00126732212361456));
#11490=CARTESIAN_POINT('',(0.000877983081434921,0.154159910602381,-0.000384622426652094));
#11491=CARTESIAN_POINT('',(-0.00289546176963923,0.156545383413544,-0.000384622426652094));
#11492=CARTESIAN_POINT('',(-0.00698943062024269,0.154765275094597,-0.000384622426652094));
#11493=CARTESIAN_POINT('',(-0.00781828944990551,0.150378663689721,-0.000384622426652094));
#11494=CARTESIAN_POINT('',(-0.000348260349589339,0.15222018530377,5.31382478139485E-05));
#11495=CARTESIAN_POINT('',(-0.00261117490957207,0.153650740504619,5.31382478139485E-05));
#11496=CARTESIAN_POINT('',(-0.00506630598628813,0.152583219130312,5.31382478139485E-05));
#11497=CARTESIAN_POINT('',(-0.00556336816364586,0.149952591889462,5.31382478139485E-05));
#11498=CARTESIAN_POINT('',(-0.00590695708203483,0.150780301698214,0.003));
#11499=CARTESIAN_POINT('',(-0.000719281903209533,0.153035967063245,0.003));
#11500=CARTESIAN_POINT('',(0.0111070694541459,0.151544689839227,0.00356214394375718));
#11501=CARTESIAN_POINT('',(-0.000150983118436617,0.155979354682592,0.00356214394375718));
#11502=CARTESIAN_POINT('',(0.0112675092783494,0.151951990061322,0.00126732212361458));
#11503=CARTESIAN_POINT('',(9.45670576682161E-06,0.156386654904686,0.00126732212361458));
#11504=CARTESIAN_POINT('',(0.0106620695741961,0.150414991830422,-0.000384622426652076));
#11505=CARTESIAN_POINT('',(-0.000595982998386436,0.154849656673786,-0.000384622426652076));
#11506=CARTESIAN_POINT('',(0.00982101456200018,0.148279849293573,5.31382478139407E-05));
#11507=CARTESIAN_POINT('',(-0.00143703801058239,0.152714514136937,5.31382478139407E-05));
#11508=CARTESIAN_POINT('',(0.00951531134459275,0.149004453569278,0.003));
#11509=CARTESIAN_POINT('',(-0.00284652523005795,0.166590184149811,0.00356214394375717));
#11510=CARTESIAN_POINT('',(-0.130495888755809,-0.157466603947722,0.00356214394375717));
#11511=CARTESIAN_POINT('',(-0.00325382545215276,0.166750623974014,0.00126732212361457));
#11512=CARTESIAN_POINT('',(-0.130903188977904,-0.157306164123519,0.00126732212361457));
#11513=CARTESIAN_POINT('',(-0.00171682722125247,0.166145184269861,-0.000384622426652086));
#11514=CARTESIAN_POINT('',(-0.129366190747004,-0.157911603827672,-0.000384622426652086));
#11515=CARTESIAN_POINT('',(0.000418315315596682,0.165304129257665,5.31382478139463E-05));
#11516=CARTESIAN_POINT('',(-0.127231048210155,-0.158752658839868,5.31382478139463E-05));
#11517=CARTESIAN_POINT('',(-0.121951833014536,-0.143816778390452,0.003));
#11518=CARTESIAN_POINT('',(0.0139212235374871,0.141570711399183,0.00356214394375717));
#11519=CARTESIAN_POINT('',(0.0168119406142324,0.146143373647988,0.00356214394375717));
#11520=CARTESIAN_POINT('',(0.0146548045144385,0.151104447030473,0.00356214394375717));
#11521=CARTESIAN_POINT('',(0.00933910674677535,0.152108858550867,0.00356214394375717));
#11522=CARTESIAN_POINT('',(0.0142912459276986,0.141336792954311,0.00126732212361456));
#11523=CARTESIAN_POINT('',(0.0173641232808894,0.146197604266903,0.00126732212361456));
#11524=CARTESIAN_POINT('',(0.0150710539514377,0.151471302674538,0.00126732212361456));
#11525=CARTESIAN_POINT('',(0.00942038428955236,0.152539007791421,0.00126732212361456));
#11526=CARTESIAN_POINT('',(0.0128949202487594,0.142219513405808,-0.000384622426652094));
#11527=CARTESIAN_POINT('',(0.0152803930599223,0.145992958256882,-0.000384622426652094));
#11528=CARTESIAN_POINT('',(0.0135002847409753,0.150086927107485,-0.000384622426652094));
#11529=CARTESIAN_POINT('',(0.00911367333609969,0.150915785937148,-0.000384622426652094));
#11530=CARTESIAN_POINT('',(0.0109551949501481,0.143445756836832,5.31382478139485E-05));
#11531=CARTESIAN_POINT('',(0.0123857501509978,0.145708671396815,5.31382478139485E-05));
#11532=CARTESIAN_POINT('',(0.0113182287766905,0.148163802473531,5.31382478139485E-05));
#11533=CARTESIAN_POINT('',(0.00868760153584089,0.148660864650889,5.31382478139485E-05));
#11534=CARTESIAN_POINT('',(0.0117709767096236,0.143816778390452,0.003));
#11535=CARTESIAN_POINT('',(-0.1241020798424,-0.141570711399183,0.00356214394375717));
#11536=CARTESIAN_POINT('',(-0.126992796919145,-0.146143373647988,0.00356214394375717));
#11537=CARTESIAN_POINT('',(-0.124835660819351,-0.151104447030473,0.00356214394375717));
#11538=CARTESIAN_POINT('',(-0.119519963051688,-0.152108858550867,0.00356214394375717));
#11539=CARTESIAN_POINT('',(-0.124472102232611,-0.141336792954311,0.00126732212361456));
#11540=CARTESIAN_POINT('',(-0.127544979585802,-0.146197604266903,0.00126732212361456));
#11541=CARTESIAN_POINT('',(-0.12525191025635,-0.151471302674538,0.00126732212361456));
#11542=CARTESIAN_POINT('',(-0.119601240594465,-0.152539007791421,0.00126732212361456));
#11543=CARTESIAN_POINT('',(-0.123075776553672,-0.142219513405808,-0.000384622426652101));
#11544=CARTESIAN_POINT('',(-0.125461249364835,-0.145992958256882,-0.000384622426652101));
#11545=CARTESIAN_POINT('',(-0.123681141045888,-0.150086927107485,-0.000384622426652101));
#11546=CARTESIAN_POINT('',(-0.119294529641012,-0.150915785937148,-0.000384622426652101));
#11547=CARTESIAN_POINT('',(-0.121136051255061,-0.143445756836832,5.31382478139507E-05));
#11548=CARTESIAN_POINT('',(-0.12256660645591,-0.145708671396815,5.31382478139507E-05));
#11549=CARTESIAN_POINT('',(-0.121499085081603,-0.148163802473531,5.31382478139507E-05));
#11550=CARTESIAN_POINT('',(-0.118868457840753,-0.148660864650889,5.31382478139507E-05));
#11551=CARTESIAN_POINT('',(-0.119696167649505,-0.149004453569278,0.003));
#11552=CARTESIAN_POINT('',(-0.107334331074854,-0.16659018414981,0.00356214394375717));
#11553=CARTESIAN_POINT('',(0.0203150324508969,0.157466603947722,0.00356214394375717));
#11554=CARTESIAN_POINT('',(-0.10692703085276,-0.166750623974014,0.00126732212361458));
#11555=CARTESIAN_POINT('',(0.0207223326729917,0.157306164123519,0.00126732212361458));
#11556=CARTESIAN_POINT('',(-0.10846402908366,-0.166145184269861,-0.000384622426652069));
#11557=CARTESIAN_POINT('',(0.0191853344420914,0.157911603827672,-0.000384622426652069));
#11558=CARTESIAN_POINT('',(-0.110599171620509,-0.165304129257665,5.31382478139411E-05));
#11559=CARTESIAN_POINT('',(0.0170501919052423,0.158752658839868,5.31382478139411E-05));
#11560=CARTESIAN_POINT('',(-0.104273899222878,-0.150780301698214,0.003));
#11561=CARTESIAN_POINT('',(-0.121287925759058,-0.151544689839227,0.00356214394375717));
#11562=CARTESIAN_POINT('',(-0.110029873186476,-0.155979354682592,0.00356214394375717));
#11563=CARTESIAN_POINT('',(-0.121448365583262,-0.151951990061322,0.00126732212361458));
#11564=CARTESIAN_POINT('',(-0.110190313010679,-0.156386654904686,0.00126732212361458));
#11565=CARTESIAN_POINT('',(-0.120842925879109,-0.150414991830422,-0.000384622426652076));
#11566=CARTESIAN_POINT('',(-0.109584873306526,-0.154849656673786,-0.000384622426652076));
#11567=CARTESIAN_POINT('',(-0.120001870866913,-0.148279849293573,5.31382478139433E-05));
#11568=CARTESIAN_POINT('',(-0.10874381829433,-0.152714514136937,5.31382478139433E-05));
#11569=CARTESIAN_POINT('',(-0.109461574401703,-0.153035967063245,0.003));
#11570=CARTESIAN_POINT('',(-0.111707641392973,-0.155186213891108,0.00356214394375717));
#11571=CARTESIAN_POINT('',(-0.107134979144167,-0.158076930967854,0.00356214394375717));
#11572=CARTESIAN_POINT('',(-0.102173905761682,-0.15591979486806,0.00356214394375717));
#11573=CARTESIAN_POINT('',(-0.101169494241288,-0.150604097100397,0.00356214394375717));
#11574=CARTESIAN_POINT('',(-0.111941559837844,-0.15555623628132,0.0012673221236145));
#11575=CARTESIAN_POINT('',(-0.107080748525253,-0.158629113634511,0.0012673221236145));
#11576=CARTESIAN_POINT('',(-0.101807050117617,-0.156336044305059,0.0012673221236145));
#11577=CARTESIAN_POINT('',(-0.100739345000734,-0.150685374643174,0.0012673221236145));
#11578=CARTESIAN_POINT('',(-0.111058839386347,-0.154159910602381,-0.000384622426652167));
#11579=CARTESIAN_POINT('',(-0.107285394535273,-0.156545383413544,-0.000384622426652167));
#11580=CARTESIAN_POINT('',(-0.10319142568467,-0.154765275094597,-0.000384622426652167));
#11581=CARTESIAN_POINT('',(-0.102362566855007,-0.150378663689721,-0.000384622426652167));
#11582=CARTESIAN_POINT('',(-0.109832595955323,-0.152220185303769,5.31382478139684E-05));
#11583=CARTESIAN_POINT('',(-0.10756968139534,-0.153650740504619,5.31382478139685E-05));
#11584=CARTESIAN_POINT('',(-0.105114550318624,-0.152583219130312,5.31382478139685E-05));
#11585=CARTESIAN_POINT('',(-0.104617488141267,-0.149952591889462,5.31382478139684E-05));
#11586=CARTESIAN_POINT('',(0.0109551949501481,0.143445756836832,0.0149468617521861));
#11587=CARTESIAN_POINT('',(0.0123857501509978,0.145708671396815,0.0149468617521861));
#11588=CARTESIAN_POINT('',(0.0113182287766905,0.148163802473531,0.0149468617521861));
#11589=CARTESIAN_POINT('',(0.00868760153584089,0.148660864650889,0.0149468617521861));
#11590=CARTESIAN_POINT('',(0.0128949202487594,0.142219513405808,0.0153846224266521));
#11591=CARTESIAN_POINT('',(0.0152803930599223,0.145992958256882,0.0153846224266521));
#11592=CARTESIAN_POINT('',(0.0135002847409753,0.150086927107485,0.0153846224266521));
#11593=CARTESIAN_POINT('',(0.00911367333609969,0.150915785937148,0.0153846224266521));
#11594=CARTESIAN_POINT('',(0.0142912459276986,0.141336792954311,0.0137326778763854));
#11595=CARTESIAN_POINT('',(0.0173641232808894,0.146197604266903,0.0137326778763854));
#11596=CARTESIAN_POINT('',(0.0150710539514377,0.151471302674538,0.0137326778763854));
#11597=CARTESIAN_POINT('',(0.00942038428955236,0.152539007791421,0.0137326778763854));
#11598=CARTESIAN_POINT('',(0.0139212235374871,0.141570711399183,0.0114378560562428));
#11599=CARTESIAN_POINT('',(0.0168119406142324,0.146143373647988,0.0114378560562428));
#11600=CARTESIAN_POINT('',(0.0146548045144385,0.151104447030473,0.0114378560562428));
#11601=CARTESIAN_POINT('',(0.00933910674677535,0.152108858550867,0.0114378560562428));
#11602=CARTESIAN_POINT('',(0.0117709767096236,0.143816778390452,0.012));
#11603=CARTESIAN_POINT('',(0.00951531134459275,0.149004453569278,0.012));
#11604=CARTESIAN_POINT('',(-0.000150983118436505,0.155979354682592,0.0114378560562428));
#11605=CARTESIAN_POINT('',(0.0111070694541461,0.151544689839228,0.0114378560562428));
#11606=CARTESIAN_POINT('',(9.45670576693862E-06,0.156386654904686,0.0137326778763855));
#11607=CARTESIAN_POINT('',(0.0112675092783495,0.151951990061322,0.0137326778763855));
#11608=CARTESIAN_POINT('',(-0.000595982998386353,0.154849656673786,0.0153846224266522));
#11609=CARTESIAN_POINT('',(0.0106620695741962,0.150414991830422,0.0153846224266522));
#11610=CARTESIAN_POINT('',(-0.00143703801058232,0.152714514136937,0.014946861752186));
#11611=CARTESIAN_POINT('',(0.00982101456200024,0.148279849293573,0.014946861752186));
#11612=CARTESIAN_POINT('',(-0.000719281903209526,0.153035967063245,0.012));
#11613=CARTESIAN_POINT('',(0.0203150324508969,0.157466603947723,0.0114378560562428));
#11614=CARTESIAN_POINT('',(-0.107334331074854,-0.16659018414981,0.0114378560562428));
#11615=CARTESIAN_POINT('',(0.0207223326729917,0.157306164123519,0.0137326778763854));
#11616=CARTESIAN_POINT('',(-0.10692703085276,-0.166750623974014,0.0137326778763854));
#11617=CARTESIAN_POINT('',(0.0191853344420914,0.157911603827672,0.0153846224266521));
#11618=CARTESIAN_POINT('',(-0.10846402908366,-0.166145184269861,0.0153846224266521));
#11619=CARTESIAN_POINT('',(0.0170501919052423,0.158752658839868,0.0149468617521861));
#11620=CARTESIAN_POINT('',(-0.110599171620509,-0.165304129257665,0.0149468617521861));
#11621=CARTESIAN_POINT('',(-0.104273899222878,-0.150780301698214,0.012));
#11622=CARTESIAN_POINT('',(-0.000348260349589338,0.15222018530377,0.0149468617521861));
#11623=CARTESIAN_POINT('',(-0.00261117490957207,0.153650740504619,0.0149468617521861));
#11624=CARTESIAN_POINT('',(-0.00506630598628813,0.152583219130312,0.0149468617521861));
#11625=CARTESIAN_POINT('',(-0.00556336816364586,0.149952591889462,0.0149468617521861));
#11626=CARTESIAN_POINT('',(0.000877983081434923,0.154159910602381,0.0153846224266521));
#11627=CARTESIAN_POINT('',(-0.00289546176963923,0.156545383413544,0.0153846224266521));
#11628=CARTESIAN_POINT('',(-0.00698943062024269,0.154765275094597,0.0153846224266521));
#11629=CARTESIAN_POINT('',(-0.00781828944990551,0.150378663689721,0.0153846224266521));
#11630=CARTESIAN_POINT('',(0.00176070353293167,0.15555623628132,0.0137326778763854));
#11631=CARTESIAN_POINT('',(-0.00310010777965985,0.158629113634511,0.0137326778763854));
#11632=CARTESIAN_POINT('',(-0.00837380618729542,0.156336044305059,0.0137326778763854));
#11633=CARTESIAN_POINT('',(-0.00944151130417809,0.150685374643174,0.0137326778763854));
#11634=CARTESIAN_POINT('',(0.0015267850880603,0.155186213891109,0.0114378560562428));
#11635=CARTESIAN_POINT('',(-0.00304587716074535,0.158076930967854,0.0114378560562428));
#11636=CARTESIAN_POINT('',(-0.00800695054323075,0.15591979486806,0.0114378560562428));
#11637=CARTESIAN_POINT('',(-0.00901136206362424,0.150604097100397,0.0114378560562428));
#11638=CARTESIAN_POINT('',(-0.00590695708203482,0.150780301698214,0.012));
#11639=CARTESIAN_POINT('',(-0.109832595955323,-0.152220185303769,0.014946861752186));
#11640=CARTESIAN_POINT('',(-0.10756968139534,-0.153650740504619,0.014946861752186));
#11641=CARTESIAN_POINT('',(-0.105114550318624,-0.152583219130312,0.014946861752186));
#11642=CARTESIAN_POINT('',(-0.104617488141267,-0.149952591889462,0.014946861752186));
#11643=CARTESIAN_POINT('',(-0.111058839386347,-0.154159910602381,0.0153846224266522));
#11644=CARTESIAN_POINT('',(-0.107285394535273,-0.156545383413544,0.0153846224266522));
#11645=CARTESIAN_POINT('',(-0.10319142568467,-0.154765275094597,0.0153846224266522));
#11646=CARTESIAN_POINT('',(-0.102362566855007,-0.150378663689721,0.0153846224266522));
#11647=CARTESIAN_POINT('',(-0.111941559837844,-0.15555623628132,0.0137326778763855));
#11648=CARTESIAN_POINT('',(-0.107080748525253,-0.158629113634511,0.0137326778763855));
#11649=CARTESIAN_POINT('',(-0.101807050117617,-0.156336044305059,0.0137326778763855));
#11650=CARTESIAN_POINT('',(-0.100739345000734,-0.150685374643174,0.0137326778763855));
#11651=CARTESIAN_POINT('',(-0.111707641392973,-0.155186213891108,0.0114378560562428));
#11652=CARTESIAN_POINT('',(-0.107134979144167,-0.158076930967854,0.0114378560562428));
#11653=CARTESIAN_POINT('',(-0.102173905761682,-0.15591979486806,0.0114378560562428));
#11654=CARTESIAN_POINT('',(-0.101169494241288,-0.150604097100397,0.0114378560562428));
#11655=CARTESIAN_POINT('',(-0.109461574401703,-0.153035967063245,0.012));
#11656=CARTESIAN_POINT('',(-0.130495888755809,-0.157466603947723,0.0114378560562428));
#11657=CARTESIAN_POINT('',(-0.00284652523005796,0.16659018414981,0.0114378560562428));
#11658=CARTESIAN_POINT('',(-0.130903188977904,-0.157306164123519,0.0137326778763854));
#11659=CARTESIAN_POINT('',(-0.00325382545215278,0.166750623974014,0.0137326778763854));
#11660=CARTESIAN_POINT('',(-0.129366190747004,-0.157911603827672,0.0153846224266521));
#11661=CARTESIAN_POINT('',(-0.00171682722125246,0.166145184269861,0.0153846224266521));
#11662=CARTESIAN_POINT('',(-0.127231048210155,-0.158752658839868,0.0149468617521861));
#11663=CARTESIAN_POINT('',(0.00041831531559669,0.165304129257665,0.0149468617521861));
#11664=CARTESIAN_POINT('',(-0.121951833014536,-0.143816778390452,0.012));
#11665=CARTESIAN_POINT('',(-0.110029873186476,-0.155979354682592,0.0114378560562428));
#11666=CARTESIAN_POINT('',(-0.121287925759058,-0.151544689839227,0.0114378560562428));
#11667=CARTESIAN_POINT('',(-0.110190313010679,-0.156386654904686,0.0137326778763854));
#11668=CARTESIAN_POINT('',(-0.121448365583262,-0.151951990061322,0.0137326778763854));
#11669=CARTESIAN_POINT('',(-0.109584873306526,-0.154849656673786,0.0153846224266521));
#11670=CARTESIAN_POINT('',(-0.120842925879109,-0.150414991830422,0.0153846224266521));
#11671=CARTESIAN_POINT('',(-0.10874381829433,-0.152714514136937,0.0149468617521861));
#11672=CARTESIAN_POINT('',(-0.120001870866913,-0.148279849293573,0.0149468617521861));
#11673=CARTESIAN_POINT('',(-0.119696167649505,-0.149004453569278,0.012));
#11674=CARTESIAN_POINT('',(-0.121136051255061,-0.143445756836832,0.0149468617521861));
#11675=CARTESIAN_POINT('',(-0.12256660645591,-0.145708671396815,0.0149468617521861));
#11676=CARTESIAN_POINT('',(-0.121499085081603,-0.148163802473531,0.0149468617521861));
#11677=CARTESIAN_POINT('',(-0.118868457840753,-0.148660864650889,0.0149468617521861));
#11678=CARTESIAN_POINT('',(-0.123075776553672,-0.142219513405808,0.0153846224266521));
#11679=CARTESIAN_POINT('',(-0.125461249364835,-0.145992958256882,0.0153846224266521));
#11680=CARTESIAN_POINT('',(-0.123681141045888,-0.150086927107485,0.0153846224266521));
#11681=CARTESIAN_POINT('',(-0.119294529641012,-0.150915785937148,0.0153846224266521));
#11682=CARTESIAN_POINT('',(-0.124472102232611,-0.141336792954311,0.0137326778763854));
#11683=CARTESIAN_POINT('',(-0.127544979585802,-0.146197604266903,0.0137326778763854));
#11684=CARTESIAN_POINT('',(-0.12525191025635,-0.151471302674538,0.0137326778763854));
#11685=CARTESIAN_POINT('',(-0.119601240594465,-0.152539007791421,0.0137326778763854));
#11686=CARTESIAN_POINT('',(-0.1241020798424,-0.141570711399183,0.0114378560562428));
#11687=CARTESIAN_POINT('',(-0.126992796919145,-0.146143373647988,0.0114378560562428));
#11688=CARTESIAN_POINT('',(-0.124835660819351,-0.151104447030473,0.0114378560562428));
#11689=CARTESIAN_POINT('',(-0.119519963051688,-0.152108858550867,0.0114378560562428));
#11690=CARTESIAN_POINT('',(0.,0.,0.));
#11691=CARTESIAN_POINT('',(-0.2286,-0.04775,-0.02825));
#11692=CARTESIAN_POINT('',(0.2286,-0.04775,-0.02825));
#11693=CARTESIAN_POINT('',(-0.2286,-0.05275,-0.02825));
#11694=CARTESIAN_POINT('',(0.2286,-0.05275,-0.02825));
#11695=CARTESIAN_POINT('',(-0.2286,-0.05275,-0.03325));
#11696=CARTESIAN_POINT('',(0.2286,-0.05275,-0.03325));
#11697=CARTESIAN_POINT('',(-0.2286,-0.04775,-0.03325));
#11698=CARTESIAN_POINT('',(0.2286,-0.04775,-0.03325));
#11699=CARTESIAN_POINT('',(-0.2286,-0.04775,-0.03075));
#11700=CARTESIAN_POINT('',(-0.2286,-0.04775,-0.02825));
#11701=CARTESIAN_POINT('',(-0.2286,-0.04775,-0.03325));
#11702=CARTESIAN_POINT('',(-0.25146,-0.04775,-0.02825));
#11703=CARTESIAN_POINT('',(0.25146,-0.04775,-0.02825));
#11704=CARTESIAN_POINT('',(0.2286,-0.04775,-0.02825));
#11705=CARTESIAN_POINT('',(0.2286,-0.04775,-0.03075));
#11706=CARTESIAN_POINT('',(0.2286,-0.04775,-0.03325));
#11707=CARTESIAN_POINT('',(-0.25146,-0.04775,-0.03325));
#11708=CARTESIAN_POINT('',(0.25146,-0.04775,-0.03325));
#11709=CARTESIAN_POINT('',(-0.25146,-0.06025,-0.0264415975990358));
#11710=CARTESIAN_POINT('',(0.25146,-0.06025,-0.0264415975990358));
#11711=CARTESIAN_POINT('',(-0.25146,-0.06025,-0.0201614741866511));
#11712=CARTESIAN_POINT('',(0.25146,-0.06025,-0.0201614741866511));
#11713=CARTESIAN_POINT('',(0.2286,-0.06025,-0.0233015358928435));
#11714=CARTESIAN_POINT('',(0.2286,-0.06025,-0.0261561374439274));
#11715=CARTESIAN_POINT('',(0.2286,-0.06025,-0.0204469343417595));
#11716=CARTESIAN_POINT('',(-0.2286,-0.06025,-0.0204469343417595));
#11717=CARTESIAN_POINT('',(-0.2286,-0.06025,-0.0204469343417595));
#11718=CARTESIAN_POINT('',(-0.2286,-0.06025,-0.0233015358928435));
#11719=CARTESIAN_POINT('',(-0.2286,-0.06025,-0.0261561374439274));
#11720=CARTESIAN_POINT('',(-0.2286,-0.06025,-0.0261561374439274));
#11721=CARTESIAN_POINT('',(-0.2286,-0.06025,-0.0261561374439274));
#11722=CARTESIAN_POINT('',(0.2286,-0.06025,-0.0261561374439274));
#11723=CARTESIAN_POINT('',(-0.2286,-0.06025,-0.0285561374439274));
#11724=CARTESIAN_POINT('',(0.2286,-0.06025,-0.0285561374439274));
#11725=CARTESIAN_POINT('',(-0.2286,-0.05785,-0.0285561374439274));
#11726=CARTESIAN_POINT('',(0.2286,-0.05785,-0.0285561374439274));
#11727=CARTESIAN_POINT('',(-0.2286,-0.05785,-0.0261561374439274));
#11728=CARTESIAN_POINT('',(0.2286,-0.05785,-0.0261561374439274));
#11729=CARTESIAN_POINT('',(0.2286,-0.05905,-0.0261561374439274));
#11730=CARTESIAN_POINT('',(0.2286,-0.05905,-0.0273561374439274));
#11731=CARTESIAN_POINT('',(-0.2286,-0.05905,-0.0261561374439274));
#11732=CARTESIAN_POINT('',(-0.2286,-0.05905,-0.0273561374439274));
#11733=CARTESIAN_POINT('',(-0.2286,-0.05905,-0.0261561374439274));
#11734=CARTESIAN_POINT('',(-0.2286,-0.05785,-0.0261561374439274));
#11735=CARTESIAN_POINT('',(-0.2286,-0.05785,-0.0261561374439274));
#11736=CARTESIAN_POINT('',(0.2286,-0.05785,-0.0261561374439274));
#11737=CARTESIAN_POINT('',(0.2286,-0.05905,-0.0261561374439274));
#11738=CARTESIAN_POINT('',(-0.25146,-0.05785,-0.0241875766360617));
#11739=CARTESIAN_POINT('',(0.25146,-0.05785,-0.0241875766360617));
#11740=CARTESIAN_POINT('',(-0.25146,-0.05785,-0.0262498784347782));
#11741=CARTESIAN_POINT('',(0.25146,-0.05785,-0.0262498784347782));
#11742=CARTESIAN_POINT('',(0.2286,-0.05785,-0.02521872753542));
#11743=CARTESIAN_POINT('',(0.2286,-0.05785,-0.0242813176269125));
#11744=CARTESIAN_POINT('',(-0.2286,-0.05785,-0.02521872753542));
#11745=CARTESIAN_POINT('',(-0.2286,-0.05785,-0.0242813176269125));
#11746=CARTESIAN_POINT('',(-0.2286,-0.05785,-0.0242813176269125));
#11747=CARTESIAN_POINT('',(-0.25146,-0.0562416603362345,-0.0237865277398809));
#11748=CARTESIAN_POINT('',(0.25146,-0.0562416603362345,-0.0237865277398809));
#11749=CARTESIAN_POINT('',(-0.25146,-0.0569310716944755,-0.0227720897320105));
#11750=CARTESIAN_POINT('',(0.25146,-0.0569310716944755,-0.0227720897320105));
#11751=CARTESIAN_POINT('',(-0.25146,-0.0580642363964698,-0.0232414619199789));
#11752=CARTESIAN_POINT('',(0.25146,-0.0580642363964698,-0.0232414619199789));
#11753=CARTESIAN_POINT('',(-0.25146,-0.0578344078484505,-0.0244462653608767));
#11754=CARTESIAN_POINT('',(0.25146,-0.0578344078484505,-0.0244462653608767));
#11755=CARTESIAN_POINT('',(0.2286,-0.0569697215457211,-0.0242813176269125));
#11756=CARTESIAN_POINT('',(0.2286,-0.056347270681368,-0.0236588667625594));
#11757=CARTESIAN_POINT('',(-0.2286,-0.0569697215457211,-0.0242813176269125));
#11758=CARTESIAN_POINT('',(-0.2286,-0.056347270681368,-0.0236588667625594));
#11759=CARTESIAN_POINT('',(-0.2286,-0.056347270681368,-0.0236588667625594));
#11760=CARTESIAN_POINT('',(-0.25146,-0.0565581342154364,-0.023448003228491));
#11761=CARTESIAN_POINT('',(0.25146,-0.0565581342154364,-0.023448003228491));
#11762=CARTESIAN_POINT('',(-0.25146,-0.0519191364659316,-0.0280870009779958));
#11763=CARTESIAN_POINT('',(0.25146,-0.0519191364659316,-0.0280870009779958));
#11764=CARTESIAN_POINT('',(0.2286,-0.054238635340684,-0.0257675021032434));
#11765=CARTESIAN_POINT('',(0.2286,-0.05213,-0.0278761374439274));
#11766=CARTESIAN_POINT('',(-0.2286,-0.054238635340684,-0.0257675021032434));
#11767=CARTESIAN_POINT('',(-0.2286,-0.05213,-0.0278761374439274));
#11768=CARTESIAN_POINT('',(-0.2286,-0.05213,-0.0278761374439274));
#11769=CARTESIAN_POINT('',(-0.25146,-0.05213,-0.03391124881168));
#11770=CARTESIAN_POINT('',(0.25146,-0.05213,-0.03391124881168));
#11771=CARTESIAN_POINT('',(-0.25146,-0.05213,-0.0275887511883201));
#11772=CARTESIAN_POINT('',(0.25146,-0.05213,-0.0275887511883201));
#11773=CARTESIAN_POINT('',(0.2286,-0.05213,-0.03075));
#11774=CARTESIAN_POINT('',(0.2286,-0.05213,-0.0336238625560727));
#11775=CARTESIAN_POINT('',(-0.2286,-0.05213,-0.03075));
#11776=CARTESIAN_POINT('',(-0.2286,-0.05213,-0.0336238625560727));
#11777=CARTESIAN_POINT('',(-0.2286,-0.05213,-0.0336238625560727));
#11778=CARTESIAN_POINT('',(-0.25146,-0.0565581342154364,-0.0380519967715091));
#11779=CARTESIAN_POINT('',(0.25146,-0.0565581342154364,-0.0380519967715091));
#11780=CARTESIAN_POINT('',(-0.25146,-0.0519191364659316,-0.0334129990220043));
#11781=CARTESIAN_POINT('',(0.25146,-0.0519191364659316,-0.0334129990220043));
#11782=CARTESIAN_POINT('',(0.2286,-0.054238635340684,-0.0357324978967567));
#11783=CARTESIAN_POINT('',(0.2286,-0.056347270681368,-0.0378411332374407));
#11784=CARTESIAN_POINT('',(-0.2286,-0.054238635340684,-0.0357324978967567));
#11785=CARTESIAN_POINT('',(-0.2286,-0.056347270681368,-0.0378411332374407));
#11786=CARTESIAN_POINT('',(-0.2286,-0.056347270681368,-0.0378411332374407));
#11787=CARTESIAN_POINT('',(-0.25146,-0.0578344078484504,-0.0370537346391234));
#11788=CARTESIAN_POINT('',(0.25146,-0.0578344078484504,-0.0370537346391234));
#11789=CARTESIAN_POINT('',(-0.25146,-0.0580642363964696,-0.0382585380800211));
#11790=CARTESIAN_POINT('',(0.25146,-0.0580642363964696,-0.0382585380800211));
#11791=CARTESIAN_POINT('',(-0.25146,-0.0569310716944755,-0.0387279102679896));
#11792=CARTESIAN_POINT('',(0.25146,-0.0569310716944755,-0.0387279102679896));
#11793=CARTESIAN_POINT('',(-0.25146,-0.0562416603362345,-0.0377134722601192));
#11794=CARTESIAN_POINT('',(0.25146,-0.0562416603362345,-0.0377134722601192));
#11795=CARTESIAN_POINT('',(0.2286,-0.056969721545721,-0.0372186823730876));
#11796=CARTESIAN_POINT('',(0.2286,-0.05785,-0.0372186823730876));
#11797=CARTESIAN_POINT('',(0.2286,-0.056969721545721,-0.0380989608273666));
#11798=CARTESIAN_POINT('',(0.2286,-0.056969721545721,-0.0372186823730876));
#11799=CARTESIAN_POINT('',(-0.2286,-0.056969721545721,-0.0372186823730876));
#11800=CARTESIAN_POINT('',(-0.2286,-0.056969721545721,-0.0380989608273666));
#11801=CARTESIAN_POINT('',(-0.2286,-0.056969721545721,-0.0372186823730876));
#11802=CARTESIAN_POINT('',(-0.2286,-0.05785,-0.0372186823730876));
#11803=CARTESIAN_POINT('',(-0.2286,-0.05785,-0.0372186823730876));
#11804=CARTESIAN_POINT('',(-0.25146,-0.05785,-0.0373124233639384));
#11805=CARTESIAN_POINT('',(0.25146,-0.05785,-0.0373124233639384));
#11806=CARTESIAN_POINT('',(-0.25146,-0.05785,-0.035250121565222));
#11807=CARTESIAN_POINT('',(0.25146,-0.05785,-0.035250121565222));
#11808=CARTESIAN_POINT('',(0.2286,-0.05785,-0.0362812724645801));
#11809=CARTESIAN_POINT('',(0.2286,-0.05785,-0.0353438625560727));
#11810=CARTESIAN_POINT('',(-0.2286,-0.05785,-0.0362812724645801));
#11811=CARTESIAN_POINT('',(-0.2286,-0.05785,-0.0353438625560727));
#11812=CARTESIAN_POINT('',(-0.2286,-0.05785,-0.0353438625560727));
#11813=CARTESIAN_POINT('',(-0.2286,-0.05785,-0.0353438625560727));
#11814=CARTESIAN_POINT('',(0.2286,-0.05785,-0.0353438625560727));
#11815=CARTESIAN_POINT('',(-0.2286,-0.0535339694799393,-0.0329438625560727));
#11816=CARTESIAN_POINT('',(0.2286,-0.0535339694799393,-0.0329438625560727));
#11817=CARTESIAN_POINT('',(-0.2286,-0.0559339694799393,-0.028627832036012));
#11818=CARTESIAN_POINT('',(0.2286,-0.0559339694799393,-0.028627832036012));
#11819=CARTESIAN_POINT('',(-0.2286,-0.06025,-0.031027832036012));
#11820=CARTESIAN_POINT('',(0.2286,-0.06025,-0.031027832036012));
#11821=CARTESIAN_POINT('',(0.2286,-0.05905,-0.0331858472960423));
#11822=CARTESIAN_POINT('',(0.2286,-0.06025,-0.031027832036012));
#11823=CARTESIAN_POINT('',(-0.2286,-0.05905,-0.0331858472960423));
#11824=CARTESIAN_POINT('',(-0.2286,-0.06025,-0.031027832036012));
#11825=CARTESIAN_POINT('',(-0.2286,-0.06025,-0.031027832036012));
#11826=CARTESIAN_POINT('',(-0.25146,-0.06025,-0.0415543273393519));
#11827=CARTESIAN_POINT('',(0.25146,-0.06025,-0.0415543273393519));
#11828=CARTESIAN_POINT('',(-0.25146,-0.06025,-0.0305265703549006));
#11829=CARTESIAN_POINT('',(0.25146,-0.06025,-0.0305265703549006));
#11830=CARTESIAN_POINT('',(0.2286,-0.06025,-0.0360404488471262));
#11831=CARTESIAN_POINT('',(0.2286,-0.06025,-0.0410530656582405));
#11832=CARTESIAN_POINT('',(-0.2286,-0.06025,-0.0360404488471262));
#11833=CARTESIAN_POINT('',(-0.2286,-0.06025,-0.0410530656582405));
#11834=CARTESIAN_POINT('',(-0.2286,-0.06025,-0.0410530656582405));
#11835=CARTESIAN_POINT('',(-0.25146,-0.0602110862528389,-0.0406414012132231));
#11836=CARTESIAN_POINT('',(0.25146,-0.0602110862528389,-0.0406414012132231));
#11837=CARTESIAN_POINT('',(-0.25146,-0.0605316634059076,-0.0423219255015198));
#11838=CARTESIAN_POINT('',(0.25146,-0.0605316634059076,-0.0423219255015198));
#11839=CARTESIAN_POINT('',(-0.25146,-0.0593219255015198,-0.0435316634059076));
#11840=CARTESIAN_POINT('',(0.25146,-0.0593219255015198,-0.0435316634059076));
#11841=CARTESIAN_POINT('',(-0.25146,-0.0576414012132231,-0.0432110862528389));
#11842=CARTESIAN_POINT('',(0.25146,-0.0576414012132231,-0.0432110862528389));
#11843=CARTESIAN_POINT('',(0.2286,-0.0580530656582405,-0.0410530656582405));
#11844=CARTESIAN_POINT('',(0.2286,-0.0580530656582405,-0.04325));
#11845=CARTESIAN_POINT('',(-0.2286,-0.0580530656582405,-0.0410530656582405));
#11846=CARTESIAN_POINT('',(-0.2286,-0.0580530656582405,-0.04325));
#11847=CARTESIAN_POINT('',(-0.2286,-0.0580530656582405,-0.04325));
#11848=CARTESIAN_POINT('',(-0.25146,-0.0583385258133489,-0.04325));
#11849=CARTESIAN_POINT('',(-0.25146,-0.0520584024009642,-0.04325));
#11850=CARTESIAN_POINT('',(0.25146,-0.0583385258133489,-0.04325));
#11851=CARTESIAN_POINT('',(0.25146,-0.0520584024009642,-0.04325));
#11852=CARTESIAN_POINT('',(0.2286,-0.0551984641071565,-0.04325));
#11853=CARTESIAN_POINT('',(0.2286,-0.0523438625560726,-0.04325));
#11854=CARTESIAN_POINT('',(-0.2286,-0.0551984641071565,-0.04325));
#11855=CARTESIAN_POINT('',(-0.2286,-0.0523438625560726,-0.04325));
#11856=CARTESIAN_POINT('',(-0.2286,-0.0523438625560726,-0.04325));
#11857=CARTESIAN_POINT('',(-0.2286,-0.0523438625560726,-0.04325));
#11858=CARTESIAN_POINT('',(0.2286,-0.0523438625560726,-0.04325));
#11859=CARTESIAN_POINT('',(-0.2286,-0.0499438625560726,-0.04325));
#11860=CARTESIAN_POINT('',(0.2286,-0.0499438625560726,-0.04325));
#11861=CARTESIAN_POINT('',(-0.2286,-0.0499438625560726,-0.04085));
#11862=CARTESIAN_POINT('',(0.2286,-0.0499438625560726,-0.04085));
#11863=CARTESIAN_POINT('',(-0.2286,-0.0523438625560726,-0.04085));
#11864=CARTESIAN_POINT('',(0.2286,-0.0523438625560726,-0.04085));
#11865=CARTESIAN_POINT('',(0.2286,-0.0523438625560726,-0.04205));
#11866=CARTESIAN_POINT('',(0.2286,-0.0523438625560726,-0.04085));
#11867=CARTESIAN_POINT('',(-0.2286,-0.0523438625560726,-0.04205));
#11868=CARTESIAN_POINT('',(-0.2286,-0.0523438625560726,-0.04085));
#11869=CARTESIAN_POINT('',(-0.2286,-0.0523438625560726,-0.04085));
#11870=CARTESIAN_POINT('',(0.25146,-0.0543124233639384,-0.04085));
#11871=CARTESIAN_POINT('',(0.25146,-0.0522501215652218,-0.04085));
#11872=CARTESIAN_POINT('',(-0.25146,-0.0543124233639384,-0.04085));
#11873=CARTESIAN_POINT('',(-0.25146,-0.0522501215652218,-0.04085));
#11874=CARTESIAN_POINT('',(0.2286,-0.0532812724645801,-0.04085));
#11875=CARTESIAN_POINT('',(0.2286,-0.0542186823730876,-0.04085));
#11876=CARTESIAN_POINT('',(-0.2286,-0.0532812724645801,-0.04085));
#11877=CARTESIAN_POINT('',(-0.2286,-0.0542186823730876,-0.04085));
#11878=CARTESIAN_POINT('',(-0.2286,-0.0542186823730876,-0.04085));
#11879=CARTESIAN_POINT('',(-0.25146,-0.0547134722601191,-0.0392416603362345));
#11880=CARTESIAN_POINT('',(0.25146,-0.0547134722601191,-0.0392416603362345));
#11881=CARTESIAN_POINT('',(-0.25146,-0.0557279102679896,-0.0399310716944755));
#11882=CARTESIAN_POINT('',(0.25146,-0.0557279102679896,-0.0399310716944755));
#11883=CARTESIAN_POINT('',(-0.25146,-0.0552585380800211,-0.0410642363964697));
#11884=CARTESIAN_POINT('',(0.25146,-0.0552585380800211,-0.0410642363964697));
#11885=CARTESIAN_POINT('',(-0.25146,-0.0540537346391233,-0.0408344078484504));
#11886=CARTESIAN_POINT('',(0.25146,-0.0540537346391233,-0.0408344078484504));
#11887=CARTESIAN_POINT('',(0.2286,-0.0542186823730876,-0.0399697215457211));
#11888=CARTESIAN_POINT('',(0.2286,-0.0548411332374406,-0.039347270681368));
#11889=CARTESIAN_POINT('',(-0.2286,-0.0542186823730876,-0.0399697215457211));
#11890=CARTESIAN_POINT('',(-0.2286,-0.0548411332374406,-0.039347270681368));
#11891=CARTESIAN_POINT('',(-0.2286,-0.0548411332374406,-0.039347270681368));
#11892=CARTESIAN_POINT('',(-0.25146,-0.055051996771509,-0.0395581342154364));
#11893=CARTESIAN_POINT('',(0.25146,-0.055051996771509,-0.0395581342154364));
#11894=CARTESIAN_POINT('',(-0.25146,-0.0504129990220042,-0.0349191364659316));
#11895=CARTESIAN_POINT('',(0.25146,-0.0504129990220042,-0.0349191364659316));
#11896=CARTESIAN_POINT('',(0.2286,-0.0527324978967566,-0.037238635340684));
#11897=CARTESIAN_POINT('',(0.2286,-0.0506238625560726,-0.03513));
#11898=CARTESIAN_POINT('',(-0.2286,-0.0527324978967566,-0.037238635340684));
#11899=CARTESIAN_POINT('',(-0.2286,-0.0506238625560726,-0.03513));
#11900=CARTESIAN_POINT('',(-0.2286,-0.0506238625560726,-0.03513));
#11901=CARTESIAN_POINT('',(-0.25146,-0.0509112488116799,-0.03513));
#11902=CARTESIAN_POINT('',(-0.25146,-0.04458875118832,-0.03513));
#11903=CARTESIAN_POINT('',(0.25146,-0.0509112488116799,-0.03513));
#11904=CARTESIAN_POINT('',(0.25146,-0.04458875118832,-0.03513));
#11905=CARTESIAN_POINT('',(0.2286,-0.04775,-0.03513));
#11906=CARTESIAN_POINT('',(0.2286,-0.0448761374439273,-0.03513));
#11907=CARTESIAN_POINT('',(-0.2286,-0.04775,-0.03513));
#11908=CARTESIAN_POINT('',(-0.2286,-0.0448761374439273,-0.03513));
#11909=CARTESIAN_POINT('',(-0.2286,-0.0448761374439273,-0.03513));
#11910=CARTESIAN_POINT('',(-0.25146,-0.0404480032284909,-0.0395581342154363));
#11911=CARTESIAN_POINT('',(0.25146,-0.0404480032284909,-0.0395581342154363));
#11912=CARTESIAN_POINT('',(-0.25146,-0.0450870009779957,-0.0349191364659316));
#11913=CARTESIAN_POINT('',(0.25146,-0.0450870009779957,-0.0349191364659316));
#11914=CARTESIAN_POINT('',(0.2286,-0.0427675021032434,-0.037238635340684));
#11915=CARTESIAN_POINT('',(0.2286,-0.0406588667625593,-0.0393472706813679));
#11916=CARTESIAN_POINT('',(-0.2286,-0.0427675021032434,-0.037238635340684));
#11917=CARTESIAN_POINT('',(-0.2286,-0.0406588667625593,-0.0393472706813679));
#11918=CARTESIAN_POINT('',(-0.2286,-0.0406588667625593,-0.0393472706813679));
#11919=CARTESIAN_POINT('',(-0.25146,-0.0414462653608766,-0.0408344078484504));
#11920=CARTESIAN_POINT('',(0.25146,-0.0414462653608766,-0.0408344078484504));
#11921=CARTESIAN_POINT('',(-0.25146,-0.0402414619199788,-0.0410642363964696));
#11922=CARTESIAN_POINT('',(0.25146,-0.0402414619199788,-0.0410642363964696));
#11923=CARTESIAN_POINT('',(-0.25146,-0.0397720897320104,-0.0399310716944754));
#11924=CARTESIAN_POINT('',(0.25146,-0.0397720897320104,-0.0399310716944754));
#11925=CARTESIAN_POINT('',(-0.25146,-0.0407865277398808,-0.0392416603362344));
#11926=CARTESIAN_POINT('',(0.25146,-0.0407865277398808,-0.0392416603362344));
#11927=CARTESIAN_POINT('',(0.2286,-0.0412813176269123,-0.039969721545721));
#11928=CARTESIAN_POINT('',(0.2286,-0.0412813176269123,-0.04085));
#11929=CARTESIAN_POINT('',(-0.2286,-0.0412813176269123,-0.039969721545721));
#11930=CARTESIAN_POINT('',(-0.2286,-0.0412813176269123,-0.04085));
#11931=CARTESIAN_POINT('',(-0.2286,-0.0412813176269123,-0.04085));
#11932=CARTESIAN_POINT('',(-0.25146,-0.0432498784347781,-0.04085));
#11933=CARTESIAN_POINT('',(-0.25146,-0.0411875766360616,-0.04085));
#11934=CARTESIAN_POINT('',(0.25146,-0.0432498784347781,-0.04085));
#11935=CARTESIAN_POINT('',(0.25146,-0.0411875766360616,-0.04085));
#11936=CARTESIAN_POINT('',(0.2286,-0.0422187275354198,-0.04085));
#11937=CARTESIAN_POINT('',(0.2286,-0.0431561374439274,-0.04085));
#11938=CARTESIAN_POINT('',(-0.2286,-0.0422187275354198,-0.04085));
#11939=CARTESIAN_POINT('',(-0.2286,-0.0431561374439274,-0.04085));
#11940=CARTESIAN_POINT('',(-0.2286,-0.0431561374439274,-0.04085));
#11941=CARTESIAN_POINT('',(-0.2286,-0.0431561374439273,-0.04085));
#11942=CARTESIAN_POINT('',(0.2286,-0.0431561374439273,-0.04085));
#11943=CARTESIAN_POINT('',(-0.2286,-0.0455561374439274,-0.0365339694799392));
#11944=CARTESIAN_POINT('',(0.2286,-0.0455561374439274,-0.0365339694799392));
#11945=CARTESIAN_POINT('',(-0.2286,-0.0498721679639881,-0.0389339694799393));
#11946=CARTESIAN_POINT('',(0.2286,-0.0498721679639881,-0.0389339694799393));
#11947=CARTESIAN_POINT('',(-0.2286,-0.0474721679639881,-0.04325));
#11948=CARTESIAN_POINT('',(0.2286,-0.0474721679639881,-0.04325));
#11949=CARTESIAN_POINT('',(0.2286,-0.0453141527039577,-0.04205));
#11950=CARTESIAN_POINT('',(0.2286,-0.047472167963988,-0.04325));
#11951=CARTESIAN_POINT('',(-0.2286,-0.0453141527039577,-0.04205));
#11952=CARTESIAN_POINT('',(-0.2286,-0.047472167963988,-0.04325));
#11953=CARTESIAN_POINT('',(-0.2286,-0.047472167963988,-0.04325));
#11954=CARTESIAN_POINT('',(-0.25146,-0.0479734296450994,-0.04325));
#11955=CARTESIAN_POINT('',(-0.25146,-0.0369456726606481,-0.04325));
#11956=CARTESIAN_POINT('',(0.25146,-0.0479734296450994,-0.04325));
#11957=CARTESIAN_POINT('',(0.25146,-0.0369456726606481,-0.04325));
#11958=CARTESIAN_POINT('',(0.2286,-0.0424595511528738,-0.04325));
#11959=CARTESIAN_POINT('',(0.2286,-0.0374469343417595,-0.04325));
#11960=CARTESIAN_POINT('',(-0.2286,-0.0424595511528738,-0.04325));
#11961=CARTESIAN_POINT('',(-0.2286,-0.0374469343417595,-0.04325));
#11962=CARTESIAN_POINT('',(-0.2286,-0.0374469343417595,-0.04325));
#11963=CARTESIAN_POINT('',(-0.25146,-0.037858598786777,-0.0432110862528389));
#11964=CARTESIAN_POINT('',(0.25146,-0.037858598786777,-0.0432110862528389));
#11965=CARTESIAN_POINT('',(-0.25146,-0.0361780744984802,-0.0435316634059076));
#11966=CARTESIAN_POINT('',(0.25146,-0.0361780744984802,-0.0435316634059076));
#11967=CARTESIAN_POINT('',(-0.25146,-0.0349683365940924,-0.0423219255015198));
#11968=CARTESIAN_POINT('',(0.25146,-0.0349683365940924,-0.0423219255015198));
#11969=CARTESIAN_POINT('',(-0.25146,-0.0352889137471611,-0.0406414012132231));
#11970=CARTESIAN_POINT('',(0.25146,-0.0352889137471611,-0.0406414012132231));
#11971=CARTESIAN_POINT('',(0.2286,-0.0374469343417595,-0.0410530656582405));
#11972=CARTESIAN_POINT('',(0.2286,-0.03525,-0.0410530656582405));
#11973=CARTESIAN_POINT('',(-0.2286,-0.0374469343417595,-0.0410530656582405));
#11974=CARTESIAN_POINT('',(-0.2286,-0.03525,-0.0410530656582405));
#11975=CARTESIAN_POINT('',(-0.2286,-0.03525,-0.0410530656582405));
#11976=CARTESIAN_POINT('',(-0.25146,-0.03525,-0.0413385258133489));
#11977=CARTESIAN_POINT('',(0.25146,-0.03525,-0.0413385258133489));
#11978=CARTESIAN_POINT('',(-0.25146,-0.03525,-0.0350584024009642));
#11979=CARTESIAN_POINT('',(0.25146,-0.03525,-0.0350584024009642));
#11980=CARTESIAN_POINT('',(0.2286,-0.03525,-0.0381984641071565));
#11981=CARTESIAN_POINT('',(0.2286,-0.03525,-0.0353438625560726));
#11982=CARTESIAN_POINT('',(-0.2286,-0.03525,-0.0381984641071565));
#11983=CARTESIAN_POINT('',(-0.2286,-0.03525,-0.0353438625560726));
#11984=CARTESIAN_POINT('',(-0.2286,-0.03525,-0.0353438625560726));
#11985=CARTESIAN_POINT('',(-0.2286,-0.03525,-0.0353438625560726));
#11986=CARTESIAN_POINT('',(0.2286,-0.03525,-0.0353438625560726));
#11987=CARTESIAN_POINT('',(-0.2286,-0.03525,-0.0329438625560726));
#11988=CARTESIAN_POINT('',(0.2286,-0.03525,-0.0329438625560726));
#11989=CARTESIAN_POINT('',(-0.2286,-0.03765,-0.0329438625560726));
#11990=CARTESIAN_POINT('',(0.2286,-0.03765,-0.0329438625560726));
#11991=CARTESIAN_POINT('',(-0.2286,-0.03765,-0.0353438625560726));
#11992=CARTESIAN_POINT('',(0.2286,-0.03765,-0.0353438625560726));
#11993=CARTESIAN_POINT('',(0.2286,-0.03645,-0.0353438625560726));
#11994=CARTESIAN_POINT('',(0.2286,-0.03765,-0.0353438625560726));
#11995=CARTESIAN_POINT('',(-0.2286,-0.03645,-0.0353438625560726));
#11996=CARTESIAN_POINT('',(-0.2286,-0.03765,-0.0353438625560726));
#11997=CARTESIAN_POINT('',(-0.2286,-0.03765,-0.0353438625560726));
#11998=CARTESIAN_POINT('',(-0.25146,-0.03765,-0.0373124233639383));
#11999=CARTESIAN_POINT('',(0.25146,-0.03765,-0.0373124233639383));
#12000=CARTESIAN_POINT('',(-0.25146,-0.03765,-0.0352501215652218));
#12001=CARTESIAN_POINT('',(0.25146,-0.03765,-0.0352501215652218));
#12002=CARTESIAN_POINT('',(0.2286,-0.03765,-0.0362812724645801));
#12003=CARTESIAN_POINT('',(0.2286,-0.03765,-0.0372186823730875));
#12004=CARTESIAN_POINT('',(-0.2286,-0.03765,-0.0362812724645801));
#12005=CARTESIAN_POINT('',(-0.2286,-0.03765,-0.0372186823730875));
#12006=CARTESIAN_POINT('',(-0.2286,-0.03765,-0.0372186823730875));
#12007=CARTESIAN_POINT('',(-0.25146,-0.0392583396637655,-0.0377134722601191));
#12008=CARTESIAN_POINT('',(0.25146,-0.0392583396637655,-0.0377134722601191));
#12009=CARTESIAN_POINT('',(-0.25146,-0.0385689283055245,-0.0387279102679895));
#12010=CARTESIAN_POINT('',(0.25146,-0.0385689283055245,-0.0387279102679895));
#12011=CARTESIAN_POINT('',(-0.25146,-0.0374357636035303,-0.0382585380800211));
#12012=CARTESIAN_POINT('',(0.25146,-0.0374357636035303,-0.0382585380800211));
#12013=CARTESIAN_POINT('',(-0.25146,-0.0376655921515496,-0.0370537346391233));
#12014=CARTESIAN_POINT('',(0.25146,-0.0376655921515496,-0.0370537346391233));
#12015=CARTESIAN_POINT('',(0.2286,-0.0385302784542789,-0.0372186823730875));
#12016=CARTESIAN_POINT('',(0.2286,-0.039152729318632,-0.0378411332374406));
#12017=CARTESIAN_POINT('',(0.2286,-0.0385302784542789,-0.0380989608273665));
#12018=CARTESIAN_POINT('',(0.2286,-0.0385302784542789,-0.0372186823730875));
#12019=CARTESIAN_POINT('',(-0.2286,-0.0385302784542789,-0.0372186823730875));
#12020=CARTESIAN_POINT('',(-0.2286,-0.0385302784542789,-0.0380989608273665));
#12021=CARTESIAN_POINT('',(-0.2286,-0.0385302784542789,-0.0372186823730875));
#12022=CARTESIAN_POINT('',(-0.2286,-0.039152729318632,-0.0378411332374406));
#12023=CARTESIAN_POINT('',(-0.2286,-0.039152729318632,-0.0378411332374406));
#12024=CARTESIAN_POINT('',(-0.25146,-0.0389418657845636,-0.038051996771509));
#12025=CARTESIAN_POINT('',(0.25146,-0.0389418657845636,-0.038051996771509));
#12026=CARTESIAN_POINT('',(-0.25146,-0.0435808635340684,-0.0334129990220042));
#12027=CARTESIAN_POINT('',(0.25146,-0.0435808635340684,-0.0334129990220042));
#12028=CARTESIAN_POINT('',(0.2286,-0.041261364659316,-0.0357324978967565));
#12029=CARTESIAN_POINT('',(0.2286,-0.04337,-0.0336238625560725));
#12030=CARTESIAN_POINT('',(-0.2286,-0.041261364659316,-0.0357324978967565));
#12031=CARTESIAN_POINT('',(-0.2286,-0.04337,-0.0336238625560725));
#12032=CARTESIAN_POINT('',(-0.2286,-0.04337,-0.0336238625560725));
#12033=CARTESIAN_POINT('',(-0.25146,-0.04337,-0.0339112488116798));
#12034=CARTESIAN_POINT('',(0.25146,-0.04337,-0.0339112488116798));
#12035=CARTESIAN_POINT('',(-0.25146,-0.04337,-0.02758875118832));
#12036=CARTESIAN_POINT('',(0.25146,-0.04337,-0.02758875118832));
#12037=CARTESIAN_POINT('',(0.2286,-0.04337,-0.03075));
#12038=CARTESIAN_POINT('',(0.2286,-0.04337,-0.0278761374439273));
#12039=CARTESIAN_POINT('',(-0.2286,-0.04337,-0.03075));
#12040=CARTESIAN_POINT('',(-0.2286,-0.04337,-0.0278761374439273));
#12041=CARTESIAN_POINT('',(-0.2286,-0.04337,-0.0278761374439273));
#12042=CARTESIAN_POINT('',(-0.25146,-0.0389418657845637,-0.0234480032284909));
#12043=CARTESIAN_POINT('',(0.251460000000001,-0.0389418657845637,-0.0234480032284909));
#12044=CARTESIAN_POINT('',(-0.25146,-0.0435808635340684,-0.0280870009779957));
#12045=CARTESIAN_POINT('',(0.251460000000001,-0.0435808635340684,-0.0280870009779957));
#12046=CARTESIAN_POINT('',(0.2286,-0.0412613646593161,-0.0257675021032433));
#12047=CARTESIAN_POINT('',(0.2286,-0.039152729318632,-0.0236588667625593));
#12048=CARTESIAN_POINT('',(-0.2286,-0.0412613646593161,-0.0257675021032433));
#12049=CARTESIAN_POINT('',(-0.2286,-0.039152729318632,-0.0236588667625593));
#12050=CARTESIAN_POINT('',(-0.2286,-0.039152729318632,-0.0236588667625593));
#12051=CARTESIAN_POINT('',(-0.25146,-0.0376655921515497,-0.0244462653608766));
#12052=CARTESIAN_POINT('',(0.25146,-0.0376655921515497,-0.0244462653608766));
#12053=CARTESIAN_POINT('',(-0.25146,-0.0374357636035304,-0.0232414619199789));
#12054=CARTESIAN_POINT('',(0.25146,-0.0374357636035304,-0.0232414619199789));
#12055=CARTESIAN_POINT('',(-0.25146,-0.0385689283055245,-0.0227720897320104));
#12056=CARTESIAN_POINT('',(0.25146,-0.0385689283055245,-0.0227720897320104));
#12057=CARTESIAN_POINT('',(-0.25146,-0.0392583396637656,-0.0237865277398808));
#12058=CARTESIAN_POINT('',(0.25146,-0.0392583396637656,-0.0237865277398808));
#12059=CARTESIAN_POINT('',(0.2286,-0.038530278454279,-0.0242813176269124));
#12060=CARTESIAN_POINT('',(0.2286,-0.03765,-0.0242813176269124));
#12061=CARTESIAN_POINT('',(-0.2286,-0.038530278454279,-0.0242813176269124));
#12062=CARTESIAN_POINT('',(-0.2286,-0.03765,-0.0242813176269124));
#12063=CARTESIAN_POINT('',(-0.2286,-0.03765,-0.0242813176269124));
#12064=CARTESIAN_POINT('',(-0.25146,-0.03765,-0.0241875766360616));
#12065=CARTESIAN_POINT('',(0.25146,-0.03765,-0.0241875766360616));
#12066=CARTESIAN_POINT('',(-0.25146,-0.03765,-0.026249878434778));
#12067=CARTESIAN_POINT('',(0.25146,-0.03765,-0.026249878434778));
#12068=CARTESIAN_POINT('',(0.2286,-0.03765,-0.0252187275354198));
#12069=CARTESIAN_POINT('',(0.2286,-0.03765,-0.0261561374439273));
#12070=CARTESIAN_POINT('',(-0.2286,-0.03765,-0.0252187275354198));
#12071=CARTESIAN_POINT('',(-0.2286,-0.03765,-0.0261561374439273));
#12072=CARTESIAN_POINT('',(-0.2286,-0.03765,-0.0261561374439273));
#12073=CARTESIAN_POINT('',(-0.2286,-0.03765,-0.0261561374439273));
#12074=CARTESIAN_POINT('',(0.2286,-0.03765,-0.0261561374439273));
#12075=CARTESIAN_POINT('',(-0.2286,-0.0419660305200607,-0.0285561374439273));
#12076=CARTESIAN_POINT('',(0.2286,-0.0419660305200607,-0.0285561374439273));
#12077=CARTESIAN_POINT('',(-0.2286,-0.0395660305200607,-0.032872167963988));
#12078=CARTESIAN_POINT('',(0.2286,-0.0395660305200607,-0.032872167963988));
#12079=CARTESIAN_POINT('',(-0.2286,-0.03525,-0.030472167963988));
#12080=CARTESIAN_POINT('',(0.2286,-0.03525,-0.030472167963988));
#12081=CARTESIAN_POINT('',(0.2286,-0.03645,-0.0283141527039577));
#12082=CARTESIAN_POINT('',(0.2286,-0.03645,-0.0307833691510363));
#12083=CARTESIAN_POINT('',(-0.2286,-0.03645,-0.0283141527039577));
#12084=CARTESIAN_POINT('',(-0.2286,-0.03645,-0.0307833691510363));
#12085=CARTESIAN_POINT('',(-0.2286,-0.03645,-0.0283141527039577));
#12086=CARTESIAN_POINT('',(-0.2286,-0.03525,-0.030472167963988));
#12087=CARTESIAN_POINT('',(-0.2286,-0.03525,-0.030472167963988));
#12088=CARTESIAN_POINT('',(0.2286,-0.03525,-0.030472167963988));
#12089=CARTESIAN_POINT('',(0.2286,-0.03645,-0.0283141527039577));
#12090=CARTESIAN_POINT('',(-0.25146,-0.03525,-0.0309734296450994));
#12091=CARTESIAN_POINT('',(0.25146,-0.03525,-0.0309734296450994));
#12092=CARTESIAN_POINT('',(-0.25146,-0.03525,-0.0199456726606481));
#12093=CARTESIAN_POINT('',(0.25146,-0.03525,-0.0199456726606481));
#12094=CARTESIAN_POINT('',(0.2286,-0.03525,-0.0254595511528737));
#12095=CARTESIAN_POINT('',(0.2286,-0.03525,-0.0204469343417595));
#12096=CARTESIAN_POINT('',(-0.2286,-0.03525,-0.0254595511528737));
#12097=CARTESIAN_POINT('',(-0.2286,-0.03525,-0.0204469343417595));
#12098=CARTESIAN_POINT('',(-0.2286,-0.03525,-0.0204469343417595));
#12099=CARTESIAN_POINT('',(-0.25146,-0.0352889137471612,-0.0208585987867769));
#12100=CARTESIAN_POINT('',(0.25146,-0.0352889137471612,-0.0208585987867769));
#12101=CARTESIAN_POINT('',(-0.25146,-0.0349683365940925,-0.0191780744984802));
#12102=CARTESIAN_POINT('',(0.25146,-0.0349683365940925,-0.0191780744984802));
#12103=CARTESIAN_POINT('',(-0.25146,-0.0361780744984802,-0.0179683365940924));
#12104=CARTESIAN_POINT('',(0.25146,-0.0361780744984802,-0.0179683365940924));
#12105=CARTESIAN_POINT('',(-0.25146,-0.037858598786777,-0.0182889137471611));
#12106=CARTESIAN_POINT('',(0.25146,-0.037858598786777,-0.0182889137471611));
#12107=CARTESIAN_POINT('',(0.2286,-0.0374469343417595,-0.0204469343417595));
#12108=CARTESIAN_POINT('',(0.2286,-0.0374469343417595,-0.01825));
#12109=CARTESIAN_POINT('',(-0.2286,-0.0374469343417595,-0.0204469343417595));
#12110=CARTESIAN_POINT('',(-0.2286,-0.0374469343417595,-0.01825));
#12111=CARTESIAN_POINT('',(-0.2286,-0.0374469343417595,-0.01825));
#12112=CARTESIAN_POINT('',(-0.25146,-0.0434415975990358,-0.01825));
#12113=CARTESIAN_POINT('',(-0.25146,-0.0371614741866512,-0.01825));
#12114=CARTESIAN_POINT('',(0.25146,-0.0434415975990358,-0.01825));
#12115=CARTESIAN_POINT('',(0.25146,-0.0371614741866512,-0.01825));
#12116=CARTESIAN_POINT('',(0.2286,-0.0403015358928435,-0.01825));
#12117=CARTESIAN_POINT('',(0.2286,-0.0431561374439275,-0.01825));
#12118=CARTESIAN_POINT('',(-0.2286,-0.0403015358928435,-0.01825));
#12119=CARTESIAN_POINT('',(-0.2286,-0.0431561374439275,-0.01825));
#12120=CARTESIAN_POINT('',(-0.2286,-0.0431561374439275,-0.01825));
#12121=CARTESIAN_POINT('',(-0.2286,-0.0431561374439275,-0.01825));
#12122=CARTESIAN_POINT('',(0.2286,-0.0431561374439275,-0.01825));
#12123=CARTESIAN_POINT('',(-0.2286,-0.0455561374439275,-0.01825));
#12124=CARTESIAN_POINT('',(0.2286,-0.0455561374439275,-0.01825));
#12125=CARTESIAN_POINT('',(-0.2286,-0.0455561374439275,-0.02065));
#12126=CARTESIAN_POINT('',(0.2286,-0.0455561374439275,-0.02065));
#12127=CARTESIAN_POINT('',(-0.2286,-0.0431561374439275,-0.02065));
#12128=CARTESIAN_POINT('',(0.2286,-0.0431561374439275,-0.02065));
#12129=CARTESIAN_POINT('',(0.2286,-0.0431561374439275,-0.01945));
#12130=CARTESIAN_POINT('',(0.2286,-0.0431561374439275,-0.02065));
#12131=CARTESIAN_POINT('',(-0.2286,-0.0431561374439275,-0.01945));
#12132=CARTESIAN_POINT('',(-0.2286,-0.0431561374439275,-0.02065));
#12133=CARTESIAN_POINT('',(-0.2286,-0.0431561374439275,-0.02065));
#12134=CARTESIAN_POINT('',(-0.25146,-0.0432498784347782,-0.02065));
#12135=CARTESIAN_POINT('',(-0.25146,-0.0411875766360617,-0.02065));
#12136=CARTESIAN_POINT('',(0.25146,-0.0432498784347782,-0.02065));
#12137=CARTESIAN_POINT('',(0.25146,-0.0411875766360617,-0.02065));
#12138=CARTESIAN_POINT('',(0.2286,-0.0422187275354199,-0.02065));
#12139=CARTESIAN_POINT('',(0.2286,-0.0412813176269125,-0.02065));
#12140=CARTESIAN_POINT('',(-0.2286,-0.0422187275354199,-0.02065));
#12141=CARTESIAN_POINT('',(-0.2286,-0.0412813176269125,-0.02065));
#12142=CARTESIAN_POINT('',(-0.2286,-0.0412813176269125,-0.02065));
#12143=CARTESIAN_POINT('',(-0.25146,-0.0407865277398809,-0.0222583396637655));
#12144=CARTESIAN_POINT('',(0.25146,-0.0407865277398809,-0.0222583396637655));
#12145=CARTESIAN_POINT('',(-0.25146,-0.0397720897320105,-0.0215689283055245));
#12146=CARTESIAN_POINT('',(0.25146,-0.0397720897320105,-0.0215689283055245));
#12147=CARTESIAN_POINT('',(-0.25146,-0.0402414619199789,-0.0204357636035303));
#12148=CARTESIAN_POINT('',(0.25146,-0.0402414619199789,-0.0204357636035303));
#12149=CARTESIAN_POINT('',(-0.25146,-0.0414462653608767,-0.0206655921515496));
#12150=CARTESIAN_POINT('',(0.25146,-0.0414462653608767,-0.0206655921515496));
#12151=CARTESIAN_POINT('',(0.2286,-0.0412813176269125,-0.0215302784542789));
#12152=CARTESIAN_POINT('',(0.2286,-0.0406588667625594,-0.022152729318632));
#12153=CARTESIAN_POINT('',(-0.2286,-0.0412813176269125,-0.0215302784542789));
#12154=CARTESIAN_POINT('',(-0.2286,-0.0406588667625594,-0.022152729318632));
#12155=CARTESIAN_POINT('',(-0.2286,-0.0406588667625594,-0.022152729318632));
#12156=CARTESIAN_POINT('',(-0.25146,-0.040448003228491,-0.0219418657845636));
#12157=CARTESIAN_POINT('',(0.251460000000001,-0.040448003228491,-0.0219418657845636));
#12158=CARTESIAN_POINT('',(-0.25146,-0.0450870009779958,-0.0265808635340684));
#12159=CARTESIAN_POINT('',(0.251460000000001,-0.0450870009779958,-0.0265808635340684));
#12160=CARTESIAN_POINT('',(0.2286,-0.0427675021032434,-0.024261364659316));
#12161=CARTESIAN_POINT('',(0.2286,-0.0448761374439275,-0.02637));
#12162=CARTESIAN_POINT('',(-0.2286,-0.0427675021032434,-0.024261364659316));
#12163=CARTESIAN_POINT('',(-0.2286,-0.0448761374439275,-0.02637));
#12164=CARTESIAN_POINT('',(-0.2286,-0.0448761374439275,-0.02637));
#12165=CARTESIAN_POINT('',(-0.25146,-0.05091124881168,-0.02637));
#12166=CARTESIAN_POINT('',(-0.25146,-0.0445887511883202,-0.02637));
#12167=CARTESIAN_POINT('',(0.25146,-0.05091124881168,-0.02637));
#12168=CARTESIAN_POINT('',(0.25146,-0.0445887511883202,-0.02637));
#12169=CARTESIAN_POINT('',(0.2286,-0.04775,-0.02637));
#12170=CARTESIAN_POINT('',(0.2286,-0.0506238625560727,-0.02637));
#12171=CARTESIAN_POINT('',(-0.2286,-0.04775,-0.02637));
#12172=CARTESIAN_POINT('',(-0.2286,-0.0506238625560727,-0.02637));
#12173=CARTESIAN_POINT('',(-0.2286,-0.0506238625560727,-0.02637));
#12174=CARTESIAN_POINT('',(-0.25146,-0.0550519967715091,-0.0219418657845637));
#12175=CARTESIAN_POINT('',(0.251460000000001,-0.0550519967715091,-0.0219418657845637));
#12176=CARTESIAN_POINT('',(-0.25146,-0.0504129990220043,-0.0265808635340684));
#12177=CARTESIAN_POINT('',(0.251460000000001,-0.0504129990220043,-0.0265808635340684));
#12178=CARTESIAN_POINT('',(0.2286,-0.0527324978967567,-0.0242613646593161));
#12179=CARTESIAN_POINT('',(0.2286,-0.0548411332374407,-0.0221527293186321));
#12180=CARTESIAN_POINT('',(-0.2286,-0.0527324978967567,-0.0242613646593161));
#12181=CARTESIAN_POINT('',(-0.2286,-0.0548411332374407,-0.0221527293186321));
#12182=CARTESIAN_POINT('',(-0.2286,-0.0548411332374407,-0.0221527293186321));
#12183=CARTESIAN_POINT('',(-0.25146,-0.0540537346391234,-0.0206655921515497));
#12184=CARTESIAN_POINT('',(0.25146,-0.0540537346391234,-0.0206655921515497));
#12185=CARTESIAN_POINT('',(-0.25146,-0.0552585380800212,-0.0204357636035304));
#12186=CARTESIAN_POINT('',(0.25146,-0.0552585380800212,-0.0204357636035304));
#12187=CARTESIAN_POINT('',(-0.25146,-0.0557279102679897,-0.0215689283055246));
#12188=CARTESIAN_POINT('',(0.25146,-0.0557279102679897,-0.0215689283055246));
#12189=CARTESIAN_POINT('',(-0.25146,-0.0547134722601192,-0.0222583396637656));
#12190=CARTESIAN_POINT('',(0.25146,-0.0547134722601192,-0.0222583396637656));
#12191=CARTESIAN_POINT('',(0.2286,-0.0542186823730877,-0.021530278454279));
#12192=CARTESIAN_POINT('',(0.2286,-0.0542186823730877,-0.02065));
#12193=CARTESIAN_POINT('',(-0.2286,-0.0542186823730877,-0.021530278454279));
#12194=CARTESIAN_POINT('',(-0.2286,-0.0542186823730877,-0.02065));
#12195=CARTESIAN_POINT('',(-0.2286,-0.0542186823730877,-0.02065));
#12196=CARTESIAN_POINT('',(0.25146,-0.0543124233639385,-0.02065));
#12197=CARTESIAN_POINT('',(0.25146,-0.0522501215652219,-0.02065));
#12198=CARTESIAN_POINT('',(-0.25146,-0.0543124233639385,-0.02065));
#12199=CARTESIAN_POINT('',(-0.25146,-0.0522501215652219,-0.02065));
#12200=CARTESIAN_POINT('',(0.2286,-0.0532812724645802,-0.02065));
#12201=CARTESIAN_POINT('',(0.2286,-0.0523438625560727,-0.02065));
#12202=CARTESIAN_POINT('',(-0.2286,-0.0532812724645802,-0.02065));
#12203=CARTESIAN_POINT('',(-0.2286,-0.0523438625560727,-0.02065));
#12204=CARTESIAN_POINT('',(-0.2286,-0.0523438625560727,-0.02065));
#12205=CARTESIAN_POINT('',(-0.25146,-0.052530495750351,-0.0202243729645539));
#12206=CARTESIAN_POINT('',(0.25146,-0.052530495750351,-0.0202243729645539));
#12207=CARTESIAN_POINT('',(-0.25146,-0.0520059203682473,-0.0218126836560646));
#12208=CARTESIAN_POINT('',(0.25146,-0.0520059203682473,-0.0218126836560646));
#12209=CARTESIAN_POINT('',(-0.25146,-0.0504477290138115,-0.0224209187152628));
#12210=CARTESIAN_POINT('',(0.25146,-0.0504477290138115,-0.0224209187152628));
#12211=CARTESIAN_POINT('',(-0.25146,-0.0489858472960424,-0.0216080152600304));
#12212=CARTESIAN_POINT('',(0.25146,-0.0489858472960424,-0.0216080152600304));
#12213=CARTESIAN_POINT('',(-0.25146,-0.0475239655782733,-0.0207951118047979));
#12214=CARTESIAN_POINT('',(0.25146,-0.0475239655782733,-0.0207951118047979));
#12215=CARTESIAN_POINT('',(-0.25146,-0.047218479978547,-0.0191505484181703));
#12216=CARTESIAN_POINT('',(0.25146,-0.047218479978547,-0.0191505484181703));
#12217=CARTESIAN_POINT('',(-0.25146,-0.0482909139967395,-0.017866883562805));
#12218=CARTESIAN_POINT('',(0.25146,-0.0482909139967395,-0.017866883562805));
#12219=CARTESIAN_POINT('',(0.2286,-0.0501858472960424,-0.01945));
#12220=CARTESIAN_POINT('',(0.2286,-0.0501858472960424,-0.0219192164470787));
#12221=CARTESIAN_POINT('',(-0.2286,-0.0501858472960424,-0.01945));
#12222=CARTESIAN_POINT('',(-0.2286,-0.0501858472960424,-0.0219192164470787));
#12223=CARTESIAN_POINT('',(-0.2286,-0.0501858472960424,-0.01945));
#12224=CARTESIAN_POINT('',(-0.2286,-0.048027832036012,-0.01825));
#12225=CARTESIAN_POINT('',(-0.2286,-0.048027832036012,-0.01825));
#12226=CARTESIAN_POINT('',(0.2286,-0.048027832036012,-0.01825));
#12227=CARTESIAN_POINT('',(0.2286,-0.0501858472960424,-0.01945));
#12228=CARTESIAN_POINT('',(-0.25146,-0.0475265703549006,-0.01825));
#12229=CARTESIAN_POINT('',(0.25146,-0.0475265703549006,-0.01825));
#12230=CARTESIAN_POINT('',(-0.25146,-0.0585543273393519,-0.01825));
#12231=CARTESIAN_POINT('',(0.25146,-0.0585543273393519,-0.01825));
#12232=CARTESIAN_POINT('',(0.2286,-0.0530404488471263,-0.01825));
#12233=CARTESIAN_POINT('',(0.2286,-0.0580530656582405,-0.01825));
#12234=CARTESIAN_POINT('',(-0.2286,-0.0530404488471263,-0.01825));
#12235=CARTESIAN_POINT('',(-0.2286,-0.0580530656582405,-0.01825));
#12236=CARTESIAN_POINT('',(-0.2286,-0.0580530656582405,-0.01825));
#12237=CARTESIAN_POINT('',(-0.25146,-0.0576414012132231,-0.0182889137471611));
#12238=CARTESIAN_POINT('',(0.25146,-0.0576414012132231,-0.0182889137471611));
#12239=CARTESIAN_POINT('',(-0.25146,-0.0593219255015198,-0.0179683365940924));
#12240=CARTESIAN_POINT('',(0.25146,-0.0593219255015198,-0.0179683365940924));
#12241=CARTESIAN_POINT('',(-0.25146,-0.0605316634059076,-0.0191780744984802));
#12242=CARTESIAN_POINT('',(0.25146,-0.0605316634059076,-0.0191780744984802));
#12243=CARTESIAN_POINT('',(-0.25146,-0.0602110862528389,-0.0208585987867769));
#12244=CARTESIAN_POINT('',(0.25146,-0.0602110862528389,-0.0208585987867769));
#12245=CARTESIAN_POINT('',(0.2286,-0.0580530656582405,-0.0204469343417595));
#12246=CARTESIAN_POINT('',(-0.2286,-0.0580530656582405,-0.0204469343417595));
#12247=CARTESIAN_POINT('',(-0.2286,-0.04775,-0.03325));
#12248=CARTESIAN_POINT('',(0.2286,-0.04775,-0.03325));
#12249=CARTESIAN_POINT('',(-0.2286,-0.04275,-0.03325));
#12250=CARTESIAN_POINT('',(0.2286,-0.04275,-0.03325));
#12251=CARTESIAN_POINT('',(-0.2286,-0.04275,-0.02825));
#12252=CARTESIAN_POINT('',(0.2286,-0.04275,-0.02825));
#12253=CARTESIAN_POINT('',(-0.2286,-0.04775,-0.02825));
#12254=CARTESIAN_POINT('',(0.2286,-0.04775,-0.02825));
#12255=CARTESIAN_POINT('',(-0.2286,-0.04775,-0.03075));
#12256=CARTESIAN_POINT('',(0.2286,-0.04775,-0.03075));
#12257=CARTESIAN_POINT('',(-0.2286,-0.0615,-0.0445));
#12258=CARTESIAN_POINT('',(-0.2286,-0.0615,-0.017));
#12259=CARTESIAN_POINT('',(-0.2286,-0.034,-0.0445));
#12260=CARTESIAN_POINT('',(-0.2286,-0.034,-0.017));
#12261=CARTESIAN_POINT('',(0.2286,-0.0615,-0.0445));
#12262=CARTESIAN_POINT('',(0.2286,-0.0615,-0.017));
#12263=CARTESIAN_POINT('',(0.2286,-0.034,-0.0445));
#12264=CARTESIAN_POINT('',(0.2286,-0.034,-0.017));
#12265=CARTESIAN_POINT('',(0.,0.,0.));
#12266=CARTESIAN_POINT('',(0.10508085630491,-0.139855199500477,-0.015));
#12267=CARTESIAN_POINT('',(0.10508085630491,-0.139855199500477,-3.25260651745651E-19));
#12268=CARTESIAN_POINT('',(0.10508085630491,-0.150055199500477,-0.015));
#12269=CARTESIAN_POINT('',(0.10508085630491,-0.150055199500477,-2.43945488809238E-19));
#12270=CARTESIAN_POINT('',(0.11528085630491,-0.150055199500477,-0.015));
#12271=CARTESIAN_POINT('',(0.11528085630491,-0.150055199500477,-2.43945488809238E-19));
#12272=CARTESIAN_POINT('',(0.11528085630491,-0.139855199500477,-0.015));
#12273=CARTESIAN_POINT('',(0.11528085630491,-0.139855199500477,-3.25260651745651E-19));
#12274=CARTESIAN_POINT('',(0.11018085630491,-0.139855199500477,-0.015));
#12275=CARTESIAN_POINT('',(0.10508085630491,-0.139855199500477,-0.015));
#12276=CARTESIAN_POINT('',(0.11528085630491,-0.139855199500477,-0.015));
#12277=CARTESIAN_POINT('',(0.10508085630491,-0.139855199500477,-0.01575));
#12278=CARTESIAN_POINT('',(0.10508085630491,-0.139855199500477,0.000750000000000001));
#12279=CARTESIAN_POINT('',(0.10508085630491,-0.139855199500477,0.));
#12280=CARTESIAN_POINT('',(0.11018085630491,-0.139855199500477,0.));
#12281=CARTESIAN_POINT('',(0.11528085630491,-0.139855199500477,0.));
#12282=CARTESIAN_POINT('',(0.11528085630491,-0.139855199500477,-0.01575));
#12283=CARTESIAN_POINT('',(0.11528085630491,-0.139855199500477,0.000750000000000001));
#12284=CARTESIAN_POINT('',(-0.00509999999999999,0.139855199500477,-0.015));
#12285=CARTESIAN_POINT('',(-0.00509999999999999,0.139855199500477,-2.16840434497101E-19));
#12286=CARTESIAN_POINT('',(-0.00509999999999999,0.129655199500477,-0.015));
#12287=CARTESIAN_POINT('',(-0.00509999999999999,0.129655199500477,-2.43945488809238E-19));
#12288=CARTESIAN_POINT('',(0.00510000000000001,0.129655199500477,-0.015));
#12289=CARTESIAN_POINT('',(0.00510000000000001,0.129655199500477,-2.43945488809238E-19));
#12290=CARTESIAN_POINT('',(0.00510000000000001,0.139855199500477,-0.015));
#12291=CARTESIAN_POINT('',(0.00510000000000001,0.139855199500477,-2.16840434497101E-19));
#12292=CARTESIAN_POINT('',(1.30104260698261E-17,0.139855199500477,-0.015));
#12293=CARTESIAN_POINT('',(-0.00509999999999999,0.139855199500477,-0.015));
#12294=CARTESIAN_POINT('',(0.00510000000000001,0.139855199500477,-0.015));
#12295=CARTESIAN_POINT('',(-0.00509999999999999,0.139855199500477,-0.01575));
#12296=CARTESIAN_POINT('',(-0.00509999999999999,0.139855199500477,0.000750000000000001));
#12297=CARTESIAN_POINT('',(-0.00509999999999999,0.139855199500477,0.));
#12298=CARTESIAN_POINT('',(1.30104260698261E-17,0.139855199500477,0.));
#12299=CARTESIAN_POINT('',(0.00510000000000001,0.139855199500477,0.));
#12300=CARTESIAN_POINT('',(0.00510000000000001,0.139855199500477,-0.01575));
#12301=CARTESIAN_POINT('',(0.00510000000000001,0.139855199500477,0.000750000000000001));
#12302=CARTESIAN_POINT('',(0.0499904281524562,-1.68126216116899E-20,-0.015));
#12303=CARTESIAN_POINT('',(0.0499904281524562,-1.68126216116899E-20,-2.16840434497101E-19));
#12304=CARTESIAN_POINT('',(0.0499904281524562,-0.0102,-0.015));
#12305=CARTESIAN_POINT('',(0.0499904281524562,-0.0102,-2.43945488809238E-19));
#12306=CARTESIAN_POINT('',(0.0601904281524562,-0.0102,-0.015));
#12307=CARTESIAN_POINT('',(0.0601904281524562,-0.0102,-2.43945488809238E-19));
#12308=CARTESIAN_POINT('',(0.0601904281524562,-6.4138248917684E-19,-0.015));
#12309=CARTESIAN_POINT('',(0.0601904281524562,-6.4138248917684E-19,-2.16840434497101E-19));
#12310=CARTESIAN_POINT('',(0.0550904281524562,-6.4138248917684E-19,-0.015));
#12311=CARTESIAN_POINT('',(0.0499904281524562,-1.68126216116899E-20,-0.015));
#12312=CARTESIAN_POINT('',(0.0601904281524562,-6.4138248917684E-19,-0.015));
#12313=CARTESIAN_POINT('',(0.0499904281524562,-1.68126216116899E-20,-0.01575));
#12314=CARTESIAN_POINT('',(0.0499904281524562,-1.68126216116899E-20,0.000750000000000001));
#12315=CARTESIAN_POINT('',(0.0499904281524562,-1.68126216116899E-20,0.));
#12316=CARTESIAN_POINT('',(0.0550904281524562,-6.4138248917684E-19,0.));
#12317=CARTESIAN_POINT('',(0.0601904281524562,-6.4138248917684E-19,0.));
#12318=CARTESIAN_POINT('',(0.0601904281524562,-6.4138248917684E-19,-0.01575));
#12319=CARTESIAN_POINT('',(0.0601904281524562,-6.4138248917684E-19,0.000750000000000001));
#12320=CARTESIAN_POINT('',(0.128471616265527,-0.148772071152748,-0.01575));
#12321=CARTESIAN_POINT('',(0.128471616265527,-0.148772071152748,0.000749999999999994));
#12322=CARTESIAN_POINT('',(0.102885133146021,-0.158850854887666,-0.01575));
#12323=CARTESIAN_POINT('',(0.102885133146021,-0.158850854887666,0.000749999999999994));
#12324=CARTESIAN_POINT('',(0.114373561684901,-0.154325442537848,0.));
#12325=CARTESIAN_POINT('',(0.127308594305549,-0.149230197686154,0.));
#12326=CARTESIAN_POINT('',(0.104048155105999,-0.158392728354261,0.));
#12327=CARTESIAN_POINT('',(0.104048155105999,-0.158392728354261,-0.015));
#12328=CARTESIAN_POINT('',(0.104048155105999,-0.158392728354261,-0.015));
#12329=CARTESIAN_POINT('',(0.114373561684901,-0.154325442537848,-0.015));
#12330=CARTESIAN_POINT('',(0.127308594305549,-0.149230197686154,-0.015));
#12331=CARTESIAN_POINT('',(0.127308594305549,-0.149230197686154,-0.015));
#12332=CARTESIAN_POINT('',(7.39065435788489E-05,0.173773874656282,-0.01575));
#12333=CARTESIAN_POINT('',(7.39065435788489E-05,0.173773874656282,0.000750000000000001));
#12334=CARTESIAN_POINT('',(0.133367388960881,-0.164611343988174,-0.01575));
#12335=CARTESIAN_POINT('',(0.133367388960881,-0.164611343988174,0.000750000000000001));
#12336=CARTESIAN_POINT('',(0.0125325238031029,0.142145832167504,0.));
#12337=CARTESIAN_POINT('',(0.00613270119891091,0.158392728354261,0.));
#12338=CARTESIAN_POINT('',(0.0125325238031029,0.142145832167504,-0.015));
#12339=CARTESIAN_POINT('',(0.00613270119891091,0.158392728354261,-0.015));
#12340=CARTESIAN_POINT('',(0.00613270119891091,0.158392728354261,-0.015));
#12341=CARTESIAN_POINT('',(0.0072957231588884,0.158850854887666,-0.01575));
#12342=CARTESIAN_POINT('',(0.0072957231588884,0.158850854887666,0.000749999999999987));
#12343=CARTESIAN_POINT('',(-0.0182907599606171,0.148772071152748,-0.01575));
#12344=CARTESIAN_POINT('',(-0.0182907599606171,0.148772071152748,0.000749999999999987));
#12345=CARTESIAN_POINT('',(-0.0127565743803113,0.150952044826828,0.));
#12346=CARTESIAN_POINT('',(-0.0171277380006397,0.149230197686154,0.));
#12347=CARTESIAN_POINT('',(-0.0127565743803113,0.150952044826828,-0.015));
#12348=CARTESIAN_POINT('',(-0.0171277380006397,0.149230197686154,-0.015));
#12349=CARTESIAN_POINT('',(-0.0171277380006397,0.149230197686154,-0.015));
#12350=CARTESIAN_POINT('',(0.0601904281524562,-6.4138248917684E-19,-0.015));
#12351=CARTESIAN_POINT('',(0.0601904281524562,-6.4138248917684E-19,-2.16840434497101E-19));
#12352=CARTESIAN_POINT('',(0.0601904281524562,0.0102,-0.015));
#12353=CARTESIAN_POINT('',(0.0601904281524562,0.0102,-2.43945488809238E-19));
#12354=CARTESIAN_POINT('',(0.0499904281524562,0.0102,-0.015));
#12355=CARTESIAN_POINT('',(0.0499904281524562,0.0102,-2.43945488809238E-19));
#12356=CARTESIAN_POINT('',(0.0499904281524562,-1.68126216116899E-20,-0.015));
#12357=CARTESIAN_POINT('',(0.0499904281524562,-1.68126216116899E-20,-2.16840434497101E-19));
#12358=CARTESIAN_POINT('',(0.0550904281524562,-6.4138248917684E-19,-0.015));
#12359=CARTESIAN_POINT('',(0.0550904281524562,-6.4138248917684E-19,0.));
#12360=CARTESIAN_POINT('',(0.00510000000000001,0.139855199500477,-0.015));
#12361=CARTESIAN_POINT('',(0.00510000000000001,0.139855199500477,-2.16840434497101E-19));
#12362=CARTESIAN_POINT('',(0.00510000000000001,0.150055199500477,-0.015));
#12363=CARTESIAN_POINT('',(0.00510000000000001,0.150055199500477,-2.43945488809238E-19));
#12364=CARTESIAN_POINT('',(-0.00509999999999999,0.150055199500477,-0.015));
#12365=CARTESIAN_POINT('',(-0.00509999999999999,0.150055199500477,-2.43945488809238E-19));
#12366=CARTESIAN_POINT('',(-0.00509999999999999,0.139855199500477,-0.015));
#12367=CARTESIAN_POINT('',(-0.00509999999999999,0.139855199500477,-2.16840434497101E-19));
#12368=CARTESIAN_POINT('',(1.30104260698261E-17,0.139855199500477,-0.015));
#12369=CARTESIAN_POINT('',(1.30104260698261E-17,0.139855199500477,0.));
#12370=CARTESIAN_POINT('',(0.110106949761331,-0.173773874656282,-0.01575));
#12371=CARTESIAN_POINT('',(0.110106949761331,-0.173773874656282,0.000750000000000015));
#12372=CARTESIAN_POINT('',(-0.0231865326559719,0.164611343988175,-0.01575));
#12373=CARTESIAN_POINT('',(-0.0231865326559719,0.164611343988175,0.000750000000000015));
#12374=CARTESIAN_POINT('',(-0.0152812830035353,0.144542698593315,0.));
#12375=CARTESIAN_POINT('',(-0.0152812830035353,0.144542698593315,-0.015));
#12376=CARTESIAN_POINT('',(0.11528085630491,-0.139855199500477,-0.015));
#12377=CARTESIAN_POINT('',(0.11528085630491,-0.139855199500477,-3.25260651745651E-19));
#12378=CARTESIAN_POINT('',(0.11528085630491,-0.129655199500477,-0.015));
#12379=CARTESIAN_POINT('',(0.11528085630491,-0.129655199500477,-2.43945488809238E-19));
#12380=CARTESIAN_POINT('',(0.10508085630491,-0.129655199500477,-0.015));
#12381=CARTESIAN_POINT('',(0.10508085630491,-0.129655199500477,-2.43945488809238E-19));
#12382=CARTESIAN_POINT('',(0.10508085630491,-0.139855199500477,-0.015));
#12383=CARTESIAN_POINT('',(0.10508085630491,-0.139855199500477,-3.25260651745651E-19));
#12384=CARTESIAN_POINT('',(0.11018085630491,-0.139855199500477,-0.015));
#12385=CARTESIAN_POINT('',(0.11018085630491,-0.139855199500477,0.));
#12386=CARTESIAN_POINT('',(-0.02530283440917,-0.176322785203963,-0.015));
#12387=CARTESIAN_POINT('',(-0.02530283440917,0.176322785203963,-0.015));
#12388=CARTESIAN_POINT('',(0.13548369071408,-0.176322785203963,-0.015));
#12389=CARTESIAN_POINT('',(0.13548369071408,0.176322785203963,-0.015));
#12390=CARTESIAN_POINT('',(-0.02530283440917,-0.176322785203963,0.));
#12391=CARTESIAN_POINT('',(-0.02530283440917,0.176322785203963,0.));
#12392=CARTESIAN_POINT('',(0.13548369071408,-0.176322785203963,0.));
#12393=CARTESIAN_POINT('',(0.13548369071408,0.176322785203963,0.));
#12394=CARTESIAN_POINT('',(0.,0.,0.));
#12395=CARTESIAN_POINT('',(-0.225461712609822,0.139855199500477,-0.015));
#12396=CARTESIAN_POINT('',(-0.225461712609822,0.139855199500477,-3.25260651745651E-19));
#12397=CARTESIAN_POINT('',(-0.225461712609822,0.129655199500477,-0.015));
#12398=CARTESIAN_POINT('',(-0.225461712609822,0.129655199500477,-2.43945488809238E-19));
#12399=CARTESIAN_POINT('',(-0.215261712609822,0.129655199500477,-0.015));
#12400=CARTESIAN_POINT('',(-0.215261712609822,0.129655199500477,-2.43945488809238E-19));
#12401=CARTESIAN_POINT('',(-0.215261712609822,0.139855199500477,-0.015));
#12402=CARTESIAN_POINT('',(-0.215261712609822,0.139855199500477,-3.25260651745651E-19));
#12403=CARTESIAN_POINT('',(-0.220361712609822,0.139855199500477,-0.015));
#12404=CARTESIAN_POINT('',(-0.225461712609822,0.139855199500477,-0.015));
#12405=CARTESIAN_POINT('',(-0.215261712609822,0.139855199500477,-0.015));
#12406=CARTESIAN_POINT('',(-0.225461712609822,0.139855199500477,-0.01575));
#12407=CARTESIAN_POINT('',(-0.225461712609822,0.139855199500477,0.000750000000000001));
#12408=CARTESIAN_POINT('',(-0.225461712609822,0.139855199500477,0.));
#12409=CARTESIAN_POINT('',(-0.220361712609822,0.139855199500477,0.));
#12410=CARTESIAN_POINT('',(-0.215261712609822,0.139855199500477,0.));
#12411=CARTESIAN_POINT('',(-0.215261712609822,0.139855199500477,-0.01575));
#12412=CARTESIAN_POINT('',(-0.215261712609822,0.139855199500477,0.000750000000000001));
#12413=CARTESIAN_POINT('',(-0.115280856304912,-0.139855199500477,-0.015));
#12414=CARTESIAN_POINT('',(-0.115280856304912,-0.139855199500477,-3.25260651745651E-19));
#12415=CARTESIAN_POINT('',(-0.115280856304912,-0.150055199500477,-0.015));
#12416=CARTESIAN_POINT('',(-0.115280856304912,-0.150055199500477,-2.43945488809238E-19));
#12417=CARTESIAN_POINT('',(-0.105080856304912,-0.150055199500477,-0.015));
#12418=CARTESIAN_POINT('',(-0.105080856304912,-0.150055199500477,-2.43945488809238E-19));
#12419=CARTESIAN_POINT('',(-0.105080856304912,-0.139855199500477,-0.015));
#12420=CARTESIAN_POINT('',(-0.105080856304912,-0.139855199500477,-3.25260651745651E-19));
#12421=CARTESIAN_POINT('',(-0.110180856304912,-0.139855199500477,-0.015));
#12422=CARTESIAN_POINT('',(-0.115280856304912,-0.139855199500477,-0.015));
#12423=CARTESIAN_POINT('',(-0.105080856304912,-0.139855199500477,-0.015));
#12424=CARTESIAN_POINT('',(-0.115280856304912,-0.139855199500477,-0.01575));
#12425=CARTESIAN_POINT('',(-0.115280856304912,-0.139855199500477,0.000750000000000001));
#12426=CARTESIAN_POINT('',(-0.115280856304912,-0.139855199500477,0.));
#12427=CARTESIAN_POINT('',(-0.110180856304912,-0.139855199500477,0.));
#12428=CARTESIAN_POINT('',(-0.105080856304912,-0.139855199500477,0.));
#12429=CARTESIAN_POINT('',(-0.105080856304912,-0.139855199500477,-0.01575));
#12430=CARTESIAN_POINT('',(-0.105080856304912,-0.139855199500477,0.000750000000000001));
#12431=CARTESIAN_POINT('',(-0.170371284457367,2.12817598244815E-17,-0.015));
#12432=CARTESIAN_POINT('',(-0.170371284457367,2.12817598244815E-17,-2.16840434497101E-19));
#12433=CARTESIAN_POINT('',(-0.170371284457367,-0.0102,-0.015));
#12434=CARTESIAN_POINT('',(-0.170371284457367,-0.0102,-2.43945488809238E-19));
#12435=CARTESIAN_POINT('',(-0.160171284457368,-0.0102,-0.015));
#12436=CARTESIAN_POINT('',(-0.160171284457368,-0.0102,-2.43945488809238E-19));
#12437=CARTESIAN_POINT('',(-0.160171284457368,2.06571899569163E-17,-0.015));
#12438=CARTESIAN_POINT('',(-0.160171284457368,2.06571899569163E-17,-2.16840434497101E-19));
#12439=CARTESIAN_POINT('',(-0.165271284457367,2.06571899569163E-17,-0.015));
#12440=CARTESIAN_POINT('',(-0.170371284457367,2.12817598244815E-17,-0.015));
#12441=CARTESIAN_POINT('',(-0.160171284457368,2.06571899569163E-17,-0.015));
#12442=CARTESIAN_POINT('',(-0.170371284457367,2.12817598244815E-17,-0.01575));
#12443=CARTESIAN_POINT('',(-0.170371284457367,2.12817598244815E-17,0.000750000000000001));
#12444=CARTESIAN_POINT('',(-0.170371284457367,2.12817598244815E-17,0.));
#12445=CARTESIAN_POINT('',(-0.165271284457367,2.06571899569163E-17,0.));
#12446=CARTESIAN_POINT('',(-0.160171284457368,2.06571899569163E-17,0.));
#12447=CARTESIAN_POINT('',(-0.160171284457368,2.06571899569163E-17,-0.01575));
#12448=CARTESIAN_POINT('',(-0.160171284457368,2.06571899569163E-17,0.000750000000000001));
#12449=CARTESIAN_POINT('',(-0.117476579463801,-0.158850854887666,-0.01575));
#12450=CARTESIAN_POINT('',(-0.117476579463801,-0.158850854887666,0.000750000000000028));
#12451=CARTESIAN_POINT('',(-0.0918900963442953,-0.148772071152748,-0.01575));
#12452=CARTESIAN_POINT('',(-0.0918900963442953,-0.148772071152748,0.000750000000000028));
#12453=CARTESIAN_POINT('',(-0.105988150924921,-0.154325442537848,0.));
#12454=CARTESIAN_POINT('',(-0.116313557503823,-0.158392728354261,0.));
#12455=CARTESIAN_POINT('',(-0.0930531183042728,-0.149230197686154,0.));
#12456=CARTESIAN_POINT('',(-0.116313557503823,-0.158392728354261,-0.015));
#12457=CARTESIAN_POINT('',(-0.116313557503823,-0.158392728354261,-0.015));
#12458=CARTESIAN_POINT('',(-0.105988150924921,-0.154325442537848,-0.015));
#12459=CARTESIAN_POINT('',(-0.0930531183042728,-0.149230197686154,-0.015));
#12460=CARTESIAN_POINT('',(-0.0930531183042728,-0.149230197686154,-0.015));
#12461=CARTESIAN_POINT('',(-0.220287806066243,0.173773874656282,-0.01575));
#12462=CARTESIAN_POINT('',(-0.220287806066243,0.173773874656282,0.000750000000000001));
#12463=CARTESIAN_POINT('',(-0.0869943236489406,-0.164611343988174,-0.01575));
#12464=CARTESIAN_POINT('',(-0.0869943236489406,-0.164611343988174,0.000750000000000001));
#12465=CARTESIAN_POINT('',(-0.187001388733707,0.0892713813408331,0.));
#12466=CARTESIAN_POINT('',(-0.214229011410911,0.158392728354261,0.));
#12467=CARTESIAN_POINT('',(-0.187001388733707,0.0892713813408331,-0.015));
#12468=CARTESIAN_POINT('',(-0.214229011410911,0.158392728354261,-0.015));
#12469=CARTESIAN_POINT('',(-0.214229011410911,0.158392728354261,-0.015));
#12470=CARTESIAN_POINT('',(-0.238652472570439,0.148772071152748,-0.01575));
#12471=CARTESIAN_POINT('',(-0.238652472570439,0.148772071152748,0.000750000000000001));
#12472=CARTESIAN_POINT('',(-0.213065989450934,0.158850854887666,-0.01575));
#12473=CARTESIAN_POINT('',(-0.213065989450934,0.158850854887666,0.000750000000000001));
#12474=CARTESIAN_POINT('',(-0.225859231010687,0.153811463020208,0.));
#12475=CARTESIAN_POINT('',(-0.237489450610462,0.149230197686154,0.));
#12476=CARTESIAN_POINT('',(-0.225859231010687,0.153811463020208,-0.015));
#12477=CARTESIAN_POINT('',(-0.237489450610462,0.149230197686154,-0.015));
#12478=CARTESIAN_POINT('',(-0.237489450610462,0.149230197686154,-0.015));
#12479=CARTESIAN_POINT('',(-0.160171284457368,2.06571899569163E-17,-0.015));
#12480=CARTESIAN_POINT('',(-0.160171284457368,2.06571899569163E-17,-3.25260651745651E-19));
#12481=CARTESIAN_POINT('',(-0.160171284457368,0.0102,-0.015));
#12482=CARTESIAN_POINT('',(-0.160171284457368,0.0102,-2.43945488809238E-19));
#12483=CARTESIAN_POINT('',(-0.170371284457367,0.0102,-0.015));
#12484=CARTESIAN_POINT('',(-0.170371284457367,0.0102,-2.43945488809238E-19));
#12485=CARTESIAN_POINT('',(-0.170371284457367,2.12817598244815E-17,-0.015));
#12486=CARTESIAN_POINT('',(-0.170371284457367,2.12817598244815E-17,-3.25260651745651E-19));
#12487=CARTESIAN_POINT('',(-0.165271284457367,2.06571899569163E-17,-0.015));
#12488=CARTESIAN_POINT('',(-0.165271284457367,2.06571899569163E-17,0.));
#12489=CARTESIAN_POINT('',(-0.105080856304912,-0.139855199500477,-0.015));
#12490=CARTESIAN_POINT('',(-0.105080856304912,-0.139855199500477,-2.16840434497101E-19));
#12491=CARTESIAN_POINT('',(-0.105080856304912,-0.129655199500477,-0.015));
#12492=CARTESIAN_POINT('',(-0.105080856304912,-0.129655199500477,-2.43945488809238E-19));
#12493=CARTESIAN_POINT('',(-0.115280856304912,-0.129655199500477,-0.015));
#12494=CARTESIAN_POINT('',(-0.115280856304912,-0.129655199500477,-2.43945488809238E-19));
#12495=CARTESIAN_POINT('',(-0.115280856304912,-0.139855199500477,-0.015));
#12496=CARTESIAN_POINT('',(-0.115280856304912,-0.139855199500477,-2.16840434497101E-19));
#12497=CARTESIAN_POINT('',(-0.110180856304912,-0.139855199500477,-0.015));
#12498=CARTESIAN_POINT('',(-0.110180856304912,-0.139855199500477,0.));
#12499=CARTESIAN_POINT('',(-0.243548245265794,0.164611343988175,-0.01575));
#12500=CARTESIAN_POINT('',(-0.243548245265794,0.164611343988175,0.000750000000000001));
#12501=CARTESIAN_POINT('',(-0.110254762848491,-0.173773874656282,-0.01575));
#12502=CARTESIAN_POINT('',(-0.110254762848491,-0.173773874656282,0.000750000000000001));
#12503=CARTESIAN_POINT('',(-0.205349022336697,0.0676369670832109,0.));
#12504=CARTESIAN_POINT('',(-0.205349022336697,0.0676369670832109,-0.015));
#12505=CARTESIAN_POINT('',(-0.215261712609822,0.139855199500477,-0.015));
#12506=CARTESIAN_POINT('',(-0.215261712609822,0.139855199500477,-2.16840434497101E-19));
#12507=CARTESIAN_POINT('',(-0.215261712609822,0.150055199500477,-0.015));
#12508=CARTESIAN_POINT('',(-0.215261712609822,0.150055199500477,-2.43945488809238E-19));
#12509=CARTESIAN_POINT('',(-0.225461712609822,0.150055199500477,-0.015));
#12510=CARTESIAN_POINT('',(-0.225461712609822,0.150055199500477,-2.43945488809238E-19));
#12511=CARTESIAN_POINT('',(-0.225461712609822,0.139855199500477,-0.015));
#12512=CARTESIAN_POINT('',(-0.225461712609822,0.139855199500477,-2.16840434497101E-19));
#12513=CARTESIAN_POINT('',(-0.220361712609822,0.139855199500477,-0.015));
#12514=CARTESIAN_POINT('',(-0.220361712609822,0.139855199500477,0.));
#12515=CARTESIAN_POINT('',(-0.245664547018992,-0.176322785203963,-0.015));
#12516=CARTESIAN_POINT('',(-0.245664547018992,0.176322785203963,-0.015));
#12517=CARTESIAN_POINT('',(-0.0848780218957425,-0.176322785203963,-0.015));
#12518=CARTESIAN_POINT('',(-0.0848780218957425,0.176322785203963,-0.015));
#12519=CARTESIAN_POINT('',(-0.245664547018992,-0.176322785203963,0.));
#12520=CARTESIAN_POINT('',(-0.245664547018992,0.176322785203963,0.));
#12521=CARTESIAN_POINT('',(-0.0848780218957425,-0.176322785203963,0.));
#12522=CARTESIAN_POINT('',(-0.0848780218957425,0.176322785203963,0.));
#12523=CARTESIAN_POINT('',(0.,0.,0.));
#12524=CARTESIAN_POINT('',(0.215261712609822,-0.139855199500477,-0.015));
#12525=CARTESIAN_POINT('',(0.215261712609822,-0.139855199500477,-2.16840434497101E-19));
#12526=CARTESIAN_POINT('',(0.215261712609822,-0.150055199500477,-0.015));
#12527=CARTESIAN_POINT('',(0.215261712609822,-0.150055199500477,-2.43945488809238E-19));
#12528=CARTESIAN_POINT('',(0.225461712609822,-0.150055199500477,-0.015));
#12529=CARTESIAN_POINT('',(0.225461712609822,-0.150055199500477,-2.43945488809238E-19));
#12530=CARTESIAN_POINT('',(0.225461712609822,-0.139855199500477,-0.015));
#12531=CARTESIAN_POINT('',(0.225461712609822,-0.139855199500477,-2.16840434497101E-19));
#12532=CARTESIAN_POINT('',(0.220361712609822,-0.139855199500477,-0.015));
#12533=CARTESIAN_POINT('',(0.215261712609822,-0.139855199500477,-0.015));
#12534=CARTESIAN_POINT('',(0.225461712609822,-0.139855199500477,-0.015));
#12535=CARTESIAN_POINT('',(0.215261712609822,-0.139855199500477,-0.01575));
#12536=CARTESIAN_POINT('',(0.215261712609822,-0.139855199500477,0.000750000000000001));
#12537=CARTESIAN_POINT('',(0.215261712609822,-0.139855199500477,0.));
#12538=CARTESIAN_POINT('',(0.220361712609822,-0.139855199500477,0.));
#12539=CARTESIAN_POINT('',(0.225461712609822,-0.139855199500477,0.));
#12540=CARTESIAN_POINT('',(0.225461712609822,-0.139855199500477,-0.01575));
#12541=CARTESIAN_POINT('',(0.225461712609822,-0.139855199500477,0.000750000000000001));
#12542=CARTESIAN_POINT('',(0.105080856304912,0.139855199500477,-0.015));
#12543=CARTESIAN_POINT('',(0.105080856304912,0.139855199500477,-3.25260651745651E-19));
#12544=CARTESIAN_POINT('',(0.105080856304912,0.129655199500477,-0.015));
#12545=CARTESIAN_POINT('',(0.105080856304912,0.129655199500477,-2.43945488809238E-19));
#12546=CARTESIAN_POINT('',(0.115280856304912,0.129655199500477,-0.015));
#12547=CARTESIAN_POINT('',(0.115280856304912,0.129655199500477,-2.43945488809238E-19));
#12548=CARTESIAN_POINT('',(0.115280856304912,0.139855199500477,-0.015));
#12549=CARTESIAN_POINT('',(0.115280856304912,0.139855199500477,-3.25260651745651E-19));
#12550=CARTESIAN_POINT('',(0.110180856304912,0.139855199500477,-0.015));
#12551=CARTESIAN_POINT('',(0.105080856304912,0.139855199500477,-0.015));
#12552=CARTESIAN_POINT('',(0.115280856304912,0.139855199500477,-0.015));
#12553=CARTESIAN_POINT('',(0.105080856304912,0.139855199500477,-0.01575));
#12554=CARTESIAN_POINT('',(0.105080856304912,0.139855199500477,0.000750000000000001));
#12555=CARTESIAN_POINT('',(0.105080856304912,0.139855199500477,0.));
#12556=CARTESIAN_POINT('',(0.110180856304912,0.139855199500477,0.));
#12557=CARTESIAN_POINT('',(0.115280856304912,0.139855199500477,0.));
#12558=CARTESIAN_POINT('',(0.115280856304912,0.139855199500477,-0.01575));
#12559=CARTESIAN_POINT('',(0.115280856304912,0.139855199500477,0.000750000000000001));
#12560=CARTESIAN_POINT('',(0.160171284457366,-2.24203660851699E-18,-0.015));
#12561=CARTESIAN_POINT('',(0.160171284457366,-2.24203660851699E-18,1.51788304147971E-18));
#12562=CARTESIAN_POINT('',(0.160171284457366,-0.0102,-0.015));
#12563=CARTESIAN_POINT('',(0.160171284457366,-0.0102,1.54498809579184E-18));
#12564=CARTESIAN_POINT('',(0.170371284457366,-0.0102,-0.015));
#12565=CARTESIAN_POINT('',(0.170371284457366,-0.0102,1.54498809579184E-18));
#12566=CARTESIAN_POINT('',(0.170371284457366,-2.86660647608214E-18,-0.015));
#12567=CARTESIAN_POINT('',(0.170371284457366,-2.86660647608214E-18,1.51788304147971E-18));
#12568=CARTESIAN_POINT('',(0.165271284457366,-2.86660647608214E-18,-0.015));
#12569=CARTESIAN_POINT('',(0.160171284457366,-2.24203660851699E-18,-0.015));
#12570=CARTESIAN_POINT('',(0.170371284457366,-2.86660647608214E-18,-0.015));
#12571=CARTESIAN_POINT('',(0.160171284457366,-2.24203660851699E-18,-0.01575));
#12572=CARTESIAN_POINT('',(0.160171284457366,-2.24203660851699E-18,0.000750000000000001));
#12573=CARTESIAN_POINT('',(0.160171284457366,-2.24203660851699E-18,0.));
#12574=CARTESIAN_POINT('',(0.165271284457366,-2.86660647608214E-18,0.));
#12575=CARTESIAN_POINT('',(0.170371284457366,-2.86660647608214E-18,0.));
#12576=CARTESIAN_POINT('',(0.170371284457366,-2.86660647608214E-18,-0.01575));
#12577=CARTESIAN_POINT('',(0.170371284457366,-2.86660647608214E-18,0.000750000000000001));
#12578=CARTESIAN_POINT('',(0.23865247257044,-0.148772071152748,-0.01575));
#12579=CARTESIAN_POINT('',(0.23865247257044,-0.148772071152748,0.000750000000000001));
#12580=CARTESIAN_POINT('',(0.213065989450934,-0.158850854887666,-0.01575));
#12581=CARTESIAN_POINT('',(0.213065989450934,-0.158850854887666,0.000750000000000001));
#12582=CARTESIAN_POINT('',(0.225859231010687,-0.153811463020208,0.));
#12583=CARTESIAN_POINT('',(0.237489450610462,-0.149230197686154,0.));
#12584=CARTESIAN_POINT('',(0.214229011410911,-0.158392728354261,0.));
#12585=CARTESIAN_POINT('',(0.214229011410911,-0.158392728354261,-0.015));
#12586=CARTESIAN_POINT('',(0.214229011410911,-0.158392728354261,-0.015));
#12587=CARTESIAN_POINT('',(0.225859231010687,-0.153811463020208,-0.015));
#12588=CARTESIAN_POINT('',(0.237489450610462,-0.149230197686154,-0.015));
#12589=CARTESIAN_POINT('',(0.237489450610462,-0.149230197686154,-0.015));
#12590=CARTESIAN_POINT('',(0.243548245265794,-0.164611343988175,-0.01575));
#12591=CARTESIAN_POINT('',(0.243548245265794,-0.164611343988175,0.000750000000000015));
#12592=CARTESIAN_POINT('',(0.110254762848491,0.173773874656282,-0.01575));
#12593=CARTESIAN_POINT('',(0.110254762848491,0.173773874656282,0.000750000000000015));
#12594=CARTESIAN_POINT('',(0.122713380108015,0.142145832167504,0.));
#12595=CARTESIAN_POINT('',(0.116313557503823,0.158392728354261,0.));
#12596=CARTESIAN_POINT('',(0.122713380108015,0.142145832167504,-0.015));
#12597=CARTESIAN_POINT('',(0.116313557503823,0.158392728354261,-0.015));
#12598=CARTESIAN_POINT('',(0.116313557503823,0.158392728354261,-0.015));
#12599=CARTESIAN_POINT('',(0.117476579463801,0.158850854887666,-0.01575));
#12600=CARTESIAN_POINT('',(0.117476579463801,0.158850854887666,0.000750000000000001));
#12601=CARTESIAN_POINT('',(0.0918900963442953,0.148772071152748,-0.01575));
#12602=CARTESIAN_POINT('',(0.0918900963442953,0.148772071152748,0.000750000000000001));
#12603=CARTESIAN_POINT('',(0.0974242819246011,0.150952044826828,0.));
#12604=CARTESIAN_POINT('',(0.0930531183042727,0.149230197686154,0.));
#12605=CARTESIAN_POINT('',(0.0974242819246011,0.150952044826828,-0.015));
#12606=CARTESIAN_POINT('',(0.0930531183042727,0.149230197686154,-0.015));
#12607=CARTESIAN_POINT('',(0.0930531183042727,0.149230197686154,-0.015));
#12608=CARTESIAN_POINT('',(0.170371284457366,-2.86660647608214E-18,-0.015));
#12609=CARTESIAN_POINT('',(0.170371284457366,-2.86660647608214E-18,-2.16840434497101E-19));
#12610=CARTESIAN_POINT('',(0.170371284457366,0.0102,-0.015));
#12611=CARTESIAN_POINT('',(0.170371284457366,0.0102,-2.43945488809238E-19));
#12612=CARTESIAN_POINT('',(0.160171284457366,0.0102,-0.015));
#12613=CARTESIAN_POINT('',(0.160171284457366,0.0102,-2.43945488809238E-19));
#12614=CARTESIAN_POINT('',(0.160171284457366,-2.24203660851699E-18,-0.015));
#12615=CARTESIAN_POINT('',(0.160171284457366,-2.24203660851699E-18,-2.16840434497101E-19));
#12616=CARTESIAN_POINT('',(0.165271284457366,-2.86660647608214E-18,-0.015));
#12617=CARTESIAN_POINT('',(0.165271284457366,-2.86660647608214E-18,0.));
#12618=CARTESIAN_POINT('',(0.115280856304912,0.139855199500477,-0.015));
#12619=CARTESIAN_POINT('',(0.115280856304912,0.139855199500477,-3.25260651745651E-19));
#12620=CARTESIAN_POINT('',(0.115280856304912,0.150055199500477,-0.015));
#12621=CARTESIAN_POINT('',(0.115280856304912,0.150055199500477,-2.43945488809238E-19));
#12622=CARTESIAN_POINT('',(0.105080856304912,0.150055199500477,-0.015));
#12623=CARTESIAN_POINT('',(0.105080856304912,0.150055199500477,-2.43945488809238E-19));
#12624=CARTESIAN_POINT('',(0.105080856304912,0.139855199500477,-0.015));
#12625=CARTESIAN_POINT('',(0.105080856304912,0.139855199500477,-3.25260651745651E-19));
#12626=CARTESIAN_POINT('',(0.110180856304912,0.139855199500477,-0.015));
#12627=CARTESIAN_POINT('',(0.110180856304912,0.139855199500477,0.));
#12628=CARTESIAN_POINT('',(0.0869943236489406,0.164611343988175,-0.01575));
#12629=CARTESIAN_POINT('',(0.0869943236489406,0.164611343988175,0.000750000000000001));
#12630=CARTESIAN_POINT('',(0.220287806066243,-0.173773874656282,-0.01575));
#12631=CARTESIAN_POINT('',(0.220287806066243,-0.173773874656282,0.000750000000000001));
#12632=CARTESIAN_POINT('',(0.0948995733013772,0.144542698593315,0.));
#12633=CARTESIAN_POINT('',(0.0948995733013772,0.144542698593315,-0.015));
#12634=CARTESIAN_POINT('',(0.225461712609822,-0.139855199500477,-0.015));
#12635=CARTESIAN_POINT('',(0.225461712609822,-0.139855199500477,-2.16840434497101E-19));
#12636=CARTESIAN_POINT('',(0.225461712609822,-0.129655199500477,-0.015));
#12637=CARTESIAN_POINT('',(0.225461712609822,-0.129655199500477,-2.43945488809238E-19));
#12638=CARTESIAN_POINT('',(0.215261712609822,-0.129655199500477,-0.015));
#12639=CARTESIAN_POINT('',(0.215261712609822,-0.129655199500477,-2.43945488809238E-19));
#12640=CARTESIAN_POINT('',(0.215261712609822,-0.139855199500477,-0.015));
#12641=CARTESIAN_POINT('',(0.215261712609822,-0.139855199500477,-2.16840434497101E-19));
#12642=CARTESIAN_POINT('',(0.220361712609822,-0.139855199500477,-0.015));
#12643=CARTESIAN_POINT('',(0.220361712609822,-0.139855199500477,0.));
#12644=CARTESIAN_POINT('',(0.0848780218957424,-0.176322785203963,-0.015));
#12645=CARTESIAN_POINT('',(0.0848780218957424,0.176322785203963,-0.015));
#12646=CARTESIAN_POINT('',(0.245664547018992,-0.176322785203963,-0.015));
#12647=CARTESIAN_POINT('',(0.245664547018992,0.176322785203963,-0.015));
#12648=CARTESIAN_POINT('',(0.0848780218957424,-0.176322785203963,0.));
#12649=CARTESIAN_POINT('',(0.0848780218957424,0.176322785203963,0.));
#12650=CARTESIAN_POINT('',(0.245664547018992,-0.176322785203963,0.));
#12651=CARTESIAN_POINT('',(0.245664547018992,0.176322785203963,0.));
#12652=CARTESIAN_POINT('',(0.,0.,0.));
#12653=CARTESIAN_POINT('',(-0.215261712609822,-0.139855199500477,0.015));
#12654=CARTESIAN_POINT('',(-0.215261712609822,-0.139855199500477,3.25260651745651E-19));
#12655=CARTESIAN_POINT('',(-0.215261712609822,-0.150055199500477,0.015));
#12656=CARTESIAN_POINT('',(-0.215261712609822,-0.150055199500477,2.43945488809238E-19));
#12657=CARTESIAN_POINT('',(-0.225461712609822,-0.150055199500477,0.015));
#12658=CARTESIAN_POINT('',(-0.225461712609822,-0.150055199500477,2.43945488809238E-19));
#12659=CARTESIAN_POINT('',(-0.225461712609822,-0.139855199500477,0.015));
#12660=CARTESIAN_POINT('',(-0.225461712609822,-0.139855199500477,3.25260651745651E-19));
#12661=CARTESIAN_POINT('',(-0.220361712609822,-0.139855199500477,0.015));
#12662=CARTESIAN_POINT('',(-0.225461712609822,-0.139855199500477,0.015));
#12663=CARTESIAN_POINT('',(-0.215261712609822,-0.139855199500477,0.015));
#12664=CARTESIAN_POINT('',(-0.215261712609822,-0.139855199500477,0.01575));
#12665=CARTESIAN_POINT('',(-0.215261712609822,-0.139855199500477,-0.000750000000000001));
#12666=CARTESIAN_POINT('',(-0.215261712609822,-0.139855199500477,0.));
#12667=CARTESIAN_POINT('',(-0.220361712609822,-0.139855199500477,0.));
#12668=CARTESIAN_POINT('',(-0.225461712609822,-0.139855199500477,0.));
#12669=CARTESIAN_POINT('',(-0.225461712609822,-0.139855199500477,0.01575));
#12670=CARTESIAN_POINT('',(-0.225461712609822,-0.139855199500477,-0.000750000000000001));
#12671=CARTESIAN_POINT('',(-0.10508085630491,0.139855199500477,0.015));
#12672=CARTESIAN_POINT('',(-0.10508085630491,0.139855199500477,3.25260651745651E-19));
#12673=CARTESIAN_POINT('',(-0.10508085630491,0.129655199500477,0.015));
#12674=CARTESIAN_POINT('',(-0.10508085630491,0.129655199500477,2.43945488809238E-19));
#12675=CARTESIAN_POINT('',(-0.11528085630491,0.129655199500477,0.015));
#12676=CARTESIAN_POINT('',(-0.11528085630491,0.129655199500477,2.43945488809238E-19));
#12677=CARTESIAN_POINT('',(-0.11528085630491,0.139855199500477,0.015));
#12678=CARTESIAN_POINT('',(-0.11528085630491,0.139855199500477,3.25260651745651E-19));
#12679=CARTESIAN_POINT('',(-0.11018085630491,0.139855199500477,0.015));
#12680=CARTESIAN_POINT('',(-0.11528085630491,0.139855199500477,0.015));
#12681=CARTESIAN_POINT('',(-0.10508085630491,0.139855199500477,0.015));
#12682=CARTESIAN_POINT('',(-0.10508085630491,0.139855199500477,0.01575));
#12683=CARTESIAN_POINT('',(-0.10508085630491,0.139855199500477,-0.000750000000000001));
#12684=CARTESIAN_POINT('',(-0.10508085630491,0.139855199500477,0.));
#12685=CARTESIAN_POINT('',(-0.11018085630491,0.139855199500477,0.));
#12686=CARTESIAN_POINT('',(-0.11528085630491,0.139855199500477,0.));
#12687=CARTESIAN_POINT('',(-0.11528085630491,0.139855199500477,0.01575));
#12688=CARTESIAN_POINT('',(-0.11528085630491,0.139855199500477,-0.000750000000000001));
#12689=CARTESIAN_POINT('',(-0.160171284457368,2.12817598244815E-17,0.015));
#12690=CARTESIAN_POINT('',(-0.160171284457368,2.12817598244815E-17,2.16840434497101E-19));
#12691=CARTESIAN_POINT('',(-0.160171284457368,-0.0102,0.015));
#12692=CARTESIAN_POINT('',(-0.160171284457368,-0.0102,2.43945488809238E-19));
#12693=CARTESIAN_POINT('',(-0.170371284457367,-0.0102,0.015));
#12694=CARTESIAN_POINT('',(-0.170371284457367,-0.0102,2.43945488809238E-19));
#12695=CARTESIAN_POINT('',(-0.170371284457367,2.06571899569163E-17,0.015));
#12696=CARTESIAN_POINT('',(-0.170371284457367,2.06571899569163E-17,2.16840434497101E-19));
#12697=CARTESIAN_POINT('',(-0.165271284457367,2.06571899569163E-17,0.015));
#12698=CARTESIAN_POINT('',(-0.170371284457367,2.06571899569163E-17,0.015));
#12699=CARTESIAN_POINT('',(-0.160171284457368,2.12817598244815E-17,0.015));
#12700=CARTESIAN_POINT('',(-0.160171284457368,2.12817598244815E-17,0.01575));
#12701=CARTESIAN_POINT('',(-0.160171284457368,2.12817598244815E-17,-0.000750000000000001));
#12702=CARTESIAN_POINT('',(-0.160171284457368,2.12817598244815E-17,0.));
#12703=CARTESIAN_POINT('',(-0.165271284457367,2.06571899569163E-17,0.));
#12704=CARTESIAN_POINT('',(-0.170371284457367,2.06571899569163E-17,0.));
#12705=CARTESIAN_POINT('',(-0.170371284457367,2.06571899569163E-17,0.01575));
#12706=CARTESIAN_POINT('',(-0.170371284457367,2.06571899569163E-17,-0.000750000000000001));
#12707=CARTESIAN_POINT('',(-0.0918900963442926,0.148772071152748,-0.000749999999999973));
#12708=CARTESIAN_POINT('',(-0.0918900963442926,0.148772071152748,0.01575));
#12709=CARTESIAN_POINT('',(-0.117476579463798,0.158850854887666,-0.000749999999999973));
#12710=CARTESIAN_POINT('',(-0.117476579463798,0.158850854887666,0.01575));
#12711=CARTESIAN_POINT('',(-0.105988150924918,0.154325442537848,0.));
#12712=CARTESIAN_POINT('',(-0.116313557503821,0.158392728354261,0.));
#12713=CARTESIAN_POINT('',(-0.0930531183042701,0.149230197686154,0.));
#12714=CARTESIAN_POINT('',(-0.116313557503821,0.158392728354261,0.015));
#12715=CARTESIAN_POINT('',(-0.116313557503821,0.158392728354261,0.015));
#12716=CARTESIAN_POINT('',(-0.105988150924918,0.154325442537848,0.015));
#12717=CARTESIAN_POINT('',(-0.0930531183042701,0.149230197686154,0.015));
#12718=CARTESIAN_POINT('',(-0.0930531183042701,0.149230197686154,0.015));
#12719=CARTESIAN_POINT('',(-0.110254762848489,0.173773874656282,-0.000750000000000001));
#12720=CARTESIAN_POINT('',(-0.110254762848489,0.173773874656282,0.01575));
#12721=CARTESIAN_POINT('',(-0.243548245265794,-0.164611343988174,-0.000750000000000001));
#12722=CARTESIAN_POINT('',(-0.243548245265794,-0.164611343988174,0.01575));
#12723=CARTESIAN_POINT('',(-0.205349022336697,-0.0676369670832125,0.));
#12724=CARTESIAN_POINT('',(-0.237489450610462,-0.149230197686154,0.));
#12725=CARTESIAN_POINT('',(-0.237489450610462,-0.149230197686154,0.015));
#12726=CARTESIAN_POINT('',(-0.237489450610462,-0.149230197686154,0.015));
#12727=CARTESIAN_POINT('',(-0.205349022336697,-0.0676369670832125,0.015));
#12728=CARTESIAN_POINT('',(-0.23865247257044,-0.148772071152748,-0.000749999999999987));
#12729=CARTESIAN_POINT('',(-0.23865247257044,-0.148772071152748,0.01575));
#12730=CARTESIAN_POINT('',(-0.213065989450934,-0.158850854887667,-0.000749999999999987));
#12731=CARTESIAN_POINT('',(-0.213065989450934,-0.158850854887667,0.01575));
#12732=CARTESIAN_POINT('',(-0.225859231010687,-0.153811463020208,0.));
#12733=CARTESIAN_POINT('',(-0.214229011410911,-0.158392728354262,0.));
#12734=CARTESIAN_POINT('',(-0.214229011410911,-0.158392728354262,0.015));
#12735=CARTESIAN_POINT('',(-0.214229011410911,-0.158392728354262,0.015));
#12736=CARTESIAN_POINT('',(-0.225859231010687,-0.153811463020208,0.015));
#12737=CARTESIAN_POINT('',(-0.170371284457367,2.06571899569163E-17,0.015));
#12738=CARTESIAN_POINT('',(-0.170371284457367,2.06571899569163E-17,2.16840434497101E-19));
#12739=CARTESIAN_POINT('',(-0.170371284457367,0.0102,0.015));
#12740=CARTESIAN_POINT('',(-0.170371284457367,0.0102,2.43945488809238E-19));
#12741=CARTESIAN_POINT('',(-0.160171284457368,0.0102,0.015));
#12742=CARTESIAN_POINT('',(-0.160171284457368,0.0102,2.43945488809238E-19));
#12743=CARTESIAN_POINT('',(-0.160171284457368,2.12817598244815E-17,0.015));
#12744=CARTESIAN_POINT('',(-0.160171284457368,2.12817598244815E-17,2.16840434497101E-19));
#12745=CARTESIAN_POINT('',(-0.165271284457367,2.06571899569163E-17,0.015));
#12746=CARTESIAN_POINT('',(-0.165271284457367,2.06571899569163E-17,0.));
#12747=CARTESIAN_POINT('',(-0.11528085630491,0.139855199500477,0.015));
#12748=CARTESIAN_POINT('',(-0.11528085630491,0.139855199500477,3.25260651745651E-19));
#12749=CARTESIAN_POINT('',(-0.11528085630491,0.150055199500477,0.015));
#12750=CARTESIAN_POINT('',(-0.11528085630491,0.150055199500477,2.43945488809238E-19));
#12751=CARTESIAN_POINT('',(-0.10508085630491,0.150055199500477,0.015));
#12752=CARTESIAN_POINT('',(-0.10508085630491,0.150055199500477,2.43945488809238E-19));
#12753=CARTESIAN_POINT('',(-0.10508085630491,0.139855199500477,0.015));
#12754=CARTESIAN_POINT('',(-0.10508085630491,0.139855199500477,3.25260651745651E-19));
#12755=CARTESIAN_POINT('',(-0.11018085630491,0.139855199500477,0.015));
#12756=CARTESIAN_POINT('',(-0.11018085630491,0.139855199500477,0.));
#12757=CARTESIAN_POINT('',(-0.0869943236489385,0.164611343988175,-0.000750000000000028));
#12758=CARTESIAN_POINT('',(-0.0869943236489385,0.164611343988175,0.01575));
#12759=CARTESIAN_POINT('',(-0.220287806066244,-0.173773874656282,-0.000750000000000028));
#12760=CARTESIAN_POINT('',(-0.220287806066244,-0.173773874656282,0.01575));
#12761=CARTESIAN_POINT('',(-0.21148025221048,-0.151414596594396,0.));
#12762=CARTESIAN_POINT('',(-0.21148025221048,-0.151414596594396,0.015));
#12763=CARTESIAN_POINT('',(-0.225461712609822,-0.139855199500477,0.015));
#12764=CARTESIAN_POINT('',(-0.225461712609822,-0.139855199500477,3.25260651745651E-19));
#12765=CARTESIAN_POINT('',(-0.225461712609822,-0.129655199500477,0.015));
#12766=CARTESIAN_POINT('',(-0.225461712609822,-0.129655199500477,2.43945488809238E-19));
#12767=CARTESIAN_POINT('',(-0.215261712609822,-0.129655199500477,0.015));
#12768=CARTESIAN_POINT('',(-0.215261712609822,-0.129655199500477,2.43945488809238E-19));
#12769=CARTESIAN_POINT('',(-0.215261712609822,-0.139855199500477,0.015));
#12770=CARTESIAN_POINT('',(-0.215261712609822,-0.139855199500477,3.25260651745651E-19));
#12771=CARTESIAN_POINT('',(-0.220361712609822,-0.139855199500477,0.015));
#12772=CARTESIAN_POINT('',(-0.220361712609822,-0.139855199500477,0.));
#12773=CARTESIAN_POINT('',(-0.245664547018992,-0.176322785203964,0.015));
#12774=CARTESIAN_POINT('',(-0.245664547018992,0.176322785203963,0.015));
#12775=CARTESIAN_POINT('',(-0.0848780218957396,-0.176322785203964,0.015));
#12776=CARTESIAN_POINT('',(-0.0848780218957396,0.176322785203963,0.015));
#12777=CARTESIAN_POINT('',(-0.245664547018992,-0.176322785203964,0.));
#12778=CARTESIAN_POINT('',(-0.245664547018992,0.176322785203963,0.));
#12779=CARTESIAN_POINT('',(-0.0848780218957396,-0.176322785203964,0.));
#12780=CARTESIAN_POINT('',(-0.0848780218957396,0.176322785203963,0.));
#12781=CARTESIAN_POINT('',(0.,0.,0.));
#12782=CARTESIAN_POINT('',(0.00509999999999998,-0.139855199500477,0.015));
#12783=CARTESIAN_POINT('',(0.00509999999999998,-0.139855199500477,2.16840434497101E-19));
#12784=CARTESIAN_POINT('',(0.00509999999999998,-0.150055199500477,0.015));
#12785=CARTESIAN_POINT('',(0.00509999999999998,-0.150055199500477,2.43945488809238E-19));
#12786=CARTESIAN_POINT('',(-0.00510000000000002,-0.150055199500477,0.015));
#12787=CARTESIAN_POINT('',(-0.00510000000000002,-0.150055199500477,2.43945488809238E-19));
#12788=CARTESIAN_POINT('',(-0.00510000000000002,-0.139855199500477,0.015));
#12789=CARTESIAN_POINT('',(-0.00510000000000002,-0.139855199500477,2.16840434497101E-19));
#12790=CARTESIAN_POINT('',(-2.08166817117217E-17,-0.139855199500477,0.015));
#12791=CARTESIAN_POINT('',(-0.00510000000000002,-0.139855199500477,0.015));
#12792=CARTESIAN_POINT('',(0.00509999999999998,-0.139855199500477,0.015));
#12793=CARTESIAN_POINT('',(0.00509999999999998,-0.139855199500477,0.01575));
#12794=CARTESIAN_POINT('',(0.00509999999999998,-0.139855199500477,-0.000750000000000001));
#12795=CARTESIAN_POINT('',(0.00509999999999998,-0.139855199500477,0.));
#12796=CARTESIAN_POINT('',(-2.08166817117217E-17,-0.139855199500477,0.));
#12797=CARTESIAN_POINT('',(-0.00510000000000002,-0.139855199500477,0.));
#12798=CARTESIAN_POINT('',(-0.00510000000000002,-0.139855199500477,0.01575));
#12799=CARTESIAN_POINT('',(-0.00510000000000002,-0.139855199500477,-0.000750000000000001));
#12800=CARTESIAN_POINT('',(0.115280856304912,0.139855199500477,0.015));
#12801=CARTESIAN_POINT('',(0.115280856304912,0.139855199500477,2.16840434497101E-19));
#12802=CARTESIAN_POINT('',(0.115280856304912,0.129655199500477,0.015));
#12803=CARTESIAN_POINT('',(0.115280856304912,0.129655199500477,2.43945488809238E-19));
#12804=CARTESIAN_POINT('',(0.105080856304912,0.129655199500477,0.015));
#12805=CARTESIAN_POINT('',(0.105080856304912,0.129655199500477,2.43945488809238E-19));
#12806=CARTESIAN_POINT('',(0.105080856304912,0.139855199500477,0.015));
#12807=CARTESIAN_POINT('',(0.105080856304912,0.139855199500477,2.16840434497101E-19));
#12808=CARTESIAN_POINT('',(0.110180856304912,0.139855199500477,0.015));
#12809=CARTESIAN_POINT('',(0.105080856304912,0.139855199500477,0.015));
#12810=CARTESIAN_POINT('',(0.115280856304912,0.139855199500477,0.015));
#12811=CARTESIAN_POINT('',(0.115280856304912,0.139855199500477,0.01575));
#12812=CARTESIAN_POINT('',(0.115280856304912,0.139855199500477,-0.000750000000000001));
#12813=CARTESIAN_POINT('',(0.115280856304912,0.139855199500477,0.));
#12814=CARTESIAN_POINT('',(0.110180856304912,0.139855199500477,0.));
#12815=CARTESIAN_POINT('',(0.105080856304912,0.139855199500477,0.));
#12816=CARTESIAN_POINT('',(0.105080856304912,0.139855199500477,0.01575));
#12817=CARTESIAN_POINT('',(0.105080856304912,0.139855199500477,-0.000750000000000001));
#12818=CARTESIAN_POINT('',(0.0601904281524562,-1.68126216116899E-20,0.015));
#12819=CARTESIAN_POINT('',(0.0601904281524562,-1.68126216116899E-20,2.16840434497101E-19));
#12820=CARTESIAN_POINT('',(0.0601904281524562,-0.0102,0.015));
#12821=CARTESIAN_POINT('',(0.0601904281524562,-0.0102,2.43945488809238E-19));
#12822=CARTESIAN_POINT('',(0.0499904281524562,-0.0102,0.015));
#12823=CARTESIAN_POINT('',(0.0499904281524562,-0.0102,2.43945488809238E-19));
#12824=CARTESIAN_POINT('',(0.0499904281524562,-6.4138248917684E-19,0.015));
#12825=CARTESIAN_POINT('',(0.0499904281524562,-6.4138248917684E-19,2.16840434497101E-19));
#12826=CARTESIAN_POINT('',(0.0550904281524562,-6.4138248917684E-19,0.015));
#12827=CARTESIAN_POINT('',(0.0499904281524562,-6.4138248917684E-19,0.015));
#12828=CARTESIAN_POINT('',(0.0601904281524562,-1.6812621611689E-20,0.015));
#12829=CARTESIAN_POINT('',(0.0601904281524562,-1.68126216116899E-20,0.01575));
#12830=CARTESIAN_POINT('',(0.0601904281524562,-1.68126216116899E-20,-0.000750000000000001));
#12831=CARTESIAN_POINT('',(0.0601904281524562,-1.6812621611689E-20,0.));
#12832=CARTESIAN_POINT('',(0.0550904281524562,-6.4138248917684E-19,0.));
#12833=CARTESIAN_POINT('',(0.0499904281524562,-6.4138248917684E-19,0.));
#12834=CARTESIAN_POINT('',(0.0499904281524562,-6.4138248917684E-19,0.01575));
#12835=CARTESIAN_POINT('',(0.0499904281524562,-6.4138248917684E-19,-0.000750000000000001));
#12836=CARTESIAN_POINT('',(0.110106949761334,0.173773874656282,-0.000750000000000001));
#12837=CARTESIAN_POINT('',(0.110106949761334,0.173773874656282,0.01575));
#12838=CARTESIAN_POINT('',(-0.023186532655972,-0.164611343988174,-0.000750000000000001));
#12839=CARTESIAN_POINT('',(-0.023186532655972,-0.164611343988174,0.01575));
#12840=CARTESIAN_POINT('',(0.100173041125033,0.148555178401017,0.));
#12841=CARTESIAN_POINT('',(-0.0171277380006399,-0.149230197686154,0.));
#12842=CARTESIAN_POINT('',(0.104048155106002,0.158392728354262,0.));
#12843=CARTESIAN_POINT('',(-0.0171277380006399,-0.149230197686154,0.015));
#12844=CARTESIAN_POINT('',(-0.0171277380006399,-0.149230197686154,0.015));
#12845=CARTESIAN_POINT('',(0.100173041125033,0.148555178401017,0.015));
#12846=CARTESIAN_POINT('',(0.104048155106002,0.158392728354262,0.015));
#12847=CARTESIAN_POINT('',(0.104048155106002,0.158392728354262,0.015));
#12848=CARTESIAN_POINT('',(-0.0182907599606175,-0.148772071152748,-0.000749999999999987));
#12849=CARTESIAN_POINT('',(-0.0182907599606175,-0.148772071152748,0.01575));
#12850=CARTESIAN_POINT('',(0.00729572315888855,-0.158850854887667,-0.000749999999999987));
#12851=CARTESIAN_POINT('',(0.00729572315888855,-0.158850854887667,0.01575));
#12852=CARTESIAN_POINT('',(-0.0041927053799916,-0.154325442537848,0.));
#12853=CARTESIAN_POINT('',(0.00613270119891089,-0.158392728354262,0.));
#12854=CARTESIAN_POINT('',(0.00613270119891089,-0.158392728354262,0.015));
#12855=CARTESIAN_POINT('',(0.00613270119891089,-0.158392728354262,0.015));
#12856=CARTESIAN_POINT('',(-0.0041927053799916,-0.154325442537848,0.015));
#12857=CARTESIAN_POINT('',(0.133367388960884,0.164611343988174,-0.000750000000000001));
#12858=CARTESIAN_POINT('',(0.133367388960884,0.164611343988174,0.01575));
#12859=CARTESIAN_POINT('',(7.39065435785002E-05,-0.173773874656282,-0.000750000000000001));
#12860=CARTESIAN_POINT('',(7.39065435785002E-05,-0.173773874656282,0.01575));
#12861=CARTESIAN_POINT('',(0.125462139308448,0.144542698593315,0.));
#12862=CARTESIAN_POINT('',(0.127308594305552,0.149230197686154,0.));
#12863=CARTESIAN_POINT('',(0.127308594305552,0.149230197686154,0.015));
#12864=CARTESIAN_POINT('',(0.127308594305552,0.149230197686154,0.015));
#12865=CARTESIAN_POINT('',(0.125462139308448,0.144542698593315,0.015));
#12866=CARTESIAN_POINT('',(0.0499904281524562,-6.4138248917684E-19,0.015));
#12867=CARTESIAN_POINT('',(0.0499904281524562,-6.4138248917684E-19,3.25260651745651E-19));
#12868=CARTESIAN_POINT('',(0.0499904281524562,0.0102,0.015));
#12869=CARTESIAN_POINT('',(0.0499904281524562,0.0102,2.43945488809238E-19));
#12870=CARTESIAN_POINT('',(0.0601904281524562,0.0102,0.015));
#12871=CARTESIAN_POINT('',(0.0601904281524562,0.0102,2.43945488809238E-19));
#12872=CARTESIAN_POINT('',(0.0601904281524562,-1.68126216116899E-20,0.015));
#12873=CARTESIAN_POINT('',(0.0601904281524562,-1.68126216116899E-20,3.25260651745651E-19));
#12874=CARTESIAN_POINT('',(0.0550904281524562,-6.4138248917684E-19,0.015));
#12875=CARTESIAN_POINT('',(0.0550904281524562,-6.4138248917684E-19,0.));
#12876=CARTESIAN_POINT('',(0.105080856304912,0.139855199500477,0.015));
#12877=CARTESIAN_POINT('',(0.105080856304912,0.139855199500477,2.16840434497101E-19));
#12878=CARTESIAN_POINT('',(0.105080856304912,0.150055199500477,0.015));
#12879=CARTESIAN_POINT('',(0.105080856304912,0.150055199500477,2.43945488809238E-19));
#12880=CARTESIAN_POINT('',(0.115280856304912,0.150055199500477,0.015));
#12881=CARTESIAN_POINT('',(0.115280856304912,0.150055199500477,2.43945488809238E-19));
#12882=CARTESIAN_POINT('',(0.115280856304912,0.139855199500477,0.015));
#12883=CARTESIAN_POINT('',(0.115280856304912,0.139855199500477,2.16840434497101E-19));
#12884=CARTESIAN_POINT('',(0.110180856304912,0.139855199500477,0.015));
#12885=CARTESIAN_POINT('',(0.110180856304912,0.139855199500477,0.));
#12886=CARTESIAN_POINT('',(0.102885133146024,0.158850854887667,-0.000750000000000035));
#12887=CARTESIAN_POINT('',(0.102885133146024,0.158850854887667,0.01575));
#12888=CARTESIAN_POINT('',(0.12847161626553,0.148772071152748,-0.000750000000000035));
#12889=CARTESIAN_POINT('',(0.12847161626553,0.148772071152748,0.01575));
#12890=CARTESIAN_POINT('',(0.122937430685224,0.150952044826828,0.));
#12891=CARTESIAN_POINT('',(0.122937430685224,0.150952044826828,0.015));
#12892=CARTESIAN_POINT('',(-0.00510000000000002,-0.139855199500477,0.015));
#12893=CARTESIAN_POINT('',(-0.00510000000000002,-0.139855199500477,2.16840434497101E-19));
#12894=CARTESIAN_POINT('',(-0.00510000000000002,-0.129655199500477,0.015));
#12895=CARTESIAN_POINT('',(-0.00510000000000002,-0.129655199500477,2.43945488809238E-19));
#12896=CARTESIAN_POINT('',(0.00509999999999998,-0.129655199500477,0.015));
#12897=CARTESIAN_POINT('',(0.00509999999999998,-0.129655199500477,2.43945488809238E-19));
#12898=CARTESIAN_POINT('',(0.00509999999999998,-0.139855199500477,0.015));
#12899=CARTESIAN_POINT('',(0.00509999999999998,-0.139855199500477,2.16840434497101E-19));
#12900=CARTESIAN_POINT('',(-2.08166817117217E-17,-0.139855199500477,0.015));
#12901=CARTESIAN_POINT('',(-2.08166817117217E-17,-0.139855199500477,0.));
#12902=CARTESIAN_POINT('',(-0.0253028344091704,-0.176322785203964,0.015));
#12903=CARTESIAN_POINT('',(-0.0253028344091704,0.176322785203964,0.015));
#12904=CARTESIAN_POINT('',(0.135483690714083,-0.176322785203964,0.015));
#12905=CARTESIAN_POINT('',(0.135483690714083,0.176322785203964,0.015));
#12906=CARTESIAN_POINT('',(-0.0253028344091704,-0.176322785203964,0.));
#12907=CARTESIAN_POINT('',(-0.0253028344091704,0.176322785203964,0.));
#12908=CARTESIAN_POINT('',(0.135483690714083,-0.176322785203964,0.));
#12909=CARTESIAN_POINT('',(0.135483690714083,0.176322785203964,0.));
#12910=CARTESIAN_POINT('',(0.,0.,0.));
#12911=CARTESIAN_POINT('',(0.11528085630491,-0.139855199500477,0.015));
#12912=CARTESIAN_POINT('',(0.11528085630491,-0.139855199500477,3.25260651745651E-19));
#12913=CARTESIAN_POINT('',(0.11528085630491,-0.150055199500477,0.015));
#12914=CARTESIAN_POINT('',(0.11528085630491,-0.150055199500477,2.43945488809238E-19));
#12915=CARTESIAN_POINT('',(0.10508085630491,-0.150055199500477,0.015));
#12916=CARTESIAN_POINT('',(0.10508085630491,-0.150055199500477,2.43945488809238E-19));
#12917=CARTESIAN_POINT('',(0.10508085630491,-0.139855199500477,0.015));
#12918=CARTESIAN_POINT('',(0.10508085630491,-0.139855199500477,3.25260651745651E-19));
#12919=CARTESIAN_POINT('',(0.11018085630491,-0.139855199500477,0.015));
#12920=CARTESIAN_POINT('',(0.10508085630491,-0.139855199500477,0.015));
#12921=CARTESIAN_POINT('',(0.11528085630491,-0.139855199500477,0.015));
#12922=CARTESIAN_POINT('',(0.11528085630491,-0.139855199500477,0.01575));
#12923=CARTESIAN_POINT('',(0.11528085630491,-0.139855199500477,-0.000750000000000001));
#12924=CARTESIAN_POINT('',(0.11528085630491,-0.139855199500477,0.));
#12925=CARTESIAN_POINT('',(0.11018085630491,-0.139855199500477,0.));
#12926=CARTESIAN_POINT('',(0.10508085630491,-0.139855199500477,0.));
#12927=CARTESIAN_POINT('',(0.10508085630491,-0.139855199500477,0.01575));
#12928=CARTESIAN_POINT('',(0.10508085630491,-0.139855199500477,-0.000750000000000001));
#12929=CARTESIAN_POINT('',(0.225461712609822,0.139855199500477,0.015));
#12930=CARTESIAN_POINT('',(0.225461712609822,0.139855199500477,4.33680868994202E-19));
#12931=CARTESIAN_POINT('',(0.225461712609822,0.129655199500477,0.015));
#12932=CARTESIAN_POINT('',(0.225461712609822,0.129655199500477,3.25260651745651E-19));
#12933=CARTESIAN_POINT('',(0.215261712609822,0.129655199500477,0.015));
#12934=CARTESIAN_POINT('',(0.215261712609822,0.129655199500477,3.25260651745651E-19));
#12935=CARTESIAN_POINT('',(0.215261712609822,0.139855199500477,0.015));
#12936=CARTESIAN_POINT('',(0.215261712609822,0.139855199500477,4.33680868994202E-19));
#12937=CARTESIAN_POINT('',(0.220361712609822,0.139855199500477,0.015));
#12938=CARTESIAN_POINT('',(0.215261712609822,0.139855199500477,0.015));
#12939=CARTESIAN_POINT('',(0.225461712609822,0.139855199500477,0.015));
#12940=CARTESIAN_POINT('',(0.225461712609822,0.139855199500477,0.01575));
#12941=CARTESIAN_POINT('',(0.225461712609822,0.139855199500477,-0.000750000000000001));
#12942=CARTESIAN_POINT('',(0.225461712609822,0.139855199500477,0.));
#12943=CARTESIAN_POINT('',(0.220361712609822,0.139855199500477,0.));
#12944=CARTESIAN_POINT('',(0.215261712609822,0.139855199500477,0.));
#12945=CARTESIAN_POINT('',(0.215261712609822,0.139855199500477,0.01575));
#12946=CARTESIAN_POINT('',(0.215261712609822,0.139855199500477,-0.000750000000000001));
#12947=CARTESIAN_POINT('',(0.170371284457366,-2.24203660851699E-18,0.015));
#12948=CARTESIAN_POINT('',(0.170371284457366,-2.24203660851699E-18,2.16840434497101E-19));
#12949=CARTESIAN_POINT('',(0.170371284457366,-0.0102,0.015));
#12950=CARTESIAN_POINT('',(0.170371284457366,-0.0102,2.43945488809238E-19));
#12951=CARTESIAN_POINT('',(0.160171284457366,-0.0102,0.015));
#12952=CARTESIAN_POINT('',(0.160171284457366,-0.0102,2.43945488809238E-19));
#12953=CARTESIAN_POINT('',(0.160171284457366,-2.86660647608214E-18,0.015));
#12954=CARTESIAN_POINT('',(0.160171284457366,-2.86660647608214E-18,2.16840434497101E-19));
#12955=CARTESIAN_POINT('',(0.165271284457366,-2.86660647608214E-18,0.015));
#12956=CARTESIAN_POINT('',(0.160171284457366,-2.86660647608214E-18,0.015));
#12957=CARTESIAN_POINT('',(0.170371284457366,-2.24203660851699E-18,0.015));
#12958=CARTESIAN_POINT('',(0.170371284457366,-2.24203660851699E-18,0.01575));
#12959=CARTESIAN_POINT('',(0.170371284457366,-2.24203660851699E-18,-0.000750000000000001));
#12960=CARTESIAN_POINT('',(0.170371284457366,-2.24203660851699E-18,0.));
#12961=CARTESIAN_POINT('',(0.165271284457366,-2.86660647608214E-18,0.));
#12962=CARTESIAN_POINT('',(0.160171284457366,-2.86660647608214E-18,0.));
#12963=CARTESIAN_POINT('',(0.160171284457366,-2.86660647608214E-18,0.01575));
#12964=CARTESIAN_POINT('',(0.160171284457366,-2.86660647608214E-18,-0.000750000000000001));
#12965=CARTESIAN_POINT('',(0.220287806066244,0.173773874656282,-0.000750000000000015));
#12966=CARTESIAN_POINT('',(0.220287806066244,0.173773874656282,0.01575));
#12967=CARTESIAN_POINT('',(0.0869943236489375,-0.164611343988174,-0.000750000000000015));
#12968=CARTESIAN_POINT('',(0.0869943236489375,-0.164611343988174,0.01575));
#12969=CARTESIAN_POINT('',(0.211480252210479,0.151414596594396,0.));
#12970=CARTESIAN_POINT('',(0.0930531183042697,-0.149230197686154,0.));
#12971=CARTESIAN_POINT('',(0.214229011410911,0.158392728354262,0.));
#12972=CARTESIAN_POINT('',(0.0930531183042697,-0.149230197686154,0.015));
#12973=CARTESIAN_POINT('',(0.0930531183042697,-0.149230197686154,0.015));
#12974=CARTESIAN_POINT('',(0.211480252210479,0.151414596594396,0.015));
#12975=CARTESIAN_POINT('',(0.214229011410911,0.158392728354262,0.015));
#12976=CARTESIAN_POINT('',(0.214229011410911,0.158392728354262,0.015));
#12977=CARTESIAN_POINT('',(0.0918900963442922,-0.148772071152748,-0.000750000000000015));
#12978=CARTESIAN_POINT('',(0.0918900963442922,-0.148772071152748,0.01575));
#12979=CARTESIAN_POINT('',(0.117476579463798,-0.158850854887667,-0.000750000000000015));
#12980=CARTESIAN_POINT('',(0.117476579463798,-0.158850854887667,0.01575));
#12981=CARTESIAN_POINT('',(0.105988150924918,-0.154325442537848,0.));
#12982=CARTESIAN_POINT('',(0.116313557503821,-0.158392728354262,0.));
#12983=CARTESIAN_POINT('',(0.116313557503821,-0.158392728354262,0.015));
#12984=CARTESIAN_POINT('',(0.116313557503821,-0.158392728354262,0.015));
#12985=CARTESIAN_POINT('',(0.105988150924918,-0.154325442537848,0.015));
#12986=CARTESIAN_POINT('',(0.243548245265794,0.164611343988174,-0.000750000000000001));
#12987=CARTESIAN_POINT('',(0.243548245265794,0.164611343988174,0.01575));
#12988=CARTESIAN_POINT('',(0.110254762848489,-0.173773874656282,-0.000750000000000001));
#12989=CARTESIAN_POINT('',(0.110254762848489,-0.173773874656282,0.01575));
#12990=CARTESIAN_POINT('',(0.205349022336697,0.0676369670832121,0.));
#12991=CARTESIAN_POINT('',(0.237489450610462,0.149230197686154,0.));
#12992=CARTESIAN_POINT('',(0.237489450610462,0.149230197686154,0.015));
#12993=CARTESIAN_POINT('',(0.237489450610462,0.149230197686154,0.015));
#12994=CARTESIAN_POINT('',(0.205349022336697,0.0676369670832121,0.015));
#12995=CARTESIAN_POINT('',(0.160171284457366,-2.86660647608214E-18,0.015));
#12996=CARTESIAN_POINT('',(0.160171284457366,-2.86660647608214E-18,-1.51788304147971E-18));
#12997=CARTESIAN_POINT('',(0.160171284457366,0.0102,0.015));
#12998=CARTESIAN_POINT('',(0.160171284457366,0.0102,-1.54498809579184E-18));
#12999=CARTESIAN_POINT('',(0.170371284457366,0.0102,0.015));
#13000=CARTESIAN_POINT('',(0.170371284457366,0.0102,-1.54498809579184E-18));
#13001=CARTESIAN_POINT('',(0.170371284457366,-2.24203660851699E-18,0.015));
#13002=CARTESIAN_POINT('',(0.170371284457366,-2.24203660851699E-18,-1.51788304147971E-18));
#13003=CARTESIAN_POINT('',(0.165271284457366,-2.86660647608214E-18,0.015));
#13004=CARTESIAN_POINT('',(0.165271284457366,-2.86660647608214E-18,0.));
#13005=CARTESIAN_POINT('',(0.215261712609822,0.139855199500477,0.015));
#13006=CARTESIAN_POINT('',(0.215261712609822,0.139855199500477,3.25260651745651E-19));
#13007=CARTESIAN_POINT('',(0.215261712609822,0.150055199500477,0.015));
#13008=CARTESIAN_POINT('',(0.215261712609822,0.150055199500477,2.43945488809238E-19));
#13009=CARTESIAN_POINT('',(0.225461712609822,0.150055199500477,0.015));
#13010=CARTESIAN_POINT('',(0.225461712609822,0.150055199500477,2.43945488809238E-19));
#13011=CARTESIAN_POINT('',(0.225461712609822,0.139855199500477,0.015));
#13012=CARTESIAN_POINT('',(0.225461712609822,0.139855199500477,3.25260651745651E-19));
#13013=CARTESIAN_POINT('',(0.220361712609822,0.139855199500477,0.015));
#13014=CARTESIAN_POINT('',(0.220361712609822,0.139855199500477,0.));
#13015=CARTESIAN_POINT('',(0.213065989450934,0.158850854887667,-0.000750000000000001));
#13016=CARTESIAN_POINT('',(0.213065989450934,0.158850854887667,0.01575));
#13017=CARTESIAN_POINT('',(0.23865247257044,0.148772071152748,-0.000750000000000001));
#13018=CARTESIAN_POINT('',(0.23865247257044,0.148772071152748,0.01575));
#13019=CARTESIAN_POINT('',(0.225859231010687,0.153811463020208,0.));
#13020=CARTESIAN_POINT('',(0.225859231010687,0.153811463020208,0.015));
#13021=CARTESIAN_POINT('',(0.10508085630491,-0.139855199500477,0.015));
#13022=CARTESIAN_POINT('',(0.10508085630491,-0.139855199500477,2.16840434497101E-19));
#13023=CARTESIAN_POINT('',(0.10508085630491,-0.129655199500477,0.015));
#13024=CARTESIAN_POINT('',(0.10508085630491,-0.129655199500477,2.43945488809238E-19));
#13025=CARTESIAN_POINT('',(0.11528085630491,-0.129655199500477,0.015));
#13026=CARTESIAN_POINT('',(0.11528085630491,-0.129655199500477,2.43945488809238E-19));
#13027=CARTESIAN_POINT('',(0.11528085630491,-0.139855199500477,0.015));
#13028=CARTESIAN_POINT('',(0.11528085630491,-0.139855199500477,2.16840434497101E-19));
#13029=CARTESIAN_POINT('',(0.11018085630491,-0.139855199500477,0.015));
#13030=CARTESIAN_POINT('',(0.11018085630491,-0.139855199500477,0.));
#13031=CARTESIAN_POINT('',(0.0848780218957392,-0.176322785203964,0.015));
#13032=CARTESIAN_POINT('',(0.0848780218957392,0.176322785203964,0.015));
#13033=CARTESIAN_POINT('',(0.245664547018992,-0.176322785203964,0.015));
#13034=CARTESIAN_POINT('',(0.245664547018992,0.176322785203964,0.015));
#13035=CARTESIAN_POINT('',(0.0848780218957392,-0.176322785203964,0.));
#13036=CARTESIAN_POINT('',(0.0848780218957392,0.176322785203964,0.));
#13037=CARTESIAN_POINT('',(0.245664547018992,-0.176322785203964,0.));
#13038=CARTESIAN_POINT('',(0.245664547018992,0.176322785203964,0.));
#13039=CARTESIAN_POINT('',(0.,0.,0.));
#13040=CARTESIAN_POINT('',(-0.25104244,0.0206375,0.015));
#13041=CARTESIAN_POINT('',(-0.25104244,0.0206375,-0.015));
#13042=CARTESIAN_POINT('',(-0.25104244,0.0106375,0.015));
#13043=CARTESIAN_POINT('',(-0.25104244,0.0106375,-0.015));
#13044=CARTESIAN_POINT('',(-0.26104244,0.0106375,0.015));
#13045=CARTESIAN_POINT('',(-0.26104244,0.0106375,-0.015));
#13046=CARTESIAN_POINT('',(-0.26104244,0.0206375,0.015));
#13047=CARTESIAN_POINT('',(-0.26104244,0.0206375,-0.015));
#13048=CARTESIAN_POINT('',(-0.25604244,0.0206375,0.015));
#13049=CARTESIAN_POINT('',(-0.26104244,0.0206375,0.015));
#13050=CARTESIAN_POINT('',(-0.25104244,0.0206375,0.015));
#13051=CARTESIAN_POINT('',(-0.25104244,0.0206375,0.0165));
#13052=CARTESIAN_POINT('',(-0.25104244,0.0206375,-0.0165));
#13053=CARTESIAN_POINT('',(-0.25104244,0.0206375,-0.015));
#13054=CARTESIAN_POINT('',(-0.25604244,0.0206375,-0.015));
#13055=CARTESIAN_POINT('',(-0.26104244,0.0206375,-0.015));
#13056=CARTESIAN_POINT('',(-0.26104244,0.0206375,0.0165));
#13057=CARTESIAN_POINT('',(-0.26104244,0.0206375,-0.0165));
#13058=CARTESIAN_POINT('',(-0.32454244,-0.0206375,0.015));
#13059=CARTESIAN_POINT('',(-0.32454244,-0.0206375,-0.015));
#13060=CARTESIAN_POINT('',(-0.32454244,-0.0138251443030336,0.015));
#13061=CARTESIAN_POINT('',(-0.32454244,-0.0138251443030336,-0.015));
#13062=CARTESIAN_POINT('',(-0.317321862048017,-0.0111644820016171,0.015));
#13063=CARTESIAN_POINT('',(-0.317321862048017,-0.0111644820016171,-0.015));
#13064=CARTESIAN_POINT('',(-0.31477994,-0.0191148070729791,0.015));
#13065=CARTESIAN_POINT('',(-0.31477994,-0.019114807072979,-0.015));
#13066=CARTESIAN_POINT('',(-0.31954244,-0.0206375,0.015));
#13067=CARTESIAN_POINT('',(-0.31477994,-0.0191148070729791,0.015));
#13068=CARTESIAN_POINT('',(-0.32454244,-0.0206375,0.015));
#13069=CARTESIAN_POINT('',(-0.32454244,-0.0206375,0.0165));
#13070=CARTESIAN_POINT('',(-0.32454244,-0.0206375,-0.0165));
#13071=CARTESIAN_POINT('',(-0.32454244,-0.0206375,-0.015));
#13072=CARTESIAN_POINT('',(-0.31954244,-0.0206375,-0.015));
#13073=CARTESIAN_POINT('',(-0.31477994,-0.0191148070729791,-0.015));
#13074=CARTESIAN_POINT('',(-0.31477994,-0.0191148070729791,0.032));
#13075=CARTESIAN_POINT('',(-0.32454244,0.0206375,0.015));
#13076=CARTESIAN_POINT('',(-0.32454244,0.0206375,-0.015));
#13077=CARTESIAN_POINT('',(-0.32454244,0.0274498556969663,0.015));
#13078=CARTESIAN_POINT('',(-0.32454244,0.0274498556969663,-0.015));
#13079=CARTESIAN_POINT('',(-0.317321862048017,0.0301105179983828,0.015));
#13080=CARTESIAN_POINT('',(-0.317321862048017,0.0301105179983828,-0.015));
#13081=CARTESIAN_POINT('',(-0.31477994,0.022160192927021,0.015));
#13082=CARTESIAN_POINT('',(-0.31477994,0.022160192927021,-0.015));
#13083=CARTESIAN_POINT('',(-0.31954244,0.0206375,0.015));
#13084=CARTESIAN_POINT('',(-0.31477994,0.022160192927021,0.015));
#13085=CARTESIAN_POINT('',(-0.32454244,0.0206375,0.015));
#13086=CARTESIAN_POINT('',(-0.32454244,0.0206375,0.0165));
#13087=CARTESIAN_POINT('',(-0.32454244,0.0206375,-0.0165));
#13088=CARTESIAN_POINT('',(-0.32454244,0.0206375,-0.015));
#13089=CARTESIAN_POINT('',(-0.31954244,0.0206375,-0.015));
#13090=CARTESIAN_POINT('',(-0.31477994,0.022160192927021,-0.015));
#13091=CARTESIAN_POINT('',(-0.31477994,0.022160192927021,0.032));
#13092=CARTESIAN_POINT('',(-0.25104244,-0.0206375,0.015));
#13093=CARTESIAN_POINT('',(-0.25104244,-0.0206375,-0.015));
#13094=CARTESIAN_POINT('',(-0.25104244,-0.0306375,0.015));
#13095=CARTESIAN_POINT('',(-0.25104244,-0.0306375,-0.015));
#13096=CARTESIAN_POINT('',(-0.26104244,-0.0306375,0.015));
#13097=CARTESIAN_POINT('',(-0.26104244,-0.0306375,-0.015));
#13098=CARTESIAN_POINT('',(-0.26104244,-0.0206375,0.015));
#13099=CARTESIAN_POINT('',(-0.26104244,-0.0206375,-0.015));
#13100=CARTESIAN_POINT('',(-0.25604244,-0.0206375,0.015));
#13101=CARTESIAN_POINT('',(-0.26104244,-0.0206375,0.015));
#13102=CARTESIAN_POINT('',(-0.25104244,-0.0206375,0.015));
#13103=CARTESIAN_POINT('',(-0.25104244,-0.0206375,0.0165));
#13104=CARTESIAN_POINT('',(-0.25104244,-0.0206375,-0.0165));
#13105=CARTESIAN_POINT('',(-0.25104244,-0.0206375,-0.015));
#13106=CARTESIAN_POINT('',(-0.25604244,-0.0206375,-0.015));
#13107=CARTESIAN_POINT('',(-0.26104244,-0.0206375,-0.015));
#13108=CARTESIAN_POINT('',(-0.26104244,-0.0206375,0.0165));
#13109=CARTESIAN_POINT('',(-0.26104244,-0.0206375,-0.0165));
#13110=CARTESIAN_POINT('',(-0.31239869,-0.0206375,-0.03));
#13111=CARTESIAN_POINT('',(-0.31239869,-0.0206375,-0.015));
#13112=CARTESIAN_POINT('',(-0.31239869,-0.0254,-0.03));
#13113=CARTESIAN_POINT('',(-0.31239869,-0.0254,-0.015));
#13114=CARTESIAN_POINT('',(-0.30763619,-0.0254,-0.03));
#13115=CARTESIAN_POINT('',(-0.30763619,-0.0254,-0.015));
#13116=CARTESIAN_POINT('',(-0.30763619,-0.0206375,-0.03));
#13117=CARTESIAN_POINT('',(-0.30763619,-0.0206375,-0.015));
#13118=CARTESIAN_POINT('',(-0.31001744,-0.0206375,-0.03));
#13119=CARTESIAN_POINT('',(-0.30763619,-0.0206375,-0.03));
#13120=CARTESIAN_POINT('',(-0.31239869,-0.0206375,-0.03));
#13121=CARTESIAN_POINT('',(-0.31239869,-0.0206375,-0.03075));
#13122=CARTESIAN_POINT('',(-0.31239869,-0.0206375,-0.01425));
#13123=CARTESIAN_POINT('',(-0.31239869,-0.0206375,-0.015));
#13124=CARTESIAN_POINT('',(-0.31001744,-0.0206375,-0.015));
#13125=CARTESIAN_POINT('',(-0.30763619,-0.0206375,-0.015));
#13126=CARTESIAN_POINT('',(-0.30763619,-0.0206375,-0.03075));
#13127=CARTESIAN_POINT('',(-0.30763619,-0.0206375,-0.01425));
#13128=CARTESIAN_POINT('',(-0.32192369,-0.0206375,-0.03));
#13129=CARTESIAN_POINT('',(-0.32192369,-0.0206375,-0.015));
#13130=CARTESIAN_POINT('',(-0.32192369,-0.0254,-0.03));
#13131=CARTESIAN_POINT('',(-0.32192369,-0.0254,-0.015));
#13132=CARTESIAN_POINT('',(-0.31716119,-0.0254,-0.03));
#13133=CARTESIAN_POINT('',(-0.31716119,-0.0254,-0.015));
#13134=CARTESIAN_POINT('',(-0.31716119,-0.0206375,-0.03));
#13135=CARTESIAN_POINT('',(-0.31716119,-0.0206375,-0.015));
#13136=CARTESIAN_POINT('',(-0.31954244,-0.0206375,-0.03));
#13137=CARTESIAN_POINT('',(-0.31716119,-0.0206375,-0.03));
#13138=CARTESIAN_POINT('',(-0.32192369,-0.0206375,-0.03));
#13139=CARTESIAN_POINT('',(-0.32192369,-0.0206375,-0.03075));
#13140=CARTESIAN_POINT('',(-0.32192369,-0.0206375,-0.01425));
#13141=CARTESIAN_POINT('',(-0.32192369,-0.0206375,-0.015));
#13142=CARTESIAN_POINT('',(-0.31954244,-0.0206375,-0.015));
#13143=CARTESIAN_POINT('',(-0.31716119,-0.0206375,-0.015));
#13144=CARTESIAN_POINT('',(-0.31716119,-0.0206375,-0.03075));
#13145=CARTESIAN_POINT('',(-0.31716119,-0.0206375,-0.01425));
#13146=CARTESIAN_POINT('',(-0.32192369,0.0206375,-0.03));
#13147=CARTESIAN_POINT('',(-0.32192369,0.0206375,-0.015));
#13148=CARTESIAN_POINT('',(-0.32192369,0.015875,-0.03));
#13149=CARTESIAN_POINT('',(-0.32192369,0.015875,-0.015));
#13150=CARTESIAN_POINT('',(-0.31716119,0.015875,-0.03));
#13151=CARTESIAN_POINT('',(-0.31716119,0.015875,-0.015));
#13152=CARTESIAN_POINT('',(-0.31716119,0.0206375,-0.03));
#13153=CARTESIAN_POINT('',(-0.31716119,0.0206375,-0.015));
#13154=CARTESIAN_POINT('',(-0.31954244,0.0206375,-0.03));
#13155=CARTESIAN_POINT('',(-0.31716119,0.0206375,-0.03));
#13156=CARTESIAN_POINT('',(-0.32192369,0.0206375,-0.03));
#13157=CARTESIAN_POINT('',(-0.32192369,0.0206375,-0.03075));
#13158=CARTESIAN_POINT('',(-0.32192369,0.0206375,-0.01425));
#13159=CARTESIAN_POINT('',(-0.32192369,0.0206375,-0.015));
#13160=CARTESIAN_POINT('',(-0.31954244,0.0206375,-0.015));
#13161=CARTESIAN_POINT('',(-0.31716119,0.0206375,-0.015));
#13162=CARTESIAN_POINT('',(-0.31716119,0.0206375,-0.03075));
#13163=CARTESIAN_POINT('',(-0.31716119,0.0206375,-0.01425));
#13164=CARTESIAN_POINT('',(-0.25842369,-0.0206375,-0.03));
#13165=CARTESIAN_POINT('',(-0.25842369,-0.0206375,-0.015));
#13166=CARTESIAN_POINT('',(-0.25842369,-0.0254,-0.03));
#13167=CARTESIAN_POINT('',(-0.25842369,-0.0254,-0.015));
#13168=CARTESIAN_POINT('',(-0.25366119,-0.0254,-0.03));
#13169=CARTESIAN_POINT('',(-0.25366119,-0.0254,-0.015));
#13170=CARTESIAN_POINT('',(-0.25366119,-0.0206375,-0.03));
#13171=CARTESIAN_POINT('',(-0.25366119,-0.0206375,-0.015));
#13172=CARTESIAN_POINT('',(-0.25604244,-0.0206375,-0.03));
#13173=CARTESIAN_POINT('',(-0.25366119,-0.0206375,-0.03));
#13174=CARTESIAN_POINT('',(-0.25842369,-0.0206375,-0.03));
#13175=CARTESIAN_POINT('',(-0.25842369,-0.0206375,-0.03075));
#13176=CARTESIAN_POINT('',(-0.25842369,-0.0206375,-0.01425));
#13177=CARTESIAN_POINT('',(-0.25842369,-0.0206375,-0.015));
#13178=CARTESIAN_POINT('',(-0.25604244,-0.0206375,-0.015));
#13179=CARTESIAN_POINT('',(-0.25366119,-0.0206375,-0.015));
#13180=CARTESIAN_POINT('',(-0.25366119,-0.0206375,-0.03075));
#13181=CARTESIAN_POINT('',(-0.25366119,-0.0206375,-0.01425));
#13182=CARTESIAN_POINT('',(-0.25842369,0.0206375,-0.03));
#13183=CARTESIAN_POINT('',(-0.25842369,0.0206375,-0.015));
#13184=CARTESIAN_POINT('',(-0.25842369,0.015875,-0.03));
#13185=CARTESIAN_POINT('',(-0.25842369,0.015875,-0.015));
#13186=CARTESIAN_POINT('',(-0.25366119,0.015875,-0.03));
#13187=CARTESIAN_POINT('',(-0.25366119,0.015875,-0.015));
#13188=CARTESIAN_POINT('',(-0.25366119,0.0206375,-0.03));
#13189=CARTESIAN_POINT('',(-0.25366119,0.0206375,-0.015));
#13190=CARTESIAN_POINT('',(-0.25604244,0.0206375,-0.03));
#13191=CARTESIAN_POINT('',(-0.25366119,0.0206375,-0.03));
#13192=CARTESIAN_POINT('',(-0.25842369,0.0206375,-0.03));
#13193=CARTESIAN_POINT('',(-0.25842369,0.0206375,-0.03075));
#13194=CARTESIAN_POINT('',(-0.25842369,0.0206375,-0.01425));
#13195=CARTESIAN_POINT('',(-0.25842369,0.0206375,-0.015));
#13196=CARTESIAN_POINT('',(-0.25604244,0.0206375,-0.015));
#13197=CARTESIAN_POINT('',(-0.25366119,0.0206375,-0.015));
#13198=CARTESIAN_POINT('',(-0.25366119,0.0206375,-0.03075));
#13199=CARTESIAN_POINT('',(-0.25366119,0.0206375,-0.01425));
#13200=CARTESIAN_POINT('',(-0.31239869,0.0206375,-0.03));
#13201=CARTESIAN_POINT('',(-0.31239869,0.0206375,-0.015));
#13202=CARTESIAN_POINT('',(-0.31239869,0.015875,-0.03));
#13203=CARTESIAN_POINT('',(-0.31239869,0.015875,-0.015));
#13204=CARTESIAN_POINT('',(-0.30763619,0.015875,-0.03));
#13205=CARTESIAN_POINT('',(-0.30763619,0.015875,-0.015));
#13206=CARTESIAN_POINT('',(-0.30763619,0.0206375,-0.03));
#13207=CARTESIAN_POINT('',(-0.30763619,0.0206375,-0.015));
#13208=CARTESIAN_POINT('',(-0.31001744,0.0206375,-0.03));
#13209=CARTESIAN_POINT('',(-0.30763619,0.0206375,-0.03));
#13210=CARTESIAN_POINT('',(-0.31239869,0.0206375,-0.03));
#13211=CARTESIAN_POINT('',(-0.31239869,0.0206375,-0.03075));
#13212=CARTESIAN_POINT('',(-0.31239869,0.0206375,-0.01425));
#13213=CARTESIAN_POINT('',(-0.31239869,0.0206375,-0.015));
#13214=CARTESIAN_POINT('',(-0.31001744,0.0206375,-0.015));
#13215=CARTESIAN_POINT('',(-0.30763619,0.0206375,-0.015));
#13216=CARTESIAN_POINT('',(-0.30763619,0.0206375,-0.03075));
#13217=CARTESIAN_POINT('',(-0.30763619,0.0206375,-0.01425));
#13218=CARTESIAN_POINT('',(-0.22912994,0.0990549924277474,-0.0305));
#13219=CARTESIAN_POINT('',(-0.22912994,0.0990549924277474,-0.0195));
#13220=CARTESIAN_POINT('',(-0.22912994,0.159351442461593,-0.0305));
#13221=CARTESIAN_POINT('',(-0.22912994,0.159351442461593,-0.0195));
#13222=CARTESIAN_POINT('',(-0.22912994,0.156610694732782,-0.03));
#13223=CARTESIAN_POINT('',(-0.22912994,0.156610694732782,-0.03));
#13224=CARTESIAN_POINT('',(-0.22912994,0.156610694732782,-0.02));
#13225=CARTESIAN_POINT('',(-0.22912994,0.109156956088726,-0.02));
#13226=CARTESIAN_POINT('',(-0.22912994,0.101795740156559,-0.02));
#13227=CARTESIAN_POINT('',(-0.22912994,0.101795740156559,-0.03));
#13228=CARTESIAN_POINT('',(-0.22912994,0.101795740156559,-0.03));
#13229=CARTESIAN_POINT('',(-0.22912994,0.104249478800614,-0.03));
#13230=CARTESIAN_POINT('',(-0.37302994,-0.06655,-0.052725));
#13231=CARTESIAN_POINT('',(-0.37302994,0.06655,-0.052725));
#13232=CARTESIAN_POINT('',(-0.37302994,-0.06655,0.018225));
#13233=CARTESIAN_POINT('',(-0.37302994,0.06655,0.018225));
#13234=CARTESIAN_POINT('',(-0.37302994,-0.04775,-0.0495));
#13235=CARTESIAN_POINT('',(-0.37302994,-0.03,-0.0495));
#13236=CARTESIAN_POINT('',(-0.37302994,-0.0605,-0.0495));
#13237=CARTESIAN_POINT('',(-0.37302994,-0.0605,-0.055));
#13238=CARTESIAN_POINT('',(-0.37302994,-0.0605,-0.0435));
#13239=CARTESIAN_POINT('',(-0.37302994,-0.04775,-0.0435));
#13240=CARTESIAN_POINT('',(-0.37302994,-0.035,-0.0435));
#13241=CARTESIAN_POINT('',(-0.37302994,-0.035,-0.03));
#13242=CARTESIAN_POINT('',(-0.37302994,-0.035,-0.018));
#13243=CARTESIAN_POINT('',(-0.37302994,0.01725,-0.018));
#13244=CARTESIAN_POINT('',(-0.37302994,-0.06,-0.018));
#13245=CARTESIAN_POINT('',(-0.37302994,-0.06,-0.03));
#13246=CARTESIAN_POINT('',(-0.37302994,-0.06,0.015));
#13247=CARTESIAN_POINT('',(-0.37302994,0.01725,0.015));
#13248=CARTESIAN_POINT('',(-0.37302994,0.06,0.015));
#13249=CARTESIAN_POINT('',(-0.37302994,0.06,-0.03));
#13250=CARTESIAN_POINT('',(-0.37302994,0.06,-0.018));
#13251=CARTESIAN_POINT('',(-0.37302994,0.01725,-0.018));
#13252=CARTESIAN_POINT('',(-0.37302994,0.035,-0.018));
#13253=CARTESIAN_POINT('',(-0.37302994,0.035,-0.03));
#13254=CARTESIAN_POINT('',(-0.37302994,0.035,-0.0435));
#13255=CARTESIAN_POINT('',(-0.37302994,0.04775,-0.0435));
#13256=CARTESIAN_POINT('',(-0.37302994,0.0605,-0.0435));
#13257=CARTESIAN_POINT('',(-0.37302994,0.0605,-0.055));
#13258=CARTESIAN_POINT('',(-0.37302994,0.0605,-0.0495));
#13259=CARTESIAN_POINT('',(-0.37302994,0.04775,-0.0495));
#13260=CARTESIAN_POINT('',(-0.37302994,0.03,-0.0495));
#13261=CARTESIAN_POINT('',(-0.37302994,0.03,-0.03075));
#13262=CARTESIAN_POINT('',(-0.37302994,0.03,-0.03));
#13263=CARTESIAN_POINT('',(-0.37302994,0.01725,-0.03));
#13264=CARTESIAN_POINT('',(-0.37302994,-0.03,-0.03));
#13265=CARTESIAN_POINT('',(-0.37302994,-0.03,-0.03075));
#13266=CARTESIAN_POINT('',(-0.380552799663433,0.0605,-0.044775));
#13267=CARTESIAN_POINT('',(-0.200443137158884,0.0605,-0.044775));
#13268=CARTESIAN_POINT('',(-0.380552799663433,0.0605,-0.016725));
#13269=CARTESIAN_POINT('',(-0.200443137158884,0.0605,-0.016725));
#13270=CARTESIAN_POINT('',(-0.372365996822318,0.0605,-0.03));
#13271=CARTESIAN_POINT('',(-0.372365996822317,0.0605,-0.018));
#13272=CARTESIAN_POINT('',(-0.372365996822317,0.0605,-0.0435));
#13273=CARTESIAN_POINT('',(-0.37303194,0.0605,-0.0435));
#13274=CARTESIAN_POINT('',(-0.20862994,0.0605,-0.0435));
#13275=CARTESIAN_POINT('',(-0.20862994,0.0605,-0.03075));
#13276=CARTESIAN_POINT('',(-0.20862994,0.0605,-0.018));
#13277=CARTESIAN_POINT('',(-0.51362994,0.0605,-0.018));
#13278=CARTESIAN_POINT('',(-0.380552799793247,-0.0605,-0.044775));
#13279=CARTESIAN_POINT('',(-0.200443137152703,-0.0605,-0.044775));
#13280=CARTESIAN_POINT('',(-0.380552799793247,-0.0605,-0.016725));
#13281=CARTESIAN_POINT('',(-0.200443137152703,-0.0605,-0.016725));
#13282=CARTESIAN_POINT('',(-0.37303194,-0.0605,-0.0435));
#13283=CARTESIAN_POINT('',(-0.372365996945949,-0.0605,-0.0435));
#13284=CARTESIAN_POINT('',(-0.20862994,-0.0605,-0.0435));
#13285=CARTESIAN_POINT('',(-0.37236599694595,-0.0605,-0.03));
#13286=CARTESIAN_POINT('',(-0.37236599694595,-0.0605,-0.018));
#13287=CARTESIAN_POINT('',(-0.51362994,-0.0605,-0.018));
#13288=CARTESIAN_POINT('',(-0.20862994,-0.0605,-0.018));
#13289=CARTESIAN_POINT('',(-0.20862994,-0.0605,-0.03075));
#13290=CARTESIAN_POINT('',(-0.373562894158202,-0.0655,-0.050475));
#13291=CARTESIAN_POINT('',(-0.20077598980199,-0.0655,-0.050475));
#13292=CARTESIAN_POINT('',(-0.373562894158202,-0.0655,-0.029025));
#13293=CARTESIAN_POINT('',(-0.20077598980199,-0.0655,-0.029025));
#13294=CARTESIAN_POINT('',(-0.365708943960192,-0.0655,-0.055));
#13295=CARTESIAN_POINT('',(-0.365708943960192,-0.0655,-0.0495));
#13296=CARTESIAN_POINT('',(-0.365708943960192,-0.0655,-0.03));
#13297=CARTESIAN_POINT('',(-0.37303194,-0.0655,-0.0495));
#13298=CARTESIAN_POINT('',(-0.20862994,-0.0655,-0.0495));
#13299=CARTESIAN_POINT('',(-0.20862994,-0.0655,-0.03075));
#13300=CARTESIAN_POINT('',(-0.20862994,-0.0655,-0.03));
#13301=CARTESIAN_POINT('',(-0.37303194,-0.0655,-0.03));
#13302=CARTESIAN_POINT('',(-0.38124994,-0.0672750000065575,-0.0495));
#13303=CARTESIAN_POINT('',(-0.38124994,-0.0282249999996877,-0.0495));
#13304=CARTESIAN_POINT('',(-0.20040994,-0.0672750000065575,-0.0495));
#13305=CARTESIAN_POINT('',(-0.20040994,-0.0282249999996877,-0.0495));
#13306=CARTESIAN_POINT('',(-0.37302994,-0.06,-0.0495));
#13307=CARTESIAN_POINT('',(-0.339573809985576,-0.0852019661343247,-0.0495));
#13308=CARTESIAN_POINT('',(-0.29673737433831,-0.116408476990857,-0.0495));
#13309=CARTESIAN_POINT('',(-0.249304742115523,-0.154120699657671,-0.0495));
#13310=CARTESIAN_POINT('',(-0.372365996945949,-0.0605,-0.0495));
#13311=CARTESIAN_POINT('',(-0.37303194,-0.0605,-0.0495));
#13312=CARTESIAN_POINT('',(-0.37303194,-0.03,-0.0495));
#13313=CARTESIAN_POINT('',(-0.20862994,-0.03,-0.0495));
#13314=CARTESIAN_POINT('',(-0.20862994,-0.04775,-0.0495));
#13315=CARTESIAN_POINT('',(-0.38124994,0.0282249999995123,-0.0495));
#13316=CARTESIAN_POINT('',(-0.38124994,0.0672750000102411,-0.0495));
#13317=CARTESIAN_POINT('',(-0.20040994,0.0282249999995123,-0.0495));
#13318=CARTESIAN_POINT('',(-0.20040994,0.0672750000102411,-0.0495));
#13319=CARTESIAN_POINT('',(-0.247629940000004,0.155453472465462,-0.0495));
#13320=CARTESIAN_POINT('',(-0.295728877265692,0.117143056080883,-0.0495));
#13321=CARTESIAN_POINT('',(-0.339180485632323,0.0854982462458507,-0.0495));
#13322=CARTESIAN_POINT('',(-0.37302994,0.06,-0.0495));
#13323=CARTESIAN_POINT('',(-0.365708942778413,0.0655000000097534,-0.0495));
#13324=CARTESIAN_POINT('',(-0.372365996822317,0.0605,-0.0495));
#13325=CARTESIAN_POINT('',(-0.37303194,0.0655,-0.0495));
#13326=CARTESIAN_POINT('',(-0.20862994,0.0655,-0.0495));
#13327=CARTESIAN_POINT('',(-0.20862994,0.04775,-0.0495));
#13328=CARTESIAN_POINT('',(-0.20862994,0.03,-0.0495));
#13329=CARTESIAN_POINT('',(-0.37303194,0.03,-0.0495));
#13330=CARTESIAN_POINT('',(-0.37303194,0.0605,-0.0495));
#13331=CARTESIAN_POINT('',(-0.373562892917334,0.0655,-0.050475));
#13332=CARTESIAN_POINT('',(-0.200775989861079,0.0655,-0.050475));
#13333=CARTESIAN_POINT('',(-0.373562892917334,0.0655,-0.029025));
#13334=CARTESIAN_POINT('',(-0.200775989861079,0.0655,-0.029025));
#13335=CARTESIAN_POINT('',(-0.365708942778413,0.0655000000097534,-0.055));
#13336=CARTESIAN_POINT('',(-0.365708942778413,0.0655000000097534,-0.03));
#13337=CARTESIAN_POINT('',(-0.37303194,0.0655,-0.03));
#13338=CARTESIAN_POINT('',(-0.20862994,0.0655,-0.03));
#13339=CARTESIAN_POINT('',(-0.20862994,0.0655,-0.03075));
#13340=CARTESIAN_POINT('',(-0.38124994,-0.18425,-0.03));
#13341=CARTESIAN_POINT('',(-0.38124994,0.18425,-0.03));
#13342=CARTESIAN_POINT('',(-0.20040994,-0.18425,-0.03));
#13343=CARTESIAN_POINT('',(-0.20040994,0.18425,-0.03));
#13344=CARTESIAN_POINT('',(-0.31001744,-0.0206375,-0.03));
#13345=CARTESIAN_POINT('',(-0.31954244,-0.0206375,-0.03));
#13346=CARTESIAN_POINT('',(-0.31954244,0.0206375,-0.03));
#13347=CARTESIAN_POINT('',(-0.25604244,-0.0206375,-0.03));
#13348=CARTESIAN_POINT('',(-0.25604244,0.0206375,-0.03));
#13349=CARTESIAN_POINT('',(-0.31001744,0.0206375,-0.03));
#13350=CARTESIAN_POINT('',(-0.37303194,-0.03,-0.03));
#13351=CARTESIAN_POINT('',(-0.20862994,-0.03,-0.03));
#13352=CARTESIAN_POINT('',(-0.37303194,0.03,-0.03));
#13353=CARTESIAN_POINT('',(-0.20862994,0.03,-0.03));
#13354=CARTESIAN_POINT('',(-0.20862994,-0.10625,-0.03));
#13355=CARTESIAN_POINT('',(-0.366651416795084,0.0655,-0.03));
#13356=CARTESIAN_POINT('',(-0.366651416795084,0.1675,-0.03));
#13357=CARTESIAN_POINT('',(-0.20862994,0.0655,-0.03));
#13358=CARTESIAN_POINT('',(-0.20862994,0.1675,-0.03));
#13359=CARTESIAN_POINT('',(-0.21212994,0.149249478800615,-0.03));
#13360=CARTESIAN_POINT('',(-0.21212994,0.156610694732782,-0.03));
#13361=CARTESIAN_POINT('',(-0.21212994,0.101795740156559,-0.03));
#13362=CARTESIAN_POINT('',(-0.21637994,0.159064433376838,-0.03));
#13363=CARTESIAN_POINT('',(-0.22062994,0.161518172020894,-0.03));
#13364=CARTESIAN_POINT('',(-0.22487994,0.159064433376838,-0.03));
#13365=CARTESIAN_POINT('',(-0.22487994,0.0993420015125027,-0.03));
#13366=CARTESIAN_POINT('',(-0.22062994,0.0968882628684468,-0.03));
#13367=CARTESIAN_POINT('',(-0.21637994,0.0993420015125027,-0.03));
#13368=CARTESIAN_POINT('',(-0.247629940000004,0.155453472465462,-0.03));
#13369=CARTESIAN_POINT('',(-0.295728877265692,0.117143056080883,-0.03));
#13370=CARTESIAN_POINT('',(-0.339180485632323,0.0854982462458507,-0.03));
#13371=CARTESIAN_POINT('',(-0.37302994,0.06,-0.03));
#13372=CARTESIAN_POINT('',(-0.24762994,0.155453472465465,-0.03));
#13373=CARTESIAN_POINT('',(-1.71639523935067,1.99971182765142,-0.03));
#13374=CARTESIAN_POINT('',(-0.232629815792248,0.1675,-0.03));
#13375=CARTESIAN_POINT('',(-0.22062994,0.1675,-0.03));
#13376=CARTESIAN_POINT('',(-0.20862994,0.1675,-0.03));
#13377=CARTESIAN_POINT('',(-0.20862994,-0.10625,-0.03));
#13378=CARTESIAN_POINT('',(-0.20862994,-0.18425,-0.051975));
#13379=CARTESIAN_POINT('',(-0.20862994,0.18425,-0.051975));
#13380=CARTESIAN_POINT('',(-0.20862994,-0.18425,0.00247499999999999));
#13381=CARTESIAN_POINT('',(-0.20862994,0.18425,0.00247499999999999));
#13382=CARTESIAN_POINT('',(-0.20862994,-0.035,-0.03075));
#13383=CARTESIAN_POINT('',(-0.20862994,-0.035,-0.0435));
#13384=CARTESIAN_POINT('',(-0.20862994,-0.035,-0.018));
#13385=CARTESIAN_POINT('',(-0.20862994,-0.04775,-0.0435));
#13386=CARTESIAN_POINT('',(-0.20862994,-0.04775,-0.018));
#13387=CARTESIAN_POINT('',(-0.20862994,0.03,-0.03075));
#13388=CARTESIAN_POINT('',(-0.20862994,0.1675,-0.03));
#13389=CARTESIAN_POINT('',(-0.20862994,0.1675,-0.015));
#13390=CARTESIAN_POINT('',(-0.20862994,-0.10625,-0.015));
#13391=CARTESIAN_POINT('',(-0.20862994,-0.045,-0.015));
#13392=CARTESIAN_POINT('',(-0.20862994,-0.045,0.));
#13393=CARTESIAN_POINT('',(-0.20862994,-0.045,0.));
#13394=CARTESIAN_POINT('',(-0.20862994,-0.10625,0.));
#13395=CARTESIAN_POINT('',(-0.20862994,-0.1675,0.));
#13396=CARTESIAN_POINT('',(-0.20862994,-0.1675,-0.03));
#13397=CARTESIAN_POINT('',(-0.20862994,-0.1675,-0.03));
#13398=CARTESIAN_POINT('',(-0.20862994,-0.10625,-0.03));
#13399=CARTESIAN_POINT('',(-0.20862994,-0.03,-0.03075));
#13400=CARTESIAN_POINT('',(-0.20862994,0.04775,-0.0435));
#13401=CARTESIAN_POINT('',(-0.20862994,0.035,-0.0435));
#13402=CARTESIAN_POINT('',(-0.20862994,0.035,-0.03075));
#13403=CARTESIAN_POINT('',(-0.20862994,0.035,-0.018));
#13404=CARTESIAN_POINT('',(-0.20862994,0.04775,-0.018));
#13405=CARTESIAN_POINT('',(-0.24982569187515,-0.055625,-0.015));
#13406=CARTESIAN_POINT('',(-0.24982569187515,0.178125,-0.015));
#13407=CARTESIAN_POINT('',(-0.206668237529755,-0.055625,-0.015));
#13408=CARTESIAN_POINT('',(-0.206668237529755,0.178125,-0.015));
#13409=CARTESIAN_POINT('',(-0.24012994,0.133976736232733,-0.015));
#13410=CARTESIAN_POINT('',(-0.23262994,0.1125,-0.015));
#13411=CARTESIAN_POINT('',(-0.24762994,0.155453472465465,-0.015));
#13412=CARTESIAN_POINT('',(-0.23262994,0.075,-0.015));
#13413=CARTESIAN_POINT('',(-0.23262994,-0.045,-0.015));
#13414=CARTESIAN_POINT('',(-0.22062994,-0.045,-0.015));
#13415=CARTESIAN_POINT('',(-0.22062994,0.1675,-0.015));
#13416=CARTESIAN_POINT('',(-0.232629815792248,0.1675,-0.015));
#13417=CARTESIAN_POINT('',(-1.71639523935067,1.99971182765142,-0.015));
#13418=CARTESIAN_POINT('',(-0.225729456109821,0.110175115269782,-0.015));
#13419=CARTESIAN_POINT('',(-0.225729416506274,0.106776288382528,-0.015));
#13420=CARTESIAN_POINT('',(-0.225729939999957,0.151703187731759,-0.015));
#13421=CARTESIAN_POINT('',(-0.22062994,0.15170321744467,-0.015));
#13422=CARTESIAN_POINT('',(-0.21552994,0.15170321744467,-0.015));
#13423=CARTESIAN_POINT('',(-0.22062994,0.15170321744467,-0.015));
#13424=CARTESIAN_POINT('',(-0.215535400655342,0.151467274939517,-0.015));
#13425=CARTESIAN_POINT('',(-0.215535400655342,0.110257999154341,-0.015));
#13426=CARTESIAN_POINT('',(-0.215535400655342,0.106939159949824,-0.015));
#13427=CARTESIAN_POINT('',(-0.220629940000016,0.10670321744467,-0.015));
#13428=CARTESIAN_POINT('',(-0.21552994,0.10670321744467,-0.015));
#13429=CARTESIAN_POINT('',(-0.220629940000016,0.10670321744467,-0.015));
#13430=CARTESIAN_POINT('',(-0.21212994,0.159351442461594,-0.0305));
#13431=CARTESIAN_POINT('',(-0.21212994,0.159351442461594,-0.0195));
#13432=CARTESIAN_POINT('',(-0.21212994,0.0990549924277474,-0.0305));
#13433=CARTESIAN_POINT('',(-0.21212994,0.0990549924277474,-0.0195));
#13434=CARTESIAN_POINT('',(-0.21212994,0.104249478800614,-0.02));
#13435=CARTESIAN_POINT('',(-0.21212994,0.156610694732782,-0.02));
#13436=CARTESIAN_POINT('',(-0.21212994,0.101795740156559,-0.02));
#13437=CARTESIAN_POINT('',(-0.21212994,0.156610694732782,-0.03));
#13438=CARTESIAN_POINT('',(-0.21212994,0.101795740156559,-0.03));
#13439=CARTESIAN_POINT('',(-0.21170494,0.102041114020964,-0.0305));
#13440=CARTESIAN_POINT('',(-0.21170494,0.102041114020964,-0.0195));
#13441=CARTESIAN_POINT('',(-0.22105494,0.0966428890040412,-0.0305));
#13442=CARTESIAN_POINT('',(-0.22105494,0.0966428890040412,-0.0195));
#13443=CARTESIAN_POINT('',(-0.21637994,0.0993420015125027,-0.02));
#13444=CARTESIAN_POINT('',(-0.22062994,0.0968882628684468,-0.02));
#13445=CARTESIAN_POINT('',(-0.22062994,0.0968882628684468,-0.03));
#13446=CARTESIAN_POINT('',(-0.22020494,0.0966428890040412,-0.0305));
#13447=CARTESIAN_POINT('',(-0.22020494,0.0966428890040412,-0.0194999999999999));
#13448=CARTESIAN_POINT('',(-0.22955494,0.102041114020964,-0.0305));
#13449=CARTESIAN_POINT('',(-0.22955494,0.102041114020964,-0.0194999999999999));
#13450=CARTESIAN_POINT('',(-0.22487994,0.0993420015125027,-0.02));
#13451=CARTESIAN_POINT('',(-0.22955494,0.156365320868376,-0.0305));
#13452=CARTESIAN_POINT('',(-0.22955494,0.156365320868376,-0.0195));
#13453=CARTESIAN_POINT('',(-0.22020494,0.1617635458853,-0.0305));
#13454=CARTESIAN_POINT('',(-0.22020494,0.1617635458853,-0.0195));
#13455=CARTESIAN_POINT('',(-0.22487994,0.159064433376838,-0.02));
#13456=CARTESIAN_POINT('',(-0.22062994,0.161518172020894,-0.02));
#13457=CARTESIAN_POINT('',(-0.22062994,0.161518172020894,-0.03));
#13458=CARTESIAN_POINT('',(-0.22912994,-0.159351442461594,-0.00375));
#13459=CARTESIAN_POINT('',(-0.22912994,-0.0990549924277474,-0.00375));
#13460=CARTESIAN_POINT('',(-0.22912994,-0.159351442461594,-0.03125));
#13461=CARTESIAN_POINT('',(-0.22912994,-0.0990549924277474,-0.03125));
#13462=CARTESIAN_POINT('',(-0.22912994,-0.12920321744467,-0.005));
#13463=CARTESIAN_POINT('',(-0.22912994,-0.156610694732782,-0.005));
#13464=CARTESIAN_POINT('',(-0.22912994,-0.101795740156559,-0.005));
#13465=CARTESIAN_POINT('',(-0.22912994,-0.156610694732782,-0.03));
#13466=CARTESIAN_POINT('',(-0.22912994,-0.156610694732782,-0.03));
#13467=CARTESIAN_POINT('',(-0.22912994,-0.149249478800615,-0.03));
#13468=CARTESIAN_POINT('',(-0.22912994,-0.101795740156559,-0.03));
#13469=CARTESIAN_POINT('',(-0.22912994,-0.101795740156559,-0.03));
#13470=CARTESIAN_POINT('',(-0.22020494,-0.0966428890040412,-0.03125));
#13471=CARTESIAN_POINT('',(-0.22020494,-0.0966428890040412,-0.00374999999999979));
#13472=CARTESIAN_POINT('',(-0.22955494,-0.102041114020964,-0.03125));
#13473=CARTESIAN_POINT('',(-0.22955494,-0.102041114020964,-0.00374999999999979));
#13474=CARTESIAN_POINT('',(-0.22062994,-0.0968882628684468,-0.03));
#13475=CARTESIAN_POINT('',(-0.22062994,-0.0968882628684468,-0.03));
#13476=CARTESIAN_POINT('',(-0.22062994,-0.0968882628684468,-0.005));
#13477=CARTESIAN_POINT('',(-0.22487994,-0.0993420015125027,-0.005));
#13478=CARTESIAN_POINT('',(-0.22487994,-0.0993420015125027,-0.03));
#13479=CARTESIAN_POINT('',(-0.21170494,-0.102041114020964,-0.03125));
#13480=CARTESIAN_POINT('',(-0.21170494,-0.102041114020964,-0.00375000000000025));
#13481=CARTESIAN_POINT('',(-0.22105494,-0.0966428890040413,-0.03125));
#13482=CARTESIAN_POINT('',(-0.22105494,-0.0966428890040413,-0.00375000000000025));
#13483=CARTESIAN_POINT('',(-0.21212994,-0.101795740156559,-0.03));
#13484=CARTESIAN_POINT('',(-0.21212994,-0.101795740156559,-0.03));
#13485=CARTESIAN_POINT('',(-0.21212994,-0.101795740156559,-0.005));
#13486=CARTESIAN_POINT('',(-0.21637994,-0.0993420015125028,-0.005));
#13487=CARTESIAN_POINT('',(-0.21637994,-0.0993420015125028,-0.03));
#13488=CARTESIAN_POINT('',(-0.21212994,-0.159351442461594,-0.03125));
#13489=CARTESIAN_POINT('',(-0.21212994,-0.159351442461594,-0.00375));
#13490=CARTESIAN_POINT('',(-0.21212994,-0.0990549924277474,-0.03125));
#13491=CARTESIAN_POINT('',(-0.21212994,-0.0990549924277474,-0.00375));
#13492=CARTESIAN_POINT('',(-0.21212994,-0.156610694732782,-0.03));
#13493=CARTESIAN_POINT('',(-0.21212994,-0.156610694732782,-0.03));
#13494=CARTESIAN_POINT('',(-0.21212994,-0.156610694732782,-0.005));
#13495=CARTESIAN_POINT('',(-0.21212994,-0.109156956088726,-0.005));
#13496=CARTESIAN_POINT('',(-0.21212994,-0.104249478800614,-0.03));
#13497=CARTESIAN_POINT('',(-0.22105494,-0.1617635458853,-0.03125));
#13498=CARTESIAN_POINT('',(-0.22105494,-0.1617635458853,-0.00374999999999979));
#13499=CARTESIAN_POINT('',(-0.21170494,-0.156365320868377,-0.03125));
#13500=CARTESIAN_POINT('',(-0.21170494,-0.156365320868377,-0.00374999999999979));
#13501=CARTESIAN_POINT('',(-0.22062994,-0.161518172020894,-0.03));
#13502=CARTESIAN_POINT('',(-0.22062994,-0.161518172020894,-0.03));
#13503=CARTESIAN_POINT('',(-0.22062994,-0.161518172020894,-0.005));
#13504=CARTESIAN_POINT('',(-0.21637994,-0.159064433376838,-0.005));
#13505=CARTESIAN_POINT('',(-0.21637994,-0.159064433376838,-0.03));
#13506=CARTESIAN_POINT('',(-0.37302994,-0.06,-0.0495));
#13507=CARTESIAN_POINT('',(-0.37302994,-0.06,0.015));
#13508=CARTESIAN_POINT('',(-0.339573809985576,-0.0852019661343247,-0.0495));
#13509=CARTESIAN_POINT('',(-0.339573809985576,-0.0852019661343247,0.015));
#13510=CARTESIAN_POINT('',(-0.29673737433831,-0.116408476990857,-0.0495));
#13511=CARTESIAN_POINT('',(-0.29673737433831,-0.116408476990857,0.015));
#13512=CARTESIAN_POINT('',(-0.249304742115523,-0.154120699657671,-0.0495));
#13513=CARTESIAN_POINT('',(-0.249304742115523,-0.154120699657671,0.015));
#13514=CARTESIAN_POINT('',(-0.37302994,-0.06,-0.018));
#13515=CARTESIAN_POINT('',(-0.339573809985576,-0.0852019661343247,-0.018));
#13516=CARTESIAN_POINT('',(-0.29673737433831,-0.116408476990857,-0.018));
#13517=CARTESIAN_POINT('',(-0.249304742115523,-0.154120699657671,-0.018));
#13518=CARTESIAN_POINT('',(-0.372365996945949,-0.0605,-0.055));
#13519=CARTESIAN_POINT('',(-0.37302994,-0.06,-0.03));
#13520=CARTESIAN_POINT('',(-0.339573809985576,-0.0852019661343247,-0.03));
#13521=CARTESIAN_POINT('',(-0.29673737433831,-0.116408476990857,-0.03));
#13522=CARTESIAN_POINT('',(-0.249304742115523,-0.154120699657671,-0.03));
#13523=CARTESIAN_POINT('',(-0.249304742123508,-0.154120699651322,-0.03));
#13524=CARTESIAN_POINT('',(-0.249304742123508,-0.154120699651322,-0.03));
#13525=CARTESIAN_POINT('',(-0.249304742123508,-0.154120699651322,0.));
#13526=CARTESIAN_POINT('',(-0.249304742123508,-0.154120699651322,0.015002));
#13527=CARTESIAN_POINT('',(-0.249304742123508,-0.154120699651322,0.015));
#13528=CARTESIAN_POINT('',(-0.37302994,-0.06,0.015));
#13529=CARTESIAN_POINT('',(-0.339573809985576,-0.0852019661343247,0.015));
#13530=CARTESIAN_POINT('',(-0.29673737433831,-0.116408476990857,0.015));
#13531=CARTESIAN_POINT('',(-0.249304742115523,-0.154120699657671,0.015));
#13532=CARTESIAN_POINT('',(0.0856857263420323,-0.47922349653185,-0.0315));
#13533=CARTESIAN_POINT('',(0.0856857263420323,-0.47922349653185,0.0015));
#13534=CARTESIAN_POINT('',(-0.112140016696578,-0.245123824058871,-0.0315));
#13535=CARTESIAN_POINT('',(-0.112140016696578,-0.245123824058871,0.0015));
#13536=CARTESIAN_POINT('',(-0.351196232263493,-0.0533171321538201,-0.0315));
#13537=CARTESIAN_POINT('',(-0.351196232263493,-0.0533171321538201,0.0015));
#13538=CARTESIAN_POINT('',(-0.622604874893675,0.0890732817313045,-0.0315));
#13539=CARTESIAN_POINT('',(-0.622604874893675,0.0890732817313045,0.0015));
#13540=CARTESIAN_POINT('',(-0.232629768540004,-0.1675,-0.03));
#13541=CARTESIAN_POINT('',(-0.232629768540004,-0.1675,-0.03));
#13542=CARTESIAN_POINT('',(-0.232629768540004,-0.1675,0.));
#13543=CARTESIAN_POINT('',(-1.72231708949282,-2.00707484583143,0.));
#13544=CARTESIAN_POINT('',(-1.72231708949282,-2.00707484583143,-0.03));
#13545=CARTESIAN_POINT('',(-0.233829759967004,-0.1675,0.0015));
#13546=CARTESIAN_POINT('',(-0.207429948573,-0.1675,0.0015));
#13547=CARTESIAN_POINT('',(-0.233829759967004,-0.1675,-0.0315));
#13548=CARTESIAN_POINT('',(-0.207429948573,-0.1675,-0.0315));
#13549=CARTESIAN_POINT('',(-0.22062994,-0.1675,0.));
#13550=CARTESIAN_POINT('',(-0.22062994,-0.1675,-0.03));
#13551=CARTESIAN_POINT('',(-0.233829809581861,0.1675,-0.03075));
#13552=CARTESIAN_POINT('',(-0.207429946210388,0.1675,-0.03075));
#13553=CARTESIAN_POINT('',(-0.233829809581861,0.1675,-0.01425));
#13554=CARTESIAN_POINT('',(-0.207429946210388,0.1675,-0.01425));
#13555=CARTESIAN_POINT('',(-0.232629815792248,0.1675,-0.03));
#13556=CARTESIAN_POINT('',(-0.619225403201676,-0.0870987445323739,-0.03075));
#13557=CARTESIAN_POINT('',(-0.619225403201676,-0.0870987445323739,-0.01425));
#13558=CARTESIAN_POINT('',(-0.349643536825067,0.0546376910136862,-0.03075));
#13559=CARTESIAN_POINT('',(-0.349643536825067,0.0546376910136862,-0.01425));
#13560=CARTESIAN_POINT('',(-0.112171592912912,0.245348665252141,-0.03075));
#13561=CARTESIAN_POINT('',(-0.112171592912912,0.245348665252141,-0.01425));
#13562=CARTESIAN_POINT('',(0.0844108801476557,0.477983424318342,-0.03075));
#13563=CARTESIAN_POINT('',(0.0844108801476557,0.477983424318342,-0.01425));
#13564=CARTESIAN_POINT('',(-0.24762994,0.155453472465465,-0.03));
#13565=CARTESIAN_POINT('',(-0.247629940000005,0.155453472465462,-0.0495));
#13566=CARTESIAN_POINT('',(-0.247629940000004,0.155453472465462,0.015));
#13567=CARTESIAN_POINT('',(-0.295728877265692,0.117143056080883,-0.0495));
#13568=CARTESIAN_POINT('',(-0.295728877265692,0.117143056080883,0.015));
#13569=CARTESIAN_POINT('',(-0.339180485632323,0.0854982462458507,-0.0495));
#13570=CARTESIAN_POINT('',(-0.339180485632323,0.0854982462458507,0.015));
#13571=CARTESIAN_POINT('',(-0.37302994,0.06,-0.0495));
#13572=CARTESIAN_POINT('',(-0.37302994,0.06,0.015));
#13573=CARTESIAN_POINT('',(-0.247629940000004,0.155453472465462,-0.018));
#13574=CARTESIAN_POINT('',(-0.295728877265692,0.117143056080883,-0.018));
#13575=CARTESIAN_POINT('',(-0.339180485632323,0.0854982462458507,-0.018));
#13576=CARTESIAN_POINT('',(-0.37302994,0.06,-0.018));
#13577=CARTESIAN_POINT('',(-0.247629940000004,0.155453472465462,0.015));
#13578=CARTESIAN_POINT('',(-0.295728877265692,0.117143056080883,0.015));
#13579=CARTESIAN_POINT('',(-0.339180485632323,0.0854982462458507,0.015));
#13580=CARTESIAN_POINT('',(-0.37302994,0.06,0.015));
#13581=CARTESIAN_POINT('',(-0.24762994,0.155453472465465,0.015));
#13582=CARTESIAN_POINT('',(-0.24762994,0.155453472465465,0.015002));
#13583=CARTESIAN_POINT('',(-0.372365996822317,0.0605,-0.055));
#13584=CARTESIAN_POINT('',(-0.30763619,0.0206375,-0.03));
#13585=CARTESIAN_POINT('',(-0.30763619,0.0206375,-0.015));
#13586=CARTESIAN_POINT('',(-0.30763619,0.0254,-0.03));
#13587=CARTESIAN_POINT('',(-0.30763619,0.0254,-0.015));
#13588=CARTESIAN_POINT('',(-0.31239869,0.0254,-0.03));
#13589=CARTESIAN_POINT('',(-0.31239869,0.0254,-0.015));
#13590=CARTESIAN_POINT('',(-0.31239869,0.0206375,-0.03));
#13591=CARTESIAN_POINT('',(-0.31239869,0.0206375,-0.015));
#13592=CARTESIAN_POINT('',(-0.31001744,0.0206375,-0.015));
#13593=CARTESIAN_POINT('',(-0.25366119,0.0206375,-0.03));
#13594=CARTESIAN_POINT('',(-0.25366119,0.0206375,-0.015));
#13595=CARTESIAN_POINT('',(-0.25366119,0.0254,-0.03));
#13596=CARTESIAN_POINT('',(-0.25366119,0.0254,-0.015));
#13597=CARTESIAN_POINT('',(-0.25842369,0.0254,-0.03));
#13598=CARTESIAN_POINT('',(-0.25842369,0.0254,-0.015));
#13599=CARTESIAN_POINT('',(-0.25842369,0.0206375,-0.03));
#13600=CARTESIAN_POINT('',(-0.25842369,0.0206375,-0.015));
#13601=CARTESIAN_POINT('',(-0.25604244,0.0206375,-0.015));
#13602=CARTESIAN_POINT('',(-0.25366119,-0.0206375,-0.03));
#13603=CARTESIAN_POINT('',(-0.25366119,-0.0206375,-0.015));
#13604=CARTESIAN_POINT('',(-0.25366119,-0.015875,-0.03));
#13605=CARTESIAN_POINT('',(-0.25366119,-0.015875,-0.015));
#13606=CARTESIAN_POINT('',(-0.25842369,-0.015875,-0.03));
#13607=CARTESIAN_POINT('',(-0.25842369,-0.015875,-0.015));
#13608=CARTESIAN_POINT('',(-0.25842369,-0.0206375,-0.03));
#13609=CARTESIAN_POINT('',(-0.25842369,-0.0206375,-0.015));
#13610=CARTESIAN_POINT('',(-0.25604244,-0.0206375,-0.015));
#13611=CARTESIAN_POINT('',(-0.31716119,0.0206375,-0.03));
#13612=CARTESIAN_POINT('',(-0.31716119,0.0206375,-0.015));
#13613=CARTESIAN_POINT('',(-0.31716119,0.0254,-0.03));
#13614=CARTESIAN_POINT('',(-0.31716119,0.0254,-0.015));
#13615=CARTESIAN_POINT('',(-0.32192369,0.0254,-0.03));
#13616=CARTESIAN_POINT('',(-0.32192369,0.0254,-0.015));
#13617=CARTESIAN_POINT('',(-0.32192369,0.0206375,-0.03));
#13618=CARTESIAN_POINT('',(-0.32192369,0.0206375,-0.015));
#13619=CARTESIAN_POINT('',(-0.31954244,0.0206375,-0.015));
#13620=CARTESIAN_POINT('',(-0.31716119,-0.0206375,-0.03));
#13621=CARTESIAN_POINT('',(-0.31716119,-0.0206375,-0.015));
#13622=CARTESIAN_POINT('',(-0.31716119,-0.015875,-0.03));
#13623=CARTESIAN_POINT('',(-0.31716119,-0.015875,-0.015));
#13624=CARTESIAN_POINT('',(-0.32192369,-0.015875,-0.03));
#13625=CARTESIAN_POINT('',(-0.32192369,-0.015875,-0.015));
#13626=CARTESIAN_POINT('',(-0.32192369,-0.0206375,-0.03));
#13627=CARTESIAN_POINT('',(-0.32192369,-0.0206375,-0.015));
#13628=CARTESIAN_POINT('',(-0.31954244,-0.0206375,-0.015));
#13629=CARTESIAN_POINT('',(-0.30763619,-0.0206375,-0.03));
#13630=CARTESIAN_POINT('',(-0.30763619,-0.0206375,-0.015));
#13631=CARTESIAN_POINT('',(-0.30763619,-0.015875,-0.03));
#13632=CARTESIAN_POINT('',(-0.30763619,-0.015875,-0.015));
#13633=CARTESIAN_POINT('',(-0.31239869,-0.015875,-0.03));
#13634=CARTESIAN_POINT('',(-0.31239869,-0.015875,-0.015));
#13635=CARTESIAN_POINT('',(-0.31239869,-0.0206375,-0.03));
#13636=CARTESIAN_POINT('',(-0.31239869,-0.0206375,-0.015));
#13637=CARTESIAN_POINT('',(-0.31001744,-0.0206375,-0.015));
#13638=CARTESIAN_POINT('',(-0.22955494,-0.156365320868377,-0.03125));
#13639=CARTESIAN_POINT('',(-0.22955494,-0.156365320868377,-0.00375000000000016));
#13640=CARTESIAN_POINT('',(-0.22020494,-0.1617635458853,-0.03125));
#13641=CARTESIAN_POINT('',(-0.22020494,-0.1617635458853,-0.00375000000000016));
#13642=CARTESIAN_POINT('',(-0.22487994,-0.159064433376838,-0.005));
#13643=CARTESIAN_POINT('',(-0.22487994,-0.159064433376838,-0.03));
#13644=CARTESIAN_POINT('',(-0.22105494,0.1617635458853,-0.0305));
#13645=CARTESIAN_POINT('',(-0.22105494,0.1617635458853,-0.0194999999999999));
#13646=CARTESIAN_POINT('',(-0.21170494,0.156365320868377,-0.0305));
#13647=CARTESIAN_POINT('',(-0.21170494,0.156365320868377,-0.0194999999999999));
#13648=CARTESIAN_POINT('',(-0.21637994,0.159064433376838,-0.02));
#13649=CARTESIAN_POINT('',(-0.366651417988662,-0.1675,-0.03));
#13650=CARTESIAN_POINT('',(-0.366651417988662,-0.0655,-0.03));
#13651=CARTESIAN_POINT('',(-0.20862994,-0.1675,-0.03));
#13652=CARTESIAN_POINT('',(-0.20862994,-0.0655,-0.03));
#13653=CARTESIAN_POINT('',(-0.23382994,-0.045,-0.01575));
#13654=CARTESIAN_POINT('',(-0.23382994,-0.045,0.000750000000000001));
#13655=CARTESIAN_POINT('',(-0.20742994,-0.045,-0.01575));
#13656=CARTESIAN_POINT('',(-0.20742994,-0.045,0.000750000000000001));
#13657=CARTESIAN_POINT('',(-0.23262994,-0.045,0.));
#13658=CARTESIAN_POINT('',(-0.23262994,-0.045,0.));
#13659=CARTESIAN_POINT('',(-0.22062994,-0.045,0.));
#13660=CARTESIAN_POINT('',(-0.25159480507999,-0.173625,0.));
#13661=CARTESIAN_POINT('',(-0.25159480507999,-0.038875,0.));
#13662=CARTESIAN_POINT('',(-0.20658399404381,-0.173625,0.));
#13663=CARTESIAN_POINT('',(-0.20658399404381,-0.038875,0.));
#13664=CARTESIAN_POINT('',(-0.23262994,-0.04775,0.));
#13665=CARTESIAN_POINT('',(-0.232629939999991,-0.111789248329839,3.46944695195361E-18));
#13666=CARTESIAN_POINT('',(-0.240967341061749,-0.132954973990581,0.));
#13667=CARTESIAN_POINT('',(-0.220629940000018,-0.15170321744467,0.));
#13668=CARTESIAN_POINT('',(-0.225729939999956,-0.151703187731759,0.));
#13669=CARTESIAN_POINT('',(-0.21552994,-0.15170321744467,0.));
#13670=CARTESIAN_POINT('',(-0.22572967782882,-0.129203322589076,0.));
#13671=CARTESIAN_POINT('',(-0.225729416506274,-0.106776288382528,0.));
#13672=CARTESIAN_POINT('',(-0.220629939999996,-0.10670321744467,0.));
#13673=CARTESIAN_POINT('',(-0.215529939999996,-0.10670321744467,0.));
#13674=CARTESIAN_POINT('',(-0.220629939999996,-0.10670321744467,0.));
#13675=CARTESIAN_POINT('',(-0.215535400655342,-0.106939159949824,0.));
#13676=CARTESIAN_POINT('',(-0.215535400655342,-0.110257999154341,0.));
#13677=CARTESIAN_POINT('',(-0.215535400655342,-0.151467274939517,0.));
#13678=CARTESIAN_POINT('',(-0.220629940000018,-0.15170321744467,0.));
#13679=CARTESIAN_POINT('',(-0.23262994,-0.123003710746331,0.0165));
#13680=CARTESIAN_POINT('',(-0.23262994,0.123714462416492,0.0165));
#13681=CARTESIAN_POINT('',(-0.23262994,-0.123003710746331,-0.0165));
#13682=CARTESIAN_POINT('',(-0.23262994,0.123714462416492,-0.0165));
#13683=CARTESIAN_POINT('',(-0.23262994,0.1125,0.015002));
#13684=CARTESIAN_POINT('',(-0.23262994,0.1125,0.015));
#13685=CARTESIAN_POINT('',(-0.23262994,0.075,0.015));
#13686=CARTESIAN_POINT('',(-0.232629939999991,-0.111789248329839,0.015));
#13687=CARTESIAN_POINT('',(-0.232629939999991,-0.111789248329839,0.015002));
#13688=CARTESIAN_POINT('',(-0.24837994,0.157601146088739,-0.0165));
#13689=CARTESIAN_POINT('',(-0.24837994,0.157601146088739,0.0165));
#13690=CARTESIAN_POINT('',(-0.23187994,0.110352326376727,-0.0165));
#13691=CARTESIAN_POINT('',(-0.23187994,0.110352326376727,0.0165));
#13692=CARTESIAN_POINT('',(-0.24012994,0.133976736232733,0.015));
#13693=CARTESIAN_POINT('',(-0.250138482229683,-0.156237272217397,-0.000749999999999985));
#13694=CARTESIAN_POINT('',(-0.250138482229683,-0.156237272217397,0.01575));
#13695=CARTESIAN_POINT('',(-0.231796199893815,-0.109672675763765,-0.000749999999999985));
#13696=CARTESIAN_POINT('',(-0.231796199893815,-0.109672675763765,0.01575));
#13697=CARTESIAN_POINT('',(-0.240967341061749,-0.132954973990581,0.015));
#13698=CARTESIAN_POINT('',(-0.38004994,-0.17164259779984,0.015));
#13699=CARTESIAN_POINT('',(-0.38004994,0.172975370607635,0.015));
#13700=CARTESIAN_POINT('',(-0.225609939999991,-0.17164259779984,0.015));
#13701=CARTESIAN_POINT('',(-0.225609939999991,0.172975370607635,0.015));
#13702=CARTESIAN_POINT('',(-0.25604244,0.0206375,0.015));
#13703=CARTESIAN_POINT('',(-0.31001744,-0.0206375,0.015));
#13704=CARTESIAN_POINT('',(-0.31477994,-0.0221601929270211,0.015));
#13705=CARTESIAN_POINT('',(-0.30501744,-0.0206375,0.015));
#13706=CARTESIAN_POINT('',(-0.31954244,-0.0206375,0.015));
#13707=CARTESIAN_POINT('',(-0.31001744,-0.0206375,0.015));
#13708=CARTESIAN_POINT('',(-0.31001744,0.0206375,0.015));
#13709=CARTESIAN_POINT('',(-0.31477994,0.0191148070729789,0.015));
#13710=CARTESIAN_POINT('',(-0.30501744,0.0206375,0.015));
#13711=CARTESIAN_POINT('',(-0.31954244,0.0206375,0.015));
#13712=CARTESIAN_POINT('',(-0.31001744,0.0206375,0.015));
#13713=CARTESIAN_POINT('',(-0.25604244,-0.0206375,0.015));
#13714=CARTESIAN_POINT('',(-0.38124994,0.0617750000000003,-0.018));
#13715=CARTESIAN_POINT('',(-0.20040994,0.0617750000000003,-0.018));
#13716=CARTESIAN_POINT('',(-0.38124994,0.033725,-0.018));
#13717=CARTESIAN_POINT('',(-0.20040994,0.033725,-0.018));
#13718=CARTESIAN_POINT('',(-0.51362994,0.035,-0.018));
#13719=CARTESIAN_POINT('',(-0.38124994,0.035,-0.044775));
#13720=CARTESIAN_POINT('',(-0.20040994,0.035,-0.044775));
#13721=CARTESIAN_POINT('',(-0.38124994,0.035,-0.016725));
#13722=CARTESIAN_POINT('',(-0.20040994,0.035,-0.016725));
#13723=CARTESIAN_POINT('',(-0.37303194,0.035,-0.0435));
#13724=CARTESIAN_POINT('',(-0.38124994,-0.035,-0.044775));
#13725=CARTESIAN_POINT('',(-0.20040994,-0.035,-0.044775));
#13726=CARTESIAN_POINT('',(-0.38124994,-0.035,-0.016725));
#13727=CARTESIAN_POINT('',(-0.20040994,-0.035,-0.016725));
#13728=CARTESIAN_POINT('',(-0.37303194,-0.035,-0.0435));
#13729=CARTESIAN_POINT('',(-0.51362994,-0.035,-0.018));
#13730=CARTESIAN_POINT('',(-0.38124994,-0.033725,-0.018));
#13731=CARTESIAN_POINT('',(-0.20040994,-0.033725,-0.018));
#13732=CARTESIAN_POINT('',(-0.38124994,-0.061775,-0.018));
#13733=CARTESIAN_POINT('',(-0.20040994,-0.061775,-0.018));
#13734=CARTESIAN_POINT('',(-0.38124994,-0.061775,-0.0435));
#13735=CARTESIAN_POINT('',(-0.38124994,-0.033725,-0.0435));
#13736=CARTESIAN_POINT('',(-0.20040994,-0.061775,-0.0435));
#13737=CARTESIAN_POINT('',(-0.20040994,-0.033725,-0.0435));
#13738=CARTESIAN_POINT('',(-0.37303194,-0.0605,-0.0435));
#13739=CARTESIAN_POINT('',(-0.38124994,-0.03,-0.050475));
#13740=CARTESIAN_POINT('',(-0.20040994,-0.03,-0.050475));
#13741=CARTESIAN_POINT('',(-0.38124994,-0.03,-0.029025));
#13742=CARTESIAN_POINT('',(-0.20040994,-0.03,-0.029025));
#13743=CARTESIAN_POINT('',(-0.38124994,0.033725,-0.0435));
#13744=CARTESIAN_POINT('',(-0.38124994,0.061775,-0.0435));
#13745=CARTESIAN_POINT('',(-0.20040994,0.033725,-0.0435));
#13746=CARTESIAN_POINT('',(-0.20040994,0.061775,-0.0435));
#13747=CARTESIAN_POINT('',(-0.37303194,0.0605,-0.0435));
#13748=CARTESIAN_POINT('',(-0.38124994,0.03,-0.050475));
#13749=CARTESIAN_POINT('',(-0.20040994,0.03,-0.050475));
#13750=CARTESIAN_POINT('',(-0.38124994,0.03,-0.029025));
#13751=CARTESIAN_POINT('',(-0.20040994,0.03,-0.029025));
#13752=CARTESIAN_POINT('',(-0.373063137158884,0.0605,-0.0432));
#13753=CARTESIAN_POINT('',(-0.372332799663433,0.0605,-0.0432));
#13754=CARTESIAN_POINT('',(-0.373063137158884,0.0605,-0.0498));
#13755=CARTESIAN_POINT('',(-0.372332799663433,0.0605,-0.0498));
#13756=CARTESIAN_POINT('',(-0.373063137152703,-0.0605,-0.0432));
#13757=CARTESIAN_POINT('',(-0.372332799793247,-0.0605,-0.0432));
#13758=CARTESIAN_POINT('',(-0.373063137152703,-0.0605,-0.0498));
#13759=CARTESIAN_POINT('',(-0.372332799793247,-0.0605,-0.0498));
#13760=CARTESIAN_POINT('',(-0.225729390331588,0.104529943415066,-0.02025));
#13761=CARTESIAN_POINT('',(-0.225729390331588,0.104529943415066,-0.01475));
#13762=CARTESIAN_POINT('',(-0.225729966174686,0.15394953269922,-0.02025));
#13763=CARTESIAN_POINT('',(-0.225729966174686,0.15394953269922,-0.01475));
#13764=CARTESIAN_POINT('',(-0.225729416506274,0.106776288382528,-0.02));
#13765=CARTESIAN_POINT('',(-0.225729416506274,0.106776288382528,-0.02));
#13766=CARTESIAN_POINT('',(-0.225729456109821,0.110175115269782,-0.02));
#13767=CARTESIAN_POINT('',(-0.225729939999957,0.151703187731759,-0.02));
#13768=CARTESIAN_POINT('',(-0.225729939999957,0.151703187731759,-0.02));
#13769=CARTESIAN_POINT('',(-0.215535400655343,0.151467274939517,-0.02));
#13770=CARTESIAN_POINT('',(-0.215535400655343,0.151467274939517,-0.015));
#13771=CARTESIAN_POINT('',(-0.215394639087235,0.154506639747802,-0.02));
#13772=CARTESIAN_POINT('',(-0.215394639087235,0.154506639747802,-0.015));
#13773=CARTESIAN_POINT('',(-0.217470143764259,0.156731461671585,-0.02));
#13774=CARTESIAN_POINT('',(-0.217470143764259,0.156731461671585,-0.015));
#13775=CARTESIAN_POINT('',(-0.220511952008769,0.156801852441797,-0.02));
#13776=CARTESIAN_POINT('',(-0.220511952008769,0.156801852441797,-0.015));
#13777=CARTESIAN_POINT('',(-0.223553760253278,0.15687224321201,-0.02));
#13778=CARTESIAN_POINT('',(-0.223553760253278,0.15687224321201,-0.015));
#13779=CARTESIAN_POINT('',(-0.225729957726419,0.154745810326919,-0.02));
#13780=CARTESIAN_POINT('',(-0.225729957726419,0.154745810326919,-0.015));
#13781=CARTESIAN_POINT('',(-0.225729939999913,0.151703187731759,-0.02));
#13782=CARTESIAN_POINT('',(-0.225729939999913,0.151703187731759,-0.015));
#13783=CARTESIAN_POINT('',(-0.22062994,0.15170321744467,-0.02));
#13784=CARTESIAN_POINT('',(-0.21552994,0.15170321744467,-0.02));
#13785=CARTESIAN_POINT('',(-0.22062994,0.15170321744467,-0.02));
#13786=CARTESIAN_POINT('',(-0.215535400655342,0.151467274939517,-0.02));
#13787=CARTESIAN_POINT('',(-0.215535400655342,0.151467274939517,-0.02));
#13788=CARTESIAN_POINT('',(-0.215535400655342,0.104712754200339,-0.01475));
#13789=CARTESIAN_POINT('',(-0.215535400655342,0.153693680689002,-0.01475));
#13790=CARTESIAN_POINT('',(-0.215535400655342,0.104712754200339,-0.02025));
#13791=CARTESIAN_POINT('',(-0.215535400655342,0.153693680689002,-0.02025));
#13792=CARTESIAN_POINT('',(-0.215535400655342,0.110257999154341,-0.02));
#13793=CARTESIAN_POINT('',(-0.215535400655342,0.106939159949824,-0.02));
#13794=CARTESIAN_POINT('',(-0.215535400655342,0.106939159949824,-0.02));
#13795=CARTESIAN_POINT('',(-0.225729416506307,0.106776288382528,-0.02));
#13796=CARTESIAN_POINT('',(-0.225729416506307,0.106776288382528,-0.015));
#13797=CARTESIAN_POINT('',(-0.22577325614246,0.103716806717721,-0.02));
#13798=CARTESIAN_POINT('',(-0.22577325614246,0.103716806717721,-0.015));
#13799=CARTESIAN_POINT('',(-0.223607872087297,0.101554987607658,-0.02));
#13800=CARTESIAN_POINT('',(-0.223607872087297,0.101554987607658,-0.015));
#13801=CARTESIAN_POINT('',(-0.220548466809644,0.101603868258802,-0.02));
#13802=CARTESIAN_POINT('',(-0.220548466809644,0.101603868258802,-0.015));
#13803=CARTESIAN_POINT('',(-0.21748906153199,0.101652748909945,-0.02));
#13804=CARTESIAN_POINT('',(-0.21748906153199,0.101652748909945,-0.015));
#13805=CARTESIAN_POINT('',(-0.215393844601976,0.103882640384249,-0.02));
#13806=CARTESIAN_POINT('',(-0.215393844601976,0.103882640384249,-0.015));
#13807=CARTESIAN_POINT('',(-0.215535400655342,0.106939159949824,-0.02));
#13808=CARTESIAN_POINT('',(-0.215535400655342,0.106939159949824,-0.015));
#13809=CARTESIAN_POINT('',(-0.220629940000016,0.10670321744467,-0.02));
#13810=CARTESIAN_POINT('',(-0.21552994,0.10670321744467,-0.02));
#13811=CARTESIAN_POINT('',(-0.220629940000016,0.10670321744467,-0.02));
#13812=CARTESIAN_POINT('',(-0.22997994,0.0932302100104183,-0.02));
#13813=CARTESIAN_POINT('',(-0.22997994,0.165176224878923,-0.02));
#13814=CARTESIAN_POINT('',(-0.21127994,0.0932302100104183,-0.02));
#13815=CARTESIAN_POINT('',(-0.21127994,0.165176224878923,-0.02));
#13816=CARTESIAN_POINT('',(-0.225729939999948,-0.151703187731759,-0.005));
#13817=CARTESIAN_POINT('',(-0.225729939999948,-0.151703187731759,-8.13151629364128E-20));
#13818=CARTESIAN_POINT('',(-0.225729957726454,-0.154745810326929,-0.005));
#13819=CARTESIAN_POINT('',(-0.225729957726454,-0.154745810326929,0.));
#13820=CARTESIAN_POINT('',(-0.223553760253306,-0.156872243212027,-0.005));
#13821=CARTESIAN_POINT('',(-0.223553760253306,-0.156872243212027,0.));
#13822=CARTESIAN_POINT('',(-0.220511952008786,-0.156801852441815,-0.005));
#13823=CARTESIAN_POINT('',(-0.220511952008786,-0.156801852441815,-8.13151629364128E-20));
#13824=CARTESIAN_POINT('',(-0.217470143764267,-0.156731461671602,-0.005));
#13825=CARTESIAN_POINT('',(-0.217470143764267,-0.156731461671602,0.));
#13826=CARTESIAN_POINT('',(-0.215394639087235,-0.154506639747812,-0.005));
#13827=CARTESIAN_POINT('',(-0.215394639087235,-0.154506639747812,0.));
#13828=CARTESIAN_POINT('',(-0.215535400655343,-0.151467274939517,-0.005));
#13829=CARTESIAN_POINT('',(-0.215535400655343,-0.151467274939517,-8.13151629364128E-20));
#13830=CARTESIAN_POINT('',(-0.215535400655342,-0.151467274939517,-0.005));
#13831=CARTESIAN_POINT('',(-0.215535400655342,-0.151467274939517,-0.005));
#13832=CARTESIAN_POINT('',(-0.220629940000018,-0.15170321744467,-0.005));
#13833=CARTESIAN_POINT('',(-0.21552994,-0.15170321744467,-0.005));
#13834=CARTESIAN_POINT('',(-0.220629940000018,-0.15170321744467,-0.005));
#13835=CARTESIAN_POINT('',(-0.225729939999956,-0.151703187731759,-0.005));
#13836=CARTESIAN_POINT('',(-0.225729939999956,-0.151703187731759,-0.005));
#13837=CARTESIAN_POINT('',(-0.225729390331588,-0.104529943415066,-0.00525));
#13838=CARTESIAN_POINT('',(-0.225729390331588,-0.104529943415066,0.000250000000000002));
#13839=CARTESIAN_POINT('',(-0.225729966174686,-0.15394953269922,-0.00525));
#13840=CARTESIAN_POINT('',(-0.225729966174686,-0.15394953269922,0.000250000000000002));
#13841=CARTESIAN_POINT('',(-0.22572967782882,-0.129203322589076,-0.005));
#13842=CARTESIAN_POINT('',(-0.225729416506274,-0.106776288382528,-0.005));
#13843=CARTESIAN_POINT('',(-0.225729416506274,-0.106776288382528,-0.005));
#13844=CARTESIAN_POINT('',(-0.215535400655338,-0.106939159949824,-0.005));
#13845=CARTESIAN_POINT('',(-0.215535400655338,-0.106939159949824,5.14996031930615E-19));
#13846=CARTESIAN_POINT('',(-0.215393844601971,-0.103882640384259,-0.005));
#13847=CARTESIAN_POINT('',(-0.215393844601971,-0.103882640384259,-2.71886148408515E-19));
#13848=CARTESIAN_POINT('',(-0.217489061531979,-0.101652748909962,-0.005));
#13849=CARTESIAN_POINT('',(-0.217489061531979,-0.101652748909962,-2.71886148408515E-19));
#13850=CARTESIAN_POINT('',(-0.220548466809622,-0.101603868258818,-0.005));
#13851=CARTESIAN_POINT('',(-0.220548466809622,-0.101603868258818,5.14996031930615E-19));
#13852=CARTESIAN_POINT('',(-0.223607872087266,-0.101554987607674,-0.005));
#13853=CARTESIAN_POINT('',(-0.223607872087266,-0.101554987607674,-1.69928842755322E-19));
#13854=CARTESIAN_POINT('',(-0.225773256142422,-0.10371680671773,-0.005));
#13855=CARTESIAN_POINT('',(-0.225773256142422,-0.10371680671773,-1.69928842755322E-19));
#13856=CARTESIAN_POINT('',(-0.225729416506269,-0.106776288382528,-0.005));
#13857=CARTESIAN_POINT('',(-0.22572941650627,-0.106776288382528,5.14996031930615E-19));
#13858=CARTESIAN_POINT('',(-0.220629939999996,-0.10670321744467,-0.005));
#13859=CARTESIAN_POINT('',(-0.215529939999996,-0.10670321744467,-0.005));
#13860=CARTESIAN_POINT('',(-0.220629939999996,-0.10670321744467,-0.005));
#13861=CARTESIAN_POINT('',(-0.215535400655342,-0.106939159949824,-0.005));
#13862=CARTESIAN_POINT('',(-0.215535400655342,-0.106939159949824,-0.005));
#13863=CARTESIAN_POINT('',(-0.215535400655342,-0.153693680689002,-0.00525));
#13864=CARTESIAN_POINT('',(-0.215535400655342,-0.104712754200339,-0.00525));
#13865=CARTESIAN_POINT('',(-0.215535400655342,-0.153693680689002,0.00025));
#13866=CARTESIAN_POINT('',(-0.215535400655342,-0.104712754200339,0.00025));
#13867=CARTESIAN_POINT('',(-0.215535400655342,-0.110257999154341,-0.005));
#13868=CARTESIAN_POINT('',(-0.22997994,-0.165176224878923,-0.005));
#13869=CARTESIAN_POINT('',(-0.22997994,-0.0932302100104183,-0.005));
#13870=CARTESIAN_POINT('',(-0.21127994,-0.165176224878923,-0.005));
#13871=CARTESIAN_POINT('',(-0.21127994,-0.0932302100104183,-0.005));
#13872=CARTESIAN_POINT('',(-0.26104244,-0.0206375,0.015));
#13873=CARTESIAN_POINT('',(-0.26104244,-0.0206375,-0.015));
#13874=CARTESIAN_POINT('',(-0.26104244,-0.0106375,0.015));
#13875=CARTESIAN_POINT('',(-0.26104244,-0.0106375,-0.015));
#13876=CARTESIAN_POINT('',(-0.25104244,-0.0106375,0.015));
#13877=CARTESIAN_POINT('',(-0.25104244,-0.0106375,-0.015));
#13878=CARTESIAN_POINT('',(-0.25104244,-0.0206375,0.015));
#13879=CARTESIAN_POINT('',(-0.25104244,-0.0206375,-0.015));
#13880=CARTESIAN_POINT('',(-0.25604244,-0.0206375,-0.015));
#13881=CARTESIAN_POINT('',(-0.261102620786314,-0.0155599593183049,-0.015));
#13882=CARTESIAN_POINT('',(-0.261102620786314,-0.0257366034271002,-0.015));
#13883=CARTESIAN_POINT('',(-0.250952128161344,-0.0155599593183049,-0.015));
#13884=CARTESIAN_POINT('',(-0.250952128161344,-0.0257366034271002,-0.015));
#13885=CARTESIAN_POINT('',(-0.31501744,0.0206375,0.0165));
#13886=CARTESIAN_POINT('',(-0.31501744,0.0206375,-0.0165));
#13887=CARTESIAN_POINT('',(-0.31501744,0.0306375,0.0165));
#13888=CARTESIAN_POINT('',(-0.31501744,0.0306375,-0.0165));
#13889=CARTESIAN_POINT('',(-0.30501744,0.0306375,0.0165));
#13890=CARTESIAN_POINT('',(-0.30501744,0.0306375,-0.0165));
#13891=CARTESIAN_POINT('',(-0.30501744,0.0206375,0.0165));
#13892=CARTESIAN_POINT('',(-0.30501744,0.0206375,-0.0165));
#13893=CARTESIAN_POINT('',(-0.30501744,0.0106375,0.0165));
#13894=CARTESIAN_POINT('',(-0.30501744,0.0106375,-0.0165));
#13895=CARTESIAN_POINT('',(-0.31501744,0.0106375,0.0165));
#13896=CARTESIAN_POINT('',(-0.31501744,0.0106375,-0.0165));
#13897=CARTESIAN_POINT('',(-0.31501744,0.0206375,0.0165));
#13898=CARTESIAN_POINT('',(-0.31501744,0.0206375,-0.0165));
#13899=CARTESIAN_POINT('',(-0.31001744,0.0206375,-0.015));
#13900=CARTESIAN_POINT('',(-0.31477994,0.0191148070729789,-0.015));
#13901=CARTESIAN_POINT('',(-0.31477994,0.0191148070729789,0.032));
#13902=CARTESIAN_POINT('',(-0.31477994,0.0191148070729789,0.015));
#13903=CARTESIAN_POINT('',(-0.31477994,0.0191148070729789,-0.015));
#13904=CARTESIAN_POINT('',(-0.317321862048017,0.0111644820016172,0.015));
#13905=CARTESIAN_POINT('',(-0.317321862048017,0.0111644820016172,-0.015));
#13906=CARTESIAN_POINT('',(-0.32454244,0.0138251443030338,0.015));
#13907=CARTESIAN_POINT('',(-0.32454244,0.0138251443030338,-0.015));
#13908=CARTESIAN_POINT('',(-0.32454244,0.0206375,0.015));
#13909=CARTESIAN_POINT('',(-0.32454244,0.0206375,-0.015));
#13910=CARTESIAN_POINT('',(-0.31954244,0.0206375,-0.015));
#13911=CARTESIAN_POINT('',(-0.325647555,0.0262035,-0.015));
#13912=CARTESIAN_POINT('',(-0.325647555,0.0150715,-0.015));
#13913=CARTESIAN_POINT('',(-0.303912325,0.0262035,-0.015));
#13914=CARTESIAN_POINT('',(-0.303912325,0.0150715,-0.015));
#13915=CARTESIAN_POINT('',(-0.31501744,-0.0206375,0.0165));
#13916=CARTESIAN_POINT('',(-0.31501744,-0.0206375,-0.0165));
#13917=CARTESIAN_POINT('',(-0.31501744,-0.0106375,0.0165));
#13918=CARTESIAN_POINT('',(-0.31501744,-0.0106375,-0.0165));
#13919=CARTESIAN_POINT('',(-0.30501744,-0.0106375,0.0165));
#13920=CARTESIAN_POINT('',(-0.30501744,-0.0106375,-0.0165));
#13921=CARTESIAN_POINT('',(-0.30501744,-0.0206375,0.0165));
#13922=CARTESIAN_POINT('',(-0.30501744,-0.0206375,-0.0165));
#13923=CARTESIAN_POINT('',(-0.30501744,-0.0306375,0.0165));
#13924=CARTESIAN_POINT('',(-0.30501744,-0.0306375,-0.0165));
#13925=CARTESIAN_POINT('',(-0.31501744,-0.0306375,0.0165));
#13926=CARTESIAN_POINT('',(-0.31501744,-0.0306375,-0.0165));
#13927=CARTESIAN_POINT('',(-0.31501744,-0.0206375,0.0165));
#13928=CARTESIAN_POINT('',(-0.31501744,-0.0206375,-0.0165));
#13929=CARTESIAN_POINT('',(-0.31001744,-0.0206375,-0.015));
#13930=CARTESIAN_POINT('',(-0.31477994,-0.0221601929270211,-0.015));
#13931=CARTESIAN_POINT('',(-0.31477994,-0.0221601929270211,0.032));
#13932=CARTESIAN_POINT('',(-0.31477994,-0.0221601929270211,0.015));
#13933=CARTESIAN_POINT('',(-0.31477994,-0.0221601929270211,-0.015));
#13934=CARTESIAN_POINT('',(-0.317321862048017,-0.0301105179983828,0.015));
#13935=CARTESIAN_POINT('',(-0.317321862048017,-0.0301105179983828,-0.015));
#13936=CARTESIAN_POINT('',(-0.32454244,-0.0274498556969662,0.015));
#13937=CARTESIAN_POINT('',(-0.32454244,-0.0274498556969662,-0.015));
#13938=CARTESIAN_POINT('',(-0.32454244,-0.0206375,0.015));
#13939=CARTESIAN_POINT('',(-0.32454244,-0.0206375,-0.015));
#13940=CARTESIAN_POINT('',(-0.31954244,-0.0206375,-0.015));
#13941=CARTESIAN_POINT('',(-0.325647555,-0.0150715,-0.015));
#13942=CARTESIAN_POINT('',(-0.325647555,-0.0262035,-0.015));
#13943=CARTESIAN_POINT('',(-0.303912325,-0.0150715,-0.015));
#13944=CARTESIAN_POINT('',(-0.303912325,-0.0262035,-0.015));
#13945=CARTESIAN_POINT('',(-0.26104244,0.0206375,0.015));
#13946=CARTESIAN_POINT('',(-0.26104244,0.0206375,-0.015));
#13947=CARTESIAN_POINT('',(-0.26104244,0.0306375,0.015));
#13948=CARTESIAN_POINT('',(-0.26104244,0.0306375,-0.015));
#13949=CARTESIAN_POINT('',(-0.25104244,0.0306375,0.015));
#13950=CARTESIAN_POINT('',(-0.25104244,0.0306375,-0.015));
#13951=CARTESIAN_POINT('',(-0.25104244,0.0206375,0.015));
#13952=CARTESIAN_POINT('',(-0.25104244,0.0206375,-0.015));
#13953=CARTESIAN_POINT('',(-0.25604244,0.0206375,-0.015));
#13954=CARTESIAN_POINT('',(-0.26160844,0.0262035,-0.015));
#13955=CARTESIAN_POINT('',(-0.26160844,0.0150715,-0.015));
#13956=CARTESIAN_POINT('',(-0.25047644,0.0262035,-0.015));
#13957=CARTESIAN_POINT('',(-0.25047644,0.0150715,-0.015));
#13958=CARTESIAN_POINT('',(0.,0.,0.));
#13959=CARTESIAN_POINT('',(-0.2286,0.04775,-0.02825));
#13960=CARTESIAN_POINT('',(0.2286,0.04775,-0.02825));
#13961=CARTESIAN_POINT('',(-0.2286,0.04275,-0.02825));
#13962=CARTESIAN_POINT('',(0.2286,0.04275,-0.02825));
#13963=CARTESIAN_POINT('',(-0.2286,0.04275,-0.03325));
#13964=CARTESIAN_POINT('',(0.2286,0.04275,-0.03325));
#13965=CARTESIAN_POINT('',(-0.2286,0.04775,-0.03325));
#13966=CARTESIAN_POINT('',(0.2286,0.04775,-0.03325));
#13967=CARTESIAN_POINT('',(-0.2286,0.04775,-0.03075));
#13968=CARTESIAN_POINT('',(-0.2286,0.04775,-0.02825));
#13969=CARTESIAN_POINT('',(-0.2286,0.04775,-0.03325));
#13970=CARTESIAN_POINT('',(-0.25146,0.04775,-0.02825));
#13971=CARTESIAN_POINT('',(0.25146,0.04775,-0.02825));
#13972=CARTESIAN_POINT('',(0.2286,0.04775,-0.02825));
#13973=CARTESIAN_POINT('',(0.2286,0.04775,-0.03075));
#13974=CARTESIAN_POINT('',(0.2286,0.04775,-0.03325));
#13975=CARTESIAN_POINT('',(-0.25146,0.04775,-0.03325));
#13976=CARTESIAN_POINT('',(0.25146,0.04775,-0.03325));
#13977=CARTESIAN_POINT('',(-0.25146,0.03525,-0.0264415975990358));
#13978=CARTESIAN_POINT('',(0.25146,0.03525,-0.0264415975990358));
#13979=CARTESIAN_POINT('',(-0.25146,0.03525,-0.0201614741866511));
#13980=CARTESIAN_POINT('',(0.25146,0.03525,-0.0201614741866511));
#13981=CARTESIAN_POINT('',(0.2286,0.03525,-0.0233015358928435));
#13982=CARTESIAN_POINT('',(0.2286,0.03525,-0.0261561374439274));
#13983=CARTESIAN_POINT('',(0.2286,0.03525,-0.0204469343417595));
#13984=CARTESIAN_POINT('',(-0.2286,0.03525,-0.0204469343417595));
#13985=CARTESIAN_POINT('',(-0.2286,0.03525,-0.0204469343417595));
#13986=CARTESIAN_POINT('',(-0.2286,0.03525,-0.0233015358928435));
#13987=CARTESIAN_POINT('',(-0.2286,0.03525,-0.0261561374439274));
#13988=CARTESIAN_POINT('',(-0.2286,0.03525,-0.0261561374439274));
#13989=CARTESIAN_POINT('',(-0.2286,0.03525,-0.0261561374439274));
#13990=CARTESIAN_POINT('',(0.2286,0.03525,-0.0261561374439274));
#13991=CARTESIAN_POINT('',(-0.2286,0.03525,-0.0285561374439274));
#13992=CARTESIAN_POINT('',(0.2286,0.03525,-0.0285561374439274));
#13993=CARTESIAN_POINT('',(-0.2286,0.03765,-0.0285561374439274));
#13994=CARTESIAN_POINT('',(0.2286,0.03765,-0.0285561374439274));
#13995=CARTESIAN_POINT('',(-0.2286,0.03765,-0.0261561374439274));
#13996=CARTESIAN_POINT('',(0.2286,0.03765,-0.0261561374439274));
#13997=CARTESIAN_POINT('',(0.2286,0.03645,-0.0261561374439274));
#13998=CARTESIAN_POINT('',(0.2286,0.03645,-0.0273561374439274));
#13999=CARTESIAN_POINT('',(-0.2286,0.03645,-0.0261561374439274));
#14000=CARTESIAN_POINT('',(-0.2286,0.03645,-0.0273561374439274));
#14001=CARTESIAN_POINT('',(-0.2286,0.03645,-0.0261561374439274));
#14002=CARTESIAN_POINT('',(-0.2286,0.03765,-0.0261561374439274));
#14003=CARTESIAN_POINT('',(-0.2286,0.03765,-0.0261561374439274));
#14004=CARTESIAN_POINT('',(0.2286,0.03765,-0.0261561374439274));
#14005=CARTESIAN_POINT('',(0.2286,0.03645,-0.0261561374439274));
#14006=CARTESIAN_POINT('',(-0.25146,0.03765,-0.0241875766360617));
#14007=CARTESIAN_POINT('',(0.25146,0.03765,-0.0241875766360617));
#14008=CARTESIAN_POINT('',(-0.25146,0.03765,-0.0262498784347781));
#14009=CARTESIAN_POINT('',(0.25146,0.03765,-0.0262498784347781));
#14010=CARTESIAN_POINT('',(0.2286,0.03765,-0.0252187275354199));
#14011=CARTESIAN_POINT('',(0.2286,0.03765,-0.0242813176269125));
#14012=CARTESIAN_POINT('',(-0.2286,0.03765,-0.0252187275354199));
#14013=CARTESIAN_POINT('',(-0.2286,0.03765,-0.0242813176269125));
#14014=CARTESIAN_POINT('',(-0.2286,0.03765,-0.0242813176269125));
#14015=CARTESIAN_POINT('',(-0.25146,0.0392583396637655,-0.0237865277398809));
#14016=CARTESIAN_POINT('',(0.25146,0.0392583396637655,-0.0237865277398809));
#14017=CARTESIAN_POINT('',(-0.25146,0.0385689283055245,-0.0227720897320105));
#14018=CARTESIAN_POINT('',(0.25146,0.0385689283055245,-0.0227720897320105));
#14019=CARTESIAN_POINT('',(-0.25146,0.0374357636035303,-0.0232414619199789));
#14020=CARTESIAN_POINT('',(0.25146,0.0374357636035303,-0.0232414619199789));
#14021=CARTESIAN_POINT('',(-0.25146,0.0376655921515496,-0.0244462653608767));
#14022=CARTESIAN_POINT('',(0.25146,0.0376655921515496,-0.0244462653608767));
#14023=CARTESIAN_POINT('',(0.2286,0.0385302784542789,-0.0242813176269125));
#14024=CARTESIAN_POINT('',(0.2286,0.039152729318632,-0.0236588667625594));
#14025=CARTESIAN_POINT('',(-0.2286,0.0385302784542789,-0.0242813176269125));
#14026=CARTESIAN_POINT('',(-0.2286,0.039152729318632,-0.0236588667625594));
#14027=CARTESIAN_POINT('',(-0.2286,0.039152729318632,-0.0236588667625594));
#14028=CARTESIAN_POINT('',(-0.25146,0.0389418657845636,-0.023448003228491));
#14029=CARTESIAN_POINT('',(0.25146,0.0389418657845636,-0.023448003228491));
#14030=CARTESIAN_POINT('',(-0.25146,0.0435808635340684,-0.0280870009779958));
#14031=CARTESIAN_POINT('',(0.25146,0.0435808635340684,-0.0280870009779958));
#14032=CARTESIAN_POINT('',(0.2286,0.0403116999806047,-0.0248178374245321));
#14033=CARTESIAN_POINT('',(0.2286,0.04337,-0.0278761374439274));
#14034=CARTESIAN_POINT('',(-0.2286,0.0403116999806047,-0.0248178374245321));
#14035=CARTESIAN_POINT('',(-0.2286,0.04337,-0.0278761374439274));
#14036=CARTESIAN_POINT('',(-0.2286,0.04337,-0.0278761374439274));
#14037=CARTESIAN_POINT('',(-0.25146,0.04337,-0.03391124881168));
#14038=CARTESIAN_POINT('',(0.25146,0.04337,-0.03391124881168));
#14039=CARTESIAN_POINT('',(-0.25146,0.04337,-0.0275887511883201));
#14040=CARTESIAN_POINT('',(0.25146,0.04337,-0.0275887511883201));
#14041=CARTESIAN_POINT('',(0.2286,0.04337,-0.03075));
#14042=CARTESIAN_POINT('',(0.2286,0.04337,-0.0336238625560727));
#14043=CARTESIAN_POINT('',(-0.2286,0.04337,-0.03075));
#14044=CARTESIAN_POINT('',(-0.2286,0.04337,-0.0336238625560727));
#14045=CARTESIAN_POINT('',(-0.2286,0.04337,-0.0336238625560727));
#14046=CARTESIAN_POINT('',(-0.25146,0.0389418657845637,-0.0380519967715091));
#14047=CARTESIAN_POINT('',(0.25146,0.0389418657845637,-0.0380519967715091));
#14048=CARTESIAN_POINT('',(-0.25146,0.0435808635340684,-0.0334129990220044));
#14049=CARTESIAN_POINT('',(0.25146,0.0435808635340684,-0.0334129990220044));
#14050=CARTESIAN_POINT('',(0.2286,0.0412613646593161,-0.0357324978967567));
#14051=CARTESIAN_POINT('',(0.2286,0.039152729318632,-0.0378411332374407));
#14052=CARTESIAN_POINT('',(-0.2286,0.0412613646593161,-0.0357324978967567));
#14053=CARTESIAN_POINT('',(-0.2286,0.039152729318632,-0.0378411332374407));
#14054=CARTESIAN_POINT('',(-0.2286,0.039152729318632,-0.0378411332374407));
#14055=CARTESIAN_POINT('',(-0.25146,0.0376655921515496,-0.0370537346391234));
#14056=CARTESIAN_POINT('',(0.25146,0.0376655921515496,-0.0370537346391234));
#14057=CARTESIAN_POINT('',(-0.25146,0.0374357636035304,-0.0382585380800212));
#14058=CARTESIAN_POINT('',(0.25146,0.0374357636035304,-0.0382585380800212));
#14059=CARTESIAN_POINT('',(-0.25146,0.0385689283055245,-0.0387279102679896));
#14060=CARTESIAN_POINT('',(0.25146,0.0385689283055245,-0.0387279102679896));
#14061=CARTESIAN_POINT('',(-0.25146,0.0392583396637655,-0.0377134722601192));
#14062=CARTESIAN_POINT('',(0.25146,0.0392583396637655,-0.0377134722601192));
#14063=CARTESIAN_POINT('',(0.2286,0.038530278454279,-0.0372186823730876));
#14064=CARTESIAN_POINT('',(0.2286,0.03765,-0.0372186823730876));
#14065=CARTESIAN_POINT('',(0.2286,0.038530278454279,-0.0380989608273666));
#14066=CARTESIAN_POINT('',(0.2286,0.038530278454279,-0.0372186823730876));
#14067=CARTESIAN_POINT('',(-0.2286,0.038530278454279,-0.0372186823730876));
#14068=CARTESIAN_POINT('',(-0.2286,0.038530278454279,-0.0380989608273666));
#14069=CARTESIAN_POINT('',(-0.2286,0.038530278454279,-0.0372186823730876));
#14070=CARTESIAN_POINT('',(-0.2286,0.03765,-0.0372186823730876));
#14071=CARTESIAN_POINT('',(-0.2286,0.03765,-0.0372186823730876));
#14072=CARTESIAN_POINT('',(-0.25146,0.03765,-0.0373124233639384));
#14073=CARTESIAN_POINT('',(0.25146,0.03765,-0.0373124233639384));
#14074=CARTESIAN_POINT('',(-0.25146,0.03765,-0.035250121565222));
#14075=CARTESIAN_POINT('',(0.25146,0.03765,-0.035250121565222));
#14076=CARTESIAN_POINT('',(0.2286,0.03765,-0.0362812724645801));
#14077=CARTESIAN_POINT('',(0.2286,0.03765,-0.0353438625560727));
#14078=CARTESIAN_POINT('',(-0.2286,0.03765,-0.0362812724645801));
#14079=CARTESIAN_POINT('',(-0.2286,0.03765,-0.0353438625560727));
#14080=CARTESIAN_POINT('',(-0.2286,0.03765,-0.0353438625560727));
#14081=CARTESIAN_POINT('',(-0.2286,0.03765,-0.0353438625560727));
#14082=CARTESIAN_POINT('',(0.2286,0.03765,-0.0353438625560727));
#14083=CARTESIAN_POINT('',(-0.2286,0.0379660305200608,-0.0329438625560725));
#14084=CARTESIAN_POINT('',(0.2286,0.0379660305200608,-0.0329438625560726));
#14085=CARTESIAN_POINT('',(-0.2286,0.0355660305200607,-0.0326278320360118));
#14086=CARTESIAN_POINT('',(0.2286,0.0355660305200607,-0.0326278320360118));
#14087=CARTESIAN_POINT('',(-0.2286,0.03525,-0.035027832036012));
#14088=CARTESIAN_POINT('',(0.2286,0.03525,-0.035027832036012));
#14089=CARTESIAN_POINT('',(0.2286,0.03645,-0.0351858472960423));
#14090=CARTESIAN_POINT('',(0.2286,0.03525,-0.035027832036012));
#14091=CARTESIAN_POINT('',(-0.2286,0.03645,-0.0351858472960423));
#14092=CARTESIAN_POINT('',(-0.2286,0.03525,-0.035027832036012));
#14093=CARTESIAN_POINT('',(-0.2286,0.03525,-0.035027832036012));
#14094=CARTESIAN_POINT('',(-0.25146,0.03525,-0.0413543273393519));
#14095=CARTESIAN_POINT('',(0.25146,0.03525,-0.0413543273393519));
#14096=CARTESIAN_POINT('',(-0.25146,0.03525,-0.0347265703549005));
#14097=CARTESIAN_POINT('',(0.25146,0.03525,-0.0347265703549005));
#14098=CARTESIAN_POINT('',(0.2286,0.03525,-0.0380404488471262));
#14099=CARTESIAN_POINT('',(0.2286,0.03525,-0.0410530656582405));
#14100=CARTESIAN_POINT('',(-0.2286,0.03525,-0.0380404488471262));
#14101=CARTESIAN_POINT('',(-0.2286,0.03525,-0.0410530656582405));
#14102=CARTESIAN_POINT('',(-0.2286,0.03525,-0.0410530656582405));
#14103=CARTESIAN_POINT('',(-0.25146,0.0352889137471612,-0.0406414012132231));
#14104=CARTESIAN_POINT('',(0.25146,0.0352889137471612,-0.0406414012132231));
#14105=CARTESIAN_POINT('',(-0.25146,0.0349683365940924,-0.0423219255015198));
#14106=CARTESIAN_POINT('',(0.25146,0.0349683365940924,-0.0423219255015198));
#14107=CARTESIAN_POINT('',(-0.25146,0.0361780744984802,-0.0435316634059076));
#14108=CARTESIAN_POINT('',(0.25146,0.0361780744984802,-0.0435316634059076));
#14109=CARTESIAN_POINT('',(-0.25146,0.037858598786777,-0.0432110862528389));
#14110=CARTESIAN_POINT('',(0.25146,0.037858598786777,-0.0432110862528389));
#14111=CARTESIAN_POINT('',(0.2286,0.0374469343417595,-0.0410530656582405));
#14112=CARTESIAN_POINT('',(0.2286,0.0374469343417595,-0.04325));
#14113=CARTESIAN_POINT('',(-0.2286,0.0374469343417595,-0.0410530656582405));
#14114=CARTESIAN_POINT('',(-0.2286,0.0374469343417595,-0.04325));
#14115=CARTESIAN_POINT('',(-0.2286,0.0374469343417595,-0.04325));
#14116=CARTESIAN_POINT('',(-0.25146,0.0371614741866512,-0.04325));
#14117=CARTESIAN_POINT('',(-0.25146,0.0434415975990358,-0.04325));
#14118=CARTESIAN_POINT('',(0.25146,0.0371614741866512,-0.04325));
#14119=CARTESIAN_POINT('',(0.25146,0.0434415975990358,-0.04325));
#14120=CARTESIAN_POINT('',(0.2286,0.0403015358928435,-0.04325));
#14121=CARTESIAN_POINT('',(0.2286,0.0431561374439274,-0.04325));
#14122=CARTESIAN_POINT('',(-0.2286,0.0403015358928435,-0.04325));
#14123=CARTESIAN_POINT('',(-0.2286,0.0431561374439274,-0.04325));
#14124=CARTESIAN_POINT('',(-0.2286,0.0431561374439274,-0.04325));
#14125=CARTESIAN_POINT('',(-0.2286,0.0431561374439274,-0.04325));
#14126=CARTESIAN_POINT('',(0.2286,0.0431561374439274,-0.04325));
#14127=CARTESIAN_POINT('',(-0.2286,0.0455561374439274,-0.04325));
#14128=CARTESIAN_POINT('',(0.2286,0.0455561374439274,-0.04325));
#14129=CARTESIAN_POINT('',(-0.2286,0.0455561374439274,-0.04085));
#14130=CARTESIAN_POINT('',(0.2286,0.0455561374439274,-0.04085));
#14131=CARTESIAN_POINT('',(-0.2286,0.0431561374439274,-0.04085));
#14132=CARTESIAN_POINT('',(0.2286,0.0431561374439274,-0.04085));
#14133=CARTESIAN_POINT('',(0.2286,0.0431561374439274,-0.04205));
#14134=CARTESIAN_POINT('',(0.2286,0.0431561374439274,-0.04085));
#14135=CARTESIAN_POINT('',(-0.2286,0.0431561374439274,-0.04205));
#14136=CARTESIAN_POINT('',(-0.2286,0.0431561374439274,-0.04085));
#14137=CARTESIAN_POINT('',(-0.2286,0.0431561374439274,-0.04085));
#14138=CARTESIAN_POINT('',(0.25146,0.0411875766360617,-0.04085));
#14139=CARTESIAN_POINT('',(0.25146,0.0432498784347782,-0.04085));
#14140=CARTESIAN_POINT('',(-0.25146,0.0411875766360617,-0.04085));
#14141=CARTESIAN_POINT('',(-0.25146,0.0432498784347782,-0.04085));
#14142=CARTESIAN_POINT('',(0.2286,0.0422187275354199,-0.04085));
#14143=CARTESIAN_POINT('',(0.2286,0.0412813176269125,-0.04085));
#14144=CARTESIAN_POINT('',(-0.2286,0.0422187275354199,-0.04085));
#14145=CARTESIAN_POINT('',(-0.2286,0.0412813176269125,-0.04085));
#14146=CARTESIAN_POINT('',(-0.2286,0.0412813176269125,-0.04085));
#14147=CARTESIAN_POINT('',(-0.25146,0.0407865277398809,-0.0392416603362345));
#14148=CARTESIAN_POINT('',(0.25146,0.0407865277398809,-0.0392416603362345));
#14149=CARTESIAN_POINT('',(-0.25146,0.0397720897320105,-0.0399310716944756));
#14150=CARTESIAN_POINT('',(0.25146,0.0397720897320105,-0.0399310716944756));
#14151=CARTESIAN_POINT('',(-0.25146,0.040241461919979,-0.0410642363964697));
#14152=CARTESIAN_POINT('',(0.25146,0.040241461919979,-0.0410642363964697));
#14153=CARTESIAN_POINT('',(-0.25146,0.0414462653608767,-0.0408344078484504));
#14154=CARTESIAN_POINT('',(0.25146,0.0414462653608767,-0.0408344078484504));
#14155=CARTESIAN_POINT('',(0.2286,0.0412813176269125,-0.0399697215457211));
#14156=CARTESIAN_POINT('',(0.2286,0.0406588667625594,-0.039347270681368));
#14157=CARTESIAN_POINT('',(-0.2286,0.0412813176269125,-0.0399697215457211));
#14158=CARTESIAN_POINT('',(-0.2286,0.0406588667625594,-0.039347270681368));
#14159=CARTESIAN_POINT('',(-0.2286,0.0406588667625594,-0.039347270681368));
#14160=CARTESIAN_POINT('',(-0.25146,0.040448003228491,-0.0395581342154364));
#14161=CARTESIAN_POINT('',(0.25146,0.040448003228491,-0.0395581342154364));
#14162=CARTESIAN_POINT('',(-0.25146,0.0450870009779958,-0.0349191364659316));
#14163=CARTESIAN_POINT('',(0.25146,0.0450870009779958,-0.0349191364659316));
#14164=CARTESIAN_POINT('',(0.2286,0.0427675021032434,-0.037238635340684));
#14165=CARTESIAN_POINT('',(0.2286,0.0448761374439274,-0.03513));
#14166=CARTESIAN_POINT('',(-0.2286,0.0427675021032434,-0.037238635340684));
#14167=CARTESIAN_POINT('',(-0.2286,0.0448761374439274,-0.03513));
#14168=CARTESIAN_POINT('',(-0.2286,0.0448761374439274,-0.03513));
#14169=CARTESIAN_POINT('',(-0.25146,0.0445887511883201,-0.03513));
#14170=CARTESIAN_POINT('',(-0.25146,0.0509112488116801,-0.03513));
#14171=CARTESIAN_POINT('',(0.25146,0.0445887511883201,-0.03513));
#14172=CARTESIAN_POINT('',(0.25146,0.0509112488116801,-0.03513));
#14173=CARTESIAN_POINT('',(0.2286,0.04775,-0.03513));
#14174=CARTESIAN_POINT('',(0.2286,0.0506238625560728,-0.03513));
#14175=CARTESIAN_POINT('',(-0.2286,0.04775,-0.03513));
#14176=CARTESIAN_POINT('',(-0.2286,0.0506238625560728,-0.03513));
#14177=CARTESIAN_POINT('',(-0.2286,0.0506238625560728,-0.03513));
#14178=CARTESIAN_POINT('',(-0.25146,0.0550519967715091,-0.0395581342154364));
#14179=CARTESIAN_POINT('',(0.25146,0.0550519967715091,-0.0395581342154364));
#14180=CARTESIAN_POINT('',(-0.25146,0.0504129990220044,-0.0349191364659316));
#14181=CARTESIAN_POINT('',(0.25146,0.0504129990220044,-0.0349191364659316));
#14182=CARTESIAN_POINT('',(0.2286,0.0527324978967567,-0.037238635340684));
#14183=CARTESIAN_POINT('',(0.2286,0.0548411332374407,-0.039347270681368));
#14184=CARTESIAN_POINT('',(-0.2286,0.0527324978967567,-0.037238635340684));
#14185=CARTESIAN_POINT('',(-0.2286,0.0548411332374407,-0.039347270681368));
#14186=CARTESIAN_POINT('',(-0.2286,0.0548411332374407,-0.039347270681368));
#14187=CARTESIAN_POINT('',(-0.25146,0.0540537346391234,-0.0408344078484504));
#14188=CARTESIAN_POINT('',(0.25146,0.0540537346391234,-0.0408344078484504));
#14189=CARTESIAN_POINT('',(-0.25146,0.0552585380800213,-0.0410642363964697));
#14190=CARTESIAN_POINT('',(0.25146,0.0552585380800213,-0.0410642363964697));
#14191=CARTESIAN_POINT('',(-0.25146,0.0557279102679897,-0.0399310716944755));
#14192=CARTESIAN_POINT('',(0.25146,0.0557279102679897,-0.0399310716944755));
#14193=CARTESIAN_POINT('',(-0.25146,0.0547134722601192,-0.0392416603362345));
#14194=CARTESIAN_POINT('',(0.25146,0.0547134722601192,-0.0392416603362345));
#14195=CARTESIAN_POINT('',(0.2286,0.0542186823730877,-0.0399697215457211));
#14196=CARTESIAN_POINT('',(0.2286,0.0542186823730877,-0.04085));
#14197=CARTESIAN_POINT('',(-0.2286,0.0542186823730877,-0.0399697215457211));
#14198=CARTESIAN_POINT('',(-0.2286,0.0542186823730877,-0.04085));
#14199=CARTESIAN_POINT('',(-0.2286,0.0542186823730877,-0.04085));
#14200=CARTESIAN_POINT('',(-0.25146,0.0522501215652219,-0.04085));
#14201=CARTESIAN_POINT('',(-0.25146,0.0543124233639385,-0.04085));
#14202=CARTESIAN_POINT('',(0.25146,0.0522501215652219,-0.04085));
#14203=CARTESIAN_POINT('',(0.25146,0.0543124233639385,-0.04085));
#14204=CARTESIAN_POINT('',(0.2286,0.0532812724645802,-0.04085));
#14205=CARTESIAN_POINT('',(0.2286,0.0523438625560727,-0.04085));
#14206=CARTESIAN_POINT('',(-0.2286,0.0532812724645802,-0.04085));
#14207=CARTESIAN_POINT('',(-0.2286,0.0523438625560727,-0.04085));
#14208=CARTESIAN_POINT('',(-0.2286,0.0523438625560727,-0.04085));
#14209=CARTESIAN_POINT('',(-0.2286,0.0523438625560727,-0.04085));
#14210=CARTESIAN_POINT('',(0.2286,0.0523438625560727,-0.04085));
#14211=CARTESIAN_POINT('',(-0.2286,0.0499438625560725,-0.0405339694799392));
#14212=CARTESIAN_POINT('',(0.2286,0.0499438625560725,-0.0405339694799392));
#14213=CARTESIAN_POINT('',(-0.2286,0.0496278320360117,-0.0429339694799394));
#14214=CARTESIAN_POINT('',(0.2286,0.0496278320360117,-0.0429339694799394));
#14215=CARTESIAN_POINT('',(-0.2286,0.052027832036012,-0.04325));
#14216=CARTESIAN_POINT('',(0.2286,0.052027832036012,-0.04325));
#14217=CARTESIAN_POINT('',(0.2286,0.0521858472960423,-0.04205));
#14218=CARTESIAN_POINT('',(0.2286,0.052027832036012,-0.04325));
#14219=CARTESIAN_POINT('',(-0.2286,0.0521858472960423,-0.04205));
#14220=CARTESIAN_POINT('',(-0.2286,0.052027832036012,-0.04325));
#14221=CARTESIAN_POINT('',(-0.2286,0.052027832036012,-0.04325));
#14222=CARTESIAN_POINT('',(-0.25146,0.0517265703549006,-0.04325));
#14223=CARTESIAN_POINT('',(-0.25146,0.0583543273393519,-0.04325));
#14224=CARTESIAN_POINT('',(0.25146,0.0517265703549006,-0.04325));
#14225=CARTESIAN_POINT('',(0.25146,0.0583543273393519,-0.04325));
#14226=CARTESIAN_POINT('',(0.2286,0.0550404488471262,-0.04325));
#14227=CARTESIAN_POINT('',(0.2286,0.0580530656582405,-0.04325));
#14228=CARTESIAN_POINT('',(-0.2286,0.0550404488471262,-0.04325));
#14229=CARTESIAN_POINT('',(-0.2286,0.0580530656582405,-0.04325));
#14230=CARTESIAN_POINT('',(-0.2286,0.0580530656582405,-0.04325));
#14231=CARTESIAN_POINT('',(-0.25146,0.0576414012132231,-0.0432110862528389));
#14232=CARTESIAN_POINT('',(0.25146,0.0576414012132231,-0.0432110862528389));
#14233=CARTESIAN_POINT('',(-0.25146,0.0593219255015198,-0.0435316634059076));
#14234=CARTESIAN_POINT('',(0.25146,0.0593219255015198,-0.0435316634059076));
#14235=CARTESIAN_POINT('',(-0.25146,0.0605316634059076,-0.0423219255015198));
#14236=CARTESIAN_POINT('',(0.25146,0.0605316634059076,-0.0423219255015198));
#14237=CARTESIAN_POINT('',(-0.25146,0.0602110862528389,-0.0406414012132231));
#14238=CARTESIAN_POINT('',(0.25146,0.0602110862528389,-0.0406414012132231));
#14239=CARTESIAN_POINT('',(0.2286,0.0580530656582405,-0.0410530656582405));
#14240=CARTESIAN_POINT('',(0.2286,0.06025,-0.0410530656582405));
#14241=CARTESIAN_POINT('',(-0.2286,0.0580530656582405,-0.0410530656582405));
#14242=CARTESIAN_POINT('',(-0.2286,0.06025,-0.0410530656582405));
#14243=CARTESIAN_POINT('',(-0.2286,0.06025,-0.0410530656582405));
#14244=CARTESIAN_POINT('',(-0.25146,0.06025,-0.0413385258133489));
#14245=CARTESIAN_POINT('',(0.25146,0.06025,-0.0413385258133489));
#14246=CARTESIAN_POINT('',(-0.25146,0.06025,-0.0350584024009642));
#14247=CARTESIAN_POINT('',(0.25146,0.06025,-0.0350584024009642));
#14248=CARTESIAN_POINT('',(0.2286,0.06025,-0.0381984641071566));
#14249=CARTESIAN_POINT('',(0.2286,0.06025,-0.0353438625560726));
#14250=CARTESIAN_POINT('',(-0.2286,0.06025,-0.0381984641071566));
#14251=CARTESIAN_POINT('',(-0.2286,0.06025,-0.0353438625560726));
#14252=CARTESIAN_POINT('',(-0.2286,0.06025,-0.0353438625560726));
#14253=CARTESIAN_POINT('',(-0.2286,0.06025,-0.0353438625560726));
#14254=CARTESIAN_POINT('',(0.2286,0.06025,-0.0353438625560726));
#14255=CARTESIAN_POINT('',(-0.2286,0.06025,-0.0329438625560726));
#14256=CARTESIAN_POINT('',(0.2286,0.06025,-0.0329438625560726));
#14257=CARTESIAN_POINT('',(-0.2286,0.05785,-0.0329438625560726));
#14258=CARTESIAN_POINT('',(0.2286,0.05785,-0.0329438625560726));
#14259=CARTESIAN_POINT('',(-0.2286,0.05785,-0.0353438625560726));
#14260=CARTESIAN_POINT('',(0.2286,0.05785,-0.0353438625560726));
#14261=CARTESIAN_POINT('',(0.2286,0.05905,-0.0353438625560726));
#14262=CARTESIAN_POINT('',(0.2286,0.05785,-0.0353438625560726));
#14263=CARTESIAN_POINT('',(-0.2286,0.05905,-0.0353438625560726));
#14264=CARTESIAN_POINT('',(-0.2286,0.05785,-0.0353438625560726));
#14265=CARTESIAN_POINT('',(-0.2286,0.05785,-0.0353438625560726));
#14266=CARTESIAN_POINT('',(-0.25146,0.05785,-0.0373124233639383));
#14267=CARTESIAN_POINT('',(0.25146,0.05785,-0.0373124233639383));
#14268=CARTESIAN_POINT('',(-0.25146,0.05785,-0.0352501215652219));
#14269=CARTESIAN_POINT('',(0.25146,0.05785,-0.0352501215652219));
#14270=CARTESIAN_POINT('',(0.2286,0.05785,-0.0362812724645801));
#14271=CARTESIAN_POINT('',(0.2286,0.05785,-0.0372186823730876));
#14272=CARTESIAN_POINT('',(-0.2286,0.05785,-0.0362812724645801));
#14273=CARTESIAN_POINT('',(-0.2286,0.05785,-0.0372186823730876));
#14274=CARTESIAN_POINT('',(-0.2286,0.05785,-0.0372186823730876));
#14275=CARTESIAN_POINT('',(-0.25146,0.0562416603362346,-0.0377134722601192));
#14276=CARTESIAN_POINT('',(0.25146,0.0562416603362346,-0.0377134722601192));
#14277=CARTESIAN_POINT('',(-0.25146,0.0569310716944756,-0.0387279102679895));
#14278=CARTESIAN_POINT('',(0.25146,0.0569310716944756,-0.0387279102679895));
#14279=CARTESIAN_POINT('',(-0.25146,0.0580642363964697,-0.0382585380800211));
#14280=CARTESIAN_POINT('',(0.25146,0.0580642363964697,-0.0382585380800211));
#14281=CARTESIAN_POINT('',(-0.25146,0.0578344078484504,-0.0370537346391233));
#14282=CARTESIAN_POINT('',(0.25146,0.0578344078484504,-0.0370537346391233));
#14283=CARTESIAN_POINT('',(0.2286,0.0569697215457211,-0.0372186823730876));
#14284=CARTESIAN_POINT('',(0.2286,0.0563472706813681,-0.0378411332374406));
#14285=CARTESIAN_POINT('',(0.2286,0.0569697215457211,-0.0380989608273665));
#14286=CARTESIAN_POINT('',(0.2286,0.0569697215457211,-0.0372186823730876));
#14287=CARTESIAN_POINT('',(-0.2286,0.0569697215457211,-0.0372186823730876));
#14288=CARTESIAN_POINT('',(-0.2286,0.0569697215457211,-0.0380989608273665));
#14289=CARTESIAN_POINT('',(-0.2286,0.0569697215457211,-0.0372186823730876));
#14290=CARTESIAN_POINT('',(-0.2286,0.0563472706813681,-0.0378411332374406));
#14291=CARTESIAN_POINT('',(-0.2286,0.0563472706813681,-0.0378411332374406));
#14292=CARTESIAN_POINT('',(-0.25146,0.0565581342154365,-0.0380519967715091));
#14293=CARTESIAN_POINT('',(0.25146,0.0565581342154365,-0.0380519967715091));
#14294=CARTESIAN_POINT('',(-0.25146,0.0519191364659316,-0.0334129990220042));
#14295=CARTESIAN_POINT('',(0.25146,0.0519191364659316,-0.0334129990220042));
#14296=CARTESIAN_POINT('',(0.2286,0.054238635340684,-0.0357324978967566));
#14297=CARTESIAN_POINT('',(0.2286,0.05213,-0.0336238625560726));
#14298=CARTESIAN_POINT('',(-0.2286,0.054238635340684,-0.0357324978967566));
#14299=CARTESIAN_POINT('',(-0.2286,0.05213,-0.0336238625560726));
#14300=CARTESIAN_POINT('',(-0.2286,0.05213,-0.0336238625560726));
#14301=CARTESIAN_POINT('',(-0.25146,0.05213,-0.0339112488116799));
#14302=CARTESIAN_POINT('',(0.25146,0.05213,-0.0339112488116799));
#14303=CARTESIAN_POINT('',(-0.25146,0.05213,-0.02758875118832));
#14304=CARTESIAN_POINT('',(0.25146,0.05213,-0.02758875118832));
#14305=CARTESIAN_POINT('',(0.2286,0.05213,-0.03075));
#14306=CARTESIAN_POINT('',(0.2286,0.05213,-0.0278761374439273));
#14307=CARTESIAN_POINT('',(-0.2286,0.05213,-0.03075));
#14308=CARTESIAN_POINT('',(-0.2286,0.05213,-0.0278761374439273));
#14309=CARTESIAN_POINT('',(-0.2286,0.05213,-0.0278761374439273));
#14310=CARTESIAN_POINT('',(-0.25146,0.0565581342154364,-0.0234480032284909));
#14311=CARTESIAN_POINT('',(0.25146,0.0565581342154364,-0.0234480032284909));
#14312=CARTESIAN_POINT('',(-0.25146,0.0519191364659316,-0.0280870009779957));
#14313=CARTESIAN_POINT('',(0.25146,0.0519191364659316,-0.0280870009779957));
#14314=CARTESIAN_POINT('',(0.2286,0.054238635340684,-0.0257675021032433));
#14315=CARTESIAN_POINT('',(0.2286,0.056347270681368,-0.0236588667625593));
#14316=CARTESIAN_POINT('',(-0.2286,0.054238635340684,-0.0257675021032433));
#14317=CARTESIAN_POINT('',(-0.2286,0.056347270681368,-0.0236588667625593));
#14318=CARTESIAN_POINT('',(-0.2286,0.056347270681368,-0.0236588667625593));
#14319=CARTESIAN_POINT('',(-0.25146,0.0578344078484504,-0.0244462653608766));
#14320=CARTESIAN_POINT('',(0.25146,0.0578344078484504,-0.0244462653608766));
#14321=CARTESIAN_POINT('',(-0.25146,0.0580642363964696,-0.0232414619199789));
#14322=CARTESIAN_POINT('',(0.25146,0.0580642363964696,-0.0232414619199789));
#14323=CARTESIAN_POINT('',(-0.25146,0.0569310716944755,-0.0227720897320104));
#14324=CARTESIAN_POINT('',(0.25146,0.0569310716944755,-0.0227720897320104));
#14325=CARTESIAN_POINT('',(-0.25146,0.0562416603362345,-0.0237865277398808));
#14326=CARTESIAN_POINT('',(0.25146,0.0562416603362345,-0.0237865277398808));
#14327=CARTESIAN_POINT('',(0.2286,0.056969721545721,-0.0242813176269124));
#14328=CARTESIAN_POINT('',(0.2286,0.05785,-0.0242813176269124));
#14329=CARTESIAN_POINT('',(-0.2286,0.056969721545721,-0.0242813176269124));
#14330=CARTESIAN_POINT('',(-0.2286,0.05785,-0.0242813176269124));
#14331=CARTESIAN_POINT('',(-0.2286,0.05785,-0.0242813176269124));
#14332=CARTESIAN_POINT('',(-0.25146,0.05785,-0.0241875766360616));
#14333=CARTESIAN_POINT('',(0.25146,0.05785,-0.0241875766360616));
#14334=CARTESIAN_POINT('',(-0.25146,0.05785,-0.026249878434778));
#14335=CARTESIAN_POINT('',(0.25146,0.05785,-0.026249878434778));
#14336=CARTESIAN_POINT('',(0.2286,0.05785,-0.0252187275354199));
#14337=CARTESIAN_POINT('',(0.2286,0.05785,-0.0261561374439273));
#14338=CARTESIAN_POINT('',(-0.2286,0.05785,-0.0252187275354199));
#14339=CARTESIAN_POINT('',(-0.2286,0.05785,-0.0261561374439273));
#14340=CARTESIAN_POINT('',(-0.2286,0.05785,-0.0261561374439273));
#14341=CARTESIAN_POINT('',(-0.2286,0.05785,-0.0261561374439273));
#14342=CARTESIAN_POINT('',(0.2286,0.05785,-0.0261561374439273));
#14343=CARTESIAN_POINT('',(-0.2286,0.0575339694799392,-0.0285561374439275));
#14344=CARTESIAN_POINT('',(0.2286,0.0575339694799392,-0.0285561374439275));
#14345=CARTESIAN_POINT('',(-0.2286,0.0599339694799394,-0.0288721679639883));
#14346=CARTESIAN_POINT('',(0.2286,0.0599339694799394,-0.0288721679639883));
#14347=CARTESIAN_POINT('',(-0.2286,0.06025,-0.026472167963988));
#14348=CARTESIAN_POINT('',(0.2286,0.06025,-0.026472167963988));
#14349=CARTESIAN_POINT('',(0.2286,0.05905,-0.0263141527039577));
#14350=CARTESIAN_POINT('',(0.2286,0.05905,-0.0275245116682334));
#14351=CARTESIAN_POINT('',(-0.2286,0.05905,-0.0263141527039577));
#14352=CARTESIAN_POINT('',(-0.2286,0.05905,-0.0275245116682334));
#14353=CARTESIAN_POINT('',(-0.2286,0.05905,-0.0263141527039577));
#14354=CARTESIAN_POINT('',(-0.2286,0.06025,-0.026472167963988));
#14355=CARTESIAN_POINT('',(-0.2286,0.06025,-0.026472167963988));
#14356=CARTESIAN_POINT('',(0.2286,0.06025,-0.026472167963988));
#14357=CARTESIAN_POINT('',(0.2286,0.05905,-0.0263141527039577));
#14358=CARTESIAN_POINT('',(-0.25146,0.06025,-0.0267734296450994));
#14359=CARTESIAN_POINT('',(0.25146,0.06025,-0.0267734296450994));
#14360=CARTESIAN_POINT('',(-0.25146,0.06025,-0.0201456726606481));
#14361=CARTESIAN_POINT('',(0.25146,0.06025,-0.0201456726606481));
#14362=CARTESIAN_POINT('',(0.2286,0.06025,-0.0234595511528738));
#14363=CARTESIAN_POINT('',(0.2286,0.06025,-0.0204469343417595));
#14364=CARTESIAN_POINT('',(-0.2286,0.06025,-0.0234595511528738));
#14365=CARTESIAN_POINT('',(-0.2286,0.06025,-0.0204469343417595));
#14366=CARTESIAN_POINT('',(-0.2286,0.06025,-0.0204469343417595));
#14367=CARTESIAN_POINT('',(-0.25146,0.0602110862528389,-0.0208585987867769));
#14368=CARTESIAN_POINT('',(0.25146,0.0602110862528389,-0.0208585987867769));
#14369=CARTESIAN_POINT('',(-0.25146,0.0605316634059076,-0.0191780744984802));
#14370=CARTESIAN_POINT('',(0.25146,0.0605316634059076,-0.0191780744984802));
#14371=CARTESIAN_POINT('',(-0.25146,0.0593219255015198,-0.0179683365940924));
#14372=CARTESIAN_POINT('',(0.25146,0.0593219255015198,-0.0179683365940924));
#14373=CARTESIAN_POINT('',(-0.25146,0.0576414012132231,-0.0182889137471611));
#14374=CARTESIAN_POINT('',(0.25146,0.0576414012132231,-0.0182889137471611));
#14375=CARTESIAN_POINT('',(0.2286,0.0580530656582405,-0.0204469343417595));
#14376=CARTESIAN_POINT('',(0.2286,0.0580530656582405,-0.01825));
#14377=CARTESIAN_POINT('',(-0.2286,0.0580530656582405,-0.0204469343417595));
#14378=CARTESIAN_POINT('',(-0.2286,0.0580530656582405,-0.01825));
#14379=CARTESIAN_POINT('',(-0.2286,0.0580530656582405,-0.01825));
#14380=CARTESIAN_POINT('',(-0.25146,0.0520584024009642,-0.01825));
#14381=CARTESIAN_POINT('',(-0.25146,0.0583385258133489,-0.01825));
#14382=CARTESIAN_POINT('',(0.25146,0.0520584024009642,-0.01825));
#14383=CARTESIAN_POINT('',(0.25146,0.0583385258133489,-0.01825));
#14384=CARTESIAN_POINT('',(0.2286,0.0551984641071565,-0.01825));
#14385=CARTESIAN_POINT('',(0.2286,0.0523438625560726,-0.01825));
#14386=CARTESIAN_POINT('',(-0.2286,0.0551984641071565,-0.01825));
#14387=CARTESIAN_POINT('',(-0.2286,0.0523438625560726,-0.01825));
#14388=CARTESIAN_POINT('',(-0.2286,0.0523438625560726,-0.01825));
#14389=CARTESIAN_POINT('',(-0.2286,0.0523438625560726,-0.01825));
#14390=CARTESIAN_POINT('',(0.2286,0.0523438625560726,-0.01825));
#14391=CARTESIAN_POINT('',(-0.2286,0.0499438625560726,-0.01825));
#14392=CARTESIAN_POINT('',(0.2286,0.0499438625560726,-0.01825));
#14393=CARTESIAN_POINT('',(-0.2286,0.0499438625560726,-0.02065));
#14394=CARTESIAN_POINT('',(0.2286,0.0499438625560726,-0.02065));
#14395=CARTESIAN_POINT('',(-0.2286,0.0523438625560726,-0.02065));
#14396=CARTESIAN_POINT('',(0.2286,0.0523438625560726,-0.02065));
#14397=CARTESIAN_POINT('',(0.2286,0.0523438625560726,-0.01945));
#14398=CARTESIAN_POINT('',(0.2286,0.0523438625560726,-0.02065));
#14399=CARTESIAN_POINT('',(-0.2286,0.0523438625560726,-0.01945));
#14400=CARTESIAN_POINT('',(-0.2286,0.0523438625560726,-0.02065));
#14401=CARTESIAN_POINT('',(-0.2286,0.0523438625560726,-0.02065));
#14402=CARTESIAN_POINT('',(-0.25146,0.0522501215652218,-0.02065));
#14403=CARTESIAN_POINT('',(-0.25146,0.0543124233639384,-0.02065));
#14404=CARTESIAN_POINT('',(0.25146,0.0522501215652218,-0.02065));
#14405=CARTESIAN_POINT('',(0.25146,0.0543124233639384,-0.02065));
#14406=CARTESIAN_POINT('',(0.2286,0.0532812724645801,-0.02065));
#14407=CARTESIAN_POINT('',(0.2286,0.0542186823730876,-0.02065));
#14408=CARTESIAN_POINT('',(-0.2286,0.0532812724645801,-0.02065));
#14409=CARTESIAN_POINT('',(-0.2286,0.0542186823730876,-0.02065));
#14410=CARTESIAN_POINT('',(-0.2286,0.0542186823730876,-0.02065));
#14411=CARTESIAN_POINT('',(-0.25146,0.0547134722601191,-0.0222583396637655));
#14412=CARTESIAN_POINT('',(0.25146,0.0547134722601191,-0.0222583396637655));
#14413=CARTESIAN_POINT('',(-0.25146,0.0557279102679896,-0.0215689283055245));
#14414=CARTESIAN_POINT('',(0.25146,0.0557279102679896,-0.0215689283055245));
#14415=CARTESIAN_POINT('',(-0.25146,0.0552585380800211,-0.0204357636035303));
#14416=CARTESIAN_POINT('',(0.25146,0.0552585380800211,-0.0204357636035303));
#14417=CARTESIAN_POINT('',(-0.25146,0.0540537346391233,-0.0206655921515496));
#14418=CARTESIAN_POINT('',(0.25146,0.0540537346391233,-0.0206655921515496));
#14419=CARTESIAN_POINT('',(0.2286,0.0542186823730876,-0.0215302784542789));
#14420=CARTESIAN_POINT('',(0.2286,0.0548411332374406,-0.022152729318632));
#14421=CARTESIAN_POINT('',(-0.2286,0.0542186823730876,-0.0215302784542789));
#14422=CARTESIAN_POINT('',(-0.2286,0.0548411332374406,-0.022152729318632));
#14423=CARTESIAN_POINT('',(-0.2286,0.0548411332374406,-0.022152729318632));
#14424=CARTESIAN_POINT('',(-0.25146,0.055051996771509,-0.0219418657845636));
#14425=CARTESIAN_POINT('',(0.25146,0.055051996771509,-0.0219418657845636));
#14426=CARTESIAN_POINT('',(-0.25146,0.0504129990220042,-0.0265808635340684));
#14427=CARTESIAN_POINT('',(0.25146,0.0504129990220042,-0.0265808635340684));
#14428=CARTESIAN_POINT('',(0.2286,0.0527324978967566,-0.024261364659316));
#14429=CARTESIAN_POINT('',(0.2286,0.0506238625560726,-0.02637));
#14430=CARTESIAN_POINT('',(-0.2286,0.0527324978967566,-0.024261364659316));
#14431=CARTESIAN_POINT('',(-0.2286,0.0506238625560726,-0.02637));
#14432=CARTESIAN_POINT('',(-0.2286,0.0506238625560726,-0.02637));
#14433=CARTESIAN_POINT('',(-0.25146,0.04458875118832,-0.02637));
#14434=CARTESIAN_POINT('',(-0.25146,0.0509112488116799,-0.02637));
#14435=CARTESIAN_POINT('',(0.25146,0.04458875118832,-0.02637));
#14436=CARTESIAN_POINT('',(0.25146,0.0509112488116799,-0.02637));
#14437=CARTESIAN_POINT('',(0.2286,0.04775,-0.02637));
#14438=CARTESIAN_POINT('',(0.2286,0.0448761374439273,-0.02637));
#14439=CARTESIAN_POINT('',(-0.2286,0.04775,-0.02637));
#14440=CARTESIAN_POINT('',(-0.2286,0.0448761374439273,-0.02637));
#14441=CARTESIAN_POINT('',(-0.2286,0.0448761374439273,-0.02637));
#14442=CARTESIAN_POINT('',(-0.25146,0.0404480032284909,-0.0219418657845637));
#14443=CARTESIAN_POINT('',(0.25146,0.0404480032284909,-0.0219418657845637));
#14444=CARTESIAN_POINT('',(-0.25146,0.0450870009779957,-0.0265808635340684));
#14445=CARTESIAN_POINT('',(0.25146,0.0450870009779957,-0.0265808635340684));
#14446=CARTESIAN_POINT('',(0.2286,0.0427675021032433,-0.0242613646593161));
#14447=CARTESIAN_POINT('',(0.2286,0.0406588667625593,-0.0221527293186321));
#14448=CARTESIAN_POINT('',(-0.2286,0.0427675021032433,-0.0242613646593161));
#14449=CARTESIAN_POINT('',(-0.2286,0.0406588667625593,-0.0221527293186321));
#14450=CARTESIAN_POINT('',(-0.2286,0.0406588667625593,-0.0221527293186321));
#14451=CARTESIAN_POINT('',(-0.25146,0.0414462653608766,-0.0206655921515497));
#14452=CARTESIAN_POINT('',(0.25146,0.0414462653608766,-0.0206655921515497));
#14453=CARTESIAN_POINT('',(-0.25146,0.0402414619199788,-0.0204357636035304));
#14454=CARTESIAN_POINT('',(0.25146,0.0402414619199788,-0.0204357636035304));
#14455=CARTESIAN_POINT('',(-0.25146,0.0397720897320104,-0.0215689283055245));
#14456=CARTESIAN_POINT('',(0.25146,0.0397720897320104,-0.0215689283055245));
#14457=CARTESIAN_POINT('',(-0.25146,0.0407865277398808,-0.0222583396637655));
#14458=CARTESIAN_POINT('',(0.25146,0.0407865277398808,-0.0222583396637655));
#14459=CARTESIAN_POINT('',(0.2286,0.0412813176269123,-0.021530278454279));
#14460=CARTESIAN_POINT('',(0.2286,0.0412813176269123,-0.02065));
#14461=CARTESIAN_POINT('',(-0.2286,0.0412813176269123,-0.021530278454279));
#14462=CARTESIAN_POINT('',(-0.2286,0.0412813176269123,-0.02065));
#14463=CARTESIAN_POINT('',(-0.2286,0.0412813176269123,-0.02065));
#14464=CARTESIAN_POINT('',(0.25146,0.0411875766360616,-0.02065));
#14465=CARTESIAN_POINT('',(0.25146,0.0432498784347781,-0.02065));
#14466=CARTESIAN_POINT('',(-0.25146,0.0411875766360616,-0.02065));
#14467=CARTESIAN_POINT('',(-0.25146,0.0432498784347781,-0.02065));
#14468=CARTESIAN_POINT('',(0.2286,0.0422187275354198,-0.02065));
#14469=CARTESIAN_POINT('',(0.2286,0.0431561374439274,-0.02065));
#14470=CARTESIAN_POINT('',(-0.2286,0.0422187275354198,-0.02065));
#14471=CARTESIAN_POINT('',(-0.2286,0.0431561374439274,-0.02065));
#14472=CARTESIAN_POINT('',(-0.2286,0.0431561374439274,-0.02065));
#14473=CARTESIAN_POINT('',(-0.25146,0.0429340787511064,-0.0205991355937254));
#14474=CARTESIAN_POINT('',(0.25146,0.0429340787511064,-0.0205991355937254));
#14475=CARTESIAN_POINT('',(-0.25146,0.0437125256633313,-0.0208566051183226));
#14476=CARTESIAN_POINT('',(0.25146,0.0437125256633313,-0.0208566051183226));
#14477=CARTESIAN_POINT('',(-0.25146,0.0444071100782426,-0.0204209187152628));
#14478=CARTESIAN_POINT('',(0.25146,0.0444071100782426,-0.0204209187152628));
#14479=CARTESIAN_POINT('',(-0.25146,0.0445141527039577,-0.0196080152600304));
#14480=CARTESIAN_POINT('',(0.25146,0.0445141527039577,-0.0196080152600304));
#14481=CARTESIAN_POINT('',(-0.25146,0.0446211953296728,-0.0187951118047979));
#14482=CARTESIAN_POINT('',(0.25146,0.0446211953296728,-0.0187951118047979));
#14483=CARTESIAN_POINT('',(-0.25146,0.0440630739898745,-0.0181944698804282));
#14484=CARTESIAN_POINT('',(0.25146,0.0440630739898745,-0.0181944698804282));
#14485=CARTESIAN_POINT('',(-0.25146,0.0432445115018032,-0.0182416461919765));
#14486=CARTESIAN_POINT('',(0.25146,0.0432445115018032,-0.0182416461919765));
#14487=CARTESIAN_POINT('',(0.2286,0.0433141527039577,-0.01945));
#14488=CARTESIAN_POINT('',(0.2286,0.0433141527039577,-0.0206603589642757));
#14489=CARTESIAN_POINT('',(-0.2286,0.0433141527039577,-0.01945));
#14490=CARTESIAN_POINT('',(-0.2286,0.0433141527039577,-0.0206603589642757));
#14491=CARTESIAN_POINT('',(-0.2286,0.0433141527039577,-0.01945));
#14492=CARTESIAN_POINT('',(-0.2286,0.043472167963988,-0.01825));
#14493=CARTESIAN_POINT('',(-0.2286,0.043472167963988,-0.01825));
#14494=CARTESIAN_POINT('',(0.2286,0.043472167963988,-0.01825));
#14495=CARTESIAN_POINT('',(0.2286,0.0433141527039577,-0.01945));
#14496=CARTESIAN_POINT('',(-0.25146,0.0371456726606481,-0.01825));
#14497=CARTESIAN_POINT('',(-0.25146,0.0437734296450995,-0.01825));
#14498=CARTESIAN_POINT('',(0.25146,0.0371456726606481,-0.01825));
#14499=CARTESIAN_POINT('',(0.25146,0.0437734296450995,-0.01825));
#14500=CARTESIAN_POINT('',(0.2286,0.0404595511528738,-0.01825));
#14501=CARTESIAN_POINT('',(0.2286,0.0374469343417595,-0.01825));
#14502=CARTESIAN_POINT('',(-0.2286,0.0404595511528738,-0.01825));
#14503=CARTESIAN_POINT('',(-0.2286,0.0374469343417595,-0.01825));
#14504=CARTESIAN_POINT('',(-0.2286,0.0374469343417595,-0.01825));
#14505=CARTESIAN_POINT('',(-0.25146,0.037858598786777,-0.0182889137471611));
#14506=CARTESIAN_POINT('',(0.25146,0.037858598786777,-0.0182889137471611));
#14507=CARTESIAN_POINT('',(-0.25146,0.0361780744984802,-0.0179683365940924));
#14508=CARTESIAN_POINT('',(0.25146,0.0361780744984802,-0.0179683365940924));
#14509=CARTESIAN_POINT('',(-0.25146,0.0349683365940924,-0.0191780744984802));
#14510=CARTESIAN_POINT('',(0.25146,0.0349683365940924,-0.0191780744984802));
#14511=CARTESIAN_POINT('',(-0.25146,0.0352889137471612,-0.0208585987867769));
#14512=CARTESIAN_POINT('',(0.25146,0.0352889137471612,-0.0208585987867769));
#14513=CARTESIAN_POINT('',(0.2286,0.0374469343417595,-0.0204469343417595));
#14514=CARTESIAN_POINT('',(-0.2286,0.0374469343417595,-0.0204469343417595));
#14515=CARTESIAN_POINT('',(-0.2286,0.04775,-0.03325));
#14516=CARTESIAN_POINT('',(0.2286,0.04775,-0.03325));
#14517=CARTESIAN_POINT('',(-0.2286,0.05275,-0.03325));
#14518=CARTESIAN_POINT('',(0.2286,0.05275,-0.03325));
#14519=CARTESIAN_POINT('',(-0.2286,0.05275,-0.02825));
#14520=CARTESIAN_POINT('',(0.2286,0.05275,-0.02825));
#14521=CARTESIAN_POINT('',(-0.2286,0.04775,-0.02825));
#14522=CARTESIAN_POINT('',(0.2286,0.04775,-0.02825));
#14523=CARTESIAN_POINT('',(-0.2286,0.04775,-0.03075));
#14524=CARTESIAN_POINT('',(0.2286,0.04775,-0.03075));
#14525=CARTESIAN_POINT('',(-0.2286,0.034,-0.0445));
#14526=CARTESIAN_POINT('',(-0.2286,0.034,-0.017));
#14527=CARTESIAN_POINT('',(-0.2286,0.0615,-0.0445));
#14528=CARTESIAN_POINT('',(-0.2286,0.0615,-0.017));
#14529=CARTESIAN_POINT('',(0.2286,0.034,-0.0445));
#14530=CARTESIAN_POINT('',(0.2286,0.034,-0.017));
#14531=CARTESIAN_POINT('',(0.2286,0.0615,-0.0445));
#14532=CARTESIAN_POINT('',(0.2286,0.0615,-0.017));
#14533=CARTESIAN_POINT('',(0.,0.,0.));
#14534=CARTESIAN_POINT('',(0.26104244,-0.0206375,0.015));
#14535=CARTESIAN_POINT('',(0.26104244,-0.0206375,-0.015));
#14536=CARTESIAN_POINT('',(0.26104244,-0.0306375,0.015));
#14537=CARTESIAN_POINT('',(0.26104244,-0.0306375,-0.015));
#14538=CARTESIAN_POINT('',(0.25104244,-0.0306375,0.015));
#14539=CARTESIAN_POINT('',(0.25104244,-0.0306375,-0.015));
#14540=CARTESIAN_POINT('',(0.25104244,-0.0206375,0.015));
#14541=CARTESIAN_POINT('',(0.25104244,-0.0206375,-0.015));
#14542=CARTESIAN_POINT('',(0.25604244,-0.0206375,0.015));
#14543=CARTESIAN_POINT('',(0.25104244,-0.0206375,0.015));
#14544=CARTESIAN_POINT('',(0.26104244,-0.0206375,0.015));
#14545=CARTESIAN_POINT('',(0.26104244,-0.0206375,0.0165));
#14546=CARTESIAN_POINT('',(0.26104244,-0.0206375,-0.0165));
#14547=CARTESIAN_POINT('',(0.26104244,-0.0206375,-0.015));
#14548=CARTESIAN_POINT('',(0.25604244,-0.0206375,-0.015));
#14549=CARTESIAN_POINT('',(0.25104244,-0.0206375,-0.015));
#14550=CARTESIAN_POINT('',(0.25104244,-0.0206375,0.0165));
#14551=CARTESIAN_POINT('',(0.25104244,-0.0206375,-0.0165));
#14552=CARTESIAN_POINT('',(0.30501744,-0.0206375,0.015));
#14553=CARTESIAN_POINT('',(0.30501744,-0.0206375,-0.015));
#14554=CARTESIAN_POINT('',(0.30501744,-0.0138251443030335,0.015));
#14555=CARTESIAN_POINT('',(0.30501744,-0.0138251443030335,-0.015));
#14556=CARTESIAN_POINT('',(0.312238017951983,-0.0111644820016171,0.015));
#14557=CARTESIAN_POINT('',(0.312238017951983,-0.0111644820016171,-0.015));
#14558=CARTESIAN_POINT('',(0.31477994,-0.0191148070729791,0.015));
#14559=CARTESIAN_POINT('',(0.31477994,-0.0191148070729791,-0.015));
#14560=CARTESIAN_POINT('',(0.31001744,-0.0206375,0.015));
#14561=CARTESIAN_POINT('',(0.31477994,-0.0191148070729791,0.015));
#14562=CARTESIAN_POINT('',(0.30501744,-0.0206375,0.015));
#14563=CARTESIAN_POINT('',(0.30501744,-0.0206375,0.0165));
#14564=CARTESIAN_POINT('',(0.30501744,-0.0206375,-0.0165));
#14565=CARTESIAN_POINT('',(0.30501744,-0.0206375,-0.015));
#14566=CARTESIAN_POINT('',(0.31001744,-0.0206375,-0.015));
#14567=CARTESIAN_POINT('',(0.31477994,-0.0191148070729791,-0.015));
#14568=CARTESIAN_POINT('',(0.31477994,-0.0191148070729791,0.032));
#14569=CARTESIAN_POINT('',(0.30501744,0.0206375,0.015));
#14570=CARTESIAN_POINT('',(0.30501744,0.0206375,-0.015));
#14571=CARTESIAN_POINT('',(0.30501744,0.0274498556969663,0.015));
#14572=CARTESIAN_POINT('',(0.30501744,0.0274498556969663,-0.015));
#14573=CARTESIAN_POINT('',(0.312238017951983,0.0301105179983828,0.015));
#14574=CARTESIAN_POINT('',(0.312238017951983,0.0301105179983828,-0.015));
#14575=CARTESIAN_POINT('',(0.31477994,0.022160192927021,0.015));
#14576=CARTESIAN_POINT('',(0.31477994,0.022160192927021,-0.015));
#14577=CARTESIAN_POINT('',(0.31001744,0.0206375,0.015));
#14578=CARTESIAN_POINT('',(0.31477994,0.022160192927021,0.015));
#14579=CARTESIAN_POINT('',(0.30501744,0.0206375,0.015));
#14580=CARTESIAN_POINT('',(0.30501744,0.0206375,0.0165));
#14581=CARTESIAN_POINT('',(0.30501744,0.0206375,-0.0165));
#14582=CARTESIAN_POINT('',(0.30501744,0.0206375,-0.015));
#14583=CARTESIAN_POINT('',(0.31001744,0.0206375,-0.015));
#14584=CARTESIAN_POINT('',(0.31477994,0.022160192927021,-0.015));
#14585=CARTESIAN_POINT('',(0.31477994,0.022160192927021,0.032));
#14586=CARTESIAN_POINT('',(0.26104244,0.0206375,0.015));
#14587=CARTESIAN_POINT('',(0.26104244,0.0206375,-0.015));
#14588=CARTESIAN_POINT('',(0.26104244,0.0106375,0.015));
#14589=CARTESIAN_POINT('',(0.26104244,0.0106375,-0.015));
#14590=CARTESIAN_POINT('',(0.25104244,0.0106375,0.015));
#14591=CARTESIAN_POINT('',(0.25104244,0.0106375,-0.015));
#14592=CARTESIAN_POINT('',(0.25104244,0.0206375,0.015));
#14593=CARTESIAN_POINT('',(0.25104244,0.0206375,-0.015));
#14594=CARTESIAN_POINT('',(0.25604244,0.0206375,0.015));
#14595=CARTESIAN_POINT('',(0.25104244,0.0206375,0.015));
#14596=CARTESIAN_POINT('',(0.26104244,0.0206375,0.015));
#14597=CARTESIAN_POINT('',(0.26104244,0.0206375,0.0165));
#14598=CARTESIAN_POINT('',(0.26104244,0.0206375,-0.0165));
#14599=CARTESIAN_POINT('',(0.26104244,0.0206375,-0.015));
#14600=CARTESIAN_POINT('',(0.25604244,0.0206375,-0.015));
#14601=CARTESIAN_POINT('',(0.25104244,0.0206375,-0.015));
#14602=CARTESIAN_POINT('',(0.25104244,0.0206375,0.0165));
#14603=CARTESIAN_POINT('',(0.25104244,0.0206375,-0.0165));
#14604=CARTESIAN_POINT('',(0.25366119,-0.0206375,-0.03));
#14605=CARTESIAN_POINT('',(0.25366119,-0.0206375,-0.015));
#14606=CARTESIAN_POINT('',(0.25366119,-0.0254,-0.03));
#14607=CARTESIAN_POINT('',(0.25366119,-0.0254,-0.015));
#14608=CARTESIAN_POINT('',(0.25842369,-0.0254,-0.03));
#14609=CARTESIAN_POINT('',(0.25842369,-0.0254,-0.015));
#14610=CARTESIAN_POINT('',(0.25842369,-0.0206375,-0.03));
#14611=CARTESIAN_POINT('',(0.25842369,-0.0206375,-0.015));
#14612=CARTESIAN_POINT('',(0.25604244,-0.0206375,-0.03));
#14613=CARTESIAN_POINT('',(0.25366119,-0.0206375,-0.03));
#14614=CARTESIAN_POINT('',(0.25842369,-0.0206375,-0.03));
#14615=CARTESIAN_POINT('',(0.25366119,-0.0206375,-0.03075));
#14616=CARTESIAN_POINT('',(0.25366119,-0.0206375,-0.01425));
#14617=CARTESIAN_POINT('',(0.25366119,-0.0206375,-0.015));
#14618=CARTESIAN_POINT('',(0.25604244,-0.0206375,-0.015));
#14619=CARTESIAN_POINT('',(0.25842369,-0.0206375,-0.015));
#14620=CARTESIAN_POINT('',(0.25842369,-0.0206375,-0.03075));
#14621=CARTESIAN_POINT('',(0.25842369,-0.0206375,-0.01425));
#14622=CARTESIAN_POINT('',(0.25366119,0.0206375,-0.03));
#14623=CARTESIAN_POINT('',(0.25366119,0.0206375,-0.015));
#14624=CARTESIAN_POINT('',(0.25366119,0.015875,-0.03));
#14625=CARTESIAN_POINT('',(0.25366119,0.015875,-0.015));
#14626=CARTESIAN_POINT('',(0.25842369,0.015875,-0.03));
#14627=CARTESIAN_POINT('',(0.25842369,0.015875,-0.015));
#14628=CARTESIAN_POINT('',(0.25842369,0.0206375,-0.03));
#14629=CARTESIAN_POINT('',(0.25842369,0.0206375,-0.015));
#14630=CARTESIAN_POINT('',(0.25604244,0.0206375,-0.03));
#14631=CARTESIAN_POINT('',(0.25366119,0.0206375,-0.03));
#14632=CARTESIAN_POINT('',(0.25842369,0.0206375,-0.03));
#14633=CARTESIAN_POINT('',(0.25366119,0.0206375,-0.03075));
#14634=CARTESIAN_POINT('',(0.25366119,0.0206375,-0.01425));
#14635=CARTESIAN_POINT('',(0.25366119,0.0206375,-0.015));
#14636=CARTESIAN_POINT('',(0.25604244,0.0206375,-0.015));
#14637=CARTESIAN_POINT('',(0.25842369,0.0206375,-0.015));
#14638=CARTESIAN_POINT('',(0.25842369,0.0206375,-0.03075));
#14639=CARTESIAN_POINT('',(0.25842369,0.0206375,-0.01425));
#14640=CARTESIAN_POINT('',(0.30763619,0.0206375,-0.03));
#14641=CARTESIAN_POINT('',(0.30763619,0.0206375,-0.015));
#14642=CARTESIAN_POINT('',(0.30763619,0.015875,-0.03));
#14643=CARTESIAN_POINT('',(0.30763619,0.015875,-0.015));
#14644=CARTESIAN_POINT('',(0.31239869,0.015875,-0.03));
#14645=CARTESIAN_POINT('',(0.31239869,0.015875,-0.015));
#14646=CARTESIAN_POINT('',(0.31239869,0.0206375,-0.03));
#14647=CARTESIAN_POINT('',(0.31239869,0.0206375,-0.015));
#14648=CARTESIAN_POINT('',(0.31001744,0.0206375,-0.03));
#14649=CARTESIAN_POINT('',(0.30763619,0.0206375,-0.03));
#14650=CARTESIAN_POINT('',(0.31239869,0.0206375,-0.03));
#14651=CARTESIAN_POINT('',(0.30763619,0.0206375,-0.03075));
#14652=CARTESIAN_POINT('',(0.30763619,0.0206375,-0.01425));
#14653=CARTESIAN_POINT('',(0.30763619,0.0206375,-0.015));
#14654=CARTESIAN_POINT('',(0.31001744,0.0206375,-0.015));
#14655=CARTESIAN_POINT('',(0.31239869,0.0206375,-0.015));
#14656=CARTESIAN_POINT('',(0.31239869,0.0206375,-0.03075));
#14657=CARTESIAN_POINT('',(0.31239869,0.0206375,-0.01425));
#14658=CARTESIAN_POINT('',(0.31716119,0.0206375,-0.03));
#14659=CARTESIAN_POINT('',(0.31716119,0.0206375,-0.015));
#14660=CARTESIAN_POINT('',(0.31716119,0.015875,-0.03));
#14661=CARTESIAN_POINT('',(0.31716119,0.015875,-0.015));
#14662=CARTESIAN_POINT('',(0.32192369,0.015875,-0.03));
#14663=CARTESIAN_POINT('',(0.32192369,0.015875,-0.015));
#14664=CARTESIAN_POINT('',(0.32192369,0.0206375,-0.03));
#14665=CARTESIAN_POINT('',(0.32192369,0.0206375,-0.015));
#14666=CARTESIAN_POINT('',(0.31954244,0.0206375,-0.03));
#14667=CARTESIAN_POINT('',(0.31716119,0.0206375,-0.03));
#14668=CARTESIAN_POINT('',(0.32192369,0.0206375,-0.03));
#14669=CARTESIAN_POINT('',(0.31716119,0.0206375,-0.03075));
#14670=CARTESIAN_POINT('',(0.31716119,0.0206375,-0.01425));
#14671=CARTESIAN_POINT('',(0.31716119,0.0206375,-0.015));
#14672=CARTESIAN_POINT('',(0.31954244,0.0206375,-0.015));
#14673=CARTESIAN_POINT('',(0.32192369,0.0206375,-0.015));
#14674=CARTESIAN_POINT('',(0.32192369,0.0206375,-0.03075));
#14675=CARTESIAN_POINT('',(0.32192369,0.0206375,-0.01425));
#14676=CARTESIAN_POINT('',(0.31716119,-0.0206375,-0.03));
#14677=CARTESIAN_POINT('',(0.31716119,-0.0206375,-0.015));
#14678=CARTESIAN_POINT('',(0.31716119,-0.0254,-0.03));
#14679=CARTESIAN_POINT('',(0.31716119,-0.0254,-0.015));
#14680=CARTESIAN_POINT('',(0.32192369,-0.0254,-0.03));
#14681=CARTESIAN_POINT('',(0.32192369,-0.0254,-0.015));
#14682=CARTESIAN_POINT('',(0.32192369,-0.0206375,-0.03));
#14683=CARTESIAN_POINT('',(0.32192369,-0.0206375,-0.015));
#14684=CARTESIAN_POINT('',(0.31954244,-0.0206375,-0.03));
#14685=CARTESIAN_POINT('',(0.31716119,-0.0206375,-0.03));
#14686=CARTESIAN_POINT('',(0.32192369,-0.0206375,-0.03));
#14687=CARTESIAN_POINT('',(0.31716119,-0.0206375,-0.03075));
#14688=CARTESIAN_POINT('',(0.31716119,-0.0206375,-0.01425));
#14689=CARTESIAN_POINT('',(0.31716119,-0.0206375,-0.015));
#14690=CARTESIAN_POINT('',(0.31954244,-0.0206375,-0.015));
#14691=CARTESIAN_POINT('',(0.32192369,-0.0206375,-0.015));
#14692=CARTESIAN_POINT('',(0.32192369,-0.0206375,-0.03075));
#14693=CARTESIAN_POINT('',(0.32192369,-0.0206375,-0.01425));
#14694=CARTESIAN_POINT('',(0.30763619,-0.0206375,-0.03));
#14695=CARTESIAN_POINT('',(0.30763619,-0.0206375,-0.015));
#14696=CARTESIAN_POINT('',(0.30763619,-0.0254,-0.03));
#14697=CARTESIAN_POINT('',(0.30763619,-0.0254,-0.015));
#14698=CARTESIAN_POINT('',(0.31239869,-0.0254,-0.03));
#14699=CARTESIAN_POINT('',(0.31239869,-0.0254,-0.015));
#14700=CARTESIAN_POINT('',(0.31239869,-0.0206375,-0.03));
#14701=CARTESIAN_POINT('',(0.31239869,-0.0206375,-0.015));
#14702=CARTESIAN_POINT('',(0.31001744,-0.0206375,-0.03));
#14703=CARTESIAN_POINT('',(0.30763619,-0.0206375,-0.03));
#14704=CARTESIAN_POINT('',(0.31239869,-0.0206375,-0.03));
#14705=CARTESIAN_POINT('',(0.30763619,-0.0206375,-0.03075));
#14706=CARTESIAN_POINT('',(0.30763619,-0.0206375,-0.01425));
#14707=CARTESIAN_POINT('',(0.30763619,-0.0206375,-0.015));
#14708=CARTESIAN_POINT('',(0.31001744,-0.0206375,-0.015));
#14709=CARTESIAN_POINT('',(0.31239869,-0.0206375,-0.015));
#14710=CARTESIAN_POINT('',(0.31239869,-0.0206375,-0.03075));
#14711=CARTESIAN_POINT('',(0.31239869,-0.0206375,-0.01425));
#14712=CARTESIAN_POINT('',(0.22912994,0.0990549924277474,-0.03125));
#14713=CARTESIAN_POINT('',(0.22912994,0.0990549924277474,-0.00375));
#14714=CARTESIAN_POINT('',(0.22912994,0.159351442461594,-0.03125));
#14715=CARTESIAN_POINT('',(0.22912994,0.159351442461594,-0.00375));
#14716=CARTESIAN_POINT('',(0.22912994,0.109156956088726,-0.005));
#14717=CARTESIAN_POINT('',(0.22912994,0.156610694732782,-0.005));
#14718=CARTESIAN_POINT('',(0.22912994,0.101795740156559,-0.005));
#14719=CARTESIAN_POINT('',(0.22912994,0.156610694732782,-0.03));
#14720=CARTESIAN_POINT('',(0.22912994,0.156610694732782,-0.03));
#14721=CARTESIAN_POINT('',(0.22912994,0.154156956088727,-0.03));
#14722=CARTESIAN_POINT('',(0.22912994,0.101795740156559,-0.03));
#14723=CARTESIAN_POINT('',(0.22912994,0.101795740156559,-0.03));
#14724=CARTESIAN_POINT('',(0.37302994,-0.06655,-0.052725));
#14725=CARTESIAN_POINT('',(0.37302994,0.06655,-0.052725));
#14726=CARTESIAN_POINT('',(0.37302994,-0.06655,0.018225));
#14727=CARTESIAN_POINT('',(0.37302994,0.06655,0.018225));
#14728=CARTESIAN_POINT('',(0.37302994,0.,0.0125));
#14729=CARTESIAN_POINT('',(0.37302994,-0.0575,0.0125));
#14730=CARTESIAN_POINT('',(0.37302994,0.0575,0.0125));
#14731=CARTESIAN_POINT('',(0.37302994,0.0575,1.7347234759768E-17));
#14732=CARTESIAN_POINT('',(0.37302994,0.0575,-0.0125));
#14733=CARTESIAN_POINT('',(0.37302994,0.,-0.0125));
#14734=CARTESIAN_POINT('',(0.37302994,-0.0575,-0.0125));
#14735=CARTESIAN_POINT('',(0.37302994,-0.0575,-1.7347234759768E-17));
#14736=CARTESIAN_POINT('',(0.37302994,-0.0605,-0.055));
#14737=CARTESIAN_POINT('',(0.37302994,-0.0605,-0.0495));
#14738=CARTESIAN_POINT('',(0.37302994,-0.0605,-0.0435));
#14739=CARTESIAN_POINT('',(0.37302994,-0.04775,-0.0495));
#14740=CARTESIAN_POINT('',(0.37302994,-0.03,-0.0495));
#14741=CARTESIAN_POINT('',(0.37302994,-0.03,-0.03075));
#14742=CARTESIAN_POINT('',(0.37302994,-0.03,-0.03));
#14743=CARTESIAN_POINT('',(0.37302994,-0.05525,-0.03));
#14744=CARTESIAN_POINT('',(0.37302994,0.03,-0.03));
#14745=CARTESIAN_POINT('',(0.37302994,0.03,-0.03075));
#14746=CARTESIAN_POINT('',(0.37302994,0.03,-0.0495));
#14747=CARTESIAN_POINT('',(0.37302994,0.04775,-0.0495));
#14748=CARTESIAN_POINT('',(0.37302994,0.0605,-0.0495));
#14749=CARTESIAN_POINT('',(0.37302994,0.0605,-0.055));
#14750=CARTESIAN_POINT('',(0.37302994,0.0605,-0.0435));
#14751=CARTESIAN_POINT('',(0.37302994,0.04775,-0.0435));
#14752=CARTESIAN_POINT('',(0.37302994,0.035,-0.0435));
#14753=CARTESIAN_POINT('',(0.37302994,0.035,-0.03));
#14754=CARTESIAN_POINT('',(0.37302994,0.035,-0.018));
#14755=CARTESIAN_POINT('',(0.37302994,-0.05525,-0.018));
#14756=CARTESIAN_POINT('',(0.37302994,0.06,-0.018));
#14757=CARTESIAN_POINT('',(0.37302994,0.06,-0.03));
#14758=CARTESIAN_POINT('',(0.37302994,0.06,0.015));
#14759=CARTESIAN_POINT('',(0.37302994,-0.05525,0.015));
#14760=CARTESIAN_POINT('',(0.37302994,-0.06,0.015));
#14761=CARTESIAN_POINT('',(0.37302994,-0.06,-0.03));
#14762=CARTESIAN_POINT('',(0.37302994,-0.06,-0.018));
#14763=CARTESIAN_POINT('',(0.37302994,-0.05525,-0.018));
#14764=CARTESIAN_POINT('',(0.37302994,-0.035,-0.018));
#14765=CARTESIAN_POINT('',(0.37302994,-0.035,-0.03));
#14766=CARTESIAN_POINT('',(0.37302994,-0.035,-0.0435));
#14767=CARTESIAN_POINT('',(0.37302994,-0.04775,-0.0435));
#14768=CARTESIAN_POINT('',(0.200443137158884,-0.0605,-0.016725));
#14769=CARTESIAN_POINT('',(0.380552799663433,-0.0605,-0.016725));
#14770=CARTESIAN_POINT('',(0.200443137158884,-0.0605,-0.044775));
#14771=CARTESIAN_POINT('',(0.380552799663433,-0.0605,-0.044775));
#14772=CARTESIAN_POINT('',(0.372365996822318,-0.0605,-0.03));
#14773=CARTESIAN_POINT('',(0.372365996822317,-0.0605,-0.018));
#14774=CARTESIAN_POINT('',(0.372365996822317,-0.0605,-0.0435));
#14775=CARTESIAN_POINT('',(0.37303194,-0.0605,-0.0435));
#14776=CARTESIAN_POINT('',(0.20862994,-0.0605,-0.0435));
#14777=CARTESIAN_POINT('',(0.20862994,-0.0605,-0.03075));
#14778=CARTESIAN_POINT('',(0.20862994,-0.0605,-0.018));
#14779=CARTESIAN_POINT('',(0.50862994,-0.0605,-0.018));
#14780=CARTESIAN_POINT('',(0.200443137158884,0.0605,-0.016725));
#14781=CARTESIAN_POINT('',(0.380552799663434,0.0605,-0.016725));
#14782=CARTESIAN_POINT('',(0.200443137158884,0.0605,-0.044775));
#14783=CARTESIAN_POINT('',(0.380552799663434,0.0605,-0.044775));
#14784=CARTESIAN_POINT('',(0.37303194,0.0605,-0.0435));
#14785=CARTESIAN_POINT('',(0.372365996822318,0.0605,-0.0435));
#14786=CARTESIAN_POINT('',(0.20862994,0.0605,-0.0435));
#14787=CARTESIAN_POINT('',(0.372365996822318,0.0605,-0.03));
#14788=CARTESIAN_POINT('',(0.372365996822318,0.0605,-0.018));
#14789=CARTESIAN_POINT('',(0.50862994,0.0605,-0.018));
#14790=CARTESIAN_POINT('',(0.20862994,0.0605,-0.018));
#14791=CARTESIAN_POINT('',(0.20862994,0.0605,-0.03075));
#14792=CARTESIAN_POINT('',(0.200775989861079,0.0655,-0.029025));
#14793=CARTESIAN_POINT('',(0.373562892917333,0.0655,-0.029025));
#14794=CARTESIAN_POINT('',(0.200775989861079,0.0655,-0.050475));
#14795=CARTESIAN_POINT('',(0.373562892917333,0.0655,-0.050475));
#14796=CARTESIAN_POINT('',(0.365708942778412,0.0655,-0.055));
#14797=CARTESIAN_POINT('',(0.365708942778412,0.0655,-0.0495));
#14798=CARTESIAN_POINT('',(0.365708942778412,0.0655,-0.03));
#14799=CARTESIAN_POINT('',(0.37303194,0.0655,-0.0495));
#14800=CARTESIAN_POINT('',(0.20862994,0.0655,-0.0495));
#14801=CARTESIAN_POINT('',(0.20862994,0.0655,-0.03075));
#14802=CARTESIAN_POINT('',(0.20862994,0.0655,-0.03));
#14803=CARTESIAN_POINT('',(0.37303194,0.0655,-0.03));
#14804=CARTESIAN_POINT('',(0.20040994,-0.0672750000102412,-0.0495));
#14805=CARTESIAN_POINT('',(0.20040994,-0.0282249999995123,-0.0495));
#14806=CARTESIAN_POINT('',(0.38124994,-0.0672750000102412,-0.0495));
#14807=CARTESIAN_POINT('',(0.38124994,-0.0282249999995123,-0.0495));
#14808=CARTESIAN_POINT('',(0.247629940000004,-0.155453472465462,-0.0495));
#14809=CARTESIAN_POINT('',(0.295728877265692,-0.117143056080883,-0.0495));
#14810=CARTESIAN_POINT('',(0.339180485632323,-0.0854982462458507,-0.0495));
#14811=CARTESIAN_POINT('',(0.37302994,-0.06,-0.0495));
#14812=CARTESIAN_POINT('',(0.365708942778413,-0.0655000000097535,-0.0495));
#14813=CARTESIAN_POINT('',(0.372365996822317,-0.0605,-0.0495));
#14814=CARTESIAN_POINT('',(0.37303194,-0.0655,-0.0495));
#14815=CARTESIAN_POINT('',(0.20862994,-0.0655,-0.0495));
#14816=CARTESIAN_POINT('',(0.20862994,-0.04775,-0.0495));
#14817=CARTESIAN_POINT('',(0.20862994,-0.03,-0.0495));
#14818=CARTESIAN_POINT('',(0.37303194,-0.03,-0.0495));
#14819=CARTESIAN_POINT('',(0.37303194,-0.0605,-0.0495));
#14820=CARTESIAN_POINT('',(0.200775989861079,-0.0655,-0.029025));
#14821=CARTESIAN_POINT('',(0.373562892917334,-0.0655,-0.029025));
#14822=CARTESIAN_POINT('',(0.200775989861079,-0.0655,-0.050475));
#14823=CARTESIAN_POINT('',(0.373562892917334,-0.0655,-0.050475));
#14824=CARTESIAN_POINT('',(0.365708942778413,-0.0655000000097535,-0.055));
#14825=CARTESIAN_POINT('',(0.365708942778413,-0.0655000000097535,-0.03));
#14826=CARTESIAN_POINT('',(0.37303194,-0.0655,-0.03));
#14827=CARTESIAN_POINT('',(0.20862994,-0.0655,-0.03));
#14828=CARTESIAN_POINT('',(0.20862994,-0.0655,-0.03075));
#14829=CARTESIAN_POINT('',(0.247629940000004,0.155453472465462,-0.0495));
#14830=CARTESIAN_POINT('',(0.247629940000004,0.155453472465462,0.015));
#14831=CARTESIAN_POINT('',(0.295728877265692,0.117143056080883,-0.0495));
#14832=CARTESIAN_POINT('',(0.295728877265692,0.117143056080883,0.015));
#14833=CARTESIAN_POINT('',(0.339180485632323,0.0854982462458507,-0.0495));
#14834=CARTESIAN_POINT('',(0.339180485632323,0.0854982462458507,0.015));
#14835=CARTESIAN_POINT('',(0.37302994,0.06,-0.0495));
#14836=CARTESIAN_POINT('',(0.37302994,0.06,0.015));
#14837=CARTESIAN_POINT('',(0.247629940000004,0.155453472465462,-0.005));
#14838=CARTESIAN_POINT('',(0.295728877265692,0.117143056080883,-0.005));
#14839=CARTESIAN_POINT('',(0.339180485632323,0.0854982462458507,-0.005));
#14840=CARTESIAN_POINT('',(0.37302994,0.06,-0.005));
#14841=CARTESIAN_POINT('',(0.247629940000004,0.155453472465462,-0.005));
#14842=CARTESIAN_POINT('',(0.30862994,0.108234227183104,-0.005));
#14843=CARTESIAN_POINT('',(0.247629940000004,0.155453472465462,-0.03));
#14844=CARTESIAN_POINT('',(0.247629940000004,0.155453472465462,0.));
#14845=CARTESIAN_POINT('',(0.247629940000004,0.155453472465462,0.015002));
#14846=CARTESIAN_POINT('',(0.247629940000004,0.155453472465462,0.015));
#14847=CARTESIAN_POINT('',(0.247629940000004,0.155453472465462,0.015));
#14848=CARTESIAN_POINT('',(0.295728877265692,0.117143056080883,0.015));
#14849=CARTESIAN_POINT('',(0.339180485632323,0.0854982462458507,0.015));
#14850=CARTESIAN_POINT('',(0.37302994,0.06,0.015));
#14851=CARTESIAN_POINT('',(0.247629940000004,0.155453472465462,-0.018));
#14852=CARTESIAN_POINT('',(0.295728877265692,0.117143056080883,-0.018));
#14853=CARTESIAN_POINT('',(0.339180485632323,0.0854982462458507,-0.018));
#14854=CARTESIAN_POINT('',(0.37302994,0.06,-0.018));
#14855=CARTESIAN_POINT('',(0.372365996822318,0.0605,-0.055));
#14856=CARTESIAN_POINT('',(0.372365996822318,0.0605,-0.0495));
#14857=CARTESIAN_POINT('',(0.247629940000004,0.155453472465462,-0.0495));
#14858=CARTESIAN_POINT('',(0.295728877265692,0.117143056080883,-0.0495));
#14859=CARTESIAN_POINT('',(0.339180485632323,0.0854982462458507,-0.0495));
#14860=CARTESIAN_POINT('',(0.37302994,0.06,-0.0495));
#14861=CARTESIAN_POINT('',(0.247629940000004,0.155453472465462,-0.03));
#14862=CARTESIAN_POINT('',(0.295728877265692,0.117143056080883,-0.03));
#14863=CARTESIAN_POINT('',(0.339180485632323,0.0854982462458507,-0.03));
#14864=CARTESIAN_POINT('',(0.37302994,0.06,-0.03));
#14865=CARTESIAN_POINT('',(0.247629940000004,0.155453472465462,-0.03));
#14866=CARTESIAN_POINT('',(0.247629940000004,0.155453472465462,-0.03));
#14867=CARTESIAN_POINT('',(0.247629940000004,0.155453472465462,-0.015));
#14868=CARTESIAN_POINT('',(0.247629940000004,0.155453472465462,-0.015));
#14869=CARTESIAN_POINT('',(0.295728877265692,0.117143056080883,-0.015));
#14870=CARTESIAN_POINT('',(0.339180485632323,0.0854982462458507,-0.015));
#14871=CARTESIAN_POINT('',(0.37302994,0.06,-0.015));
#14872=CARTESIAN_POINT('',(0.30862994,0.108234227183104,-0.015));
#14873=CARTESIAN_POINT('',(0.30862994,0.108234227179925,-0.03));
#14874=CARTESIAN_POINT('',(-0.0844108801514165,0.477983424322016,-0.00525));
#14875=CARTESIAN_POINT('',(-0.0844108801514165,0.477983424322016,0.00025));
#14876=CARTESIAN_POINT('',(0.112171592911433,0.245348665253121,-0.00525));
#14877=CARTESIAN_POINT('',(0.112171592911433,0.245348665253121,0.00025));
#14878=CARTESIAN_POINT('',(0.349643536826334,0.0546376910124484,-0.00525));
#14879=CARTESIAN_POINT('',(0.349643536826334,0.0546376910124484,0.00025));
#14880=CARTESIAN_POINT('',(0.619225403206056,-0.0870987445352764,-0.00525));
#14881=CARTESIAN_POINT('',(0.619225403206056,-0.0870987445352764,0.00025));
#14882=CARTESIAN_POINT('',(1.71639523936822,1.99971182767314,-0.005));
#14883=CARTESIAN_POINT('',(0.232629815792248,0.1675,-0.005));
#14884=CARTESIAN_POINT('',(0.232629815792248,0.1675,-0.005));
#14885=CARTESIAN_POINT('',(0.232629815792248,0.1675,0.));
#14886=CARTESIAN_POINT('',(1.71639523936822,1.99971182767314,0.));
#14887=CARTESIAN_POINT('',(0.207429946210388,0.1675,0.0015));
#14888=CARTESIAN_POINT('',(0.233829809581861,0.1675,0.0015));
#14889=CARTESIAN_POINT('',(0.207429946210388,0.1675,-0.0315));
#14890=CARTESIAN_POINT('',(0.233829809581861,0.1675,-0.0315));
#14891=CARTESIAN_POINT('',(0.22062994,0.1675,-0.005));
#14892=CARTESIAN_POINT('',(0.23062994,0.1675,-0.005));
#14893=CARTESIAN_POINT('',(0.23062994,0.1675,-0.03));
#14894=CARTESIAN_POINT('',(0.23062994,0.1675,-0.015));
#14895=CARTESIAN_POINT('',(0.22062994,0.1675,-0.015));
#14896=CARTESIAN_POINT('',(0.232629815792248,0.1675,-0.015));
#14897=CARTESIAN_POINT('',(0.232629815792248,0.1675,-0.03));
#14898=CARTESIAN_POINT('',(0.232629815792248,0.1675,-0.03));
#14899=CARTESIAN_POINT('',(0.22062994,0.1675,-0.03));
#14900=CARTESIAN_POINT('',(0.20862994,0.1675,-0.03));
#14901=CARTESIAN_POINT('',(0.20862994,0.1675,-0.03));
#14902=CARTESIAN_POINT('',(0.20862994,0.1675,0.));
#14903=CARTESIAN_POINT('',(0.22062994,0.1675,0.));
#14904=CARTESIAN_POINT('',(0.23262994,-0.12375,0.0165));
#14905=CARTESIAN_POINT('',(0.23262994,0.12375,0.0165));
#14906=CARTESIAN_POINT('',(0.23262994,-0.12375,-0.0165));
#14907=CARTESIAN_POINT('',(0.23262994,0.12375,-0.0165));
#14908=CARTESIAN_POINT('',(0.23262994,0.047,0.015002));
#14909=CARTESIAN_POINT('',(0.23262994,0.047,-0.015));
#14910=CARTESIAN_POINT('',(0.23262994,0.047,-0.005));
#14911=CARTESIAN_POINT('',(0.23262994,-0.04775,-0.015));
#14912=CARTESIAN_POINT('',(0.23262994,-0.1125,-0.015));
#14913=CARTESIAN_POINT('',(0.23262994,-0.1125,0.015002));
#14914=CARTESIAN_POINT('',(0.23262994,-0.1125,0.015));
#14915=CARTESIAN_POINT('',(0.23262994,-0.04775,0.015));
#14916=CARTESIAN_POINT('',(0.23262994,0.1125,0.015));
#14917=CARTESIAN_POINT('',(0.23262994,0.1125,0.015002));
#14918=CARTESIAN_POINT('',(0.23262994,0.1125,3.46944695195361E-18));
#14919=CARTESIAN_POINT('',(0.23262994,0.10125,0.));
#14920=CARTESIAN_POINT('',(0.23262994,0.09,0.));
#14921=CARTESIAN_POINT('',(0.23262994,0.09,0.));
#14922=CARTESIAN_POINT('',(0.23262994,0.09,-0.005));
#14923=CARTESIAN_POINT('',(0.23262994,-0.04775,-0.005));
#14924=CARTESIAN_POINT('',(0.20040994,-0.18425,-0.03));
#14925=CARTESIAN_POINT('',(0.20040994,0.18425,-0.03));
#14926=CARTESIAN_POINT('',(0.38124994,-0.18425,-0.03));
#14927=CARTESIAN_POINT('',(0.38124994,0.18425,-0.03));
#14928=CARTESIAN_POINT('',(0.25604244,0.0206375,-0.03));
#14929=CARTESIAN_POINT('',(0.31001744,0.0206375,-0.03));
#14930=CARTESIAN_POINT('',(0.31954244,0.0206375,-0.03));
#14931=CARTESIAN_POINT('',(0.31954244,-0.0206375,-0.03));
#14932=CARTESIAN_POINT('',(0.31001744,-0.0206375,-0.03));
#14933=CARTESIAN_POINT('',(0.25604244,-0.0206375,-0.03));
#14934=CARTESIAN_POINT('',(0.37303194,0.03,-0.03));
#14935=CARTESIAN_POINT('',(0.20862994,0.03,-0.03));
#14936=CARTESIAN_POINT('',(0.37303194,-0.03,-0.03));
#14937=CARTESIAN_POINT('',(0.20862994,-0.03,-0.03));
#14938=CARTESIAN_POINT('',(0.20862994,-0.10625,-0.03));
#14939=CARTESIAN_POINT('',(0.20862994,-0.1675,-0.03));
#14940=CARTESIAN_POINT('',(0.20862994,-0.0655,-0.03));
#14941=CARTESIAN_POINT('',(0.366651416795083,-0.1675,-0.03));
#14942=CARTESIAN_POINT('',(0.366651416795083,-0.0655,-0.03));
#14943=CARTESIAN_POINT('',(0.21212994,-0.149249478800615,-0.03));
#14944=CARTESIAN_POINT('',(0.21212994,-0.156610694732782,-0.03));
#14945=CARTESIAN_POINT('',(0.21212994,-0.101795740156559,-0.03));
#14946=CARTESIAN_POINT('',(0.21637994,-0.159064433376838,-0.03));
#14947=CARTESIAN_POINT('',(0.22062994,-0.161518172020894,-0.03));
#14948=CARTESIAN_POINT('',(0.22487994,-0.159064433376838,-0.03));
#14949=CARTESIAN_POINT('',(0.22912994,-0.156610694732782,-0.03));
#14950=CARTESIAN_POINT('',(0.22912994,-0.104249478800614,-0.03));
#14951=CARTESIAN_POINT('',(0.22912994,-0.101795740156559,-0.03));
#14952=CARTESIAN_POINT('',(0.22487994,-0.0993420015125027,-0.03));
#14953=CARTESIAN_POINT('',(0.22062994,-0.0968882628684468,-0.03));
#14954=CARTESIAN_POINT('',(0.21637994,-0.0993420015125027,-0.03));
#14955=CARTESIAN_POINT('',(0.247629940000004,-0.155453472465462,-0.03));
#14956=CARTESIAN_POINT('',(0.295728877265692,-0.117143056080883,-0.03));
#14957=CARTESIAN_POINT('',(0.339180485632323,-0.0854982462458507,-0.03));
#14958=CARTESIAN_POINT('',(0.37302994,-0.06,-0.03));
#14959=CARTESIAN_POINT('',(0.24762994,-0.155453472465465,-0.03));
#14960=CARTESIAN_POINT('',(1.7163952393509,-1.99971182765168,-0.03));
#14961=CARTESIAN_POINT('',(0.232629815792247,-0.1675,-0.03));
#14962=CARTESIAN_POINT('',(0.22062994,-0.1675,-0.03));
#14963=CARTESIAN_POINT('',(0.20862994,-0.1675,-0.03));
#14964=CARTESIAN_POINT('',(0.20862994,-0.10625,-0.03));
#14965=CARTESIAN_POINT('',(0.21212994,0.0990549924277474,-0.03125));
#14966=CARTESIAN_POINT('',(0.21212994,0.159351442461594,-0.03125));
#14967=CARTESIAN_POINT('',(0.21212994,0.0990549924277474,-0.00375));
#14968=CARTESIAN_POINT('',(0.21212994,0.159351442461594,-0.00375));
#14969=CARTESIAN_POINT('',(0.21212994,0.156610694732782,-0.03));
#14970=CARTESIAN_POINT('',(0.21212994,0.156610694732782,-0.03));
#14971=CARTESIAN_POINT('',(0.21212994,0.156610694732782,-0.005));
#14972=CARTESIAN_POINT('',(0.21212994,0.12920321744467,-0.005));
#14973=CARTESIAN_POINT('',(0.21212994,0.101795740156559,-0.005));
#14974=CARTESIAN_POINT('',(0.21212994,0.101795740156559,-0.03));
#14975=CARTESIAN_POINT('',(0.21212994,0.101795740156559,-0.03));
#14976=CARTESIAN_POINT('',(0.21212994,0.12920321744467,-0.03));
#14977=CARTESIAN_POINT('',(0.22105494,0.1617635458853,-0.03125));
#14978=CARTESIAN_POINT('',(0.22105494,0.1617635458853,-0.00374999999999969));
#14979=CARTESIAN_POINT('',(0.21170494,0.156365320868377,-0.03125));
#14980=CARTESIAN_POINT('',(0.21170494,0.156365320868377,-0.00374999999999969));
#14981=CARTESIAN_POINT('',(0.22062994,0.161518172020894,-0.03));
#14982=CARTESIAN_POINT('',(0.22062994,0.161518172020894,-0.03));
#14983=CARTESIAN_POINT('',(0.22062994,0.161518172020894,-0.005));
#14984=CARTESIAN_POINT('',(0.216379939999999,0.159064433376838,-0.005));
#14985=CARTESIAN_POINT('',(0.216379939999999,0.159064433376838,-0.03));
#14986=CARTESIAN_POINT('',(0.229554939999999,0.156365320868377,-0.03125));
#14987=CARTESIAN_POINT('',(0.229554939999999,0.156365320868377,-0.00375000000000025));
#14988=CARTESIAN_POINT('',(0.22020494,0.1617635458853,-0.03125));
#14989=CARTESIAN_POINT('',(0.22020494,0.1617635458853,-0.00375000000000025));
#14990=CARTESIAN_POINT('',(0.22487994,0.159064433376839,-0.005));
#14991=CARTESIAN_POINT('',(0.22487994,0.159064433376839,-0.03));
#14992=CARTESIAN_POINT('',(0.220204939999999,0.0966428890040411,-0.03125));
#14993=CARTESIAN_POINT('',(0.220204939999999,0.0966428890040411,-0.00375000000000002));
#14994=CARTESIAN_POINT('',(0.22955494,0.102041114020964,-0.03125));
#14995=CARTESIAN_POINT('',(0.22955494,0.102041114020964,-0.00375000000000002));
#14996=CARTESIAN_POINT('',(0.220629939999999,0.0968882628684467,-0.03));
#14997=CARTESIAN_POINT('',(0.220629939999999,0.0968882628684467,-0.03));
#14998=CARTESIAN_POINT('',(0.220629939999999,0.0968882628684467,-0.005));
#14999=CARTESIAN_POINT('',(0.22487994,0.0993420015125026,-0.005));
#15000=CARTESIAN_POINT('',(0.22487994,0.0993420015125026,-0.03));
#15001=CARTESIAN_POINT('',(0.21212994,-0.159351442461594,-0.0195));
#15002=CARTESIAN_POINT('',(0.21212994,-0.0990549924277474,-0.0195));
#15003=CARTESIAN_POINT('',(0.21212994,-0.159351442461594,-0.0305));
#15004=CARTESIAN_POINT('',(0.21212994,-0.0990549924277474,-0.0305));
#15005=CARTESIAN_POINT('',(0.21212994,-0.12920321744467,-0.02));
#15006=CARTESIAN_POINT('',(0.21212994,-0.156610694732782,-0.02));
#15007=CARTESIAN_POINT('',(0.21212994,-0.101795740156559,-0.02));
#15008=CARTESIAN_POINT('',(0.21212994,-0.156610694732782,-0.03));
#15009=CARTESIAN_POINT('',(0.21212994,-0.101795740156559,-0.03));
#15010=CARTESIAN_POINT('',(0.21170494,-0.102041114020964,-0.0305));
#15011=CARTESIAN_POINT('',(0.21170494,-0.102041114020964,-0.0195));
#15012=CARTESIAN_POINT('',(0.22105494,-0.0966428890040412,-0.0305));
#15013=CARTESIAN_POINT('',(0.22105494,-0.0966428890040412,-0.0195));
#15014=CARTESIAN_POINT('',(0.21637994,-0.0993420015125027,-0.02));
#15015=CARTESIAN_POINT('',(0.22062994,-0.0968882628684468,-0.02));
#15016=CARTESIAN_POINT('',(0.22062994,-0.0968882628684468,-0.03));
#15017=CARTESIAN_POINT('',(0.22020494,-0.0966428890040412,-0.0305));
#15018=CARTESIAN_POINT('',(0.22020494,-0.0966428890040412,-0.0194999999999999));
#15019=CARTESIAN_POINT('',(0.22955494,-0.102041114020964,-0.0305));
#15020=CARTESIAN_POINT('',(0.22955494,-0.102041114020964,-0.0194999999999999));
#15021=CARTESIAN_POINT('',(0.22487994,-0.0993420015125027,-0.02));
#15022=CARTESIAN_POINT('',(0.22912994,-0.101795740156559,-0.02));
#15023=CARTESIAN_POINT('',(0.22912994,-0.101795740156559,-0.03));
#15024=CARTESIAN_POINT('',(0.22912994,-0.0990549924277474,-0.0305));
#15025=CARTESIAN_POINT('',(0.22912994,-0.0990549924277474,-0.0195));
#15026=CARTESIAN_POINT('',(0.22912994,-0.159351442461593,-0.0305));
#15027=CARTESIAN_POINT('',(0.22912994,-0.159351442461593,-0.0195));
#15028=CARTESIAN_POINT('',(0.22912994,-0.109156956088726,-0.02));
#15029=CARTESIAN_POINT('',(0.22912994,-0.156610694732782,-0.02));
#15030=CARTESIAN_POINT('',(0.22912994,-0.156610694732782,-0.03));
#15031=CARTESIAN_POINT('',(0.22955494,-0.156365320868376,-0.0305));
#15032=CARTESIAN_POINT('',(0.22955494,-0.156365320868376,-0.0195000000000001));
#15033=CARTESIAN_POINT('',(0.22020494,-0.1617635458853,-0.0305));
#15034=CARTESIAN_POINT('',(0.22020494,-0.1617635458853,-0.0195000000000001));
#15035=CARTESIAN_POINT('',(0.22487994,-0.159064433376838,-0.02));
#15036=CARTESIAN_POINT('',(0.22062994,-0.161518172020894,-0.02));
#15037=CARTESIAN_POINT('',(0.22062994,-0.161518172020894,-0.03));
#15038=CARTESIAN_POINT('',(0.207429946210388,-0.1675,-0.03075));
#15039=CARTESIAN_POINT('',(0.23382980958186,-0.1675,-0.03075));
#15040=CARTESIAN_POINT('',(0.207429946210388,-0.1675,-0.01425));
#15041=CARTESIAN_POINT('',(0.23382980958186,-0.1675,-0.01425));
#15042=CARTESIAN_POINT('',(0.22062994,-0.1675,-0.015));
#15043=CARTESIAN_POINT('',(0.232629815792247,-0.1675,-0.015));
#15044=CARTESIAN_POINT('',(0.20862994,-0.1675,-0.015));
#15045=CARTESIAN_POINT('',(0.20862994,-0.1675,-0.03));
#15046=CARTESIAN_POINT('',(0.232629815792247,-0.1675,-0.03));
#15047=CARTESIAN_POINT('',(0.619225403201731,0.0870987445324132,-0.03075));
#15048=CARTESIAN_POINT('',(0.619225403201731,0.0870987445324132,-0.01425));
#15049=CARTESIAN_POINT('',(0.349643536825083,-0.0546376910136694,-0.03075));
#15050=CARTESIAN_POINT('',(0.349643536825083,-0.0546376910136694,-0.01425));
#15051=CARTESIAN_POINT('',(0.112171592912893,-0.245348665252153,-0.03075));
#15052=CARTESIAN_POINT('',(0.112171592912893,-0.245348665252153,-0.01425));
#15053=CARTESIAN_POINT('',(-0.0844108801477024,-0.47798342431839,-0.03075));
#15054=CARTESIAN_POINT('',(-0.0844108801477024,-0.47798342431839,-0.01425));
#15055=CARTESIAN_POINT('',(1.7163952393509,-1.99971182765168,-0.015));
#15056=CARTESIAN_POINT('',(0.24762994,-0.155453472465465,-0.015));
#15057=CARTESIAN_POINT('',(0.24762994,-0.155453472465465,-0.03));
#15058=CARTESIAN_POINT('',(0.247629940000004,-0.155453472465462,-0.0495));
#15059=CARTESIAN_POINT('',(0.247629940000004,-0.155453472465462,0.015));
#15060=CARTESIAN_POINT('',(0.295728877265692,-0.117143056080883,-0.0495));
#15061=CARTESIAN_POINT('',(0.295728877265692,-0.117143056080883,0.015));
#15062=CARTESIAN_POINT('',(0.339180485632323,-0.0854982462458507,-0.0495));
#15063=CARTESIAN_POINT('',(0.339180485632323,-0.0854982462458507,0.015));
#15064=CARTESIAN_POINT('',(0.37302994,-0.06,-0.0495));
#15065=CARTESIAN_POINT('',(0.37302994,-0.06,0.015));
#15066=CARTESIAN_POINT('',(0.247629940000004,-0.155453472465462,-0.018));
#15067=CARTESIAN_POINT('',(0.295728877265692,-0.117143056080883,-0.018));
#15068=CARTESIAN_POINT('',(0.339180485632323,-0.0854982462458507,-0.018));
#15069=CARTESIAN_POINT('',(0.37302994,-0.06,-0.018));
#15070=CARTESIAN_POINT('',(0.247629940000004,-0.155453472465462,0.015));
#15071=CARTESIAN_POINT('',(0.295728877265692,-0.117143056080883,0.015));
#15072=CARTESIAN_POINT('',(0.339180485632323,-0.0854982462458507,0.015));
#15073=CARTESIAN_POINT('',(0.37302994,-0.06,0.015));
#15074=CARTESIAN_POINT('',(0.24762994,-0.155453472465465,0.015));
#15075=CARTESIAN_POINT('',(0.24762994,-0.155453472465465,0.015002));
#15076=CARTESIAN_POINT('',(0.372365996822317,-0.0605,-0.055));
#15077=CARTESIAN_POINT('',(-0.0844108801514165,0.477983424322016,-0.03075));
#15078=CARTESIAN_POINT('',(-0.0844108801514165,0.477983424322016,-0.01425));
#15079=CARTESIAN_POINT('',(0.112171592911433,0.245348665253121,-0.03075));
#15080=CARTESIAN_POINT('',(0.112171592911433,0.245348665253121,-0.01425));
#15081=CARTESIAN_POINT('',(0.349643536826334,0.0546376910124484,-0.03075));
#15082=CARTESIAN_POINT('',(0.349643536826334,0.0546376910124484,-0.01425));
#15083=CARTESIAN_POINT('',(0.619225403206056,-0.0870987445352764,-0.03075));
#15084=CARTESIAN_POINT('',(0.619225403206056,-0.0870987445352764,-0.01425));
#15085=CARTESIAN_POINT('',(1.71639523936822,1.99971182767314,-0.015));
#15086=CARTESIAN_POINT('',(1.71639523936822,1.99971182767314,-0.03));
#15087=CARTESIAN_POINT('',(0.31239869,-0.0206375,-0.03));
#15088=CARTESIAN_POINT('',(0.31239869,-0.0206375,-0.015));
#15089=CARTESIAN_POINT('',(0.31239869,-0.015875,-0.03));
#15090=CARTESIAN_POINT('',(0.31239869,-0.015875,-0.015));
#15091=CARTESIAN_POINT('',(0.30763619,-0.015875,-0.03));
#15092=CARTESIAN_POINT('',(0.30763619,-0.015875,-0.015));
#15093=CARTESIAN_POINT('',(0.30763619,-0.0206375,-0.03));
#15094=CARTESIAN_POINT('',(0.30763619,-0.0206375,-0.015));
#15095=CARTESIAN_POINT('',(0.31001744,-0.0206375,-0.015));
#15096=CARTESIAN_POINT('',(0.32192369,-0.0206375,-0.03));
#15097=CARTESIAN_POINT('',(0.32192369,-0.0206375,-0.015));
#15098=CARTESIAN_POINT('',(0.32192369,-0.015875,-0.03));
#15099=CARTESIAN_POINT('',(0.32192369,-0.015875,-0.015));
#15100=CARTESIAN_POINT('',(0.31716119,-0.015875,-0.03));
#15101=CARTESIAN_POINT('',(0.31716119,-0.015875,-0.015));
#15102=CARTESIAN_POINT('',(0.31716119,-0.0206375,-0.03));
#15103=CARTESIAN_POINT('',(0.31716119,-0.0206375,-0.015));
#15104=CARTESIAN_POINT('',(0.31954244,-0.0206375,-0.015));
#15105=CARTESIAN_POINT('',(0.32192369,0.0206375,-0.03));
#15106=CARTESIAN_POINT('',(0.32192369,0.0206375,-0.015));
#15107=CARTESIAN_POINT('',(0.32192369,0.0254,-0.03));
#15108=CARTESIAN_POINT('',(0.32192369,0.0254,-0.015));
#15109=CARTESIAN_POINT('',(0.31716119,0.0254,-0.03));
#15110=CARTESIAN_POINT('',(0.31716119,0.0254,-0.015));
#15111=CARTESIAN_POINT('',(0.31716119,0.0206375,-0.03));
#15112=CARTESIAN_POINT('',(0.31716119,0.0206375,-0.015));
#15113=CARTESIAN_POINT('',(0.31954244,0.0206375,-0.015));
#15114=CARTESIAN_POINT('',(0.31239869,0.0206375,-0.03));
#15115=CARTESIAN_POINT('',(0.31239869,0.0206375,-0.015));
#15116=CARTESIAN_POINT('',(0.31239869,0.0254,-0.03));
#15117=CARTESIAN_POINT('',(0.31239869,0.0254,-0.015));
#15118=CARTESIAN_POINT('',(0.30763619,0.0254,-0.03));
#15119=CARTESIAN_POINT('',(0.30763619,0.0254,-0.015));
#15120=CARTESIAN_POINT('',(0.30763619,0.0206375,-0.03));
#15121=CARTESIAN_POINT('',(0.30763619,0.0206375,-0.015));
#15122=CARTESIAN_POINT('',(0.31001744,0.0206375,-0.015));
#15123=CARTESIAN_POINT('',(0.25842369,0.0206375,-0.03));
#15124=CARTESIAN_POINT('',(0.25842369,0.0206375,-0.015));
#15125=CARTESIAN_POINT('',(0.25842369,0.0254,-0.03));
#15126=CARTESIAN_POINT('',(0.25842369,0.0254,-0.015));
#15127=CARTESIAN_POINT('',(0.25366119,0.0254,-0.03));
#15128=CARTESIAN_POINT('',(0.25366119,0.0254,-0.015));
#15129=CARTESIAN_POINT('',(0.25366119,0.0206375,-0.03));
#15130=CARTESIAN_POINT('',(0.25366119,0.0206375,-0.015));
#15131=CARTESIAN_POINT('',(0.25604244,0.0206375,-0.015));
#15132=CARTESIAN_POINT('',(0.21170494,0.102041114020964,-0.03125));
#15133=CARTESIAN_POINT('',(0.21170494,0.102041114020964,-0.00375000000000025));
#15134=CARTESIAN_POINT('',(0.22105494,0.0966428890040414,-0.03125));
#15135=CARTESIAN_POINT('',(0.22105494,0.0966428890040414,-0.00375000000000025));
#15136=CARTESIAN_POINT('',(0.21637994,0.0993420015125027,-0.005));
#15137=CARTESIAN_POINT('',(0.21637994,0.0993420015125027,-0.03));
#15138=CARTESIAN_POINT('',(0.22105494,-0.161763545885299,-0.0305));
#15139=CARTESIAN_POINT('',(0.22105494,-0.161763545885299,-0.0195));
#15140=CARTESIAN_POINT('',(0.21170494,-0.156365320868377,-0.0305));
#15141=CARTESIAN_POINT('',(0.21170494,-0.156365320868377,-0.0195));
#15142=CARTESIAN_POINT('',(0.21637994,-0.159064433376838,-0.02));
#15143=CARTESIAN_POINT('',(0.20862994,-0.18425,-0.051975));
#15144=CARTESIAN_POINT('',(0.20862994,0.18425,-0.051975));
#15145=CARTESIAN_POINT('',(0.20862994,-0.18425,0.00247499999999999));
#15146=CARTESIAN_POINT('',(0.20862994,0.18425,0.00247499999999999));
#15147=CARTESIAN_POINT('',(0.20862994,0.03,-0.03075));
#15148=CARTESIAN_POINT('',(0.20862994,0.03,-0.0495));
#15149=CARTESIAN_POINT('',(0.20862994,-0.03,-0.03075));
#15150=CARTESIAN_POINT('',(0.20862994,-0.10625,-0.015));
#15151=CARTESIAN_POINT('',(0.20862994,0.09,-0.015));
#15152=CARTESIAN_POINT('',(0.20862994,0.09,0.));
#15153=CARTESIAN_POINT('',(0.20862994,0.09,0.));
#15154=CARTESIAN_POINT('',(0.20862994,0.12875,0.));
#15155=CARTESIAN_POINT('',(0.20862994,-0.10625,-0.03));
#15156=CARTESIAN_POINT('',(0.20862994,0.04775,-0.0495));
#15157=CARTESIAN_POINT('',(0.20862994,-0.04775,-0.0435));
#15158=CARTESIAN_POINT('',(0.20862994,-0.035,-0.0435));
#15159=CARTESIAN_POINT('',(0.20862994,-0.035,-0.03075));
#15160=CARTESIAN_POINT('',(0.20862994,-0.035,-0.018));
#15161=CARTESIAN_POINT('',(0.20862994,-0.04775,-0.018));
#15162=CARTESIAN_POINT('',(0.20862994,0.035,-0.03075));
#15163=CARTESIAN_POINT('',(0.20862994,0.035,-0.0435));
#15164=CARTESIAN_POINT('',(0.20862994,0.035,-0.018));
#15165=CARTESIAN_POINT('',(0.20862994,0.04775,-0.0435));
#15166=CARTESIAN_POINT('',(0.20862994,0.04775,-0.018));
#15167=CARTESIAN_POINT('',(0.25842369,-0.0206375,-0.03));
#15168=CARTESIAN_POINT('',(0.25842369,-0.0206375,-0.015));
#15169=CARTESIAN_POINT('',(0.25842369,-0.015875,-0.03));
#15170=CARTESIAN_POINT('',(0.25842369,-0.015875,-0.015));
#15171=CARTESIAN_POINT('',(0.25366119,-0.015875,-0.03));
#15172=CARTESIAN_POINT('',(0.25366119,-0.015875,-0.015));
#15173=CARTESIAN_POINT('',(0.25366119,-0.0206375,-0.03));
#15174=CARTESIAN_POINT('',(0.25366119,-0.0206375,-0.015));
#15175=CARTESIAN_POINT('',(0.25604244,-0.0206375,-0.015));
#15176=CARTESIAN_POINT('',(0.20862994,0.0655,-0.03));
#15177=CARTESIAN_POINT('',(0.20862994,0.1675,-0.03));
#15178=CARTESIAN_POINT('',(0.366651416799792,0.0655,-0.03));
#15179=CARTESIAN_POINT('',(0.366651416799792,0.1675,-0.03));
#15180=CARTESIAN_POINT('',(0.20362994,-0.18425,-0.015));
#15181=CARTESIAN_POINT('',(0.20362994,0.18425,-0.015));
#15182=CARTESIAN_POINT('',(0.31362994,-0.18425,-0.015));
#15183=CARTESIAN_POINT('',(0.31362994,0.18425,-0.015));
#15184=CARTESIAN_POINT('',(0.26962994,0.047,-0.015));
#15185=CARTESIAN_POINT('',(0.30862994,0.047,-0.015));
#15186=CARTESIAN_POINT('',(0.30862994,0.076,-0.015));
#15187=CARTESIAN_POINT('',(0.23062994,0.076,-0.015));
#15188=CARTESIAN_POINT('',(0.23062994,0.09,-0.015));
#15189=CARTESIAN_POINT('',(0.22062994,0.09,-0.015));
#15190=CARTESIAN_POINT('',(0.24012994,-0.133976736232733,-0.015));
#15191=CARTESIAN_POINT('',(0.215535400655342,-0.12920321744467,-0.015));
#15192=CARTESIAN_POINT('',(0.215535400655342,-0.106939159949824,-0.015));
#15193=CARTESIAN_POINT('',(0.215535400655342,-0.151467274939517,-0.015));
#15194=CARTESIAN_POINT('',(0.220629940000016,-0.10670321744467,-0.015));
#15195=CARTESIAN_POINT('',(0.225729940000033,-0.10670321744467,-0.015));
#15196=CARTESIAN_POINT('',(0.220629940000016,-0.10670321744467,-0.015));
#15197=CARTESIAN_POINT('',(0.225729416506274,-0.10677628838253,-0.015));
#15198=CARTESIAN_POINT('',(0.225729456109821,-0.110175115269782,-0.015));
#15199=CARTESIAN_POINT('',(0.225729939999956,-0.151703187731759,-0.015));
#15200=CARTESIAN_POINT('',(0.220629939999998,-0.15170321744467,-0.015));
#15201=CARTESIAN_POINT('',(0.23382994,0.09,-0.01575));
#15202=CARTESIAN_POINT('',(0.23382994,0.09,0.000750000000000001));
#15203=CARTESIAN_POINT('',(0.20742994,0.09,-0.01575));
#15204=CARTESIAN_POINT('',(0.20742994,0.09,0.000750000000000001));
#15205=CARTESIAN_POINT('',(0.23062994,0.09,0.));
#15206=CARTESIAN_POINT('',(0.23062994,0.09,-0.005));
#15207=CARTESIAN_POINT('',(0.22062994,0.09,-0.005));
#15208=CARTESIAN_POINT('',(0.22062994,0.09,0.));
#15209=CARTESIAN_POINT('',(0.206668237529755,0.086125,0.));
#15210=CARTESIAN_POINT('',(0.206668237529755,0.171375,0.));
#15211=CARTESIAN_POINT('',(0.249825691875149,0.086125,0.));
#15212=CARTESIAN_POINT('',(0.249825691875149,0.171375,0.));
#15213=CARTESIAN_POINT('',(0.24012994,0.133976736232733,0.));
#15214=CARTESIAN_POINT('',(0.215535400655342,0.12920321744467,0.));
#15215=CARTESIAN_POINT('',(0.215535400655342,0.106939159949824,0.));
#15216=CARTESIAN_POINT('',(0.215535400655342,0.151467274939517,0.));
#15217=CARTESIAN_POINT('',(0.220629940000018,0.15170321744467,0.));
#15218=CARTESIAN_POINT('',(0.225729939999957,0.151703187731759,0.));
#15219=CARTESIAN_POINT('',(0.225729456109821,0.110175115269782,0.));
#15220=CARTESIAN_POINT('',(0.225729416506274,0.106776288382529,0.));
#15221=CARTESIAN_POINT('',(0.220629939999997,0.10670321744467,0.));
#15222=CARTESIAN_POINT('',(0.225729939999997,0.10670321744467,0.));
#15223=CARTESIAN_POINT('',(0.220629939999997,0.10670321744467,0.));
#15224=CARTESIAN_POINT('',(0.24837994,-0.157601146088739,-0.0165));
#15225=CARTESIAN_POINT('',(0.24837994,-0.157601146088739,0.0165));
#15226=CARTESIAN_POINT('',(0.23187994,-0.110352326376727,-0.0165));
#15227=CARTESIAN_POINT('',(0.23187994,-0.110352326376727,0.0165));
#15228=CARTESIAN_POINT('',(0.24012994,-0.133976736232733,0.015));
#15229=CARTESIAN_POINT('',(0.248379939999999,0.157601146088737,-0.000749999999999992));
#15230=CARTESIAN_POINT('',(0.248379939999999,0.157601146088737,0.01575));
#15231=CARTESIAN_POINT('',(0.23187994,0.110352326376727,-0.000749999999999992));
#15232=CARTESIAN_POINT('',(0.23187994,0.110352326376727,0.01575));
#15233=CARTESIAN_POINT('',(0.24012994,0.133976736232733,0.015));
#15234=CARTESIAN_POINT('',(0.22560994,-0.173050805548556,0.015));
#15235=CARTESIAN_POINT('',(0.22560994,0.173050805548552,0.015));
#15236=CARTESIAN_POINT('',(0.38004994,-0.173050805548556,0.015));
#15237=CARTESIAN_POINT('',(0.38004994,0.173050805548552,0.015));
#15238=CARTESIAN_POINT('',(0.25604244,-0.0206375,0.015));
#15239=CARTESIAN_POINT('',(0.31954244,-0.0206375,0.015));
#15240=CARTESIAN_POINT('',(0.31477994,-0.0221601929270211,0.015));
#15241=CARTESIAN_POINT('',(0.32454244,-0.0206375,0.015));
#15242=CARTESIAN_POINT('',(0.31001744,-0.0206375,0.015));
#15243=CARTESIAN_POINT('',(0.31954244,-0.0206375,0.015));
#15244=CARTESIAN_POINT('',(0.31954244,0.0206375,0.015));
#15245=CARTESIAN_POINT('',(0.32454244,0.0206375,0.015));
#15246=CARTESIAN_POINT('',(0.31954244,0.0206375,0.015));
#15247=CARTESIAN_POINT('',(0.31477994,0.0191148070729789,0.015));
#15248=CARTESIAN_POINT('',(0.31001744,0.0206375,0.015));
#15249=CARTESIAN_POINT('',(0.25604244,0.0206375,0.015));
#15250=CARTESIAN_POINT('',(0.20040994,-0.035,-0.016725));
#15251=CARTESIAN_POINT('',(0.38124994,-0.035,-0.016725));
#15252=CARTESIAN_POINT('',(0.20040994,-0.035,-0.044775));
#15253=CARTESIAN_POINT('',(0.38124994,-0.035,-0.044775));
#15254=CARTESIAN_POINT('',(0.50862994,-0.035,-0.018));
#15255=CARTESIAN_POINT('',(0.37303194,-0.035,-0.0435));
#15256=CARTESIAN_POINT('',(0.20040994,-0.033725,-0.018));
#15257=CARTESIAN_POINT('',(0.38124994,-0.033725,-0.018));
#15258=CARTESIAN_POINT('',(0.20040994,-0.0617750000000003,-0.018));
#15259=CARTESIAN_POINT('',(0.38124994,-0.0617750000000003,-0.018));
#15260=CARTESIAN_POINT('',(0.20040994,0.035,-0.016725));
#15261=CARTESIAN_POINT('',(0.38124994,0.035,-0.016725));
#15262=CARTESIAN_POINT('',(0.20040994,0.035,-0.044775));
#15263=CARTESIAN_POINT('',(0.38124994,0.035,-0.044775));
#15264=CARTESIAN_POINT('',(0.37303194,0.035,-0.0435));
#15265=CARTESIAN_POINT('',(0.50862994,0.035,-0.018));
#15266=CARTESIAN_POINT('',(0.20040994,0.061775,-0.018));
#15267=CARTESIAN_POINT('',(0.38124994,0.061775,-0.018));
#15268=CARTESIAN_POINT('',(0.20040994,0.033725,-0.018));
#15269=CARTESIAN_POINT('',(0.38124994,0.033725,-0.018));
#15270=CARTESIAN_POINT('',(0.20040994,0.03,-0.029025));
#15271=CARTESIAN_POINT('',(0.38124994,0.03,-0.029025));
#15272=CARTESIAN_POINT('',(0.20040994,0.03,-0.050475));
#15273=CARTESIAN_POINT('',(0.38124994,0.03,-0.050475));
#15274=CARTESIAN_POINT('',(0.37303194,0.03,-0.0495));
#15275=CARTESIAN_POINT('',(0.20040994,0.0282249999996877,-0.0495));
#15276=CARTESIAN_POINT('',(0.20040994,0.0672750000065575,-0.0495));
#15277=CARTESIAN_POINT('',(0.38124994,0.0282249999996877,-0.0495));
#15278=CARTESIAN_POINT('',(0.38124994,0.0672750000065575,-0.0495));
#15279=CARTESIAN_POINT('',(0.37303194,0.0605,-0.0495));
#15280=CARTESIAN_POINT('',(0.20040994,0.033725,-0.0435));
#15281=CARTESIAN_POINT('',(0.20040994,0.061775,-0.0435));
#15282=CARTESIAN_POINT('',(0.38124994,0.033725,-0.0435));
#15283=CARTESIAN_POINT('',(0.38124994,0.061775,-0.0435));
#15284=CARTESIAN_POINT('',(0.37303194,0.0605,-0.0435));
#15285=CARTESIAN_POINT('',(0.20040994,-0.03,-0.029025));
#15286=CARTESIAN_POINT('',(0.38124994,-0.03,-0.029025));
#15287=CARTESIAN_POINT('',(0.20040994,-0.03,-0.050475));
#15288=CARTESIAN_POINT('',(0.38124994,-0.03,-0.050475));
#15289=CARTESIAN_POINT('',(0.20040994,-0.061775,-0.0435));
#15290=CARTESIAN_POINT('',(0.20040994,-0.033725,-0.0435));
#15291=CARTESIAN_POINT('',(0.38124994,-0.061775,-0.0435));
#15292=CARTESIAN_POINT('',(0.38124994,-0.033725,-0.0435));
#15293=CARTESIAN_POINT('',(0.37303194,-0.0605,-0.0435));
#15294=CARTESIAN_POINT('',(0.30862994,0.0439382886408448,-0.0155));
#15295=CARTESIAN_POINT('',(0.30862994,0.11129593854226,-0.0155));
#15296=CARTESIAN_POINT('',(0.30862994,0.0439382886408448,-0.0045));
#15297=CARTESIAN_POINT('',(0.30862994,0.11129593854226,-0.0045));
#15298=CARTESIAN_POINT('',(0.30862994,0.047,-0.005));
#15299=CARTESIAN_POINT('',(0.30862994,0.047,-0.005));
#15300=CARTESIAN_POINT('',(0.30862994,0.076,-0.005));
#15301=CARTESIAN_POINT('',(0.23062994,0.086125,-0.0155));
#15302=CARTESIAN_POINT('',(0.23062994,0.171375,-0.0155));
#15303=CARTESIAN_POINT('',(0.23062994,0.086125,-0.0045));
#15304=CARTESIAN_POINT('',(0.23062994,0.171375,-0.0045));
#15305=CARTESIAN_POINT('',(0.23062994,0.076,-0.005));
#15306=CARTESIAN_POINT('',(0.22882994,0.047,-0.0155));
#15307=CARTESIAN_POINT('',(0.31242994,0.047,-0.0155));
#15308=CARTESIAN_POINT('',(0.22882994,0.047,-0.0045));
#15309=CARTESIAN_POINT('',(0.31242994,0.047,-0.0045));
#15310=CARTESIAN_POINT('',(0.26962994,0.047,-0.005));
#15311=CARTESIAN_POINT('',(0.22672994,0.173525,-0.005));
#15312=CARTESIAN_POINT('',(0.22672994,0.040975,-0.005));
#15313=CARTESIAN_POINT('',(0.31252994,0.173525,-0.005));
#15314=CARTESIAN_POINT('',(0.31252994,0.040975,-0.005));
#15315=CARTESIAN_POINT('',(0.32892994,-0.06325,0.0125));
#15316=CARTESIAN_POINT('',(0.37512994,-0.06325,0.0125));
#15317=CARTESIAN_POINT('',(0.32892994,0.06325,0.0125));
#15318=CARTESIAN_POINT('',(0.37512994,0.06325,0.0125));
#15319=CARTESIAN_POINT('',(0.33102994,-0.0575,0.0125));
#15320=CARTESIAN_POINT('',(0.33102994,-0.0575,0.0125));
#15321=CARTESIAN_POINT('',(0.33102994,0.,0.0125));
#15322=CARTESIAN_POINT('',(0.33102994,0.0575,0.0125));
#15323=CARTESIAN_POINT('',(0.33102994,0.0575,0.0125));
#15324=CARTESIAN_POINT('',(0.32892994,-0.0575,0.01375));
#15325=CARTESIAN_POINT('',(0.37512994,-0.0575,0.01375));
#15326=CARTESIAN_POINT('',(0.32892994,-0.0575,-0.01375));
#15327=CARTESIAN_POINT('',(0.37512994,-0.0575,-0.01375));
#15328=CARTESIAN_POINT('',(0.33102994,-0.0575,-0.0125));
#15329=CARTESIAN_POINT('',(0.33102994,-0.0575,-0.0125));
#15330=CARTESIAN_POINT('',(0.33102994,-0.0575,-1.7347234759768E-17));
#15331=CARTESIAN_POINT('',(0.32892994,-0.06325,-0.0125));
#15332=CARTESIAN_POINT('',(0.37512994,-0.06325,-0.0125));
#15333=CARTESIAN_POINT('',(0.32892994,0.06325,-0.0125));
#15334=CARTESIAN_POINT('',(0.37512994,0.06325,-0.0125));
#15335=CARTESIAN_POINT('',(0.33102994,0.0575,-0.0125));
#15336=CARTESIAN_POINT('',(0.33102994,0.0575,-0.0125));
#15337=CARTESIAN_POINT('',(0.33102994,0.,-0.0125));
#15338=CARTESIAN_POINT('',(0.32892994,0.0575,0.01375));
#15339=CARTESIAN_POINT('',(0.37512994,0.0575,0.01375));
#15340=CARTESIAN_POINT('',(0.32892994,0.0575,-0.01375));
#15341=CARTESIAN_POINT('',(0.37512994,0.0575,-0.01375));
#15342=CARTESIAN_POINT('',(0.33102994,0.0575,1.7347234759768E-17));
#15343=CARTESIAN_POINT('',(0.33102994,-0.06325,-0.01375));
#15344=CARTESIAN_POINT('',(0.33102994,-0.06325,0.01375));
#15345=CARTESIAN_POINT('',(0.33102994,0.06325,-0.01375));
#15346=CARTESIAN_POINT('',(0.33102994,0.06325,0.01375));
#15347=CARTESIAN_POINT('',(0.372332799663433,-0.0605,-0.0498));
#15348=CARTESIAN_POINT('',(0.373063137158884,-0.0605,-0.0498));
#15349=CARTESIAN_POINT('',(0.372332799663433,-0.0605,-0.0432));
#15350=CARTESIAN_POINT('',(0.373063137158884,-0.0605,-0.0432));
#15351=CARTESIAN_POINT('',(0.372332799663434,0.0605,-0.0498));
#15352=CARTESIAN_POINT('',(0.373063137158884,0.0605,-0.0498));
#15353=CARTESIAN_POINT('',(0.372332799663434,0.0605,-0.0432));
#15354=CARTESIAN_POINT('',(0.373063137158884,0.0605,-0.0432));
#15355=CARTESIAN_POINT('',(0.215535400655342,-0.153693680689002,-0.02025));
#15356=CARTESIAN_POINT('',(0.215535400655342,-0.104712754200339,-0.02025));
#15357=CARTESIAN_POINT('',(0.215535400655342,-0.153693680689002,-0.01475));
#15358=CARTESIAN_POINT('',(0.215535400655342,-0.104712754200339,-0.01475));
#15359=CARTESIAN_POINT('',(0.215535400655342,-0.151467274939517,-0.02));
#15360=CARTESIAN_POINT('',(0.215535400655342,-0.151467274939517,-0.02));
#15361=CARTESIAN_POINT('',(0.215535400655342,-0.12920321744467,-0.02));
#15362=CARTESIAN_POINT('',(0.215535400655342,-0.106939159949824,-0.02));
#15363=CARTESIAN_POINT('',(0.215535400655342,-0.106939159949824,-0.02));
#15364=CARTESIAN_POINT('',(0.225729416506307,-0.106776288382531,-0.02));
#15365=CARTESIAN_POINT('',(0.225729416506307,-0.106776288382531,-0.015));
#15366=CARTESIAN_POINT('',(0.225773256142462,-0.103716806717723,-0.02));
#15367=CARTESIAN_POINT('',(0.225773256142462,-0.103716806717723,-0.015));
#15368=CARTESIAN_POINT('',(0.223607872087299,-0.101554987607659,-0.02));
#15369=CARTESIAN_POINT('',(0.223607872087299,-0.101554987607659,-0.015));
#15370=CARTESIAN_POINT('',(0.220548466809645,-0.101603868258802,-0.02));
#15371=CARTESIAN_POINT('',(0.220548466809645,-0.101603868258802,-0.015));
#15372=CARTESIAN_POINT('',(0.217489061531991,-0.101652748909945,-0.02));
#15373=CARTESIAN_POINT('',(0.217489061531991,-0.101652748909945,-0.015));
#15374=CARTESIAN_POINT('',(0.215393844601976,-0.103882640384248,-0.02));
#15375=CARTESIAN_POINT('',(0.215393844601976,-0.103882640384248,-0.015));
#15376=CARTESIAN_POINT('',(0.215535400655342,-0.106939159949824,-0.02));
#15377=CARTESIAN_POINT('',(0.215535400655342,-0.106939159949824,-0.015));
#15378=CARTESIAN_POINT('',(0.220629940000016,-0.10670321744467,-0.02));
#15379=CARTESIAN_POINT('',(0.225729940000033,-0.10670321744467,-0.02));
#15380=CARTESIAN_POINT('',(0.220629940000016,-0.10670321744467,-0.02));
#15381=CARTESIAN_POINT('',(0.225729416506274,-0.10677628838253,-0.02));
#15382=CARTESIAN_POINT('',(0.225729416506274,-0.10677628838253,-0.02));
#15383=CARTESIAN_POINT('',(0.225729390331588,-0.104529943415069,-0.02025));
#15384=CARTESIAN_POINT('',(0.225729390331588,-0.104529943415069,-0.01475));
#15385=CARTESIAN_POINT('',(0.225729966174686,-0.15394953269922,-0.02025));
#15386=CARTESIAN_POINT('',(0.225729966174686,-0.15394953269922,-0.01475));
#15387=CARTESIAN_POINT('',(0.225729456109821,-0.110175115269782,-0.02));
#15388=CARTESIAN_POINT('',(0.225729939999956,-0.151703187731759,-0.02));
#15389=CARTESIAN_POINT('',(0.225729939999956,-0.151703187731759,-0.02));
#15390=CARTESIAN_POINT('',(0.215535400655341,-0.151467274939517,-0.02));
#15391=CARTESIAN_POINT('',(0.215535400655341,-0.151467274939517,-0.015));
#15392=CARTESIAN_POINT('',(0.215394639087233,-0.154506639747802,-0.02));
#15393=CARTESIAN_POINT('',(0.215394639087233,-0.154506639747802,-0.015));
#15394=CARTESIAN_POINT('',(0.217470143764258,-0.156731461671585,-0.02));
#15395=CARTESIAN_POINT('',(0.217470143764258,-0.156731461671585,-0.015));
#15396=CARTESIAN_POINT('',(0.220511952008767,-0.156801852441797,-0.02));
#15397=CARTESIAN_POINT('',(0.220511952008767,-0.156801852441797,-0.015));
#15398=CARTESIAN_POINT('',(0.223553760253277,-0.15687224321201,-0.02));
#15399=CARTESIAN_POINT('',(0.223553760253277,-0.15687224321201,-0.015));
#15400=CARTESIAN_POINT('',(0.225729957726417,-0.154745810326919,-0.02));
#15401=CARTESIAN_POINT('',(0.225729957726417,-0.154745810326919,-0.015));
#15402=CARTESIAN_POINT('',(0.225729939999912,-0.151703187731759,-0.02));
#15403=CARTESIAN_POINT('',(0.225729939999912,-0.151703187731759,-0.015));
#15404=CARTESIAN_POINT('',(0.220629939999998,-0.15170321744467,-0.02));
#15405=CARTESIAN_POINT('',(0.21127994,-0.165176224878923,-0.02));
#15406=CARTESIAN_POINT('',(0.21127994,-0.0932302100104183,-0.02));
#15407=CARTESIAN_POINT('',(0.22997994,-0.165176224878923,-0.02));
#15408=CARTESIAN_POINT('',(0.22997994,-0.0932302100104183,-0.02));
#15409=CARTESIAN_POINT('',(0.215535400655342,0.104712754200339,0.00025));
#15410=CARTESIAN_POINT('',(0.215535400655342,0.153693680689002,0.00025));
#15411=CARTESIAN_POINT('',(0.215535400655342,0.104712754200339,-0.00525));
#15412=CARTESIAN_POINT('',(0.215535400655342,0.153693680689002,-0.00525));
#15413=CARTESIAN_POINT('',(0.215535400655342,0.106939159949824,-0.005));
#15414=CARTESIAN_POINT('',(0.215535400655342,0.106939159949824,-0.005));
#15415=CARTESIAN_POINT('',(0.215535400655342,0.12920321744467,-0.005));
#15416=CARTESIAN_POINT('',(0.215535400655342,0.151467274939517,-0.005));
#15417=CARTESIAN_POINT('',(0.215535400655342,0.151467274939517,-0.005));
#15418=CARTESIAN_POINT('',(0.225729939999948,0.151703187731759,-0.005));
#15419=CARTESIAN_POINT('',(0.225729939999948,0.151703187731759,1.0842021724855E-18));
#15420=CARTESIAN_POINT('',(0.225729957726454,0.154745810326929,-0.005));
#15421=CARTESIAN_POINT('',(0.225729957726454,0.154745810326929,3.39130431903134E-19));
#15422=CARTESIAN_POINT('',(0.223553760253306,0.156872243212027,-0.005));
#15423=CARTESIAN_POINT('',(0.223553760253306,0.156872243212027,3.39130431903134E-19));
#15424=CARTESIAN_POINT('',(0.220511952008786,0.156801852441815,-0.005));
#15425=CARTESIAN_POINT('',(0.220511952008786,0.156801852441815,1.0842021724855E-18));
#15426=CARTESIAN_POINT('',(0.217470143764267,0.156731461671602,-0.005));
#15427=CARTESIAN_POINT('',(0.217470143764267,0.156731461671602,3.39130431903134E-19));
#15428=CARTESIAN_POINT('',(0.215394639087235,0.154506639747812,-0.005));
#15429=CARTESIAN_POINT('',(0.215394639087235,0.154506639747812,3.39130431903134E-19));
#15430=CARTESIAN_POINT('',(0.215535400655343,0.151467274939517,-0.005));
#15431=CARTESIAN_POINT('',(0.215535400655343,0.151467274939517,1.0842021724855E-18));
#15432=CARTESIAN_POINT('',(0.220629940000018,0.15170321744467,-0.005));
#15433=CARTESIAN_POINT('',(0.225729939999957,0.151703187731759,-0.005));
#15434=CARTESIAN_POINT('',(0.225729939999957,0.151703187731759,-0.005));
#15435=CARTESIAN_POINT('',(0.225729390331588,0.104529943415068,-0.00525));
#15436=CARTESIAN_POINT('',(0.225729390331588,0.104529943415068,0.000250000000000002));
#15437=CARTESIAN_POINT('',(0.225729966174686,0.15394953269922,-0.00525));
#15438=CARTESIAN_POINT('',(0.225729966174686,0.15394953269922,0.000250000000000002));
#15439=CARTESIAN_POINT('',(0.225729456109821,0.110175115269782,-0.005));
#15440=CARTESIAN_POINT('',(0.225729416506274,0.106776288382529,-0.005));
#15441=CARTESIAN_POINT('',(0.225729416506274,0.106776288382529,-0.005));
#15442=CARTESIAN_POINT('',(0.21553540065534,0.106939159949824,-0.005));
#15443=CARTESIAN_POINT('',(0.21553540065534,0.106939159949824,-8.13151629364128E-20));
#15444=CARTESIAN_POINT('',(0.215393844601973,0.103882640384258,-0.005));
#15445=CARTESIAN_POINT('',(0.215393844601973,0.103882640384258,-1.69928842755324E-19));
#15446=CARTESIAN_POINT('',(0.217489061531981,0.101652748909962,-0.005));
#15447=CARTESIAN_POINT('',(0.217489061531981,0.101652748909962,-1.69928842755324E-19));
#15448=CARTESIAN_POINT('',(0.220548466809625,0.101603868258818,-0.005));
#15449=CARTESIAN_POINT('',(0.220548466809625,0.101603868258818,-8.13151629364128E-20));
#15450=CARTESIAN_POINT('',(0.223607872087269,0.101554987607675,-0.005));
#15451=CARTESIAN_POINT('',(0.223607872087269,0.101554987607675,-1.69928842755324E-19));
#15452=CARTESIAN_POINT('',(0.225773256142425,0.103716806717731,-0.005));
#15453=CARTESIAN_POINT('',(0.225773256142425,0.103716806717731,-1.69928842755324E-19));
#15454=CARTESIAN_POINT('',(0.225729416506271,0.106776288382529,-0.005));
#15455=CARTESIAN_POINT('',(0.225729416506271,0.106776288382529,-8.13151629364128E-20));
#15456=CARTESIAN_POINT('',(0.220629939999997,0.10670321744467,-0.005));
#15457=CARTESIAN_POINT('',(0.225729939999997,0.10670321744467,-0.005));
#15458=CARTESIAN_POINT('',(0.220629939999997,0.10670321744467,-0.005));
#15459=CARTESIAN_POINT('',(0.21127994,0.0932302100104182,-0.005));
#15460=CARTESIAN_POINT('',(0.21127994,0.165176224878923,-0.005));
#15461=CARTESIAN_POINT('',(0.22997994,0.0932302100104182,-0.005));
#15462=CARTESIAN_POINT('',(0.22997994,0.165176224878923,-0.005));
#15463=CARTESIAN_POINT('',(0.250982259213686,0.0257150406816951,-0.015));
#15464=CARTESIAN_POINT('',(0.250982259213686,0.0155383965728998,-0.015));
#15465=CARTESIAN_POINT('',(0.261132751838656,0.0257150406816951,-0.015));
#15466=CARTESIAN_POINT('',(0.261132751838656,0.0155383965728998,-0.015));
#15467=CARTESIAN_POINT('',(0.25604244,0.0206375,-0.015));
#15468=CARTESIAN_POINT('',(0.25104244,0.0206375,0.015));
#15469=CARTESIAN_POINT('',(0.25104244,0.0206375,-0.015));
#15470=CARTESIAN_POINT('',(0.25104244,0.0306375,0.015));
#15471=CARTESIAN_POINT('',(0.25104244,0.0306375,-0.015));
#15472=CARTESIAN_POINT('',(0.26104244,0.0306375,0.015));
#15473=CARTESIAN_POINT('',(0.26104244,0.0306375,-0.015));
#15474=CARTESIAN_POINT('',(0.26104244,0.0206375,0.015));
#15475=CARTESIAN_POINT('',(0.26104244,0.0206375,-0.015));
#15476=CARTESIAN_POINT('',(0.303912325,0.0262035,-0.015));
#15477=CARTESIAN_POINT('',(0.303912325,0.0150715,-0.015));
#15478=CARTESIAN_POINT('',(0.325647555,0.0262035,-0.015));
#15479=CARTESIAN_POINT('',(0.325647555,0.0150715,-0.015));
#15480=CARTESIAN_POINT('',(0.31001744,0.0206375,-0.015));
#15481=CARTESIAN_POINT('',(0.31477994,0.0191148070729789,-0.015));
#15482=CARTESIAN_POINT('',(0.31954244,0.0206375,-0.015));
#15483=CARTESIAN_POINT('',(0.31477994,0.0191148070729789,0.015));
#15484=CARTESIAN_POINT('',(0.31477994,0.0191148070729789,-0.015));
#15485=CARTESIAN_POINT('',(0.312238017951983,0.0111644820016172,0.015));
#15486=CARTESIAN_POINT('',(0.312238017951983,0.0111644820016172,-0.015));
#15487=CARTESIAN_POINT('',(0.30501744,0.0138251443030338,0.015));
#15488=CARTESIAN_POINT('',(0.30501744,0.0138251443030338,-0.015));
#15489=CARTESIAN_POINT('',(0.30501744,0.0206375,0.015));
#15490=CARTESIAN_POINT('',(0.30501744,0.0206375,-0.015));
#15491=CARTESIAN_POINT('',(0.31477994,0.0191148070729789,0.032));
#15492=CARTESIAN_POINT('',(0.31454244,0.0206375,0.0165));
#15493=CARTESIAN_POINT('',(0.31454244,0.0206375,-0.0165));
#15494=CARTESIAN_POINT('',(0.31454244,0.0306375,0.0165));
#15495=CARTESIAN_POINT('',(0.31454244,0.0306375,-0.0165));
#15496=CARTESIAN_POINT('',(0.32454244,0.0306375,0.0165));
#15497=CARTESIAN_POINT('',(0.32454244,0.0306375,-0.0165));
#15498=CARTESIAN_POINT('',(0.32454244,0.0206375,0.0165));
#15499=CARTESIAN_POINT('',(0.32454244,0.0206375,-0.0165));
#15500=CARTESIAN_POINT('',(0.32454244,0.0106375,0.0165));
#15501=CARTESIAN_POINT('',(0.32454244,0.0106375,-0.0165));
#15502=CARTESIAN_POINT('',(0.31454244,0.0106375,0.0165));
#15503=CARTESIAN_POINT('',(0.31454244,0.0106375,-0.0165));
#15504=CARTESIAN_POINT('',(0.31454244,0.0206375,0.0165));
#15505=CARTESIAN_POINT('',(0.31454244,0.0206375,-0.0165));
#15506=CARTESIAN_POINT('',(0.303912325,-0.0150715,-0.015));
#15507=CARTESIAN_POINT('',(0.303912325,-0.0262035,-0.015));
#15508=CARTESIAN_POINT('',(0.325647555,-0.0150715,-0.015));
#15509=CARTESIAN_POINT('',(0.325647555,-0.0262035,-0.015));
#15510=CARTESIAN_POINT('',(0.31954244,-0.0206375,-0.015));
#15511=CARTESIAN_POINT('',(0.31477994,-0.0221601929270211,-0.015));
#15512=CARTESIAN_POINT('',(0.31001744,-0.0206375,-0.015));
#15513=CARTESIAN_POINT('',(0.31454244,-0.0206375,0.0165));
#15514=CARTESIAN_POINT('',(0.31454244,-0.0206375,-0.0165));
#15515=CARTESIAN_POINT('',(0.31454244,-0.0106375,0.0165));
#15516=CARTESIAN_POINT('',(0.31454244,-0.0106375,-0.0165));
#15517=CARTESIAN_POINT('',(0.32454244,-0.0106375,0.0165));
#15518=CARTESIAN_POINT('',(0.32454244,-0.0106375,-0.0165));
#15519=CARTESIAN_POINT('',(0.32454244,-0.0206375,0.0165));
#15520=CARTESIAN_POINT('',(0.32454244,-0.0206375,-0.0165));
#15521=CARTESIAN_POINT('',(0.32454244,-0.0306375,0.0165));
#15522=CARTESIAN_POINT('',(0.32454244,-0.0306375,-0.0165));
#15523=CARTESIAN_POINT('',(0.31454244,-0.0306375,0.0165));
#15524=CARTESIAN_POINT('',(0.31454244,-0.0306375,-0.0165));
#15525=CARTESIAN_POINT('',(0.31454244,-0.0206375,0.0165));
#15526=CARTESIAN_POINT('',(0.31454244,-0.0206375,-0.0165));
#15527=CARTESIAN_POINT('',(0.31477994,-0.0221601929270211,0.032));
#15528=CARTESIAN_POINT('',(0.31477994,-0.0221601929270211,0.015));
#15529=CARTESIAN_POINT('',(0.31477994,-0.0221601929270211,-0.015));
#15530=CARTESIAN_POINT('',(0.312238017951983,-0.0301105179983828,0.015));
#15531=CARTESIAN_POINT('',(0.312238017951983,-0.0301105179983828,-0.015));
#15532=CARTESIAN_POINT('',(0.30501744,-0.0274498556969662,0.015));
#15533=CARTESIAN_POINT('',(0.30501744,-0.0274498556969662,-0.015));
#15534=CARTESIAN_POINT('',(0.30501744,-0.0206375,0.015));
#15535=CARTESIAN_POINT('',(0.30501744,-0.0206375,-0.015));
#15536=CARTESIAN_POINT('',(0.250982259213686,-0.0155599593183049,-0.015));
#15537=CARTESIAN_POINT('',(0.250982259213686,-0.0257366034271002,-0.015));
#15538=CARTESIAN_POINT('',(0.261132751838656,-0.0155599593183049,-0.015));
#15539=CARTESIAN_POINT('',(0.261132751838656,-0.0257366034271002,-0.015));
#15540=CARTESIAN_POINT('',(0.25604244,-0.0206375,-0.015));
#15541=CARTESIAN_POINT('',(0.25104244,-0.0206375,0.015));
#15542=CARTESIAN_POINT('',(0.25104244,-0.0206375,-0.015));
#15543=CARTESIAN_POINT('',(0.25104244,-0.0106375,0.015));
#15544=CARTESIAN_POINT('',(0.25104244,-0.0106375,-0.015));
#15545=CARTESIAN_POINT('',(0.26104244,-0.0106375,0.015));
#15546=CARTESIAN_POINT('',(0.26104244,-0.0106375,-0.015));
#15547=CARTESIAN_POINT('',(0.26104244,-0.0206375,0.015));
#15548=CARTESIAN_POINT('',(0.26104244,-0.0206375,-0.015));
#15549=MECHANICAL_DESIGN_GEOMETRIC_PRESENTATION_REPRESENTATION('',(#8449),#15561);
#15550=MECHANICAL_DESIGN_GEOMETRIC_PRESENTATION_REPRESENTATION('',(#8450),#15562);
#15551=MECHANICAL_DESIGN_GEOMETRIC_PRESENTATION_REPRESENTATION('',(#8451),#15563);
#15552=MECHANICAL_DESIGN_GEOMETRIC_PRESENTATION_REPRESENTATION('',(#8452),#15564);
#15553=MECHANICAL_DESIGN_GEOMETRIC_PRESENTATION_REPRESENTATION('',(#8453),#15565);
#15554=MECHANICAL_DESIGN_GEOMETRIC_PRESENTATION_REPRESENTATION('',(#8454),#15566);
#15555=MECHANICAL_DESIGN_GEOMETRIC_PRESENTATION_REPRESENTATION('',(#8455),#15567);
#15556=MECHANICAL_DESIGN_GEOMETRIC_PRESENTATION_REPRESENTATION('',(#8456),#15568);
#15557=MECHANICAL_DESIGN_GEOMETRIC_PRESENTATION_REPRESENTATION('',(#8457),#15569);
#15558=MECHANICAL_DESIGN_GEOMETRIC_PRESENTATION_REPRESENTATION('',(#8458),#15570);
#15559=MECHANICAL_DESIGN_GEOMETRIC_PRESENTATION_REPRESENTATION('',(#8459),#15571);
#15560=MECHANICAL_DESIGN_GEOMETRIC_PRESENTATION_REPRESENTATION('',(#8460),#15572);
#15561=(
GEOMETRIC_REPRESENTATION_CONTEXT(3)
GLOBAL_UNCERTAINTY_ASSIGNED_CONTEXT((#15573))
GLOBAL_UNIT_ASSIGNED_CONTEXT((#15609,#15597,#15585))
REPRESENTATION_CONTEXT('Joint_Bottom','TOP_LEVEL_ASSEMBLY_PART')
);
#15562=(
GEOMETRIC_REPRESENTATION_CONTEXT(3)
GLOBAL_UNCERTAINTY_ASSIGNED_CONTEXT((#15574))
GLOBAL_UNIT_ASSIGNED_CONTEXT((#15610,#15598,#15586))
REPRESENTATION_CONTEXT('Joint_Top','TOP_LEVEL_ASSEMBLY_PART')
);
#15563=(
GEOMETRIC_REPRESENTATION_CONTEXT(3)
GLOBAL_UNCERTAINTY_ASSIGNED_CONTEXT((#15575))
GLOBAL_UNIT_ASSIGNED_CONTEXT((#15611,#15599,#15587))
REPRESENTATION_CONTEXT('Part 11','TOP_LEVEL_ASSEMBLY_PART')
);
#15564=(
GEOMETRIC_REPRESENTATION_CONTEXT(3)
GLOBAL_UNCERTAINTY_ASSIGNED_CONTEXT((#15576))
GLOBAL_UNIT_ASSIGNED_CONTEXT((#15612,#15600,#15588))
REPRESENTATION_CONTEXT('Part 3','TOP_LEVEL_ASSEMBLY_PART')
);
#15565=(
GEOMETRIC_REPRESENTATION_CONTEXT(3)
GLOBAL_UNCERTAINTY_ASSIGNED_CONTEXT((#15577))
GLOBAL_UNIT_ASSIGNED_CONTEXT((#15613,#15601,#15589))
REPRESENTATION_CONTEXT('Part 1','TOP_LEVEL_ASSEMBLY_PART')
);
#15566=(
GEOMETRIC_REPRESENTATION_CONTEXT(3)
GLOBAL_UNCERTAINTY_ASSIGNED_CONTEXT((#15578))
GLOBAL_UNIT_ASSIGNED_CONTEXT((#15614,#15602,#15590))
REPRESENTATION_CONTEXT('Part 4','TOP_LEVEL_ASSEMBLY_PART')
);
#15567=(
GEOMETRIC_REPRESENTATION_CONTEXT(3)
GLOBAL_UNCERTAINTY_ASSIGNED_CONTEXT((#15579))
GLOBAL_UNIT_ASSIGNED_CONTEXT((#15615,#15603,#15591))
REPRESENTATION_CONTEXT('Part 5','TOP_LEVEL_ASSEMBLY_PART')
);
#15568=(
GEOMETRIC_REPRESENTATION_CONTEXT(3)
GLOBAL_UNCERTAINTY_ASSIGNED_CONTEXT((#15580))
GLOBAL_UNIT_ASSIGNED_CONTEXT((#15616,#15604,#15592))
REPRESENTATION_CONTEXT('Part 7','TOP_LEVEL_ASSEMBLY_PART')
);
#15569=(
GEOMETRIC_REPRESENTATION_CONTEXT(3)
GLOBAL_UNCERTAINTY_ASSIGNED_CONTEXT((#15581))
GLOBAL_UNIT_ASSIGNED_CONTEXT((#15617,#15605,#15593))
REPRESENTATION_CONTEXT('Part 8','TOP_LEVEL_ASSEMBLY_PART')
);
#15570=(
GEOMETRIC_REPRESENTATION_CONTEXT(3)
GLOBAL_UNCERTAINTY_ASSIGNED_CONTEXT((#15582))
GLOBAL_UNIT_ASSIGNED_CONTEXT((#15618,#15606,#15594))
REPRESENTATION_CONTEXT('Part 10','TOP_LEVEL_ASSEMBLY_PART')
);
#15571=(
GEOMETRIC_REPRESENTATION_CONTEXT(3)
GLOBAL_UNCERTAINTY_ASSIGNED_CONTEXT((#15583))
GLOBAL_UNIT_ASSIGNED_CONTEXT((#15619,#15607,#15595))
REPRESENTATION_CONTEXT('Part 12','TOP_LEVEL_ASSEMBLY_PART')
);
#15572=(
GEOMETRIC_REPRESENTATION_CONTEXT(3)
GLOBAL_UNCERTAINTY_ASSIGNED_CONTEXT((#15584))
GLOBAL_UNIT_ASSIGNED_CONTEXT((#15620,#15608,#15596))
REPRESENTATION_CONTEXT('E-End','TOP_LEVEL_ASSEMBLY_PART')
);
#15573=UNCERTAINTY_MEASURE_WITH_UNIT(LENGTH_MEASURE(1.E-08),#15609,'DISTANCE_ACCURACY_VALUE','Maximum Tolerance applied to model');
#15574=UNCERTAINTY_MEASURE_WITH_UNIT(LENGTH_MEASURE(1.E-08),#15610,'DISTANCE_ACCURACY_VALUE','Maximum Tolerance applied to model');
#15575=UNCERTAINTY_MEASURE_WITH_UNIT(LENGTH_MEASURE(1.E-08),#15611,'DISTANCE_ACCURACY_VALUE','Maximum Tolerance applied to model');
#15576=UNCERTAINTY_MEASURE_WITH_UNIT(LENGTH_MEASURE(1.E-08),#15612,'DISTANCE_ACCURACY_VALUE','Maximum Tolerance applied to model');
#15577=UNCERTAINTY_MEASURE_WITH_UNIT(LENGTH_MEASURE(1.E-08),#15613,'DISTANCE_ACCURACY_VALUE','Maximum Tolerance applied to model');
#15578=UNCERTAINTY_MEASURE_WITH_UNIT(LENGTH_MEASURE(1.E-08),#15614,'DISTANCE_ACCURACY_VALUE','Maximum Tolerance applied to model');
#15579=UNCERTAINTY_MEASURE_WITH_UNIT(LENGTH_MEASURE(1.E-08),#15615,'DISTANCE_ACCURACY_VALUE','Maximum Tolerance applied to model');
#15580=UNCERTAINTY_MEASURE_WITH_UNIT(LENGTH_MEASURE(1.E-08),#15616,'DISTANCE_ACCURACY_VALUE','Maximum Tolerance applied to model');
#15581=UNCERTAINTY_MEASURE_WITH_UNIT(LENGTH_MEASURE(1.E-08),#15617,'DISTANCE_ACCURACY_VALUE','Maximum Tolerance applied to model');
#15582=UNCERTAINTY_MEASURE_WITH_UNIT(LENGTH_MEASURE(1.E-06),#15618,'DISTANCE_ACCURACY_VALUE','Maximum Tolerance applied to model');
#15583=UNCERTAINTY_MEASURE_WITH_UNIT(LENGTH_MEASURE(1.E-08),#15619,'DISTANCE_ACCURACY_VALUE','Maximum Tolerance applied to model');
#15584=UNCERTAINTY_MEASURE_WITH_UNIT(LENGTH_MEASURE(1.E-06),#15620,'DISTANCE_ACCURACY_VALUE','Maximum Tolerance applied to model');
#15585=(
NAMED_UNIT(*)
SI_UNIT($,.STERADIAN.)
SOLID_ANGLE_UNIT()
);
#15586=(
NAMED_UNIT(*)
SI_UNIT($,.STERADIAN.)
SOLID_ANGLE_UNIT()
);
#15587=(
NAMED_UNIT(*)
SI_UNIT($,.STERADIAN.)
SOLID_ANGLE_UNIT()
);
#15588=(
NAMED_UNIT(*)
SI_UNIT($,.STERADIAN.)
SOLID_ANGLE_UNIT()
);
#15589=(
NAMED_UNIT(*)
SI_UNIT($,.STERADIAN.)
SOLID_ANGLE_UNIT()
);
#15590=(
NAMED_UNIT(*)
SI_UNIT($,.STERADIAN.)
SOLID_ANGLE_UNIT()
);
#15591=(
NAMED_UNIT(*)
SI_UNIT($,.STERADIAN.)
SOLID_ANGLE_UNIT()
);
#15592=(
NAMED_UNIT(*)
SI_UNIT($,.STERADIAN.)
SOLID_ANGLE_UNIT()
);
#15593=(
NAMED_UNIT(*)
SI_UNIT($,.STERADIAN.)
SOLID_ANGLE_UNIT()
);
#15594=(
NAMED_UNIT(*)
SI_UNIT($,.STERADIAN.)
SOLID_ANGLE_UNIT()
);
#15595=(
NAMED_UNIT(*)
SI_UNIT($,.STERADIAN.)
SOLID_ANGLE_UNIT()
);
#15596=(
NAMED_UNIT(*)
SI_UNIT($,.STERADIAN.)
SOLID_ANGLE_UNIT()
);
#15597=(
NAMED_UNIT(*)
PLANE_ANGLE_UNIT()
SI_UNIT($,.RADIAN.)
);
#15598=(
NAMED_UNIT(*)
PLANE_ANGLE_UNIT()
SI_UNIT($,.RADIAN.)
);
#15599=(
NAMED_UNIT(*)
PLANE_ANGLE_UNIT()
SI_UNIT($,.RADIAN.)
);
#15600=(
NAMED_UNIT(*)
PLANE_ANGLE_UNIT()
SI_UNIT($,.RADIAN.)
);
#15601=(
NAMED_UNIT(*)
PLANE_ANGLE_UNIT()
SI_UNIT($,.RADIAN.)
);
#15602=(
NAMED_UNIT(*)
PLANE_ANGLE_UNIT()
SI_UNIT($,.RADIAN.)
);
#15603=(
NAMED_UNIT(*)
PLANE_ANGLE_UNIT()
SI_UNIT($,.RADIAN.)
);
#15604=(
NAMED_UNIT(*)
PLANE_ANGLE_UNIT()
SI_UNIT($,.RADIAN.)
);
#15605=(
NAMED_UNIT(*)
PLANE_ANGLE_UNIT()
SI_UNIT($,.RADIAN.)
);
#15606=(
NAMED_UNIT(*)
PLANE_ANGLE_UNIT()
SI_UNIT($,.RADIAN.)
);
#15607=(
NAMED_UNIT(*)
PLANE_ANGLE_UNIT()
SI_UNIT($,.RADIAN.)
);
#15608=(
NAMED_UNIT(*)
PLANE_ANGLE_UNIT()
SI_UNIT($,.RADIAN.)
);
#15609=(
LENGTH_UNIT()
NAMED_UNIT(*)
SI_UNIT($,.METRE.)
);
#15610=(
LENGTH_UNIT()
NAMED_UNIT(*)
SI_UNIT($,.METRE.)
);
#15611=(
LENGTH_UNIT()
NAMED_UNIT(*)
SI_UNIT($,.METRE.)
);
#15612=(
LENGTH_UNIT()
NAMED_UNIT(*)
SI_UNIT($,.METRE.)
);
#15613=(
LENGTH_UNIT()
NAMED_UNIT(*)
SI_UNIT($,.METRE.)
);
#15614=(
LENGTH_UNIT()
NAMED_UNIT(*)
SI_UNIT($,.METRE.)
);
#15615=(
LENGTH_UNIT()
NAMED_UNIT(*)
SI_UNIT($,.METRE.)
);
#15616=(
LENGTH_UNIT()
NAMED_UNIT(*)
SI_UNIT($,.METRE.)
);
#15617=(
LENGTH_UNIT()
NAMED_UNIT(*)
SI_UNIT($,.METRE.)
);
#15618=(
LENGTH_UNIT()
NAMED_UNIT(*)
SI_UNIT($,.METRE.)
);
#15619=(
LENGTH_UNIT()
NAMED_UNIT(*)
SI_UNIT($,.METRE.)
);
#15620=(
LENGTH_UNIT()
NAMED_UNIT(*)
SI_UNIT($,.METRE.)
);
#15621=PRODUCT_DEFINITION_SHAPE('','',#15633);
#15622=PRODUCT_DEFINITION_SHAPE('','',#15634);
#15623=PRODUCT_DEFINITION_SHAPE('','',#15635);
#15624=PRODUCT_DEFINITION_SHAPE('','',#15636);
#15625=PRODUCT_DEFINITION_SHAPE('','',#15637);
#15626=PRODUCT_DEFINITION_SHAPE('','',#15638);
#15627=PRODUCT_DEFINITION_SHAPE('','',#15639);
#15628=PRODUCT_DEFINITION_SHAPE('','',#15640);
#15629=PRODUCT_DEFINITION_SHAPE('','',#15641);
#15630=PRODUCT_DEFINITION_SHAPE('','',#15642);
#15631=PRODUCT_DEFINITION_SHAPE('','',#15643);
#15632=PRODUCT_DEFINITION_SHAPE('','',#15644);
#15633=PRODUCT_DEFINITION('','',#15657,#15645);
#15634=PRODUCT_DEFINITION('','',#15658,#15646);
#15635=PRODUCT_DEFINITION('','',#15659,#15647);
#15636=PRODUCT_DEFINITION('','',#15660,#15648);
#15637=PRODUCT_DEFINITION('','',#15661,#15649);
#15638=PRODUCT_DEFINITION('','',#15662,#15650);
#15639=PRODUCT_DEFINITION('','',#15663,#15651);
#15640=PRODUCT_DEFINITION('','',#15664,#15652);
#15641=PRODUCT_DEFINITION('','',#15665,#15653);
#15642=PRODUCT_DEFINITION('','',#15666,#15654);
#15643=PRODUCT_DEFINITION('','',#15667,#15655);
#15644=PRODUCT_DEFINITION('','',#15668,#15656);
#15645=PRODUCT_DEFINITION_CONTEXT('',#15729,'design');
#15646=PRODUCT_DEFINITION_CONTEXT('',#15730,'design');
#15647=PRODUCT_DEFINITION_CONTEXT('',#15731,'design');
#15648=PRODUCT_DEFINITION_CONTEXT('',#15732,'design');
#15649=PRODUCT_DEFINITION_CONTEXT('',#15733,'design');
#15650=PRODUCT_DEFINITION_CONTEXT('',#15734,'design');
#15651=PRODUCT_DEFINITION_CONTEXT('',#15735,'design');
#15652=PRODUCT_DEFINITION_CONTEXT('',#15736,'design');
#15653=PRODUCT_DEFINITION_CONTEXT('',#15737,'design');
#15654=PRODUCT_DEFINITION_CONTEXT('',#15738,'design');
#15655=PRODUCT_DEFINITION_CONTEXT('',#15739,'design');
#15656=PRODUCT_DEFINITION_CONTEXT('',#15740,'design');
#15657=PRODUCT_DEFINITION_FORMATION_WITH_SPECIFIED_SOURCE('','',#15681,.NOT_KNOWN.);
#15658=PRODUCT_DEFINITION_FORMATION_WITH_SPECIFIED_SOURCE('','',#15682,.NOT_KNOWN.);
#15659=PRODUCT_DEFINITION_FORMATION_WITH_SPECIFIED_SOURCE('','',#15683,.NOT_KNOWN.);
#15660=PRODUCT_DEFINITION_FORMATION_WITH_SPECIFIED_SOURCE('','',#15684,.NOT_KNOWN.);
#15661=PRODUCT_DEFINITION_FORMATION_WITH_SPECIFIED_SOURCE('','',#15685,.NOT_KNOWN.);
#15662=PRODUCT_DEFINITION_FORMATION_WITH_SPECIFIED_SOURCE('','',#15686,.NOT_KNOWN.);
#15663=PRODUCT_DEFINITION_FORMATION_WITH_SPECIFIED_SOURCE('','',#15687,.NOT_KNOWN.);
#15664=PRODUCT_DEFINITION_FORMATION_WITH_SPECIFIED_SOURCE('','',#15688,.NOT_KNOWN.);
#15665=PRODUCT_DEFINITION_FORMATION_WITH_SPECIFIED_SOURCE('','',#15689,.NOT_KNOWN.);
#15666=PRODUCT_DEFINITION_FORMATION_WITH_SPECIFIED_SOURCE('','',#15690,.NOT_KNOWN.);
#15667=PRODUCT_DEFINITION_FORMATION_WITH_SPECIFIED_SOURCE('','',#15691,.NOT_KNOWN.);
#15668=PRODUCT_DEFINITION_FORMATION_WITH_SPECIFIED_SOURCE('','',#15692,.NOT_KNOWN.);
#15669=PRODUCT_RELATED_PRODUCT_CATEGORY('','',(#15681));
#15670=PRODUCT_RELATED_PRODUCT_CATEGORY('','',(#15682));
#15671=PRODUCT_RELATED_PRODUCT_CATEGORY('','',(#15683));
#15672=PRODUCT_RELATED_PRODUCT_CATEGORY('','',(#15684));
#15673=PRODUCT_RELATED_PRODUCT_CATEGORY('','',(#15685));
#15674=PRODUCT_RELATED_PRODUCT_CATEGORY('','',(#15686));
#15675=PRODUCT_RELATED_PRODUCT_CATEGORY('','',(#15687));
#15676=PRODUCT_RELATED_PRODUCT_CATEGORY('','',(#15688));
#15677=PRODUCT_RELATED_PRODUCT_CATEGORY('','',(#15689));
#15678=PRODUCT_RELATED_PRODUCT_CATEGORY('','',(#15690));
#15679=PRODUCT_RELATED_PRODUCT_CATEGORY('','',(#15691));
#15680=PRODUCT_RELATED_PRODUCT_CATEGORY('','',(#15692));
#15681=PRODUCT('Joint_Bottom','Joint_Bottom','Joint_Bottom',(#15705));
#15682=PRODUCT('Joint_Top','Joint_Top','Joint_Top',(#15706));
#15683=PRODUCT('Part 11','Part 11','Part 11',(#15707));
#15684=PRODUCT('Part 3','Part 3','Part 3',(#15708));
#15685=PRODUCT('Part 1','Part 1','Part 1',(#15709));
#15686=PRODUCT('Part 4','Part 4','Part 4',(#15710));
#15687=PRODUCT('Part 5','Part 5','Part 5',(#15711));
#15688=PRODUCT('Part 7','Part 7','Part 7',(#15712));
#15689=PRODUCT('Part 8','Part 8','Part 8',(#15713));
#15690=PRODUCT('Part 10','Part 10','Part 10',(#15714));
#15691=PRODUCT('Part 12','Part 12','Part 12',(#15715));
#15692=PRODUCT('E-End','E-End','E-End',(#15716));
#15693=PRODUCT_CATEGORY('','');
#15694=PRODUCT_CATEGORY('','');
#15695=PRODUCT_CATEGORY('','');
#15696=PRODUCT_CATEGORY('','');
#15697=PRODUCT_CATEGORY('','');
#15698=PRODUCT_CATEGORY('','');
#15699=PRODUCT_CATEGORY('','');
#15700=PRODUCT_CATEGORY('','');
#15701=PRODUCT_CATEGORY('','');
#15702=PRODUCT_CATEGORY('','');
#15703=PRODUCT_CATEGORY('','');
#15704=PRODUCT_CATEGORY('','');
#15705=PRODUCT_CONTEXT('',#15729,'mechanical');
#15706=PRODUCT_CONTEXT('',#15730,'mechanical');
#15707=PRODUCT_CONTEXT('',#15731,'mechanical');
#15708=PRODUCT_CONTEXT('',#15732,'mechanical');
#15709=PRODUCT_CONTEXT('',#15733,'mechanical');
#15710=PRODUCT_CONTEXT('',#15734,'mechanical');
#15711=PRODUCT_CONTEXT('',#15735,'mechanical');
#15712=PRODUCT_CONTEXT('',#15736,'mechanical');
#15713=PRODUCT_CONTEXT('',#15737,'mechanical');
#15714=PRODUCT_CONTEXT('',#15738,'mechanical');
#15715=PRODUCT_CONTEXT('',#15739,'mechanical');
#15716=PRODUCT_CONTEXT('',#15740,'mechanical');
#15717=APPLICATION_PROTOCOL_DEFINITION('international standard','ap242_managed_model_based_3d_engineering',2020,#15729);
#15718=APPLICATION_PROTOCOL_DEFINITION('international standard','ap242_managed_model_based_3d_engineering',2020,#15730);
#15719=APPLICATION_PROTOCOL_DEFINITION('international standard','ap242_managed_model_based_3d_engineering',2020,#15731);
#15720=APPLICATION_PROTOCOL_DEFINITION('international standard','ap242_managed_model_based_3d_engineering',2020,#15732);
#15721=APPLICATION_PROTOCOL_DEFINITION('international standard','ap242_managed_model_based_3d_engineering',2020,#15733);
#15722=APPLICATION_PROTOCOL_DEFINITION('international standard','ap242_managed_model_based_3d_engineering',2020,#15734);
#15723=APPLICATION_PROTOCOL_DEFINITION('international standard','ap242_managed_model_based_3d_engineering',2020,#15735);
#15724=APPLICATION_PROTOCOL_DEFINITION('international standard','ap242_managed_model_based_3d_engineering',2020,#15736);
#15725=APPLICATION_PROTOCOL_DEFINITION('international standard','ap242_managed_model_based_3d_engineering',2020,#15737);
#15726=APPLICATION_PROTOCOL_DEFINITION('international standard','ap242_managed_model_based_3d_engineering',2020,#15738);
#15727=APPLICATION_PROTOCOL_DEFINITION('international standard','ap242_managed_model_based_3d_engineering',2020,#15739);
#15728=APPLICATION_PROTOCOL_DEFINITION('international standard','ap242_managed_model_based_3d_engineering',2020,#15740);
#15729=APPLICATION_CONTEXT('managed model based 3d engineering');
#15730=APPLICATION_CONTEXT('managed model based 3d engineering');
#15731=APPLICATION_CONTEXT('managed model based 3d engineering');
#15732=APPLICATION_CONTEXT('managed model based 3d engineering');
#15733=APPLICATION_CONTEXT('managed model based 3d engineering');
#15734=APPLICATION_CONTEXT('managed model based 3d engineering');
#15735=APPLICATION_CONTEXT('managed model based 3d engineering');
#15736=APPLICATION_CONTEXT('managed model based 3d engineering');
#15737=APPLICATION_CONTEXT('managed model based 3d engineering');
#15738=APPLICATION_CONTEXT('managed model based 3d engineering');
#15739=APPLICATION_CONTEXT('managed model based 3d engineering');
#15740=APPLICATION_CONTEXT('managed model based 3d engineering');
ENDSEC;
END-ISO-10303-21;
