ISO-10303-21;
HEADER;
/*Generated by software containing ST-Developer
 * from STEP Tools, Inc. (www.steptools.com) 
 */
/*OPTION: using custom renumber hook */
/*description */
/*implementation_level */
FILE_DESCRIPTION(('STEP AP242 Edition 2','STEP AP242 Edition 2''CAx-IF Rec.Pracs.---Representation and Presentation of Product Manufa
cturing Information (PMI)---4.0---2014-10-13','STEP AP242 Edition 2''CAx-IF Rec.Pracs.---Representation and Presentation of Product Manufa
cturing Information (PMI)---4.0---2014-10-13''CAx-IF Rec.Pracs.---3D Tessellated Geometry---0.4---2014-09-14','STEP AP242 Edition 2''CAx-IF Rec.Pracs.---Representation and Presentation of Product Manufa
cturing Information (PMI)---4.0---2014-10-13''CAx-IF Rec.Pracs.---3D Tessellated Geometry---0.4---2014-09-14''2;1','STEP AP242 Edition 2''CAx-IF Rec.Pracs.---Representation and Presentation of Product Manufa
cturing Information (PMI)---4.0---2014-10-13''CAx-IF Rec.Pracs.---3D Tessellated Geometry---0.4---2014-09-14''2;1''CAx-IF Rec.Pracs.---User Defined Attributes---1.5---2016-08-15'),'2;1');
/*name */
/*time_stamp */
/*author */
/*organization */
/*preprocessor_version */
/*originating_system */
/*authorisation */
FILE_NAME('/vol/tmp/translate-16795438963830867464/Board_Extended - E-End.step','2026-03-01T01:24:54',(''),(''),'ST-DEVELOPER v20','ONSHAPE BY PTC INC, 1.211','  ');
FILE_SCHEMA(('AP242_MANAGED_MODEL_BASED_3D_ENGINEERING_MIM_LF { 1 0 10303 442 3 1 4 }'));
ENDSEC;
DATA;
#10=SHAPE_REPRESENTATION_RELATIONSHIP('','',#1657,#11);
#11=ADVANCED_BREP_SHAPE_REPRESENTATION('',(#1655),#2815);
#12=B_SPLINE_CURVE_WITH_KNOTS('',3,(#2148,#2149,#2150,#2151),.UNSPECIFIED.,.F.,.F.,(4,4),(0.072120056678342,1.),.PIECEWISE_BEZIER_KNOTS.);
#13=B_SPLINE_CURVE_WITH_KNOTS('',3,(#2188,#2189,#2190,#2191),.UNSPECIFIED.,.F.,.F.,(4,4),(0.,0.0640911080777169),.PIECEWISE_BEZIER_KNOTS.);
#14=B_SPLINE_CURVE_WITH_KNOTS('',3,(#2193,#2194,#2195,#2196),.UNSPECIFIED.,.F.,.F.,(4,4),(0.0640911080777169,1.),.PIECEWISE_BEZIER_KNOTS.);
#15=B_SPLINE_CURVE_WITH_KNOTS('',3,(#2213,#2214,#2215,#2216),.UNSPECIFIED.,.F.,.F.,(4,4),(0.0640911080777169,1.),.PIECEWISE_BEZIER_KNOTS.);
#16=B_SPLINE_CURVE_WITH_KNOTS('',3,(#2221,#2222,#2223,#2224),.UNSPECIFIED.,.F.,.F.,(4,4),(0.0640911080777169,1.),.PIECEWISE_BEZIER_KNOTS.);
#17=B_SPLINE_CURVE_WITH_KNOTS('',3,(#2227,#2228,#2229,#2230),.UNSPECIFIED.,.F.,.F.,(4,4),(0.0640911080777169,1.),.PIECEWISE_BEZIER_KNOTS.);
#18=B_SPLINE_CURVE_WITH_KNOTS('',3,(#2231,#2232,#2233,#2234),.UNSPECIFIED.,.F.,.F.,(4,4),(0.0640911080777169,1.),.PIECEWISE_BEZIER_KNOTS.);
#19=B_SPLINE_CURVE_WITH_KNOTS('',3,(#2238,#2239,#2240,#2241),.UNSPECIFIED.,.F.,.F.,(4,4),(0.0640911080777169,1.),.PIECEWISE_BEZIER_KNOTS.);
#20=B_SPLINE_CURVE_WITH_KNOTS('',3,(#2293,#2294,#2295,#2296),.UNSPECIFIED.,.F.,.F.,(4,4),(0.072120056678342,1.),.PIECEWISE_BEZIER_KNOTS.);
#21=B_SPLINE_CURVE_WITH_KNOTS('',3,(#2298,#2299,#2300,#2301),.UNSPECIFIED.,.F.,.F.,(4,4),(0.,0.072120056678342),.PIECEWISE_BEZIER_KNOTS.);
#22=B_SPLINE_CURVE_WITH_KNOTS('',3,(#2388,#2389,#2390,#2391),.UNSPECIFIED.,.F.,.F.,(4,4),(0.,0.072120056678342),.PIECEWISE_BEZIER_KNOTS.);
#23=B_SPLINE_CURVE_WITH_KNOTS('',3,(#2402,#2403,#2404,#2405),.UNSPECIFIED.,.F.,.F.,(4,4),(0.072120056678342,1.),.PIECEWISE_BEZIER_KNOTS.);
#24=B_SPLINE_CURVE_WITH_KNOTS('',3,(#2410,#2411,#2412,#2413),.UNSPECIFIED.,.F.,.F.,(4,4),(0.072120056678342,1.),.PIECEWISE_BEZIER_KNOTS.);
#25=B_SPLINE_CURVE_WITH_KNOTS('',3,(#2433,#2434,#2435,#2436),.UNSPECIFIED.,.F.,.F.,(4,4),(0.,0.0640911080777169),.PIECEWISE_BEZIER_KNOTS.);
#26=LINE('',#2056,#200);
#27=LINE('',#2059,#201);
#28=LINE('',#2061,#202);
#29=LINE('',#2063,#203);
#30=LINE('',#2068,#204);
#31=LINE('',#2071,#205);
#32=LINE('',#2073,#206);
#33=LINE('',#2075,#207);
#34=LINE('',#2077,#208);
#35=LINE('',#2079,#209);
#36=LINE('',#2081,#210);
#37=LINE('',#2083,#211);
#38=LINE('',#2085,#212);
#39=LINE('',#2087,#213);
#40=LINE('',#2089,#214);
#41=LINE('',#2091,#215);
#42=LINE('',#2093,#216);
#43=LINE('',#2095,#217);
#44=LINE('',#2097,#218);
#45=LINE('',#2099,#219);
#46=LINE('',#2104,#220);
#47=LINE('',#2107,#221);
#48=LINE('',#2109,#222);
#49=LINE('',#2111,#223);
#50=LINE('',#2116,#224);
#51=LINE('',#2119,#225);
#52=LINE('',#2121,#226);
#53=LINE('',#2123,#227);
#54=LINE('',#2128,#228);
#55=LINE('',#2131,#229);
#56=LINE('',#2133,#230);
#57=LINE('',#2135,#231);
#58=LINE('',#2137,#232);
#59=LINE('',#2139,#233);
#60=LINE('',#2141,#234);
#61=LINE('',#2143,#235);
#62=LINE('',#2154,#236);
#63=LINE('',#2156,#237);
#64=LINE('',#2158,#238);
#65=LINE('',#2159,#239);
#66=LINE('',#2164,#240);
#67=LINE('',#2166,#241);
#68=LINE('',#2168,#242);
#69=LINE('',#2173,#243);
#70=LINE('',#2176,#244);
#71=LINE('',#2178,#245);
#72=LINE('',#2179,#246);
#73=LINE('',#2181,#247);
#74=LINE('',#2182,#248);
#75=LINE('',#2184,#249);
#76=LINE('',#2186,#250);
#77=LINE('',#2198,#251);
#78=LINE('',#2207,#252);
#79=LINE('',#2209,#253);
#80=LINE('',#2211,#254);
#81=LINE('',#2218,#255);
#82=LINE('',#2220,#256);
#83=LINE('',#2225,#257);
#84=LINE('',#2236,#258);
#85=LINE('',#2246,#259);
#86=LINE('',#2249,#260);
#87=LINE('',#2251,#261);
#88=LINE('',#2253,#262);
#89=LINE('',#2255,#263);
#90=LINE('',#2257,#264);
#91=LINE('',#2259,#265);
#92=LINE('',#2261,#266);
#93=LINE('',#2272,#267);
#94=LINE('',#2274,#268);
#95=LINE('',#2276,#269);
#96=LINE('',#2281,#270);
#97=LINE('',#2284,#271);
#98=LINE('',#2286,#272);
#99=LINE('',#2288,#273);
#100=LINE('',#2290,#274);
#101=LINE('',#2292,#275);
#102=LINE('',#2303,#276);
#103=LINE('',#2305,#277);
#104=LINE('',#2310,#278);
#105=LINE('',#2312,#279);
#106=LINE('',#2314,#280);
#107=LINE('',#2319,#281);
#108=LINE('',#2321,#282);
#109=LINE('',#2326,#283);
#110=LINE('',#2331,#284);
#111=LINE('',#2333,#285);
#112=LINE('',#2338,#286);
#113=LINE('',#2341,#287);
#114=LINE('',#2342,#288);
#115=LINE('',#2347,#289);
#116=LINE('',#2349,#290);
#117=LINE('',#2354,#291);
#118=LINE('',#2356,#292);
#119=LINE('',#2361,#293);
#120=LINE('',#2363,#294);
#121=LINE('',#2368,#295);
#122=LINE('',#2370,#296);
#123=LINE('',#2375,#297);
#124=LINE('',#2378,#298);
#125=LINE('',#2379,#299);
#126=LINE('',#2393,#300);
#127=LINE('',#2406,#301);
#128=LINE('',#2408,#302);
#129=LINE('',#2415,#303);
#130=LINE('',#2416,#304);
#131=LINE('',#2421,#305);
#132=LINE('',#2422,#306);
#133=LINE('',#2431,#307);
#134=LINE('',#2441,#308);
#135=LINE('',#2443,#309);
#136=LINE('',#2493,#310);
#137=LINE('',#2498,#311);
#138=LINE('',#2503,#312);
#139=LINE('',#2505,#313);
#140=LINE('',#2506,#314);
#141=LINE('',#2508,#315);
#142=LINE('',#2510,#316);
#143=LINE('',#2511,#317);
#144=LINE('',#2512,#318);
#145=LINE('',#2514,#319);
#146=LINE('',#2516,#320);
#147=LINE('',#2517,#321);
#148=LINE('',#2520,#322);
#149=LINE('',#2521,#323);
#150=LINE('',#2535,#324);
#151=LINE('',#2540,#325);
#152=LINE('',#2542,#326);
#153=LINE('',#2543,#327);
#154=LINE('',#2544,#328);
#155=LINE('',#2546,#329);
#156=LINE('',#2547,#330);
#157=LINE('',#2554,#331);
#158=LINE('',#2561,#332);
#159=LINE('',#2563,#333);
#160=LINE('',#2564,#334);
#161=LINE('',#2569,#335);
#162=LINE('',#2570,#336);
#163=LINE('',#2575,#337);
#164=LINE('',#2584,#338);
#165=LINE('',#2589,#339);
#166=LINE('',#2598,#340);
#167=LINE('',#2599,#341);
#168=LINE('',#2608,#342);
#169=LINE('',#2609,#343);
#170=LINE('',#2618,#344);
#171=LINE('',#2623,#345);
#172=LINE('',#2628,#346);
#173=LINE('',#2637,#347);
#174=LINE('',#2642,#348);
#175=LINE('',#2644,#349);
#176=LINE('',#2649,#350);
#177=LINE('',#2651,#351);
#178=LINE('',#2656,#352);
#179=LINE('',#2657,#353);
#180=LINE('',#2670,#354);
#181=LINE('',#2672,#355);
#182=LINE('',#2674,#356);
#183=LINE('',#2679,#357);
#184=LINE('',#2681,#358);
#185=LINE('',#2686,#359);
#186=LINE('',#2688,#360);
#187=LINE('',#2693,#361);
#188=LINE('',#2710,#362);
#189=LINE('',#2712,#363);
#190=LINE('',#2714,#364);
#191=LINE('',#2733,#365);
#192=LINE('',#2738,#366);
#193=LINE('',#2740,#367);
#194=LINE('',#2764,#368);
#195=LINE('',#2766,#369);
#196=LINE('',#2768,#370);
#197=LINE('',#2785,#371);
#198=LINE('',#2790,#372);
#199=LINE('',#2792,#373);
#200=VECTOR('',#1721,1.);
#201=VECTOR('',#1722,1.);
#202=VECTOR('',#1723,1.);
#203=VECTOR('',#1724,1.);
#204=VECTOR('',#1725,1.);
#205=VECTOR('',#1726,1.);
#206=VECTOR('',#1727,1.);
#207=VECTOR('',#1728,1.);
#208=VECTOR('',#1729,1.);
#209=VECTOR('',#1730,1.);
#210=VECTOR('',#1731,1.);
#211=VECTOR('',#1732,1.);
#212=VECTOR('',#1733,1.);
#213=VECTOR('',#1734,1.);
#214=VECTOR('',#1735,1.);
#215=VECTOR('',#1736,1.);
#216=VECTOR('',#1737,1.);
#217=VECTOR('',#1738,1.);
#218=VECTOR('',#1739,1.);
#219=VECTOR('',#1740,1.);
#220=VECTOR('',#1741,1.);
#221=VECTOR('',#1742,1.);
#222=VECTOR('',#1743,1.);
#223=VECTOR('',#1744,1.);
#224=VECTOR('',#1745,1.);
#225=VECTOR('',#1746,1.);
#226=VECTOR('',#1747,1.);
#227=VECTOR('',#1748,1.);
#228=VECTOR('',#1749,1.);
#229=VECTOR('',#1750,1.);
#230=VECTOR('',#1751,1.);
#231=VECTOR('',#1752,1.);
#232=VECTOR('',#1753,1.);
#233=VECTOR('',#1754,1.);
#234=VECTOR('',#1755,1.);
#235=VECTOR('',#1756,1.);
#236=VECTOR('',#1757,1.);
#237=VECTOR('',#1758,1.);
#238=VECTOR('',#1759,1.);
#239=VECTOR('',#1760,1.);
#240=VECTOR('',#1761,1.);
#241=VECTOR('',#1762,1.);
#242=VECTOR('',#1763,1.);
#243=VECTOR('',#1764,1.);
#244=VECTOR('',#1765,1.);
#245=VECTOR('',#1766,1.);
#246=VECTOR('',#1767,1.);
#247=VECTOR('',#1768,1.);
#248=VECTOR('',#1769,1.);
#249=VECTOR('',#1770,1.);
#250=VECTOR('',#1771,1.);
#251=VECTOR('',#1772,1.);
#252=VECTOR('',#1773,1.);
#253=VECTOR('',#1774,1.);
#254=VECTOR('',#1775,1.);
#255=VECTOR('',#1776,1.);
#256=VECTOR('',#1777,1.);
#257=VECTOR('',#1778,1.);
#258=VECTOR('',#1779,1.);
#259=VECTOR('',#1780,1.);
#260=VECTOR('',#1781,1.);
#261=VECTOR('',#1782,1.);
#262=VECTOR('',#1783,1.);
#263=VECTOR('',#1784,1.);
#264=VECTOR('',#1785,1.);
#265=VECTOR('',#1786,1.);
#266=VECTOR('',#1787,1.);
#267=VECTOR('',#1800,1.);
#268=VECTOR('',#1801,1.);
#269=VECTOR('',#1802,1.);
#270=VECTOR('',#1803,1.);
#271=VECTOR('',#1804,1.);
#272=VECTOR('',#1805,1.);
#273=VECTOR('',#1806,1.);
#274=VECTOR('',#1807,1.);
#275=VECTOR('',#1808,1.);
#276=VECTOR('',#1809,1.);
#277=VECTOR('',#1810,1.);
#278=VECTOR('',#1811,1.);
#279=VECTOR('',#1812,1.);
#280=VECTOR('',#1813,1.);
#281=VECTOR('',#1814,1.);
#282=VECTOR('',#1815,1.);
#283=VECTOR('',#1816,1.);
#284=VECTOR('',#1817,1.);
#285=VECTOR('',#1818,1.);
#286=VECTOR('',#1819,1.);
#287=VECTOR('',#1820,1.);
#288=VECTOR('',#1821,1.);
#289=VECTOR('',#1822,1.);
#290=VECTOR('',#1823,1.);
#291=VECTOR('',#1824,1.);
#292=VECTOR('',#1825,1.);
#293=VECTOR('',#1826,1.);
#294=VECTOR('',#1827,1.);
#295=VECTOR('',#1828,1.);
#296=VECTOR('',#1829,1.);
#297=VECTOR('',#1830,1.);
#298=VECTOR('',#1831,1.);
#299=VECTOR('',#1832,1.);
#300=VECTOR('',#1833,1.);
#301=VECTOR('',#1834,1.);
#302=VECTOR('',#1835,1.);
#303=VECTOR('',#1836,1.);
#304=VECTOR('',#1837,1.);
#305=VECTOR('',#1838,1.);
#306=VECTOR('',#1839,1.);
#307=VECTOR('',#1840,1.);
#308=VECTOR('',#1841,1.);
#309=VECTOR('',#1842,1.);
#310=VECTOR('',#1853,1.);
#311=VECTOR('',#1854,1.);
#312=VECTOR('',#1855,1.);
#313=VECTOR('',#1856,1.);
#314=VECTOR('',#1857,1.);
#315=VECTOR('',#1858,1.);
#316=VECTOR('',#1859,1.);
#317=VECTOR('',#1860,1.);
#318=VECTOR('',#1861,1.);
#319=VECTOR('',#1862,1.);
#320=VECTOR('',#1863,1.);
#321=VECTOR('',#1864,1.);
#322=VECTOR('',#1865,1.);
#323=VECTOR('',#1866,1.);
#324=VECTOR('',#1869,1.);
#325=VECTOR('',#1870,1.);
#326=VECTOR('',#1871,1.);
#327=VECTOR('',#1872,1.);
#328=VECTOR('',#1873,1.);
#329=VECTOR('',#1874,1.);
#330=VECTOR('',#1875,1.);
#331=VECTOR('',#1880,1.);
#332=VECTOR('',#1883,1.);
#333=VECTOR('',#1884,1.);
#334=VECTOR('',#1885,1.);
#335=VECTOR('',#1886,1.);
#336=VECTOR('',#1887,1.);
#337=VECTOR('',#1890,1.);
#338=VECTOR('',#1895,1.);
#339=VECTOR('',#1896,1.);
#340=VECTOR('',#1897,1.);
#341=VECTOR('',#1898,1.);
#342=VECTOR('',#1899,1.);
#343=VECTOR('',#1900,1.);
#344=VECTOR('',#1901,1.);
#345=VECTOR('',#1902,1.);
#346=VECTOR('',#1903,1.);
#347=VECTOR('',#1904,1.);
#348=VECTOR('',#1905,1.);
#349=VECTOR('',#1906,1.);
#350=VECTOR('',#1907,1.);
#351=VECTOR('',#1908,1.);
#352=VECTOR('',#1909,1.);
#353=VECTOR('',#1910,1.);
#354=VECTOR('',#1911,1.);
#355=VECTOR('',#1912,1.);
#356=VECTOR('',#1913,1.);
#357=VECTOR('',#1914,1.);
#358=VECTOR('',#1915,1.);
#359=VECTOR('',#1916,1.);
#360=VECTOR('',#1917,1.);
#361=VECTOR('',#1918,1.);
#362=VECTOR('',#1919,1.);
#363=VECTOR('',#1920,1.);
#364=VECTOR('',#1921,1.);
#365=VECTOR('',#1926,1.);
#366=VECTOR('',#1927,1.);
#367=VECTOR('',#1928,1.);
#368=VECTOR('',#1931,1.);
#369=VECTOR('',#1932,1.);
#370=VECTOR('',#1933,1.);
#371=VECTOR('',#1936,1.);
#372=VECTOR('',#1937,1.);
#373=VECTOR('',#1938,1.);
#374=B_SPLINE_SURFACE_WITH_KNOTS('',1,1,((#2052,#2053),(#2054,#2055)),.PLANE_SURF.,.F.,.F.,.F.,(2,2),(2,2),(0.,1.),(0.,1.),.UNSPECIFIED.);
#375=B_SPLINE_SURFACE_WITH_KNOTS('',1,1,((#2064,#2065),(#2066,#2067)),.PLANE_SURF.,.F.,.F.,.F.,(2,2),(2,2),(0.0454545454545454,0.596311571734148),(0.0454545454545455,0.954545454545455),.PIECEWISE_BEZIER_KNOTS.);
#376=B_SPLINE_SURFACE_WITH_KNOTS('',1,1,((#2100,#2101),(#2102,#2103)),.PLANE_SURF.,.F.,.F.,.F.,(2,2),(2,2),(0.,1.),(0.,1.),.UNSPECIFIED.);
#377=B_SPLINE_SURFACE_WITH_KNOTS('',1,1,((#2112,#2113),(#2114,#2115)),.PLANE_SURF.,.F.,.F.,.F.,(2,2),(2,2),(0.,1.),(0.,1.),.UNSPECIFIED.);
#378=B_SPLINE_SURFACE_WITH_KNOTS('',1,1,((#2124,#2125),(#2126,#2127)),.PLANE_SURF.,.F.,.F.,.F.,(2,2),(2,2),(0.,1.),(0.,1.),.UNSPECIFIED.);
#379=B_SPLINE_SURFACE_WITH_KNOTS('',1,1,((#2144,#2145),(#2146,#2147)),.PLANE_SURF.,.F.,.F.,.F.,(2,2),(2,2),(0.,1.),(0.,1.),.UNSPECIFIED.);
#380=B_SPLINE_SURFACE_WITH_KNOTS('',1,1,((#2160,#2161),(#2162,#2163)),.PLANE_SURF.,.F.,.F.,.F.,(2,2),(2,2),(0.,1.),(0.,1.),.UNSPECIFIED.);
#381=B_SPLINE_SURFACE_WITH_KNOTS('',1,1,((#2169,#2170),(#2171,#2172)),.PLANE_SURF.,.F.,.F.,.F.,(2,2),(2,2),(0.0454545454545455,0.545795448127027),(0.666892808683853,0.954545454545454),.PIECEWISE_BEZIER_KNOTS.);
#382=B_SPLINE_SURFACE_WITH_KNOTS('',3,1,((#2199,#2200),(#2201,#2202),(#2203,
#2204),(#2205,#2206)),.SURF_OF_LINEAR_EXTRUSION.,.F.,.F.,.F.,(4,4),(2,2),(0.0640911080777169,1.),(0.0454545454545455,0.954545454545455),.PIECEWISE_BEZIER_KNOTS.);
#383=B_SPLINE_SURFACE_WITH_KNOTS('',1,1,((#2242,#2243),(#2244,#2245)),.PLANE_SURF.,.F.,.F.,.F.,(2,2),(2,2),(0.,1.),(0.,1.),.UNSPECIFIED.);
#384=B_SPLINE_SURFACE_WITH_KNOTS('',1,1,((#2262,#2263),(#2264,#2265)),.PLANE_SURF.,.F.,.F.,.F.,(2,2),(2,2),(0.,1.),(0.,1.),.UNSPECIFIED.);
#385=B_SPLINE_SURFACE_WITH_KNOTS('',1,1,((#2277,#2278),(#2279,#2280)),.PLANE_SURF.,.F.,.F.,.F.,(2,2),(2,2),(0.0454545454545455,0.89402686219096),(0.0454545454545455,0.333107191316147),.PIECEWISE_BEZIER_KNOTS.);
#386=B_SPLINE_SURFACE_WITH_KNOTS('',1,1,((#2306,#2307),(#2308,#2309)),.PLANE_SURF.,.F.,.F.,.F.,(2,2),(2,2),(0.,1.),(0.,1.),.UNSPECIFIED.);
#387=B_SPLINE_SURFACE_WITH_KNOTS('',1,1,((#2315,#2316),(#2317,#2318)),.PLANE_SURF.,.F.,.F.,.F.,(2,2),(2,2),(0.,1.),(0.,1.),.UNSPECIFIED.);
#388=B_SPLINE_SURFACE_WITH_KNOTS('',1,1,((#2322,#2323),(#2324,#2325)),.PLANE_SURF.,.F.,.F.,.F.,(2,2),(2,2),(0.,1.),(0.,1.),.UNSPECIFIED.);
#389=B_SPLINE_SURFACE_WITH_KNOTS('',1,1,((#2327,#2328),(#2329,#2330)),.PLANE_SURF.,.F.,.F.,.F.,(2,2),(2,2),(0.,1.),(0.,1.),.UNSPECIFIED.);
#390=B_SPLINE_SURFACE_WITH_KNOTS('',1,1,((#2334,#2335),(#2336,#2337)),.PLANE_SURF.,.F.,.F.,.F.,(2,2),(2,2),(0.,1.),(0.,1.),.UNSPECIFIED.);
#391=B_SPLINE_SURFACE_WITH_KNOTS('',1,1,((#2343,#2344),(#2345,#2346)),.PLANE_SURF.,.F.,.F.,.F.,(2,2),(2,2),(0.,1.),(0.,1.),.UNSPECIFIED.);
#392=B_SPLINE_SURFACE_WITH_KNOTS('',1,1,((#2350,#2351),(#2352,#2353)),.PLANE_SURF.,.F.,.F.,.F.,(2,2),(2,2),(0.,1.),(0.,1.),.UNSPECIFIED.);
#393=B_SPLINE_SURFACE_WITH_KNOTS('',1,1,((#2357,#2358),(#2359,#2360)),.PLANE_SURF.,.F.,.F.,.F.,(2,2),(2,2),(0.,1.),(0.,1.),.UNSPECIFIED.);
#394=B_SPLINE_SURFACE_WITH_KNOTS('',1,1,((#2364,#2365),(#2366,#2367)),.PLANE_SURF.,.F.,.F.,.F.,(2,2),(2,2),(0.,1.),(0.,1.),.UNSPECIFIED.);
#395=B_SPLINE_SURFACE_WITH_KNOTS('',1,1,((#2371,#2372),(#2373,#2374)),.PLANE_SURF.,.F.,.F.,.F.,(2,2),(2,2),(0.,1.),(0.,1.),.UNSPECIFIED.);
#396=B_SPLINE_SURFACE_WITH_KNOTS('',3,1,((#2380,#2381),(#2382,#2383),(#2384,
#2385),(#2386,#2387)),.SURF_OF_LINEAR_EXTRUSION.,.F.,.F.,.F.,(4,4),(2,2),(0.,0.072120056678342),(0.0454545454545453,0.954545454545454),.PIECEWISE_BEZIER_KNOTS.);
#397=B_SPLINE_SURFACE_WITH_KNOTS('',3,1,((#2394,#2395),(#2396,#2397),(#2398,
#2399),(#2400,#2401)),.SURF_OF_LINEAR_EXTRUSION.,.F.,.F.,.F.,(4,4),(2,2),(0.072120056678342,1.),(0.0454545454545454,0.954545454545455),.PIECEWISE_BEZIER_KNOTS.);
#398=B_SPLINE_SURFACE_WITH_KNOTS('',1,1,((#2417,#2418),(#2419,#2420)),.PLANE_SURF.,.F.,.F.,.F.,(2,2),(2,2),(0.904471181873875,0.954545454545455),(0.0575221238938053,0.942477876106195),.PIECEWISE_BEZIER_KNOTS.);
#399=B_SPLINE_SURFACE_WITH_KNOTS('',3,1,((#2423,#2424),(#2425,#2426),(#2427,
#2428),(#2429,#2430)),.SURF_OF_LINEAR_EXTRUSION.,.F.,.F.,.F.,(4,4),(2,2),(0.,0.0640911080777169),(0.0454545454545455,0.954545454545454),.PIECEWISE_BEZIER_KNOTS.);
#400=B_SPLINE_SURFACE_WITH_KNOTS('',1,1,((#2437,#2438),(#2439,#2440)),.PLANE_SURF.,.F.,.F.,.F.,(2,2),(2,2),(0.,1.),(0.,1.),.UNSPECIFIED.);
#401=B_SPLINE_SURFACE_WITH_KNOTS('',1,1,((#2489,#2490),(#2491,#2492)),.PLANE_SURF.,.F.,.F.,.F.,(2,2),(2,2),(0.,1.),(0.,1.),.UNSPECIFIED.);
#402=B_SPLINE_SURFACE_WITH_KNOTS('',1,1,((#2494,#2495),(#2496,#2497)),.PLANE_SURF.,.F.,.F.,.F.,(2,2),(2,2),(0.,1.),(0.,1.),.UNSPECIFIED.);
#403=B_SPLINE_SURFACE_WITH_KNOTS('',1,1,((#2499,#2500),(#2501,#2502)),.PLANE_SURF.,.F.,.F.,.F.,(2,2),(2,2),(0.,1.),(0.,1.),.UNSPECIFIED.);
#404=B_SPLINE_SURFACE_WITH_KNOTS('',1,1,((#2531,#2532),(#2533,#2534)),.PLANE_SURF.,.F.,.F.,.F.,(2,2),(2,2),(0.546419184914524,0.891021074354385),(0.666892808683853,0.758508722188907),.PIECEWISE_BEZIER_KNOTS.);
#405=B_SPLINE_SURFACE_WITH_KNOTS('',1,1,((#2536,#2537),(#2538,#2539)),.PLANE_SURF.,.F.,.F.,.F.,(2,2),(2,2),(0.,1.),(0.,1.),.UNSPECIFIED.);
#406=B_SPLINE_SURFACE_WITH_KNOTS('',1,1,((#2557,#2558),(#2559,#2560)),.PLANE_SURF.,.F.,.F.,.F.,(2,2),(2,2),(0.,1.),(0.,1.),.UNSPECIFIED.);
#407=B_SPLINE_SURFACE_WITH_KNOTS('',1,1,((#2565,#2566),(#2567,#2568)),.PLANE_SURF.,.F.,.F.,.F.,(2,2),(2,2),(0.,1.),(0.,1.),.UNSPECIFIED.);
#408=B_SPLINE_SURFACE_WITH_KNOTS('',1,1,((#2580,#2581),(#2582,#2583)),.PLANE_SURF.,.F.,.F.,.F.,(2,2),(2,2),(0.,1.),(0.,1.),.UNSPECIFIED.);
#409=B_SPLINE_SURFACE_WITH_KNOTS('',1,1,((#2585,#2586),(#2587,#2588)),.PLANE_SURF.,.F.,.F.,.F.,(2,2),(2,2),(0.,1.),(0.,1.),.UNSPECIFIED.);
#410=B_SPLINE_SURFACE_WITH_KNOTS('',1,1,((#2590,#2591),(#2592,#2593)),.PLANE_SURF.,.F.,.F.,.F.,(2,2),(2,2),(0.,1.),(0.,1.),.UNSPECIFIED.);
#411=B_SPLINE_SURFACE_WITH_KNOTS('',1,1,((#2594,#2595),(#2596,#2597)),.PLANE_SURF.,.F.,.F.,.F.,(2,2),(2,2),(0.,1.),(0.,1.),.UNSPECIFIED.);
#412=B_SPLINE_SURFACE_WITH_KNOTS('',1,1,((#2600,#2601),(#2602,#2603)),.PLANE_SURF.,.F.,.F.,.F.,(2,2),(2,2),(0.,1.),(0.,1.),.UNSPECIFIED.);
#413=B_SPLINE_SURFACE_WITH_KNOTS('',1,1,((#2604,#2605),(#2606,#2607)),.PLANE_SURF.,.F.,.F.,.F.,(2,2),(2,2),(0.,1.),(0.,1.),.UNSPECIFIED.);
#414=B_SPLINE_SURFACE_WITH_KNOTS('',1,1,((#2610,#2611),(#2612,#2613)),.PLANE_SURF.,.F.,.F.,.F.,(2,2),(2,2),(0.,1.),(0.,1.),.UNSPECIFIED.);
#415=B_SPLINE_SURFACE_WITH_KNOTS('',1,1,((#2614,#2615),(#2616,#2617)),.PLANE_SURF.,.F.,.F.,.F.,(2,2),(2,2),(0.,1.),(0.,1.),.UNSPECIFIED.);
#416=B_SPLINE_SURFACE_WITH_KNOTS('',1,1,((#2619,#2620),(#2621,#2622)),.PLANE_SURF.,.F.,.F.,.F.,(2,2),(2,2),(0.,1.),(0.,1.),.UNSPECIFIED.);
#417=B_SPLINE_SURFACE_WITH_KNOTS('',1,1,((#2624,#2625),(#2626,#2627)),.PLANE_SURF.,.F.,.F.,.F.,(2,2),(2,2),(0.,1.),(0.,1.),.UNSPECIFIED.);
#418=B_SPLINE_SURFACE_WITH_KNOTS('',1,1,((#2629,#2630),(#2631,#2632)),.PLANE_SURF.,.F.,.F.,.F.,(2,2),(2,2),(0.,1.),(0.,1.),.UNSPECIFIED.);
#419=B_SPLINE_SURFACE_WITH_KNOTS('',1,1,((#2633,#2634),(#2635,#2636)),.PLANE_SURF.,.F.,.F.,.F.,(2,2),(2,2),(0.,1.),(0.,1.),.UNSPECIFIED.);
#420=B_SPLINE_SURFACE_WITH_KNOTS('',1,1,((#2638,#2639),(#2640,#2641)),.PLANE_SURF.,.F.,.F.,.F.,(2,2),(2,2),(0.,1.),(0.,1.),.UNSPECIFIED.);
#421=B_SPLINE_SURFACE_WITH_KNOTS('',1,1,((#2645,#2646),(#2647,#2648)),.PLANE_SURF.,.F.,.F.,.F.,(2,2),(2,2),(0.,1.),(0.,1.),.UNSPECIFIED.);
#422=B_SPLINE_SURFACE_WITH_KNOTS('',1,1,((#2652,#2653),(#2654,#2655)),.PLANE_SURF.,.F.,.F.,.F.,(2,2),(2,2),(0.,1.),(0.,1.),.UNSPECIFIED.);
#423=B_SPLINE_SURFACE_WITH_KNOTS('',1,1,((#2658,#2659),(#2660,#2661)),.PLANE_SURF.,.F.,.F.,.F.,(2,2),(2,2),(0.,1.),(0.,1.),.UNSPECIFIED.);
#424=B_SPLINE_SURFACE_WITH_KNOTS('',1,1,((#2662,#2663),(#2664,#2665)),.PLANE_SURF.,.F.,.F.,.F.,(2,2),(2,2),(0.,1.),(0.,1.),.UNSPECIFIED.);
#425=B_SPLINE_SURFACE_WITH_KNOTS('',1,1,((#2666,#2667),(#2668,#2669)),.PLANE_SURF.,.F.,.F.,.F.,(2,2),(2,2),(0.,1.),(0.,1.),.UNSPECIFIED.);
#426=B_SPLINE_SURFACE_WITH_KNOTS('',1,1,((#2675,#2676),(#2677,#2678)),.PLANE_SURF.,.F.,.F.,.F.,(2,2),(2,2),(0.,1.),(0.,1.),.UNSPECIFIED.);
#427=B_SPLINE_SURFACE_WITH_KNOTS('',1,1,((#2682,#2683),(#2684,#2685)),.PLANE_SURF.,.F.,.F.,.F.,(2,2),(2,2),(0.,1.),(0.,1.),.UNSPECIFIED.);
#428=B_SPLINE_SURFACE_WITH_KNOTS('',1,1,((#2689,#2690),(#2691,#2692)),.PLANE_SURF.,.F.,.F.,.F.,(2,2),(2,2),(0.,1.),(0.,1.),.UNSPECIFIED.);
#429=B_SPLINE_SURFACE_WITH_KNOTS('',1,1,((#2694,#2695),(#2696,#2697)),.PLANE_SURF.,.F.,.F.,.F.,(2,2),(2,2),(0.,1.),(0.,1.),.UNSPECIFIED.);
#430=B_SPLINE_SURFACE_WITH_KNOTS('',1,1,((#2698,#2699),(#2700,#2701)),.PLANE_SURF.,.F.,.F.,.F.,(2,2),(2,2),(0.,1.),(0.,1.),.UNSPECIFIED.);
#431=B_SPLINE_SURFACE_WITH_KNOTS('',1,1,((#2702,#2703),(#2704,#2705)),.PLANE_SURF.,.F.,.F.,.F.,(2,2),(2,2),(0.,1.),(0.,1.),.UNSPECIFIED.);
#432=B_SPLINE_SURFACE_WITH_KNOTS('',1,1,((#2706,#2707),(#2708,#2709)),.PLANE_SURF.,.F.,.F.,.F.,(2,2),(2,2),(0.,1.),(0.,1.),.UNSPECIFIED.);
#433=B_SPLINE_SURFACE_WITH_KNOTS('',1,1,((#2734,#2735),(#2736,#2737)),.PLANE_SURF.,.F.,.F.,.F.,(2,2),(2,2),(0.,1.),(0.,1.),.UNSPECIFIED.);
#434=B_SPLINE_SURFACE_WITH_KNOTS('',1,1,((#2756,#2757),(#2758,#2759)),.PLANE_SURF.,.F.,.F.,.F.,(2,2),(2,2),(0.,1.),(0.,1.),.UNSPECIFIED.);
#435=B_SPLINE_SURFACE_WITH_KNOTS('',1,1,((#2760,#2761),(#2762,#2763)),.PLANE_SURF.,.F.,.F.,.F.,(2,2),(2,2),(0.,1.),(0.,1.),.UNSPECIFIED.);
#436=B_SPLINE_SURFACE_WITH_KNOTS('',1,1,((#2786,#2787),(#2788,#2789)),.PLANE_SURF.,.F.,.F.,.F.,(2,2),(2,2),(0.,1.),(0.,1.),.UNSPECIFIED.);
#437=B_SPLINE_SURFACE_WITH_KNOTS('',1,1,((#2810,#2811),(#2812,#2813)),.PLANE_SURF.,.F.,.F.,.F.,(2,2),(2,2),(0.,1.),(0.,1.),.UNSPECIFIED.);
#438=(
B_SPLINE_CURVE(1,(#1955,#1956),.UNSPECIFIED.,.F.,.F.)
B_SPLINE_CURVE_WITH_KNOTS((2,2),(0.,1.),.PIECEWISE_BEZIER_KNOTS.)
BOUNDED_CURVE()
CURVE()
GEOMETRIC_REPRESENTATION_ITEM()
RATIONAL_B_SPLINE_CURVE((1.,1.))
REPRESENTATION_ITEM('')
);
#439=(
B_SPLINE_CURVE(1,(#1960,#1961),.UNSPECIFIED.,.F.,.F.)
B_SPLINE_CURVE_WITH_KNOTS((2,2),(0.,1.),.PIECEWISE_BEZIER_KNOTS.)
BOUNDED_CURVE()
CURVE()
GEOMETRIC_REPRESENTATION_ITEM()
RATIONAL_B_SPLINE_CURVE((1.,1.))
REPRESENTATION_ITEM('')
);
#440=(
B_SPLINE_CURVE(1,(#1973,#1974),.UNSPECIFIED.,.F.,.F.)
B_SPLINE_CURVE_WITH_KNOTS((2,2),(0.,1.),.PIECEWISE_BEZIER_KNOTS.)
BOUNDED_CURVE()
CURVE()
GEOMETRIC_REPRESENTATION_ITEM()
RATIONAL_B_SPLINE_CURVE((1.,1.))
REPRESENTATION_ITEM('')
);
#441=(
B_SPLINE_CURVE(1,(#1978,#1979),.UNSPECIFIED.,.F.,.F.)
B_SPLINE_CURVE_WITH_KNOTS((2,2),(0.,1.),.PIECEWISE_BEZIER_KNOTS.)
BOUNDED_CURVE()
CURVE()
GEOMETRIC_REPRESENTATION_ITEM()
RATIONAL_B_SPLINE_CURVE((1.,1.))
REPRESENTATION_ITEM('')
);
#442=(
B_SPLINE_CURVE(1,(#1991,#1992),.UNSPECIFIED.,.F.,.F.)
B_SPLINE_CURVE_WITH_KNOTS((2,2),(0.,1.),.PIECEWISE_BEZIER_KNOTS.)
BOUNDED_CURVE()
CURVE()
GEOMETRIC_REPRESENTATION_ITEM()
RATIONAL_B_SPLINE_CURVE((1.,1.))
REPRESENTATION_ITEM('')
);
#443=(
B_SPLINE_CURVE(1,(#1996,#1997),.UNSPECIFIED.,.F.,.F.)
B_SPLINE_CURVE_WITH_KNOTS((2,2),(0.,1.),.PIECEWISE_BEZIER_KNOTS.)
BOUNDED_CURVE()
CURVE()
GEOMETRIC_REPRESENTATION_ITEM()
RATIONAL_B_SPLINE_CURVE((1.,1.))
REPRESENTATION_ITEM('')
);
#444=(
B_SPLINE_CURVE(1,(#2009,#2010),.UNSPECIFIED.,.F.,.F.)
B_SPLINE_CURVE_WITH_KNOTS((2,2),(0.,1.),.PIECEWISE_BEZIER_KNOTS.)
BOUNDED_CURVE()
CURVE()
GEOMETRIC_REPRESENTATION_ITEM()
RATIONAL_B_SPLINE_CURVE((1.,1.))
REPRESENTATION_ITEM('')
);
#445=(
B_SPLINE_CURVE(1,(#2014,#2015),.UNSPECIFIED.,.F.,.F.)
B_SPLINE_CURVE_WITH_KNOTS((2,2),(0.,1.),.PIECEWISE_BEZIER_KNOTS.)
BOUNDED_CURVE()
CURVE()
GEOMETRIC_REPRESENTATION_ITEM()
RATIONAL_B_SPLINE_CURVE((1.,1.))
REPRESENTATION_ITEM('')
);
#446=(
B_SPLINE_CURVE(1,(#2027,#2028),.UNSPECIFIED.,.F.,.F.)
B_SPLINE_CURVE_WITH_KNOTS((2,2),(0.,1.),.PIECEWISE_BEZIER_KNOTS.)
BOUNDED_CURVE()
CURVE()
GEOMETRIC_REPRESENTATION_ITEM()
RATIONAL_B_SPLINE_CURVE((1.,1.))
REPRESENTATION_ITEM('')
);
#447=(
B_SPLINE_CURVE(1,(#2032,#2033),.UNSPECIFIED.,.F.,.F.)
B_SPLINE_CURVE_WITH_KNOTS((2,2),(0.,1.),.PIECEWISE_BEZIER_KNOTS.)
BOUNDED_CURVE()
CURVE()
GEOMETRIC_REPRESENTATION_ITEM()
RATIONAL_B_SPLINE_CURVE((1.,1.))
REPRESENTATION_ITEM('')
);
#448=(
B_SPLINE_CURVE(1,(#2045,#2046),.UNSPECIFIED.,.F.,.F.)
B_SPLINE_CURVE_WITH_KNOTS((2,2),(0.,1.),.PIECEWISE_BEZIER_KNOTS.)
BOUNDED_CURVE()
CURVE()
GEOMETRIC_REPRESENTATION_ITEM()
RATIONAL_B_SPLINE_CURVE((1.,1.))
REPRESENTATION_ITEM('')
);
#449=(
B_SPLINE_CURVE(1,(#2050,#2051),.UNSPECIFIED.,.F.,.F.)
B_SPLINE_CURVE_WITH_KNOTS((2,2),(0.,1.),.PIECEWISE_BEZIER_KNOTS.)
BOUNDED_CURVE()
CURVE()
GEOMETRIC_REPRESENTATION_ITEM()
RATIONAL_B_SPLINE_CURVE((1.,1.))
REPRESENTATION_ITEM('')
);
#450=ORIENTED_EDGE('',*,*,#922,.F.);
#451=ORIENTED_EDGE('',*,*,#923,.T.);
#452=ORIENTED_EDGE('',*,*,#924,.T.);
#453=ORIENTED_EDGE('',*,*,#925,.F.);
#454=ORIENTED_EDGE('',*,*,#926,.F.);
#455=ORIENTED_EDGE('',*,*,#927,.T.);
#456=ORIENTED_EDGE('',*,*,#928,.T.);
#457=ORIENTED_EDGE('',*,*,#929,.F.);
#458=ORIENTED_EDGE('',*,*,#930,.F.);
#459=ORIENTED_EDGE('',*,*,#931,.T.);
#460=ORIENTED_EDGE('',*,*,#932,.T.);
#461=ORIENTED_EDGE('',*,*,#933,.F.);
#462=ORIENTED_EDGE('',*,*,#934,.F.);
#463=ORIENTED_EDGE('',*,*,#935,.T.);
#464=ORIENTED_EDGE('',*,*,#936,.T.);
#465=ORIENTED_EDGE('',*,*,#937,.F.);
#466=ORIENTED_EDGE('',*,*,#938,.F.);
#467=ORIENTED_EDGE('',*,*,#939,.T.);
#468=ORIENTED_EDGE('',*,*,#940,.T.);
#469=ORIENTED_EDGE('',*,*,#941,.F.);
#470=ORIENTED_EDGE('',*,*,#942,.F.);
#471=ORIENTED_EDGE('',*,*,#943,.T.);
#472=ORIENTED_EDGE('',*,*,#944,.T.);
#473=ORIENTED_EDGE('',*,*,#945,.F.);
#474=ORIENTED_EDGE('',*,*,#946,.F.);
#475=ORIENTED_EDGE('',*,*,#947,.F.);
#476=ORIENTED_EDGE('',*,*,#948,.F.);
#477=ORIENTED_EDGE('',*,*,#949,.T.);
#478=ORIENTED_EDGE('',*,*,#950,.F.);
#479=ORIENTED_EDGE('',*,*,#951,.F.);
#480=ORIENTED_EDGE('',*,*,#952,.F.);
#481=ORIENTED_EDGE('',*,*,#953,.F.);
#482=ORIENTED_EDGE('',*,*,#954,.T.);
#483=ORIENTED_EDGE('',*,*,#955,.F.);
#484=ORIENTED_EDGE('',*,*,#956,.T.);
#485=ORIENTED_EDGE('',*,*,#957,.T.);
#486=ORIENTED_EDGE('',*,*,#958,.T.);
#487=ORIENTED_EDGE('',*,*,#959,.T.);
#488=ORIENTED_EDGE('',*,*,#960,.T.);
#489=ORIENTED_EDGE('',*,*,#961,.F.);
#490=ORIENTED_EDGE('',*,*,#962,.F.);
#491=ORIENTED_EDGE('',*,*,#963,.T.);
#492=ORIENTED_EDGE('',*,*,#964,.F.);
#493=ORIENTED_EDGE('',*,*,#965,.T.);
#494=ORIENTED_EDGE('',*,*,#966,.T.);
#495=ORIENTED_EDGE('',*,*,#967,.T.);
#496=ORIENTED_EDGE('',*,*,#968,.T.);
#497=ORIENTED_EDGE('',*,*,#969,.F.);
#498=ORIENTED_EDGE('',*,*,#970,.F.);
#499=ORIENTED_EDGE('',*,*,#971,.T.);
#500=ORIENTED_EDGE('',*,*,#972,.T.);
#501=ORIENTED_EDGE('',*,*,#973,.F.);
#502=ORIENTED_EDGE('',*,*,#974,.F.);
#503=ORIENTED_EDGE('',*,*,#975,.T.);
#504=ORIENTED_EDGE('',*,*,#976,.T.);
#505=ORIENTED_EDGE('',*,*,#977,.F.);
#506=ORIENTED_EDGE('',*,*,#978,.F.);
#507=ORIENTED_EDGE('',*,*,#979,.T.);
#508=ORIENTED_EDGE('',*,*,#980,.T.);
#509=ORIENTED_EDGE('',*,*,#981,.F.);
#510=ORIENTED_EDGE('',*,*,#982,.F.);
#511=ORIENTED_EDGE('',*,*,#983,.T.);
#512=ORIENTED_EDGE('',*,*,#984,.T.);
#513=ORIENTED_EDGE('',*,*,#985,.F.);
#514=ORIENTED_EDGE('',*,*,#951,.T.);
#515=ORIENTED_EDGE('',*,*,#986,.T.);
#516=ORIENTED_EDGE('',*,*,#983,.F.);
#517=ORIENTED_EDGE('',*,*,#987,.T.);
#518=ORIENTED_EDGE('',*,*,#988,.T.);
#519=ORIENTED_EDGE('',*,*,#989,.F.);
#520=ORIENTED_EDGE('',*,*,#990,.T.);
#521=ORIENTED_EDGE('',*,*,#991,.T.);
#522=ORIENTED_EDGE('',*,*,#992,.T.);
#523=ORIENTED_EDGE('',*,*,#948,.T.);
#524=ORIENTED_EDGE('',*,*,#993,.T.);
#525=ORIENTED_EDGE('',*,*,#994,.T.);
#526=ORIENTED_EDGE('',*,*,#995,.F.);
#527=ORIENTED_EDGE('',*,*,#977,.T.);
#528=ORIENTED_EDGE('',*,*,#996,.F.);
#529=ORIENTED_EDGE('',*,*,#997,.T.);
#530=ORIENTED_EDGE('',*,*,#998,.T.);
#531=ORIENTED_EDGE('',*,*,#999,.T.);
#532=ORIENTED_EDGE('',*,*,#1000,.F.);
#533=ORIENTED_EDGE('',*,*,#1001,.T.);
#534=ORIENTED_EDGE('',*,*,#999,.F.);
#535=ORIENTED_EDGE('',*,*,#1002,.T.);
#536=ORIENTED_EDGE('',*,*,#1003,.F.);
#537=ORIENTED_EDGE('',*,*,#1004,.T.);
#538=ORIENTED_EDGE('',*,*,#1005,.F.);
#539=ORIENTED_EDGE('',*,*,#1006,.F.);
#540=ORIENTED_EDGE('',*,*,#960,.F.);
#541=ORIENTED_EDGE('',*,*,#1007,.T.);
#542=ORIENTED_EDGE('',*,*,#971,.F.);
#543=ORIENTED_EDGE('',*,*,#1008,.F.);
#544=ORIENTED_EDGE('',*,*,#1009,.F.);
#545=ORIENTED_EDGE('',*,*,#974,.T.);
#546=ORIENTED_EDGE('',*,*,#1010,.F.);
#547=ORIENTED_EDGE('',*,*,#1011,.F.);
#548=ORIENTED_EDGE('',*,*,#1012,.F.);
#549=ORIENTED_EDGE('',*,*,#1013,.F.);
#550=ORIENTED_EDGE('',*,*,#1014,.T.);
#551=ORIENTED_EDGE('',*,*,#1015,.F.);
#552=ORIENTED_EDGE('',*,*,#1016,.F.);
#553=ORIENTED_EDGE('',*,*,#1017,.T.);
#554=ORIENTED_EDGE('',*,*,#1018,.T.);
#555=ORIENTED_EDGE('',*,*,#1019,.T.);
#556=ORIENTED_EDGE('',*,*,#1020,.F.);
#557=ORIENTED_EDGE('',*,*,#1021,.T.);
#558=ORIENTED_EDGE('',*,*,#926,.T.);
#559=ORIENTED_EDGE('',*,*,#1022,.T.);
#560=ORIENTED_EDGE('',*,*,#930,.T.);
#561=ORIENTED_EDGE('',*,*,#1023,.T.);
#562=ORIENTED_EDGE('',*,*,#934,.T.);
#563=ORIENTED_EDGE('',*,*,#1024,.T.);
#564=ORIENTED_EDGE('',*,*,#938,.T.);
#565=ORIENTED_EDGE('',*,*,#1025,.T.);
#566=ORIENTED_EDGE('',*,*,#942,.T.);
#567=ORIENTED_EDGE('',*,*,#1026,.T.);
#568=ORIENTED_EDGE('',*,*,#922,.T.);
#569=ORIENTED_EDGE('',*,*,#1027,.F.);
#570=ORIENTED_EDGE('',*,*,#953,.T.);
#571=ORIENTED_EDGE('',*,*,#1028,.T.);
#572=ORIENTED_EDGE('',*,*,#1029,.F.);
#573=ORIENTED_EDGE('',*,*,#1030,.F.);
#574=ORIENTED_EDGE('',*,*,#1031,.F.);
#575=ORIENTED_EDGE('',*,*,#1032,.F.);
#576=ORIENTED_EDGE('',*,*,#1033,.F.);
#577=ORIENTED_EDGE('',*,*,#1034,.F.);
#578=ORIENTED_EDGE('',*,*,#1035,.F.);
#579=ORIENTED_EDGE('',*,*,#988,.F.);
#580=ORIENTED_EDGE('',*,*,#1036,.F.);
#581=ORIENTED_EDGE('',*,*,#1037,.F.);
#582=ORIENTED_EDGE('',*,*,#1038,.T.);
#583=ORIENTED_EDGE('',*,*,#1039,.F.);
#584=ORIENTED_EDGE('',*,*,#1040,.T.);
#585=ORIENTED_EDGE('',*,*,#1041,.T.);
#586=ORIENTED_EDGE('',*,*,#1042,.F.);
#587=ORIENTED_EDGE('',*,*,#990,.F.);
#588=ORIENTED_EDGE('',*,*,#1043,.T.);
#589=ORIENTED_EDGE('',*,*,#1044,.T.);
#590=ORIENTED_EDGE('',*,*,#1040,.F.);
#591=ORIENTED_EDGE('',*,*,#994,.F.);
#592=ORIENTED_EDGE('',*,*,#947,.T.);
#593=ORIENTED_EDGE('',*,*,#1045,.T.);
#594=ORIENTED_EDGE('',*,*,#1043,.F.);
#595=ORIENTED_EDGE('',*,*,#993,.F.);
#596=ORIENTED_EDGE('',*,*,#1046,.T.);
#597=ORIENTED_EDGE('',*,*,#1047,.T.);
#598=ORIENTED_EDGE('',*,*,#949,.F.);
#599=ORIENTED_EDGE('',*,*,#992,.F.);
#600=ORIENTED_EDGE('',*,*,#1048,.F.);
#601=ORIENTED_EDGE('',*,*,#1049,.F.);
#602=ORIENTED_EDGE('',*,*,#1030,.T.);
#603=ORIENTED_EDGE('',*,*,#1050,.T.);
#604=ORIENTED_EDGE('',*,*,#1051,.F.);
#605=ORIENTED_EDGE('',*,*,#1050,.F.);
#606=ORIENTED_EDGE('',*,*,#1035,.T.);
#607=ORIENTED_EDGE('',*,*,#1052,.T.);
#608=ORIENTED_EDGE('',*,*,#1053,.F.);
#609=ORIENTED_EDGE('',*,*,#1052,.F.);
#610=ORIENTED_EDGE('',*,*,#1034,.T.);
#611=ORIENTED_EDGE('',*,*,#1054,.T.);
#612=ORIENTED_EDGE('',*,*,#1055,.F.);
#613=ORIENTED_EDGE('',*,*,#1054,.F.);
#614=ORIENTED_EDGE('',*,*,#1033,.T.);
#615=ORIENTED_EDGE('',*,*,#1056,.T.);
#616=ORIENTED_EDGE('',*,*,#1057,.F.);
#617=ORIENTED_EDGE('',*,*,#1056,.F.);
#618=ORIENTED_EDGE('',*,*,#1032,.T.);
#619=ORIENTED_EDGE('',*,*,#1058,.T.);
#620=ORIENTED_EDGE('',*,*,#1059,.T.);
#621=ORIENTED_EDGE('',*,*,#1060,.F.);
#622=ORIENTED_EDGE('',*,*,#1038,.F.);
#623=ORIENTED_EDGE('',*,*,#1061,.T.);
#624=ORIENTED_EDGE('',*,*,#1062,.F.);
#625=ORIENTED_EDGE('',*,*,#1061,.F.);
#626=ORIENTED_EDGE('',*,*,#1037,.T.);
#627=ORIENTED_EDGE('',*,*,#1063,.T.);
#628=ORIENTED_EDGE('',*,*,#966,.F.);
#629=ORIENTED_EDGE('',*,*,#1064,.F.);
#630=ORIENTED_EDGE('',*,*,#962,.T.);
#631=ORIENTED_EDGE('',*,*,#1065,.T.);
#632=ORIENTED_EDGE('',*,*,#1066,.T.);
#633=ORIENTED_EDGE('',*,*,#1067,.F.);
#634=ORIENTED_EDGE('',*,*,#1068,.T.);
#635=ORIENTED_EDGE('',*,*,#1063,.F.);
#636=ORIENTED_EDGE('',*,*,#1036,.T.);
#637=ORIENTED_EDGE('',*,*,#987,.F.);
#638=ORIENTED_EDGE('',*,*,#982,.T.);
#639=ORIENTED_EDGE('',*,*,#1069,.T.);
#640=ORIENTED_EDGE('',*,*,#1066,.F.);
#641=ORIENTED_EDGE('',*,*,#1070,.T.);
#642=ORIENTED_EDGE('',*,*,#1005,.T.);
#643=ORIENTED_EDGE('',*,*,#1071,.T.);
#644=ORIENTED_EDGE('',*,*,#1072,.T.);
#645=ORIENTED_EDGE('',*,*,#1073,.T.);
#646=ORIENTED_EDGE('',*,*,#1002,.F.);
#647=ORIENTED_EDGE('',*,*,#998,.F.);
#648=ORIENTED_EDGE('',*,*,#1074,.T.);
#649=ORIENTED_EDGE('',*,*,#1075,.T.);
#650=ORIENTED_EDGE('',*,*,#1072,.F.);
#651=ORIENTED_EDGE('',*,*,#997,.F.);
#652=ORIENTED_EDGE('',*,*,#943,.F.);
#653=ORIENTED_EDGE('',*,*,#1025,.F.);
#654=ORIENTED_EDGE('',*,*,#945,.T.);
#655=ORIENTED_EDGE('',*,*,#1076,.T.);
#656=ORIENTED_EDGE('',*,*,#939,.F.);
#657=ORIENTED_EDGE('',*,*,#1024,.F.);
#658=ORIENTED_EDGE('',*,*,#941,.T.);
#659=ORIENTED_EDGE('',*,*,#1077,.T.);
#660=ORIENTED_EDGE('',*,*,#935,.F.);
#661=ORIENTED_EDGE('',*,*,#1023,.F.);
#662=ORIENTED_EDGE('',*,*,#937,.T.);
#663=ORIENTED_EDGE('',*,*,#1078,.T.);
#664=ORIENTED_EDGE('',*,*,#931,.F.);
#665=ORIENTED_EDGE('',*,*,#1022,.F.);
#666=ORIENTED_EDGE('',*,*,#933,.T.);
#667=ORIENTED_EDGE('',*,*,#1079,.T.);
#668=ORIENTED_EDGE('',*,*,#927,.F.);
#669=ORIENTED_EDGE('',*,*,#1021,.F.);
#670=ORIENTED_EDGE('',*,*,#929,.T.);
#671=ORIENTED_EDGE('',*,*,#1080,.T.);
#672=ORIENTED_EDGE('',*,*,#1042,.T.);
#673=ORIENTED_EDGE('',*,*,#1081,.T.);
#674=ORIENTED_EDGE('',*,*,#1046,.F.);
#675=ORIENTED_EDGE('',*,*,#991,.F.);
#676=ORIENTED_EDGE('',*,*,#1082,.F.);
#677=ORIENTED_EDGE('',*,*,#1058,.F.);
#678=ORIENTED_EDGE('',*,*,#1031,.T.);
#679=ORIENTED_EDGE('',*,*,#1049,.T.);
#680=ORIENTED_EDGE('',*,*,#1083,.T.);
#681=ORIENTED_EDGE('',*,*,#1029,.T.);
#682=ORIENTED_EDGE('',*,*,#1084,.F.);
#683=ORIENTED_EDGE('',*,*,#984,.F.);
#684=ORIENTED_EDGE('',*,*,#989,.T.);
#685=ORIENTED_EDGE('',*,*,#1039,.T.);
#686=ORIENTED_EDGE('',*,*,#1060,.T.);
#687=ORIENTED_EDGE('',*,*,#1085,.F.);
#688=ORIENTED_EDGE('',*,*,#1086,.F.);
#689=ORIENTED_EDGE('',*,*,#1087,.F.);
#690=ORIENTED_EDGE('',*,*,#1074,.F.);
#691=ORIENTED_EDGE('',*,*,#996,.T.);
#692=ORIENTED_EDGE('',*,*,#976,.F.);
#693=ORIENTED_EDGE('',*,*,#1088,.F.);
#694=ORIENTED_EDGE('',*,*,#1089,.T.);
#695=ORIENTED_EDGE('',*,*,#1090,.T.);
#696=ORIENTED_EDGE('',*,*,#1091,.F.);
#697=ORIENTED_EDGE('',*,*,#968,.F.);
#698=ORIENTED_EDGE('',*,*,#1092,.F.);
#699=ORIENTED_EDGE('',*,*,#1093,.T.);
#700=ORIENTED_EDGE('',*,*,#973,.T.);
#701=ORIENTED_EDGE('',*,*,#1094,.F.);
#702=ORIENTED_EDGE('',*,*,#923,.F.);
#703=ORIENTED_EDGE('',*,*,#1026,.F.);
#704=ORIENTED_EDGE('',*,*,#925,.T.);
#705=ORIENTED_EDGE('',*,*,#1095,.T.);
#706=ORIENTED_EDGE('',*,*,#981,.T.);
#707=ORIENTED_EDGE('',*,*,#1096,.T.);
#708=ORIENTED_EDGE('',*,*,#1010,.T.);
#709=ORIENTED_EDGE('',*,*,#1097,.F.);
#710=ORIENTED_EDGE('',*,*,#1098,.F.);
#711=ORIENTED_EDGE('',*,*,#1085,.T.);
#712=ORIENTED_EDGE('',*,*,#1059,.F.);
#713=ORIENTED_EDGE('',*,*,#1062,.T.);
#714=ORIENTED_EDGE('',*,*,#1099,.F.);
#715=ORIENTED_EDGE('',*,*,#1014,.F.);
#716=ORIENTED_EDGE('',*,*,#1100,.T.);
#717=ORIENTED_EDGE('',*,*,#1101,.T.);
#718=ORIENTED_EDGE('',*,*,#979,.F.);
#719=ORIENTED_EDGE('',*,*,#1102,.F.);
#720=ORIENTED_EDGE('',*,*,#1103,.T.);
#721=ORIENTED_EDGE('',*,*,#1104,.T.);
#722=ORIENTED_EDGE('',*,*,#1105,.T.);
#723=ORIENTED_EDGE('',*,*,#1106,.T.);
#724=ORIENTED_EDGE('',*,*,#1098,.T.);
#725=ORIENTED_EDGE('',*,*,#1107,.T.);
#726=ORIENTED_EDGE('',*,*,#1108,.F.);
#727=ORIENTED_EDGE('',*,*,#1019,.F.);
#728=ORIENTED_EDGE('',*,*,#1109,.F.);
#729=ORIENTED_EDGE('',*,*,#1086,.T.);
#730=ORIENTED_EDGE('',*,*,#1018,.F.);
#731=ORIENTED_EDGE('',*,*,#1110,.T.);
#732=ORIENTED_EDGE('',*,*,#1073,.F.);
#733=ORIENTED_EDGE('',*,*,#1075,.F.);
#734=ORIENTED_EDGE('',*,*,#1087,.T.);
#735=ORIENTED_EDGE('',*,*,#1109,.T.);
#736=ORIENTED_EDGE('',*,*,#1111,.T.);
#737=ORIENTED_EDGE('',*,*,#1112,.F.);
#738=ORIENTED_EDGE('',*,*,#1113,.F.);
#739=ORIENTED_EDGE('',*,*,#1114,.F.);
#740=ORIENTED_EDGE('',*,*,#1115,.F.);
#741=ORIENTED_EDGE('',*,*,#1116,.F.);
#742=ORIENTED_EDGE('',*,*,#1015,.T.);
#743=ORIENTED_EDGE('',*,*,#1099,.T.);
#744=ORIENTED_EDGE('',*,*,#1068,.F.);
#745=ORIENTED_EDGE('',*,*,#1003,.T.);
#746=ORIENTED_EDGE('',*,*,#1110,.F.);
#747=ORIENTED_EDGE('',*,*,#1017,.F.);
#748=ORIENTED_EDGE('',*,*,#1117,.T.);
#749=ORIENTED_EDGE('',*,*,#1117,.F.);
#750=ORIENTED_EDGE('',*,*,#1016,.T.);
#751=ORIENTED_EDGE('',*,*,#1116,.T.);
#752=ORIENTED_EDGE('',*,*,#1067,.T.);
#753=ORIENTED_EDGE('',*,*,#1071,.F.);
#754=ORIENTED_EDGE('',*,*,#1004,.F.);
#755=ORIENTED_EDGE('',*,*,#1080,.F.);
#756=ORIENTED_EDGE('',*,*,#928,.F.);
#757=ORIENTED_EDGE('',*,*,#1079,.F.);
#758=ORIENTED_EDGE('',*,*,#932,.F.);
#759=ORIENTED_EDGE('',*,*,#1078,.F.);
#760=ORIENTED_EDGE('',*,*,#936,.F.);
#761=ORIENTED_EDGE('',*,*,#1077,.F.);
#762=ORIENTED_EDGE('',*,*,#940,.F.);
#763=ORIENTED_EDGE('',*,*,#1076,.F.);
#764=ORIENTED_EDGE('',*,*,#944,.F.);
#765=ORIENTED_EDGE('',*,*,#1095,.F.);
#766=ORIENTED_EDGE('',*,*,#924,.F.);
#767=ORIENTED_EDGE('',*,*,#964,.T.);
#768=ORIENTED_EDGE('',*,*,#1118,.T.);
#769=ORIENTED_EDGE('',*,*,#1090,.F.);
#770=ORIENTED_EDGE('',*,*,#1119,.F.);
#771=ORIENTED_EDGE('',*,*,#1064,.T.);
#772=ORIENTED_EDGE('',*,*,#969,.T.);
#773=ORIENTED_EDGE('',*,*,#1091,.T.);
#774=ORIENTED_EDGE('',*,*,#1118,.F.);
#775=ORIENTED_EDGE('',*,*,#963,.F.);
#776=ORIENTED_EDGE('',*,*,#958,.F.);
#777=ORIENTED_EDGE('',*,*,#1120,.T.);
#778=ORIENTED_EDGE('',*,*,#1092,.T.);
#779=ORIENTED_EDGE('',*,*,#1121,.F.);
#780=ORIENTED_EDGE('',*,*,#1121,.T.);
#781=ORIENTED_EDGE('',*,*,#1094,.T.);
#782=ORIENTED_EDGE('',*,*,#972,.F.);
#783=ORIENTED_EDGE('',*,*,#1007,.F.);
#784=ORIENTED_EDGE('',*,*,#959,.F.);
#785=ORIENTED_EDGE('',*,*,#954,.F.);
#786=ORIENTED_EDGE('',*,*,#1027,.T.);
#787=ORIENTED_EDGE('',*,*,#1083,.F.);
#788=ORIENTED_EDGE('',*,*,#1122,.F.);
#789=ORIENTED_EDGE('',*,*,#975,.F.);
#790=ORIENTED_EDGE('',*,*,#1009,.T.);
#791=ORIENTED_EDGE('',*,*,#1123,.F.);
#792=ORIENTED_EDGE('',*,*,#955,.T.);
#793=ORIENTED_EDGE('',*,*,#1122,.T.);
#794=ORIENTED_EDGE('',*,*,#1088,.T.);
#795=ORIENTED_EDGE('',*,*,#957,.F.);
#796=ORIENTED_EDGE('',*,*,#1124,.T.);
#797=ORIENTED_EDGE('',*,*,#970,.T.);
#798=ORIENTED_EDGE('',*,*,#1093,.F.);
#799=ORIENTED_EDGE('',*,*,#1120,.F.);
#800=ORIENTED_EDGE('',*,*,#1028,.F.);
#801=ORIENTED_EDGE('',*,*,#952,.T.);
#802=ORIENTED_EDGE('',*,*,#985,.T.);
#803=ORIENTED_EDGE('',*,*,#1084,.T.);
#804=ORIENTED_EDGE('',*,*,#965,.F.);
#805=ORIENTED_EDGE('',*,*,#1119,.T.);
#806=ORIENTED_EDGE('',*,*,#1089,.F.);
#807=ORIENTED_EDGE('',*,*,#967,.F.);
#808=ORIENTED_EDGE('',*,*,#1125,.F.);
#809=ORIENTED_EDGE('',*,*,#1107,.F.);
#810=ORIENTED_EDGE('',*,*,#1097,.T.);
#811=ORIENTED_EDGE('',*,*,#978,.T.);
#812=ORIENTED_EDGE('',*,*,#995,.T.);
#813=ORIENTED_EDGE('',*,*,#1126,.F.);
#814=ORIENTED_EDGE('',*,*,#1127,.F.);
#815=ORIENTED_EDGE('',*,*,#1013,.T.);
#816=ORIENTED_EDGE('',*,*,#1128,.T.);
#817=ORIENTED_EDGE('',*,*,#1129,.T.);
#818=ORIENTED_EDGE('',*,*,#1100,.F.);
#819=ORIENTED_EDGE('',*,*,#1020,.T.);
#820=ORIENTED_EDGE('',*,*,#1108,.T.);
#821=ORIENTED_EDGE('',*,*,#1127,.T.);
#822=ORIENTED_EDGE('',*,*,#1130,.T.);
#823=ORIENTED_EDGE('',*,*,#1012,.T.);
#824=ORIENTED_EDGE('',*,*,#1131,.F.);
#825=ORIENTED_EDGE('',*,*,#1128,.F.);
#826=ORIENTED_EDGE('',*,*,#1126,.T.);
#827=ORIENTED_EDGE('',*,*,#1000,.T.);
#828=ORIENTED_EDGE('',*,*,#1001,.F.);
#829=ORIENTED_EDGE('',*,*,#1130,.F.);
#830=ORIENTED_EDGE('',*,*,#1011,.T.);
#831=ORIENTED_EDGE('',*,*,#1096,.F.);
#832=ORIENTED_EDGE('',*,*,#980,.F.);
#833=ORIENTED_EDGE('',*,*,#1101,.F.);
#834=ORIENTED_EDGE('',*,*,#1129,.F.);
#835=ORIENTED_EDGE('',*,*,#1131,.T.);
#836=ORIENTED_EDGE('',*,*,#1070,.F.);
#837=ORIENTED_EDGE('',*,*,#1132,.F.);
#838=ORIENTED_EDGE('',*,*,#1133,.T.);
#839=ORIENTED_EDGE('',*,*,#1134,.T.);
#840=ORIENTED_EDGE('',*,*,#1065,.F.);
#841=ORIENTED_EDGE('',*,*,#1135,.F.);
#842=ORIENTED_EDGE('',*,*,#1136,.T.);
#843=ORIENTED_EDGE('',*,*,#1132,.T.);
#844=ORIENTED_EDGE('',*,*,#961,.T.);
#845=ORIENTED_EDGE('',*,*,#1137,.F.);
#846=ORIENTED_EDGE('',*,*,#1138,.F.);
#847=ORIENTED_EDGE('',*,*,#1135,.T.);
#848=ORIENTED_EDGE('',*,*,#1006,.T.);
#849=ORIENTED_EDGE('',*,*,#1134,.F.);
#850=ORIENTED_EDGE('',*,*,#1139,.F.);
#851=ORIENTED_EDGE('',*,*,#1137,.T.);
#852=ORIENTED_EDGE('',*,*,#1133,.F.);
#853=ORIENTED_EDGE('',*,*,#1136,.F.);
#854=ORIENTED_EDGE('',*,*,#1138,.T.);
#855=ORIENTED_EDGE('',*,*,#1139,.T.);
#856=ORIENTED_EDGE('',*,*,#1125,.T.);
#857=ORIENTED_EDGE('',*,*,#1069,.F.);
#858=ORIENTED_EDGE('',*,*,#986,.F.);
#859=ORIENTED_EDGE('',*,*,#950,.T.);
#860=ORIENTED_EDGE('',*,*,#956,.F.);
#861=ORIENTED_EDGE('',*,*,#1123,.T.);
#862=ORIENTED_EDGE('',*,*,#1008,.T.);
#863=ORIENTED_EDGE('',*,*,#1124,.F.);
#864=ORIENTED_EDGE('',*,*,#1102,.T.);
#865=ORIENTED_EDGE('',*,*,#1140,.F.);
#866=ORIENTED_EDGE('',*,*,#1141,.F.);
#867=ORIENTED_EDGE('',*,*,#1142,.T.);
#868=ORIENTED_EDGE('',*,*,#1103,.F.);
#869=ORIENTED_EDGE('',*,*,#1142,.F.);
#870=ORIENTED_EDGE('',*,*,#1143,.T.);
#871=ORIENTED_EDGE('',*,*,#1144,.T.);
#872=ORIENTED_EDGE('',*,*,#1145,.T.);
#873=ORIENTED_EDGE('',*,*,#1104,.F.);
#874=ORIENTED_EDGE('',*,*,#1105,.F.);
#875=ORIENTED_EDGE('',*,*,#1145,.F.);
#876=ORIENTED_EDGE('',*,*,#1146,.T.);
#877=ORIENTED_EDGE('',*,*,#1147,.T.);
#878=ORIENTED_EDGE('',*,*,#1106,.F.);
#879=ORIENTED_EDGE('',*,*,#1147,.F.);
#880=ORIENTED_EDGE('',*,*,#1148,.T.);
#881=ORIENTED_EDGE('',*,*,#1140,.T.);
#882=ORIENTED_EDGE('',*,*,#1051,.T.);
#883=ORIENTED_EDGE('',*,*,#1053,.T.);
#884=ORIENTED_EDGE('',*,*,#1055,.T.);
#885=ORIENTED_EDGE('',*,*,#1057,.T.);
#886=ORIENTED_EDGE('',*,*,#1082,.T.);
#887=ORIENTED_EDGE('',*,*,#1048,.T.);
#888=ORIENTED_EDGE('',*,*,#1141,.T.);
#889=ORIENTED_EDGE('',*,*,#1148,.F.);
#890=ORIENTED_EDGE('',*,*,#1146,.F.);
#891=ORIENTED_EDGE('',*,*,#1144,.F.);
#892=ORIENTED_EDGE('',*,*,#1143,.F.);
#893=ORIENTED_EDGE('',*,*,#1111,.F.);
#894=ORIENTED_EDGE('',*,*,#1149,.F.);
#895=ORIENTED_EDGE('',*,*,#1150,.T.);
#896=ORIENTED_EDGE('',*,*,#1151,.T.);
#897=ORIENTED_EDGE('',*,*,#1112,.T.);
#898=ORIENTED_EDGE('',*,*,#1151,.F.);
#899=ORIENTED_EDGE('',*,*,#1152,.F.);
#900=ORIENTED_EDGE('',*,*,#1153,.T.);
#901=ORIENTED_EDGE('',*,*,#1113,.T.);
#902=ORIENTED_EDGE('',*,*,#1153,.F.);
#903=ORIENTED_EDGE('',*,*,#1154,.F.);
#904=ORIENTED_EDGE('',*,*,#1155,.T.);
#905=ORIENTED_EDGE('',*,*,#1115,.T.);
#906=ORIENTED_EDGE('',*,*,#1114,.T.);
#907=ORIENTED_EDGE('',*,*,#1155,.F.);
#908=ORIENTED_EDGE('',*,*,#1156,.F.);
#909=ORIENTED_EDGE('',*,*,#1157,.F.);
#910=ORIENTED_EDGE('',*,*,#1149,.T.);
#911=ORIENTED_EDGE('',*,*,#1150,.F.);
#912=ORIENTED_EDGE('',*,*,#1157,.T.);
#913=ORIENTED_EDGE('',*,*,#1156,.T.);
#914=ORIENTED_EDGE('',*,*,#1154,.T.);
#915=ORIENTED_EDGE('',*,*,#1152,.T.);
#916=ORIENTED_EDGE('',*,*,#1044,.F.);
#917=ORIENTED_EDGE('',*,*,#1045,.F.);
#918=ORIENTED_EDGE('',*,*,#946,.T.);
#919=ORIENTED_EDGE('',*,*,#1047,.F.);
#920=ORIENTED_EDGE('',*,*,#1081,.F.);
#921=ORIENTED_EDGE('',*,*,#1041,.F.);
#922=EDGE_CURVE('',#1158,#1159,#1314,.T.);
#923=EDGE_CURVE('',#1158,#1160,#438,.T.);
#924=EDGE_CURVE('',#1160,#1161,#1315,.T.);
#925=EDGE_CURVE('',#1159,#1161,#439,.T.);
#926=EDGE_CURVE('',#1162,#1163,#1316,.T.);
#927=EDGE_CURVE('',#1162,#1164,#440,.T.);
#928=EDGE_CURVE('',#1164,#1165,#1317,.T.);
#929=EDGE_CURVE('',#1163,#1165,#441,.T.);
#930=EDGE_CURVE('',#1166,#1167,#1318,.T.);
#931=EDGE_CURVE('',#1166,#1168,#442,.T.);
#932=EDGE_CURVE('',#1168,#1169,#1319,.T.);
#933=EDGE_CURVE('',#1167,#1169,#443,.T.);
#934=EDGE_CURVE('',#1170,#1171,#1320,.T.);
#935=EDGE_CURVE('',#1170,#1172,#444,.T.);
#936=EDGE_CURVE('',#1172,#1173,#1321,.T.);
#937=EDGE_CURVE('',#1171,#1173,#445,.T.);
#938=EDGE_CURVE('',#1174,#1175,#1322,.T.);
#939=EDGE_CURVE('',#1174,#1176,#446,.T.);
#940=EDGE_CURVE('',#1176,#1177,#1323,.T.);
#941=EDGE_CURVE('',#1175,#1177,#447,.T.);
#942=EDGE_CURVE('',#1178,#1179,#1324,.T.);
#943=EDGE_CURVE('',#1178,#1180,#448,.T.);
#944=EDGE_CURVE('',#1180,#1181,#1325,.T.);
#945=EDGE_CURVE('',#1179,#1181,#449,.T.);
#946=EDGE_CURVE('',#1182,#1183,#26,.T.);
#947=EDGE_CURVE('',#1184,#1182,#27,.T.);
#948=EDGE_CURVE('',#1185,#1184,#28,.T.);
#949=EDGE_CURVE('',#1185,#1183,#29,.T.);
#950=EDGE_CURVE('',#1186,#1187,#30,.T.);
#951=EDGE_CURVE('',#1188,#1186,#31,.T.);
#952=EDGE_CURVE('',#1189,#1188,#32,.T.);
#953=EDGE_CURVE('',#1190,#1189,#33,.T.);
#954=EDGE_CURVE('',#1190,#1191,#34,.T.);
#955=EDGE_CURVE('',#1192,#1191,#35,.T.);
#956=EDGE_CURVE('',#1192,#1193,#36,.T.);
#957=EDGE_CURVE('',#1193,#1194,#37,.T.);
#958=EDGE_CURVE('',#1194,#1195,#38,.T.);
#959=EDGE_CURVE('',#1195,#1196,#39,.T.);
#960=EDGE_CURVE('',#1196,#1197,#40,.T.);
#961=EDGE_CURVE('',#1198,#1197,#41,.T.);
#962=EDGE_CURVE('',#1199,#1198,#42,.T.);
#963=EDGE_CURVE('',#1199,#1200,#43,.T.);
#964=EDGE_CURVE('',#1201,#1200,#44,.T.);
#965=EDGE_CURVE('',#1201,#1187,#45,.T.);
#966=EDGE_CURVE('',#1202,#1203,#46,.F.);
#967=EDGE_CURVE('',#1203,#1204,#47,.T.);
#968=EDGE_CURVE('',#1204,#1205,#48,.T.);
#969=EDGE_CURVE('',#1202,#1205,#49,.T.);
#970=EDGE_CURVE('',#1206,#1207,#50,.T.);
#971=EDGE_CURVE('',#1206,#1208,#51,.T.);
#972=EDGE_CURVE('',#1208,#1209,#52,.T.);
#973=EDGE_CURVE('',#1207,#1209,#53,.T.);
#974=EDGE_CURVE('',#1210,#1211,#54,.T.);
#975=EDGE_CURVE('',#1210,#1212,#55,.T.);
#976=EDGE_CURVE('',#1212,#1213,#56,.T.);
#977=EDGE_CURVE('',#1214,#1213,#57,.T.);
#978=EDGE_CURVE('',#1215,#1214,#58,.T.);
#979=EDGE_CURVE('',#1215,#1216,#59,.T.);
#980=EDGE_CURVE('',#1216,#1217,#60,.T.);
#981=EDGE_CURVE('',#1211,#1217,#61,.T.);
#982=EDGE_CURVE('',#1218,#1219,#12,.T.);
#983=EDGE_CURVE('',#1218,#1220,#62,.T.);
#984=EDGE_CURVE('',#1220,#1221,#63,.T.);
#985=EDGE_CURVE('',#1188,#1221,#64,.T.);
#986=EDGE_CURVE('',#1186,#1219,#65,.T.);
#987=EDGE_CURVE('',#1218,#1222,#66,.T.);
#988=EDGE_CURVE('',#1222,#1223,#67,.T.);
#989=EDGE_CURVE('',#1220,#1223,#68,.T.);
#990=EDGE_CURVE('',#1224,#1225,#69,.T.);
#991=EDGE_CURVE('',#1225,#1226,#70,.T.);
#992=EDGE_CURVE('',#1226,#1185,#71,.T.);
#993=EDGE_CURVE('',#1184,#1227,#72,.T.);
#994=EDGE_CURVE('',#1227,#1224,#73,.T.);
#995=EDGE_CURVE('',#1214,#1228,#74,.T.);
#996=EDGE_CURVE('',#1229,#1213,#75,.T.);
#997=EDGE_CURVE('',#1229,#1230,#76,.T.);
#998=EDGE_CURVE('',#1230,#1231,#13,.T.);
#999=EDGE_CURVE('',#1231,#1232,#14,.T.);
#1000=EDGE_CURVE('',#1228,#1232,#77,.T.);
#1001=EDGE_CURVE('',#1233,#1232,#78,.T.);
#1002=EDGE_CURVE('',#1231,#1234,#79,.T.);
#1003=EDGE_CURVE('',#1235,#1234,#80,.T.);
#1004=EDGE_CURVE('',#1235,#1236,#15,.T.);
#1005=EDGE_CURVE('',#1237,#1236,#81,.T.);
#1006=EDGE_CURVE('',#1197,#1237,#82,.T.);
#1007=EDGE_CURVE('',#1196,#1208,#16,.F.);
#1008=EDGE_CURVE('',#1238,#1206,#83,.T.);
#1009=EDGE_CURVE('',#1210,#1238,#17,.T.);
#1010=EDGE_CURVE('',#1239,#1211,#18,.T.);
#1011=EDGE_CURVE('',#1240,#1239,#84,.T.);
#1012=EDGE_CURVE('',#1233,#1240,#19,.T.);
#1013=EDGE_CURVE('',#1241,#1242,#85,.T.);
#1014=EDGE_CURVE('',#1241,#1243,#86,.T.);
#1015=EDGE_CURVE('',#1244,#1243,#87,.T.);
#1016=EDGE_CURVE('',#1245,#1244,#88,.T.);
#1017=EDGE_CURVE('',#1245,#1246,#89,.T.);
#1018=EDGE_CURVE('',#1246,#1247,#90,.T.);
#1019=EDGE_CURVE('',#1247,#1248,#91,.T.);
#1020=EDGE_CURVE('',#1242,#1248,#92,.T.);
#1021=EDGE_CURVE('',#1163,#1162,#1326,.T.);
#1022=EDGE_CURVE('',#1167,#1166,#1327,.T.);
#1023=EDGE_CURVE('',#1171,#1170,#1328,.T.);
#1024=EDGE_CURVE('',#1175,#1174,#1329,.T.);
#1025=EDGE_CURVE('',#1179,#1178,#1330,.T.);
#1026=EDGE_CURVE('',#1159,#1158,#1331,.T.);
#1027=EDGE_CURVE('',#1190,#1249,#93,.T.);
#1028=EDGE_CURVE('',#1189,#1250,#94,.T.);
#1029=EDGE_CURVE('',#1249,#1250,#95,.T.);
#1030=EDGE_CURVE('',#1251,#1252,#96,.T.);
#1031=EDGE_CURVE('',#1253,#1251,#97,.T.);
#1032=EDGE_CURVE('',#1254,#1253,#98,.T.);
#1033=EDGE_CURVE('',#1255,#1254,#99,.T.);
#1034=EDGE_CURVE('',#1256,#1255,#100,.T.);
#1035=EDGE_CURVE('',#1252,#1256,#101,.T.);
#1036=EDGE_CURVE('',#1257,#1222,#20,.T.);
#1037=EDGE_CURVE('',#1258,#1257,#21,.T.);
#1038=EDGE_CURVE('',#1258,#1259,#102,.T.);
#1039=EDGE_CURVE('',#1223,#1259,#103,.T.);
#1040=EDGE_CURVE('',#1224,#1260,#104,.T.);
#1041=EDGE_CURVE('',#1260,#1261,#105,.T.);
#1042=EDGE_CURVE('',#1225,#1261,#106,.T.);
#1043=EDGE_CURVE('',#1227,#1262,#107,.T.);
#1044=EDGE_CURVE('',#1262,#1260,#108,.T.);
#1045=EDGE_CURVE('',#1182,#1262,#109,.T.);
#1046=EDGE_CURVE('',#1226,#1263,#110,.T.);
#1047=EDGE_CURVE('',#1263,#1183,#111,.T.);
#1048=EDGE_CURVE('',#1264,#1265,#112,.T.);
#1049=EDGE_CURVE('',#1251,#1264,#113,.T.);
#1050=EDGE_CURVE('',#1252,#1265,#114,.T.);
#1051=EDGE_CURVE('',#1265,#1266,#115,.T.);
#1052=EDGE_CURVE('',#1256,#1266,#116,.T.);
#1053=EDGE_CURVE('',#1266,#1267,#117,.T.);
#1054=EDGE_CURVE('',#1255,#1267,#118,.T.);
#1055=EDGE_CURVE('',#1267,#1268,#119,.T.);
#1056=EDGE_CURVE('',#1254,#1268,#120,.T.);
#1057=EDGE_CURVE('',#1268,#1269,#121,.T.);
#1058=EDGE_CURVE('',#1253,#1269,#122,.T.);
#1059=EDGE_CURVE('',#1270,#1271,#123,.T.);
#1060=EDGE_CURVE('',#1259,#1271,#124,.T.);
#1061=EDGE_CURVE('',#1258,#1270,#125,.T.);
#1062=EDGE_CURVE('',#1270,#1272,#22,.T.);
#1063=EDGE_CURVE('',#1257,#1272,#126,.T.);
#1064=EDGE_CURVE('',#1199,#1202,#23,.F.);
#1065=EDGE_CURVE('',#1198,#1273,#127,.T.);
#1066=EDGE_CURVE('',#1273,#1274,#128,.T.);
#1067=EDGE_CURVE('',#1275,#1274,#24,.T.);
#1068=EDGE_CURVE('',#1275,#1272,#129,.T.);
#1069=EDGE_CURVE('',#1219,#1203,#130,.T.);
#1070=EDGE_CURVE('',#1273,#1237,#131,.T.);
#1071=EDGE_CURVE('',#1236,#1274,#132,.T.);
#1072=EDGE_CURVE('',#1230,#1276,#133,.T.);
#1073=EDGE_CURVE('',#1276,#1234,#25,.T.);
#1074=EDGE_CURVE('',#1229,#1277,#134,.T.);
#1075=EDGE_CURVE('',#1277,#1276,#135,.T.);
#1076=EDGE_CURVE('',#1181,#1180,#1332,.T.);
#1077=EDGE_CURVE('',#1177,#1176,#1333,.T.);
#1078=EDGE_CURVE('',#1173,#1172,#1334,.T.);
#1079=EDGE_CURVE('',#1169,#1168,#1335,.T.);
#1080=EDGE_CURVE('',#1165,#1164,#1336,.T.);
#1081=EDGE_CURVE('',#1261,#1263,#136,.T.);
#1082=EDGE_CURVE('',#1269,#1264,#137,.T.);
#1083=EDGE_CURVE('',#1278,#1249,#138,.T.);
#1084=EDGE_CURVE('',#1221,#1250,#139,.T.);
#1085=EDGE_CURVE('',#1279,#1271,#140,.T.);
#1086=EDGE_CURVE('',#1280,#1279,#141,.T.);
#1087=EDGE_CURVE('',#1277,#1280,#142,.T.);
#1088=EDGE_CURVE('',#1278,#1212,#143,.T.);
#1089=EDGE_CURVE('',#1204,#1281,#144,.T.);
#1090=EDGE_CURVE('',#1281,#1282,#145,.T.);
#1091=EDGE_CURVE('',#1205,#1282,#146,.T.);
#1092=EDGE_CURVE('',#1283,#1284,#147,.T.);
#1093=EDGE_CURVE('',#1283,#1207,#148,.T.);
#1094=EDGE_CURVE('',#1284,#1209,#149,.T.);
#1095=EDGE_CURVE('',#1161,#1160,#1337,.T.);
#1096=EDGE_CURVE('',#1217,#1239,#150,.T.);
#1097=EDGE_CURVE('',#1285,#1215,#151,.T.);
#1098=EDGE_CURVE('',#1279,#1285,#152,.T.);
#1099=EDGE_CURVE('',#1243,#1272,#153,.T.);
#1100=EDGE_CURVE('',#1241,#1286,#154,.T.);
#1101=EDGE_CURVE('',#1286,#1216,#155,.T.);
#1102=EDGE_CURVE('',#1287,#1288,#156,.T.);
#1103=EDGE_CURVE('',#1287,#1289,#1338,.T.);
#1104=EDGE_CURVE('',#1289,#1290,#1339,.T.);
#1105=EDGE_CURVE('',#1290,#1291,#157,.T.);
#1106=EDGE_CURVE('',#1291,#1288,#1340,.T.);
#1107=EDGE_CURVE('',#1285,#1292,#158,.T.);
#1108=EDGE_CURVE('',#1248,#1292,#159,.T.);
#1109=EDGE_CURVE('',#1280,#1247,#160,.T.);
#1110=EDGE_CURVE('',#1246,#1234,#161,.T.);
#1111=EDGE_CURVE('',#1293,#1294,#162,.T.);
#1112=EDGE_CURVE('',#1295,#1294,#1341,.T.);
#1113=EDGE_CURVE('',#1296,#1295,#163,.T.);
#1114=EDGE_CURVE('',#1297,#1296,#1342,.T.);
#1115=EDGE_CURVE('',#1293,#1297,#1343,.T.);
#1116=EDGE_CURVE('',#1244,#1275,#164,.T.);
#1117=EDGE_CURVE('',#1245,#1235,#165,.T.);
#1118=EDGE_CURVE('',#1200,#1282,#166,.T.);
#1119=EDGE_CURVE('',#1201,#1281,#167,.T.);
#1120=EDGE_CURVE('',#1194,#1283,#168,.T.);
#1121=EDGE_CURVE('',#1195,#1284,#169,.T.);
#1122=EDGE_CURVE('',#1191,#1278,#170,.T.);
#1123=EDGE_CURVE('',#1192,#1238,#171,.T.);
#1124=EDGE_CURVE('',#1193,#1206,#172,.T.);
#1125=EDGE_CURVE('',#1187,#1203,#173,.T.);
#1126=EDGE_CURVE('',#1298,#1228,#174,.T.);
#1127=EDGE_CURVE('',#1292,#1298,#175,.T.);
#1128=EDGE_CURVE('',#1242,#1299,#176,.T.);
#1129=EDGE_CURVE('',#1299,#1286,#177,.T.);
#1130=EDGE_CURVE('',#1298,#1233,#178,.T.);
#1131=EDGE_CURVE('',#1299,#1240,#179,.T.);
#1132=EDGE_CURVE('',#1300,#1273,#180,.T.);
#1133=EDGE_CURVE('',#1300,#1301,#181,.T.);
#1134=EDGE_CURVE('',#1301,#1237,#182,.T.);
#1135=EDGE_CURVE('',#1302,#1198,#183,.T.);
#1136=EDGE_CURVE('',#1302,#1300,#184,.T.);
#1137=EDGE_CURVE('',#1303,#1197,#185,.T.);
#1138=EDGE_CURVE('',#1302,#1303,#186,.T.);
#1139=EDGE_CURVE('',#1303,#1301,#187,.T.);
#1140=EDGE_CURVE('',#1304,#1288,#188,.T.);
#1141=EDGE_CURVE('',#1305,#1304,#189,.T.);
#1142=EDGE_CURVE('',#1305,#1287,#190,.T.);
#1143=EDGE_CURVE('',#1305,#1306,#1344,.T.);
#1144=EDGE_CURVE('',#1306,#1307,#1345,.T.);
#1145=EDGE_CURVE('',#1307,#1290,#191,.T.);
#1146=EDGE_CURVE('',#1307,#1308,#192,.T.);
#1147=EDGE_CURVE('',#1308,#1291,#193,.T.);
#1148=EDGE_CURVE('',#1308,#1304,#1346,.T.);
#1149=EDGE_CURVE('',#1309,#1293,#194,.T.);
#1150=EDGE_CURVE('',#1309,#1310,#195,.T.);
#1151=EDGE_CURVE('',#1310,#1294,#196,.T.);
#1152=EDGE_CURVE('',#1311,#1310,#1347,.T.);
#1153=EDGE_CURVE('',#1311,#1295,#197,.T.);
#1154=EDGE_CURVE('',#1312,#1311,#198,.T.);
#1155=EDGE_CURVE('',#1312,#1296,#199,.T.);
#1156=EDGE_CURVE('',#1313,#1312,#1348,.T.);
#1157=EDGE_CURVE('',#1309,#1313,#1349,.T.);
#1158=VERTEX_POINT('',#1953);
#1159=VERTEX_POINT('',#1954);
#1160=VERTEX_POINT('',#1957);
#1161=VERTEX_POINT('',#1959);
#1162=VERTEX_POINT('',#1971);
#1163=VERTEX_POINT('',#1972);
#1164=VERTEX_POINT('',#1975);
#1165=VERTEX_POINT('',#1977);
#1166=VERTEX_POINT('',#1989);
#1167=VERTEX_POINT('',#1990);
#1168=VERTEX_POINT('',#1993);
#1169=VERTEX_POINT('',#1995);
#1170=VERTEX_POINT('',#2007);
#1171=VERTEX_POINT('',#2008);
#1172=VERTEX_POINT('',#2011);
#1173=VERTEX_POINT('',#2013);
#1174=VERTEX_POINT('',#2025);
#1175=VERTEX_POINT('',#2026);
#1176=VERTEX_POINT('',#2029);
#1177=VERTEX_POINT('',#2031);
#1178=VERTEX_POINT('',#2043);
#1179=VERTEX_POINT('',#2044);
#1180=VERTEX_POINT('',#2047);
#1181=VERTEX_POINT('',#2049);
#1182=VERTEX_POINT('',#2057);
#1183=VERTEX_POINT('',#2058);
#1184=VERTEX_POINT('',#2060);
#1185=VERTEX_POINT('',#2062);
#1186=VERTEX_POINT('',#2069);
#1187=VERTEX_POINT('',#2070);
#1188=VERTEX_POINT('',#2072);
#1189=VERTEX_POINT('',#2074);
#1190=VERTEX_POINT('',#2076);
#1191=VERTEX_POINT('',#2078);
#1192=VERTEX_POINT('',#2080);
#1193=VERTEX_POINT('',#2082);
#1194=VERTEX_POINT('',#2084);
#1195=VERTEX_POINT('',#2086);
#1196=VERTEX_POINT('',#2088);
#1197=VERTEX_POINT('',#2090);
#1198=VERTEX_POINT('',#2092);
#1199=VERTEX_POINT('',#2094);
#1200=VERTEX_POINT('',#2096);
#1201=VERTEX_POINT('',#2098);
#1202=VERTEX_POINT('',#2105);
#1203=VERTEX_POINT('',#2106);
#1204=VERTEX_POINT('',#2108);
#1205=VERTEX_POINT('',#2110);
#1206=VERTEX_POINT('',#2117);
#1207=VERTEX_POINT('',#2118);
#1208=VERTEX_POINT('',#2120);
#1209=VERTEX_POINT('',#2122);
#1210=VERTEX_POINT('',#2129);
#1211=VERTEX_POINT('',#2130);
#1212=VERTEX_POINT('',#2132);
#1213=VERTEX_POINT('',#2134);
#1214=VERTEX_POINT('',#2136);
#1215=VERTEX_POINT('',#2138);
#1216=VERTEX_POINT('',#2140);
#1217=VERTEX_POINT('',#2142);
#1218=VERTEX_POINT('',#2152);
#1219=VERTEX_POINT('',#2153);
#1220=VERTEX_POINT('',#2155);
#1221=VERTEX_POINT('',#2157);
#1222=VERTEX_POINT('',#2165);
#1223=VERTEX_POINT('',#2167);
#1224=VERTEX_POINT('',#2174);
#1225=VERTEX_POINT('',#2175);
#1226=VERTEX_POINT('',#2177);
#1227=VERTEX_POINT('',#2180);
#1228=VERTEX_POINT('',#2183);
#1229=VERTEX_POINT('',#2185);
#1230=VERTEX_POINT('',#2187);
#1231=VERTEX_POINT('',#2192);
#1232=VERTEX_POINT('',#2197);
#1233=VERTEX_POINT('',#2208);
#1234=VERTEX_POINT('',#2210);
#1235=VERTEX_POINT('',#2212);
#1236=VERTEX_POINT('',#2217);
#1237=VERTEX_POINT('',#2219);
#1238=VERTEX_POINT('',#2226);
#1239=VERTEX_POINT('',#2235);
#1240=VERTEX_POINT('',#2237);
#1241=VERTEX_POINT('',#2247);
#1242=VERTEX_POINT('',#2248);
#1243=VERTEX_POINT('',#2250);
#1244=VERTEX_POINT('',#2252);
#1245=VERTEX_POINT('',#2254);
#1246=VERTEX_POINT('',#2256);
#1247=VERTEX_POINT('',#2258);
#1248=VERTEX_POINT('',#2260);
#1249=VERTEX_POINT('',#2273);
#1250=VERTEX_POINT('',#2275);
#1251=VERTEX_POINT('',#2282);
#1252=VERTEX_POINT('',#2283);
#1253=VERTEX_POINT('',#2285);
#1254=VERTEX_POINT('',#2287);
#1255=VERTEX_POINT('',#2289);
#1256=VERTEX_POINT('',#2291);
#1257=VERTEX_POINT('',#2297);
#1258=VERTEX_POINT('',#2302);
#1259=VERTEX_POINT('',#2304);
#1260=VERTEX_POINT('',#2311);
#1261=VERTEX_POINT('',#2313);
#1262=VERTEX_POINT('',#2320);
#1263=VERTEX_POINT('',#2332);
#1264=VERTEX_POINT('',#2339);
#1265=VERTEX_POINT('',#2340);
#1266=VERTEX_POINT('',#2348);
#1267=VERTEX_POINT('',#2355);
#1268=VERTEX_POINT('',#2362);
#1269=VERTEX_POINT('',#2369);
#1270=VERTEX_POINT('',#2376);
#1271=VERTEX_POINT('',#2377);
#1272=VERTEX_POINT('',#2392);
#1273=VERTEX_POINT('',#2407);
#1274=VERTEX_POINT('',#2409);
#1275=VERTEX_POINT('',#2414);
#1276=VERTEX_POINT('',#2432);
#1277=VERTEX_POINT('',#2442);
#1278=VERTEX_POINT('',#2504);
#1279=VERTEX_POINT('',#2507);
#1280=VERTEX_POINT('',#2509);
#1281=VERTEX_POINT('',#2513);
#1282=VERTEX_POINT('',#2515);
#1283=VERTEX_POINT('',#2518);
#1284=VERTEX_POINT('',#2519);
#1285=VERTEX_POINT('',#2541);
#1286=VERTEX_POINT('',#2545);
#1287=VERTEX_POINT('',#2548);
#1288=VERTEX_POINT('',#2549);
#1289=VERTEX_POINT('',#2551);
#1290=VERTEX_POINT('',#2553);
#1291=VERTEX_POINT('',#2555);
#1292=VERTEX_POINT('',#2562);
#1293=VERTEX_POINT('',#2571);
#1294=VERTEX_POINT('',#2572);
#1295=VERTEX_POINT('',#2574);
#1296=VERTEX_POINT('',#2576);
#1297=VERTEX_POINT('',#2578);
#1298=VERTEX_POINT('',#2643);
#1299=VERTEX_POINT('',#2650);
#1300=VERTEX_POINT('',#2671);
#1301=VERTEX_POINT('',#2673);
#1302=VERTEX_POINT('',#2680);
#1303=VERTEX_POINT('',#2687);
#1304=VERTEX_POINT('',#2711);
#1305=VERTEX_POINT('',#2713);
#1306=VERTEX_POINT('',#2730);
#1307=VERTEX_POINT('',#2732);
#1308=VERTEX_POINT('',#2739);
#1309=VERTEX_POINT('',#2765);
#1310=VERTEX_POINT('',#2767);
#1311=VERTEX_POINT('',#2784);
#1312=VERTEX_POINT('',#2791);
#1313=VERTEX_POINT('',#2808);
#1314=CIRCLE('',#1659,0.00238125);
#1315=CIRCLE('',#1660,0.00238125);
#1316=CIRCLE('',#1661,0.00238125);
#1317=CIRCLE('',#1662,0.00238125);
#1318=CIRCLE('',#1663,0.00238125);
#1319=CIRCLE('',#1664,0.00238125);
#1320=CIRCLE('',#1665,0.00238125);
#1321=CIRCLE('',#1666,0.00238125);
#1322=CIRCLE('',#1667,0.00238125);
#1323=CIRCLE('',#1668,0.00238125);
#1324=CIRCLE('',#1669,0.00238125);
#1325=CIRCLE('',#1670,0.00238125);
#1326=CIRCLE('',#1671,0.00238125);
#1327=CIRCLE('',#1672,0.00238125);
#1328=CIRCLE('',#1673,0.00238125);
#1329=CIRCLE('',#1674,0.00238125);
#1330=CIRCLE('',#1675,0.00238125);
#1331=CIRCLE('',#1676,0.00238125);
#1332=CIRCLE('',#1677,0.00238125);
#1333=CIRCLE('',#1678,0.00238125);
#1334=CIRCLE('',#1679,0.00238125);
#1335=CIRCLE('',#1680,0.00238125);
#1336=CIRCLE('',#1681,0.00238125);
#1337=CIRCLE('',#1682,0.00238125);
#1338=CIRCLE('',#1683,0.00509999999998436);
#1339=CIRCLE('',#1684,0.00509999999998436);
#1340=CIRCLE('',#1685,0.0051);
#1341=CIRCLE('',#1686,0.00509999999999795);
#1342=CIRCLE('',#1687,0.0051);
#1343=CIRCLE('',#1688,0.0051);
#1344=CIRCLE('',#1689,0.00509999999998436);
#1345=CIRCLE('',#1690,0.00509999999998436);
#1346=CIRCLE('',#1691,0.0051);
#1347=CIRCLE('',#1692,0.00509999999999795);
#1348=CIRCLE('',#1693,0.0051);
#1349=CIRCLE('',#1694,0.0051);
#1350=EDGE_LOOP('',(#450,#451,#452,#453));
#1351=EDGE_LOOP('',(#454,#455,#456,#457));
#1352=EDGE_LOOP('',(#458,#459,#460,#461));
#1353=EDGE_LOOP('',(#462,#463,#464,#465));
#1354=EDGE_LOOP('',(#466,#467,#468,#469));
#1355=EDGE_LOOP('',(#470,#471,#472,#473));
#1356=EDGE_LOOP('',(#474,#475,#476,#477));
#1357=EDGE_LOOP('',(#478,#479,#480,#481,#482,#483,#484,#485,#486,#487,#488,#489,#490,#491,#492,#493));
#1358=EDGE_LOOP('',(#494,#495,#496,#497));
#1359=EDGE_LOOP('',(#498,#499,#500,#501));
#1360=EDGE_LOOP('',(#502,#503,#504,#505,#506,#507,#508,#509));
#1361=EDGE_LOOP('',(#510,#511,#512,#513,#514,#515));
#1362=EDGE_LOOP('',(#516,#517,#518,#519));
#1363=EDGE_LOOP('',(#520,#521,#522,#523,#524,#525));
#1364=EDGE_LOOP('',(#526,#527,#528,#529,#530,#531,#532));
#1365=EDGE_LOOP('',(#533,#534,#535,#536,#537,#538,#539,#540,#541,#542,#543,#544,#545,#546,#547,#548));
#1366=EDGE_LOOP('',(#549,#550,#551,#552,#553,#554,#555,#556));
#1367=EDGE_LOOP('',(#557,#558));
#1368=EDGE_LOOP('',(#559,#560));
#1369=EDGE_LOOP('',(#561,#562));
#1370=EDGE_LOOP('',(#563,#564));
#1371=EDGE_LOOP('',(#565,#566));
#1372=EDGE_LOOP('',(#567,#568));
#1373=EDGE_LOOP('',(#569,#570,#571,#572));
#1374=EDGE_LOOP('',(#573,#574,#575,#576,#577,#578));
#1375=EDGE_LOOP('',(#579,#580,#581,#582,#583));
#1376=EDGE_LOOP('',(#584,#585,#586,#587));
#1377=EDGE_LOOP('',(#588,#589,#590,#591));
#1378=EDGE_LOOP('',(#592,#593,#594,#595));
#1379=EDGE_LOOP('',(#596,#597,#598,#599));
#1380=EDGE_LOOP('',(#600,#601,#602,#603));
#1381=EDGE_LOOP('',(#604,#605,#606,#607));
#1382=EDGE_LOOP('',(#608,#609,#610,#611));
#1383=EDGE_LOOP('',(#612,#613,#614,#615));
#1384=EDGE_LOOP('',(#616,#617,#618,#619));
#1385=EDGE_LOOP('',(#620,#621,#622,#623));
#1386=EDGE_LOOP('',(#624,#625,#626,#627));
#1387=EDGE_LOOP('',(#628,#629,#630,#631,#632,#633,#634,#635,#636,#637,#638,#639));
#1388=EDGE_LOOP('',(#640,#641,#642,#643));
#1389=EDGE_LOOP('',(#644,#645,#646,#647));
#1390=EDGE_LOOP('',(#648,#649,#650,#651));
#1391=EDGE_LOOP('',(#652,#653,#654,#655));
#1392=EDGE_LOOP('',(#656,#657,#658,#659));
#1393=EDGE_LOOP('',(#660,#661,#662,#663));
#1394=EDGE_LOOP('',(#664,#665,#666,#667));
#1395=EDGE_LOOP('',(#668,#669,#670,#671));
#1396=EDGE_LOOP('',(#672,#673,#674,#675));
#1397=EDGE_LOOP('',(#676,#677,#678,#679));
#1398=EDGE_LOOP('',(#680,#681,#682,#683,#684,#685,#686,#687,#688,#689,#690,#691,#692,#693));
#1399=EDGE_LOOP('',(#694,#695,#696,#697));
#1400=EDGE_LOOP('',(#698,#699,#700,#701));
#1401=EDGE_LOOP('',(#702,#703,#704,#705));
#1402=EDGE_LOOP('',(#706,#707,#708));
#1403=EDGE_LOOP('',(#709,#710,#711,#712,#713,#714,#715,#716,#717,#718));
#1404=EDGE_LOOP('',(#719,#720,#721,#722,#723));
#1405=EDGE_LOOP('',(#724,#725,#726,#727,#728,#729));
#1406=EDGE_LOOP('',(#730,#731,#732,#733,#734,#735));
#1407=EDGE_LOOP('',(#736,#737,#738,#739,#740));
#1408=EDGE_LOOP('',(#741,#742,#743,#744));
#1409=EDGE_LOOP('',(#745,#746,#747,#748));
#1410=EDGE_LOOP('',(#749,#750,#751,#752,#753,#754));
#1411=EDGE_LOOP('',(#755,#756));
#1412=EDGE_LOOP('',(#757,#758));
#1413=EDGE_LOOP('',(#759,#760));
#1414=EDGE_LOOP('',(#761,#762));
#1415=EDGE_LOOP('',(#763,#764));
#1416=EDGE_LOOP('',(#765,#766));
#1417=EDGE_LOOP('',(#767,#768,#769,#770));
#1418=EDGE_LOOP('',(#771,#772,#773,#774,#775));
#1419=EDGE_LOOP('',(#776,#777,#778,#779));
#1420=EDGE_LOOP('',(#780,#781,#782,#783,#784));
#1421=EDGE_LOOP('',(#785,#786,#787,#788));
#1422=EDGE_LOOP('',(#789,#790,#791,#792,#793,#794));
#1423=EDGE_LOOP('',(#795,#796,#797,#798,#799));
#1424=EDGE_LOOP('',(#800,#801,#802,#803));
#1425=EDGE_LOOP('',(#804,#805,#806,#807,#808));
#1426=EDGE_LOOP('',(#809,#810,#811,#812,#813,#814));
#1427=EDGE_LOOP('',(#815,#816,#817,#818));
#1428=EDGE_LOOP('',(#819,#820,#821,#822,#823,#824,#825));
#1429=EDGE_LOOP('',(#826,#827,#828,#829));
#1430=EDGE_LOOP('',(#830,#831,#832,#833,#834,#835));
#1431=EDGE_LOOP('',(#836,#837,#838,#839));
#1432=EDGE_LOOP('',(#840,#841,#842,#843));
#1433=EDGE_LOOP('',(#844,#845,#846,#847));
#1434=EDGE_LOOP('',(#848,#849,#850,#851));
#1435=EDGE_LOOP('',(#852,#853,#854,#855));
#1436=EDGE_LOOP('',(#856,#857,#858,#859));
#1437=EDGE_LOOP('',(#860,#861,#862,#863));
#1438=EDGE_LOOP('',(#864,#865,#866,#867));
#1439=EDGE_LOOP('',(#868,#869,#870,#871,#872,#873));
#1440=EDGE_LOOP('',(#874,#875,#876,#877));
#1441=EDGE_LOOP('',(#878,#879,#880,#881));
#1442=EDGE_LOOP('',(#882,#883,#884,#885,#886,#887));
#1443=EDGE_LOOP('',(#888,#889,#890,#891,#892));
#1444=EDGE_LOOP('',(#893,#894,#895,#896));
#1445=EDGE_LOOP('',(#897,#898,#899,#900));
#1446=EDGE_LOOP('',(#901,#902,#903,#904));
#1447=EDGE_LOOP('',(#905,#906,#907,#908,#909,#910));
#1448=EDGE_LOOP('',(#911,#912,#913,#914,#915));
#1449=EDGE_LOOP('',(#916,#917,#918,#919,#920,#921));
#1450=FACE_BOUND('',#1350,.T.);
#1451=FACE_BOUND('',#1351,.T.);
#1452=FACE_BOUND('',#1352,.T.);
#1453=FACE_BOUND('',#1353,.T.);
#1454=FACE_BOUND('',#1354,.T.);
#1455=FACE_BOUND('',#1355,.T.);
#1456=FACE_BOUND('',#1356,.T.);
#1457=FACE_BOUND('',#1357,.T.);
#1458=FACE_BOUND('',#1358,.T.);
#1459=FACE_BOUND('',#1359,.T.);
#1460=FACE_BOUND('',#1360,.T.);
#1461=FACE_BOUND('',#1361,.T.);
#1462=FACE_BOUND('',#1362,.T.);
#1463=FACE_BOUND('',#1363,.T.);
#1464=FACE_BOUND('',#1364,.T.);
#1465=FACE_BOUND('',#1365,.T.);
#1466=FACE_BOUND('',#1366,.T.);
#1467=FACE_BOUND('',#1367,.T.);
#1468=FACE_BOUND('',#1368,.T.);
#1469=FACE_BOUND('',#1369,.T.);
#1470=FACE_BOUND('',#1370,.T.);
#1471=FACE_BOUND('',#1371,.T.);
#1472=FACE_BOUND('',#1372,.T.);
#1473=FACE_BOUND('',#1373,.T.);
#1474=FACE_BOUND('',#1374,.T.);
#1475=FACE_BOUND('',#1375,.T.);
#1476=FACE_BOUND('',#1376,.T.);
#1477=FACE_BOUND('',#1377,.T.);
#1478=FACE_BOUND('',#1378,.T.);
#1479=FACE_BOUND('',#1379,.T.);
#1480=FACE_BOUND('',#1380,.T.);
#1481=FACE_BOUND('',#1381,.T.);
#1482=FACE_BOUND('',#1382,.T.);
#1483=FACE_BOUND('',#1383,.T.);
#1484=FACE_BOUND('',#1384,.T.);
#1485=FACE_BOUND('',#1385,.T.);
#1486=FACE_BOUND('',#1386,.T.);
#1487=FACE_BOUND('',#1387,.T.);
#1488=FACE_BOUND('',#1388,.T.);
#1489=FACE_BOUND('',#1389,.T.);
#1490=FACE_BOUND('',#1390,.T.);
#1491=FACE_BOUND('',#1391,.T.);
#1492=FACE_BOUND('',#1392,.T.);
#1493=FACE_BOUND('',#1393,.T.);
#1494=FACE_BOUND('',#1394,.T.);
#1495=FACE_BOUND('',#1395,.T.);
#1496=FACE_BOUND('',#1396,.T.);
#1497=FACE_BOUND('',#1397,.T.);
#1498=FACE_BOUND('',#1398,.T.);
#1499=FACE_BOUND('',#1399,.T.);
#1500=FACE_BOUND('',#1400,.T.);
#1501=FACE_BOUND('',#1401,.T.);
#1502=FACE_BOUND('',#1402,.T.);
#1503=FACE_BOUND('',#1403,.T.);
#1504=FACE_BOUND('',#1404,.T.);
#1505=FACE_BOUND('',#1405,.T.);
#1506=FACE_BOUND('',#1406,.T.);
#1507=FACE_BOUND('',#1407,.T.);
#1508=FACE_BOUND('',#1408,.T.);
#1509=FACE_BOUND('',#1409,.T.);
#1510=FACE_BOUND('',#1410,.T.);
#1511=FACE_BOUND('',#1411,.T.);
#1512=FACE_BOUND('',#1412,.T.);
#1513=FACE_BOUND('',#1413,.T.);
#1514=FACE_BOUND('',#1414,.T.);
#1515=FACE_BOUND('',#1415,.T.);
#1516=FACE_BOUND('',#1416,.T.);
#1517=FACE_BOUND('',#1417,.T.);
#1518=FACE_BOUND('',#1418,.T.);
#1519=FACE_BOUND('',#1419,.T.);
#1520=FACE_BOUND('',#1420,.T.);
#1521=FACE_BOUND('',#1421,.T.);
#1522=FACE_BOUND('',#1422,.T.);
#1523=FACE_BOUND('',#1423,.T.);
#1524=FACE_BOUND('',#1424,.T.);
#1525=FACE_BOUND('',#1425,.T.);
#1526=FACE_BOUND('',#1426,.T.);
#1527=FACE_BOUND('',#1427,.T.);
#1528=FACE_BOUND('',#1428,.T.);
#1529=FACE_BOUND('',#1429,.T.);
#1530=FACE_BOUND('',#1430,.T.);
#1531=FACE_BOUND('',#1431,.T.);
#1532=FACE_BOUND('',#1432,.T.);
#1533=FACE_BOUND('',#1433,.T.);
#1534=FACE_BOUND('',#1434,.T.);
#1535=FACE_BOUND('',#1435,.T.);
#1536=FACE_BOUND('',#1436,.T.);
#1537=FACE_BOUND('',#1437,.T.);
#1538=FACE_BOUND('',#1438,.T.);
#1539=FACE_BOUND('',#1439,.T.);
#1540=FACE_BOUND('',#1440,.T.);
#1541=FACE_BOUND('',#1441,.T.);
#1542=FACE_BOUND('',#1442,.T.);
#1543=FACE_BOUND('',#1443,.T.);
#1544=FACE_BOUND('',#1444,.T.);
#1545=FACE_BOUND('',#1445,.T.);
#1546=FACE_BOUND('',#1446,.T.);
#1547=FACE_BOUND('',#1447,.T.);
#1548=FACE_BOUND('',#1448,.T.);
#1549=FACE_BOUND('',#1449,.T.);
#1550=(
B_SPLINE_SURFACE(3,1,((#1944,#1945),(#1946,#1947),(#1948,#1949),(#1950,
#1951)),.CYLINDRICAL_SURF.,.F.,.F.,.F.)
B_SPLINE_SURFACE_WITH_KNOTS((4,4),(2,2),(0.5,1.),(0.0454545454545455,0.954545454545455),.PIECEWISE_BEZIER_KNOTS.)
BOUNDED_SURFACE()
GEOMETRIC_REPRESENTATION_ITEM()
RATIONAL_B_SPLINE_SURFACE(((1.,1.),(0.333333333333333,0.333333333333333),(0.333333333333333,0.333333333333333),(1.,1.)))
REPRESENTATION_ITEM('')
SURFACE()
);
#1551=(
B_SPLINE_SURFACE(3,1,((#1962,#1963),(#1964,#1965),(#1966,#1967),(#1968,
#1969)),.CYLINDRICAL_SURF.,.F.,.F.,.F.)
B_SPLINE_SURFACE_WITH_KNOTS((4,4),(2,2),(0.5,1.),(0.0454545454545455,0.954545454545455),.PIECEWISE_BEZIER_KNOTS.)
BOUNDED_SURFACE()
GEOMETRIC_REPRESENTATION_ITEM()
RATIONAL_B_SPLINE_SURFACE(((1.,1.),(0.333333333333333,0.333333333333333),(0.333333333333333,0.333333333333333),(1.,1.)))
REPRESENTATION_ITEM('')
SURFACE()
);
#1552=(
B_SPLINE_SURFACE(3,1,((#1980,#1981),(#1982,#1983),(#1984,#1985),(#1986,
#1987)),.CYLINDRICAL_SURF.,.F.,.F.,.F.)
B_SPLINE_SURFACE_WITH_KNOTS((4,4),(2,2),(0.5,1.),(0.0454545454545455,0.954545454545454),.PIECEWISE_BEZIER_KNOTS.)
BOUNDED_SURFACE()
GEOMETRIC_REPRESENTATION_ITEM()
RATIONAL_B_SPLINE_SURFACE(((1.,1.),(0.333333333333333,0.333333333333333),(0.333333333333333,0.333333333333333),(1.,1.)))
REPRESENTATION_ITEM('')
SURFACE()
);
#1553=(
B_SPLINE_SURFACE(3,1,((#1998,#1999),(#2000,#2001),(#2002,#2003),(#2004,
#2005)),.CYLINDRICAL_SURF.,.F.,.F.,.F.)
B_SPLINE_SURFACE_WITH_KNOTS((4,4),(2,2),(0.5,1.),(0.0454545454545454,0.954545454545455),.PIECEWISE_BEZIER_KNOTS.)
BOUNDED_SURFACE()
GEOMETRIC_REPRESENTATION_ITEM()
RATIONAL_B_SPLINE_SURFACE(((1.,1.),(0.333333333333333,0.333333333333333),(0.333333333333333,0.333333333333333),(1.,1.)))
REPRESENTATION_ITEM('')
SURFACE()
);
#1554=(
B_SPLINE_SURFACE(3,1,((#2016,#2017),(#2018,#2019),(#2020,#2021),(#2022,
#2023)),.CYLINDRICAL_SURF.,.F.,.F.,.F.)
B_SPLINE_SURFACE_WITH_KNOTS((4,4),(2,2),(0.5,1.),(0.0454545454545455,0.954545454545454),.PIECEWISE_BEZIER_KNOTS.)
BOUNDED_SURFACE()
GEOMETRIC_REPRESENTATION_ITEM()
RATIONAL_B_SPLINE_SURFACE(((1.,1.),(0.333333333333333,0.333333333333333),(0.333333333333333,0.333333333333333),(1.,1.)))
REPRESENTATION_ITEM('')
SURFACE()
);
#1555=(
B_SPLINE_SURFACE(3,1,((#2034,#2035),(#2036,#2037),(#2038,#2039),(#2040,
#2041)),.CYLINDRICAL_SURF.,.F.,.F.,.F.)
B_SPLINE_SURFACE_WITH_KNOTS((4,4),(2,2),(0.5,1.),(0.0454545454545455,0.954545454545455),.PIECEWISE_BEZIER_KNOTS.)
BOUNDED_SURFACE()
GEOMETRIC_REPRESENTATION_ITEM()
RATIONAL_B_SPLINE_SURFACE(((1.,1.),(0.333333333333333,0.333333333333333),(0.333333333333333,0.333333333333333),(1.,1.)))
REPRESENTATION_ITEM('')
SURFACE()
);
#1556=(
B_SPLINE_SURFACE(3,1,((#2444,#2445),(#2446,#2447),(#2448,#2449),(#2450,
#2451)),.CYLINDRICAL_SURF.,.F.,.F.,.F.)
B_SPLINE_SURFACE_WITH_KNOTS((4,4),(2,2),(0.,0.5),(0.0454545454545454,0.954545454545454),.PIECEWISE_BEZIER_KNOTS.)
BOUNDED_SURFACE()
GEOMETRIC_REPRESENTATION_ITEM()
RATIONAL_B_SPLINE_SURFACE(((1.,1.),(0.333333333333333,0.333333333333333),(0.333333333333333,0.333333333333333),(1.,1.)))
REPRESENTATION_ITEM('')
SURFACE()
);
#1557=(
B_SPLINE_SURFACE(3,1,((#2453,#2454),(#2455,#2456),(#2457,#2458),(#2459,
#2460)),.CYLINDRICAL_SURF.,.F.,.F.,.F.)
B_SPLINE_SURFACE_WITH_KNOTS((4,4),(2,2),(0.,0.5),(0.0454545454545455,0.954545454545454),.PIECEWISE_BEZIER_KNOTS.)
BOUNDED_SURFACE()
GEOMETRIC_REPRESENTATION_ITEM()
RATIONAL_B_SPLINE_SURFACE(((1.,1.),(0.333333333333333,0.333333333333333),(0.333333333333333,0.333333333333333),(1.,1.)))
REPRESENTATION_ITEM('')
SURFACE()
);
#1558=(
B_SPLINE_SURFACE(3,1,((#2462,#2463),(#2464,#2465),(#2466,#2467),(#2468,
#2469)),.CYLINDRICAL_SURF.,.F.,.F.,.F.)
B_SPLINE_SURFACE_WITH_KNOTS((4,4),(2,2),(0.,0.5),(0.0454545454545455,0.954545454545454),.PIECEWISE_BEZIER_KNOTS.)
BOUNDED_SURFACE()
GEOMETRIC_REPRESENTATION_ITEM()
RATIONAL_B_SPLINE_SURFACE(((1.,1.),(0.333333333333333,0.333333333333333),(0.333333333333333,0.333333333333333),(1.,1.)))
REPRESENTATION_ITEM('')
SURFACE()
);
#1559=(
B_SPLINE_SURFACE(3,1,((#2471,#2472),(#2473,#2474),(#2475,#2476),(#2477,
#2478)),.CYLINDRICAL_SURF.,.F.,.F.,.F.)
B_SPLINE_SURFACE_WITH_KNOTS((4,4),(2,2),(0.,0.5),(0.0454545454545455,0.954545454545454),.PIECEWISE_BEZIER_KNOTS.)
BOUNDED_SURFACE()
GEOMETRIC_REPRESENTATION_ITEM()
RATIONAL_B_SPLINE_SURFACE(((1.,1.),(0.333333333333333,0.333333333333333),(0.333333333333333,0.333333333333333),(1.,1.)))
REPRESENTATION_ITEM('')
SURFACE()
);
#1560=(
B_SPLINE_SURFACE(3,1,((#2480,#2481),(#2482,#2483),(#2484,#2485),(#2486,
#2487)),.CYLINDRICAL_SURF.,.F.,.F.,.F.)
B_SPLINE_SURFACE_WITH_KNOTS((4,4),(2,2),(0.,0.5),(0.0454545454545455,0.954545454545454),.PIECEWISE_BEZIER_KNOTS.)
BOUNDED_SURFACE()
GEOMETRIC_REPRESENTATION_ITEM()
RATIONAL_B_SPLINE_SURFACE(((1.,1.),(0.333333333333333,0.333333333333333),(0.333333333333333,0.333333333333333),(1.,1.)))
REPRESENTATION_ITEM('')
SURFACE()
);
#1561=(
B_SPLINE_SURFACE(3,1,((#2522,#2523),(#2524,#2525),(#2526,#2527),(#2528,
#2529)),.CYLINDRICAL_SURF.,.F.,.F.,.F.)
B_SPLINE_SURFACE_WITH_KNOTS((4,4),(2,2),(0.,0.5),(0.0454545454545454,0.954545454545454),.PIECEWISE_BEZIER_KNOTS.)
BOUNDED_SURFACE()
GEOMETRIC_REPRESENTATION_ITEM()
RATIONAL_B_SPLINE_SURFACE(((1.,1.),(0.333333333333333,0.333333333333333),(0.333333333333333,0.333333333333333),(1.,1.)))
REPRESENTATION_ITEM('')
SURFACE()
);
#1562=(
B_SPLINE_SURFACE(3,1,((#2715,#2716),(#2717,#2718),(#2719,#2720),(#2721,
#2722),(#2723,#2724),(#2725,#2726),(#2727,#2728)),.CYLINDRICAL_SURF.,.F.,.F.,.F.)
B_SPLINE_SURFACE_WITH_KNOTS((4,3,4),(2,2),(0.,0.5,1.),(0.0454545454545455,0.954545454545455),.PIECEWISE_BEZIER_KNOTS.)
BOUNDED_SURFACE()
GEOMETRIC_REPRESENTATION_ITEM()
RATIONAL_B_SPLINE_SURFACE(((1.,1.),(0.797541308251156,0.797541308251156),(0.797541308251156,0.797541308251156),(1.,1.),(0.797541308251156,0.797541308251157),(0.797541308251156,0.797541308251157),(1.,1.)))
REPRESENTATION_ITEM('')
SURFACE()
);
#1563=(
B_SPLINE_SURFACE(3,1,((#2741,#2742),(#2743,#2744),(#2745,#2746),(#2747,
#2748),(#2749,#2750),(#2751,#2752),(#2753,#2754)),.CYLINDRICAL_SURF.,.F.,.F.,.F.)
B_SPLINE_SURFACE_WITH_KNOTS((4,3,4),(2,2),(0.,0.5,1.),(0.0454545454545455,0.954545454545454),.PIECEWISE_BEZIER_KNOTS.)
BOUNDED_SURFACE()
GEOMETRIC_REPRESENTATION_ITEM()
RATIONAL_B_SPLINE_SURFACE(((1.,1.),(0.799251608298006,0.799251608298006),(0.799251608298006,0.799251608298006),(1.,1.),(0.799251608298006,0.799251608298006),(0.799251608298006,0.799251608298006),(1.,1.)))
REPRESENTATION_ITEM('')
SURFACE()
);
#1564=(
B_SPLINE_SURFACE(3,1,((#2769,#2770),(#2771,#2772),(#2773,#2774),(#2775,
#2776),(#2777,#2778),(#2779,#2780),(#2781,#2782)),.CYLINDRICAL_SURF.,.F.,.F.,.F.)
B_SPLINE_SURFACE_WITH_KNOTS((4,3,4),(2,2),(0.,0.5,1.),(0.0454545454545455,0.954545454545455),.PIECEWISE_BEZIER_KNOTS.)
BOUNDED_SURFACE()
GEOMETRIC_REPRESENTATION_ITEM()
RATIONAL_B_SPLINE_SURFACE(((1.,1.),(0.79925160829798,0.79925160829798),(0.79925160829798,0.79925160829798),(1.,1.),(0.79925160829798,0.79925160829798),(0.79925160829798,0.79925160829798),(1.,1.)))
REPRESENTATION_ITEM('')
SURFACE()
);
#1565=(
B_SPLINE_SURFACE(3,1,((#2793,#2794),(#2795,#2796),(#2797,#2798),(#2799,
#2800),(#2801,#2802),(#2803,#2804),(#2805,#2806)),.CYLINDRICAL_SURF.,.F.,.F.,.F.)
B_SPLINE_SURFACE_WITH_KNOTS((4,3,4),(2,2),(0.,0.5,1.),(0.0454545454545455,0.954545454545455),.PIECEWISE_BEZIER_KNOTS.)
BOUNDED_SURFACE()
GEOMETRIC_REPRESENTATION_ITEM()
RATIONAL_B_SPLINE_SURFACE(((1.,1.),(0.797541308251143,0.797541308251143),(0.797541308251143,0.797541308251143),(1.,1.),(0.797541308251143,0.797541308251143),(0.797541308251143,0.797541308251143),(1.,1.)))
REPRESENTATION_ITEM('')
SURFACE()
);
#1566=ADVANCED_FACE('',(#1450),#1550,.F.);
#1567=ADVANCED_FACE('',(#1451),#1551,.F.);
#1568=ADVANCED_FACE('',(#1452),#1552,.F.);
#1569=ADVANCED_FACE('',(#1453),#1553,.F.);
#1570=ADVANCED_FACE('',(#1454),#1554,.F.);
#1571=ADVANCED_FACE('',(#1455),#1555,.F.);
#1572=ADVANCED_FACE('',(#1456),#374,.F.);
#1573=ADVANCED_FACE('',(#1457),#375,.F.);
#1574=ADVANCED_FACE('',(#1458),#376,.F.);
#1575=ADVANCED_FACE('',(#1459),#377,.T.);
#1576=ADVANCED_FACE('',(#1460),#378,.F.);
#1577=ADVANCED_FACE('',(#1461),#379,.F.);
#1578=ADVANCED_FACE('',(#1462),#380,.T.);
#1579=ADVANCED_FACE('',(#1463,#1464),#381,.F.);
#1580=ADVANCED_FACE('',(#1465),#382,.F.);
#1581=ADVANCED_FACE('',(#1466),#383,.F.);
#1582=ADVANCED_FACE('',(#1467,#1468,#1469,#1470,#1471,#1472,#1473),#384,.F.);
#1583=ADVANCED_FACE('',(#1474,#1475),#385,.F.);
#1584=ADVANCED_FACE('',(#1476),#386,.F.);
#1585=ADVANCED_FACE('',(#1477),#387,.F.);
#1586=ADVANCED_FACE('',(#1478),#388,.F.);
#1587=ADVANCED_FACE('',(#1479),#389,.F.);
#1588=ADVANCED_FACE('',(#1480),#390,.T.);
#1589=ADVANCED_FACE('',(#1481),#391,.T.);
#1590=ADVANCED_FACE('',(#1482),#392,.T.);
#1591=ADVANCED_FACE('',(#1483),#393,.T.);
#1592=ADVANCED_FACE('',(#1484),#394,.T.);
#1593=ADVANCED_FACE('',(#1485),#395,.F.);
#1594=ADVANCED_FACE('',(#1486),#396,.T.);
#1595=ADVANCED_FACE('',(#1487),#397,.T.);
#1596=ADVANCED_FACE('',(#1488),#398,.F.);
#1597=ADVANCED_FACE('',(#1489),#399,.F.);
#1598=ADVANCED_FACE('',(#1490),#400,.F.);
#1599=ADVANCED_FACE('',(#1491),#1556,.F.);
#1600=ADVANCED_FACE('',(#1492),#1557,.F.);
#1601=ADVANCED_FACE('',(#1493),#1558,.F.);
#1602=ADVANCED_FACE('',(#1494),#1559,.F.);
#1603=ADVANCED_FACE('',(#1495),#1560,.F.);
#1604=ADVANCED_FACE('',(#1496),#401,.F.);
#1605=ADVANCED_FACE('',(#1497),#402,.T.);
#1606=ADVANCED_FACE('',(#1498,#1499,#1500),#403,.T.);
#1607=ADVANCED_FACE('',(#1501),#1561,.F.);
#1608=ADVANCED_FACE('',(#1502),#404,.F.);
#1609=ADVANCED_FACE('',(#1503,#1504),#405,.T.);
#1610=ADVANCED_FACE('',(#1505),#406,.F.);
#1611=ADVANCED_FACE('',(#1506,#1507),#407,.T.);
#1612=ADVANCED_FACE('',(#1508),#408,.F.);
#1613=ADVANCED_FACE('',(#1509),#409,.T.);
#1614=ADVANCED_FACE('',(#1510,#1511,#1512,#1513,#1514,#1515,#1516),#410,.T.);
#1615=ADVANCED_FACE('',(#1517),#411,.T.);
#1616=ADVANCED_FACE('',(#1518),#412,.F.);
#1617=ADVANCED_FACE('',(#1519),#413,.F.);
#1618=ADVANCED_FACE('',(#1520),#414,.F.);
#1619=ADVANCED_FACE('',(#1521),#415,.T.);
#1620=ADVANCED_FACE('',(#1522),#416,.F.);
#1621=ADVANCED_FACE('',(#1523),#417,.T.);
#1622=ADVANCED_FACE('',(#1524),#418,.F.);
#1623=ADVANCED_FACE('',(#1525),#419,.T.);
#1624=ADVANCED_FACE('',(#1526),#420,.F.);
#1625=ADVANCED_FACE('',(#1527),#421,.T.);
#1626=ADVANCED_FACE('',(#1528),#422,.T.);
#1627=ADVANCED_FACE('',(#1529),#423,.F.);
#1628=ADVANCED_FACE('',(#1530),#424,.T.);
#1629=ADVANCED_FACE('',(#1531),#425,.T.);
#1630=ADVANCED_FACE('',(#1532),#426,.T.);
#1631=ADVANCED_FACE('',(#1533),#427,.F.);
#1632=ADVANCED_FACE('',(#1534),#428,.F.);
#1633=ADVANCED_FACE('',(#1535),#429,.T.);
#1634=ADVANCED_FACE('',(#1536),#430,.F.);
#1635=ADVANCED_FACE('',(#1537),#431,.T.);
#1636=ADVANCED_FACE('',(#1538),#432,.F.);
#1637=ADVANCED_FACE('',(#1539),#1562,.F.);
#1638=ADVANCED_FACE('',(#1540),#433,.T.);
#1639=ADVANCED_FACE('',(#1541),#1563,.F.);
#1640=ADVANCED_FACE('',(#1542,#1543),#434,.F.);
#1641=ADVANCED_FACE('',(#1544),#435,.T.);
#1642=ADVANCED_FACE('',(#1545),#1564,.F.);
#1643=ADVANCED_FACE('',(#1546),#436,.F.);
#1644=ADVANCED_FACE('',(#1547),#1565,.F.);
#1645=ADVANCED_FACE('',(#1548,#1549),#437,.F.);
#1646=CLOSED_SHELL('',(#1566,#1567,#1568,#1569,#1570,#1571,#1572,#1573,#1574,#1575,#1576,#1577,#1578,#1579,#1580,#1581,#1582,#1583,#1584,#1585,#1586,#1587,#1588,#1589,#1590,#1591,#1592,#1593,#1594,#1595,#1596,#1597,#1598,#1599,#1600,#1601,#1602,#1603,#1604,#1605,#1606,#1607,#1608,#1609,#1610,#1611,#1612,#1613,#1614,#1615,#1616,#1617,#1618,#1619,#1620,#1621,#1622,#1623,#1624,#1625,#1626,#1627,#1628,#1629,#1630,#1631,#1632,#1633,#1634,#1635,#1636,#1637,#1638,#1639,#1640,#1641,#1642,#1643,#1644,#1645));
#1647=STYLED_ITEM('',(#1648),#1655);
#1648=PRESENTATION_STYLE_ASSIGNMENT((#1649));
#1649=SURFACE_STYLE_USAGE(.BOTH.,#1650);
#1650=SURFACE_SIDE_STYLE('',(#1651));
#1651=SURFACE_STYLE_FILL_AREA(#1652);
#1652=FILL_AREA_STYLE('',(#1653));
#1653=FILL_AREA_STYLE_COLOUR('',#1654);
#1654=COLOUR_RGB('',0.615686274509804,0.811764705882353,0.929411764705882);
#1655=MANIFOLD_SOLID_BREP('E-End',#1646);
#1656=SHAPE_DEFINITION_REPRESENTATION(#2820,#1657);
#1657=SHAPE_REPRESENTATION('E-End',(#1658),#2815);
#1658=AXIS2_PLACEMENT_3D('',#1943,#1695,#1696);
#1659=AXIS2_PLACEMENT_3D('',#1952,#1697,#1698);
#1660=AXIS2_PLACEMENT_3D('',#1958,#1699,#1700);
#1661=AXIS2_PLACEMENT_3D('',#1970,#1701,#1702);
#1662=AXIS2_PLACEMENT_3D('',#1976,#1703,#1704);
#1663=AXIS2_PLACEMENT_3D('',#1988,#1705,#1706);
#1664=AXIS2_PLACEMENT_3D('',#1994,#1707,#1708);
#1665=AXIS2_PLACEMENT_3D('',#2006,#1709,#1710);
#1666=AXIS2_PLACEMENT_3D('',#2012,#1711,#1712);
#1667=AXIS2_PLACEMENT_3D('',#2024,#1713,#1714);
#1668=AXIS2_PLACEMENT_3D('',#2030,#1715,#1716);
#1669=AXIS2_PLACEMENT_3D('',#2042,#1717,#1718);
#1670=AXIS2_PLACEMENT_3D('',#2048,#1719,#1720);
#1671=AXIS2_PLACEMENT_3D('',#2266,#1788,#1789);
#1672=AXIS2_PLACEMENT_3D('',#2267,#1790,#1791);
#1673=AXIS2_PLACEMENT_3D('',#2268,#1792,#1793);
#1674=AXIS2_PLACEMENT_3D('',#2269,#1794,#1795);
#1675=AXIS2_PLACEMENT_3D('',#2270,#1796,#1797);
#1676=AXIS2_PLACEMENT_3D('',#2271,#1798,#1799);
#1677=AXIS2_PLACEMENT_3D('',#2452,#1843,#1844);
#1678=AXIS2_PLACEMENT_3D('',#2461,#1845,#1846);
#1679=AXIS2_PLACEMENT_3D('',#2470,#1847,#1848);
#1680=AXIS2_PLACEMENT_3D('',#2479,#1849,#1850);
#1681=AXIS2_PLACEMENT_3D('',#2488,#1851,#1852);
#1682=AXIS2_PLACEMENT_3D('',#2530,#1867,#1868);
#1683=AXIS2_PLACEMENT_3D('',#2550,#1876,#1877);
#1684=AXIS2_PLACEMENT_3D('',#2552,#1878,#1879);
#1685=AXIS2_PLACEMENT_3D('',#2556,#1881,#1882);
#1686=AXIS2_PLACEMENT_3D('',#2573,#1888,#1889);
#1687=AXIS2_PLACEMENT_3D('',#2577,#1891,#1892);
#1688=AXIS2_PLACEMENT_3D('',#2579,#1893,#1894);
#1689=AXIS2_PLACEMENT_3D('',#2729,#1922,#1923);
#1690=AXIS2_PLACEMENT_3D('',#2731,#1924,#1925);
#1691=AXIS2_PLACEMENT_3D('',#2755,#1929,#1930);
#1692=AXIS2_PLACEMENT_3D('',#2783,#1934,#1935);
#1693=AXIS2_PLACEMENT_3D('',#2807,#1939,#1940);
#1694=AXIS2_PLACEMENT_3D('',#2809,#1941,#1942);
#1695=DIRECTION('',(0.,0.,1.));
#1696=DIRECTION('',(1.,0.,0.));
#1697=DIRECTION('',(0.,0.,1.));
#1698=DIRECTION('',(1.,0.,0.));
#1699=DIRECTION('',(0.,0.,1.));
#1700=DIRECTION('',(1.,0.,0.));
#1701=DIRECTION('',(0.,0.,1.));
#1702=DIRECTION('',(1.,0.,0.));
#1703=DIRECTION('',(0.,0.,1.));
#1704=DIRECTION('',(1.,0.,0.));
#1705=DIRECTION('',(0.,0.,1.));
#1706=DIRECTION('',(1.,0.,0.));
#1707=DIRECTION('',(0.,0.,1.));
#1708=DIRECTION('',(1.,0.,0.));
#1709=DIRECTION('',(0.,0.,1.));
#1710=DIRECTION('',(1.,0.,0.));
#1711=DIRECTION('',(0.,0.,1.));
#1712=DIRECTION('',(1.,0.,0.));
#1713=DIRECTION('',(0.,0.,1.));
#1714=DIRECTION('',(1.,0.,0.));
#1715=DIRECTION('',(0.,0.,1.));
#1716=DIRECTION('',(1.,0.,0.));
#1717=DIRECTION('',(0.,0.,1.));
#1718=DIRECTION('',(1.,0.,0.));
#1719=DIRECTION('',(0.,0.,1.));
#1720=DIRECTION('',(1.,0.,0.));
#1721=DIRECTION('',(0.,-1.,0.));
#1722=DIRECTION('',(0.,0.,1.));
#1723=DIRECTION('',(0.,1.,0.));
#1724=DIRECTION('',(0.,0.,1.));
#1725=DIRECTION('',(0.,0.,1.));
#1726=DIRECTION('',(0.,-1.,0.));
#1727=DIRECTION('',(0.,-1.85037170770859E-16,-1.));
#1728=DIRECTION('',(0.,-1.,0.));
#1729=DIRECTION('',(0.,1.85037170770859E-16,-1.));
#1730=DIRECTION('',(0.,-1.,0.));
#1731=DIRECTION('',(0.,0.,1.));
#1732=DIRECTION('',(0.,-1.,0.));
#1733=DIRECTION('',(0.,-1.36056743213867E-16,1.));
#1734=DIRECTION('',(0.,1.,1.36056743213867E-16));
#1735=DIRECTION('',(0.,0.,1.));
#1736=DIRECTION('',(0.,1.,0.));
#1737=DIRECTION('',(0.,0.,1.));
#1738=DIRECTION('',(0.,1.,-1.36056743213867E-16));
#1739=DIRECTION('',(0.,1.36056743213867E-16,1.));
#1740=DIRECTION('',(0.,-1.,0.));
#1741=DIRECTION('',(0.,0.,1.));
#1742=DIRECTION('',(-1.,0.,0.));
#1743=DIRECTION('',(0.,0.,1.));
#1744=DIRECTION('',(-1.,0.,0.));
#1745=DIRECTION('',(-1.,0.,0.));
#1746=DIRECTION('',(0.,0.,1.));
#1747=DIRECTION('',(-1.,0.,0.));
#1748=DIRECTION('',(0.,0.,1.));
#1749=DIRECTION('',(0.,0.,1.));
#1750=DIRECTION('',(-1.,0.,0.));
#1751=DIRECTION('',(0.,0.,1.));
#1752=DIRECTION('',(-1.,0.,0.));
#1753=DIRECTION('',(0.,0.,-1.));
#1754=DIRECTION('',(1.,0.,0.));
#1755=DIRECTION('',(0.,0.,-1.));
#1756=DIRECTION('',(-1.,0.,0.));
#1757=DIRECTION('',(-1.,0.,0.));
#1758=DIRECTION('',(0.,1.,0.));
#1759=DIRECTION('',(-1.,0.,0.));
#1760=DIRECTION('',(-1.,0.,0.));
#1761=DIRECTION('',(0.,0.,1.));
#1762=DIRECTION('',(-1.,0.,0.));
#1763=DIRECTION('',(0.,1.85037170770859E-16,1.));
#1764=DIRECTION('',(0.,-1.,0.));
#1765=DIRECTION('',(0.866025403784439,-0.5,0.));
#1766=DIRECTION('',(0.866025403784439,0.5,0.));
#1767=DIRECTION('',(-0.86602540378444,0.5,0.));
#1768=DIRECTION('',(-0.866025403784438,-0.5,0.));
#1769=DIRECTION('',(0.,1.,0.));
#1770=DIRECTION('',(0.,-1.,0.));
#1771=DIRECTION('',(1.,-1.38777878078144E-15,0.));
#1772=DIRECTION('',(1.,0.,0.));
#1773=DIRECTION('',(0.,0.,-1.));
#1774=DIRECTION('',(0.,0.,1.));
#1775=DIRECTION('',(0.,0.,-1.));
#1776=DIRECTION('',(0.,0.,1.));
#1777=DIRECTION('',(0.,0.,1.));
#1778=DIRECTION('',(0.,0.,1.));
#1779=DIRECTION('',(0.,0.,-1.));
#1780=DIRECTION('',(0.,0.,1.));
#1781=DIRECTION('',(0.,-1.,0.));
#1782=DIRECTION('',(0.,0.,-1.));
#1783=DIRECTION('',(0.,-1.,0.));
#1784=DIRECTION('',(0.,0.,-1.));
#1785=DIRECTION('',(0.,-1.,0.));
#1786=DIRECTION('',(0.,0.,-1.));
#1787=DIRECTION('',(0.,1.,0.));
#1788=DIRECTION('',(0.,0.,1.));
#1789=DIRECTION('',(1.,0.,0.));
#1790=DIRECTION('',(0.,0.,1.));
#1791=DIRECTION('',(1.,0.,0.));
#1792=DIRECTION('',(0.,0.,1.));
#1793=DIRECTION('',(1.,0.,0.));
#1794=DIRECTION('',(0.,0.,1.));
#1795=DIRECTION('',(1.,0.,0.));
#1796=DIRECTION('',(0.,0.,1.));
#1797=DIRECTION('',(1.,0.,0.));
#1798=DIRECTION('',(0.,0.,1.));
#1799=DIRECTION('',(1.,0.,0.));
#1800=DIRECTION('',(-1.,0.,0.));
#1801=DIRECTION('',(-1.,0.,0.));
#1802=DIRECTION('',(0.,-1.,0.));
#1803=DIRECTION('',(0.,1.,0.));
#1804=DIRECTION('',(-0.866025403784438,0.5,0.));
#1805=DIRECTION('',(-0.866025403784439,-0.5,0.));
#1806=DIRECTION('',(0.,-1.,0.));
#1807=DIRECTION('',(0.866025403784438,-0.5,0.));
#1808=DIRECTION('',(0.866025403784438,0.5,0.));
#1809=DIRECTION('',(-1.,0.,0.));
#1810=DIRECTION('',(0.,-1.,0.));
#1811=DIRECTION('',(0.,0.,1.));
#1812=DIRECTION('',(0.,-1.,0.));
#1813=DIRECTION('',(0.,0.,1.));
#1814=DIRECTION('',(0.,0.,1.));
#1815=DIRECTION('',(-0.866025403784438,-0.5,0.));
#1816=DIRECTION('',(-0.86602540378444,0.5,0.));
#1817=DIRECTION('',(0.,0.,1.));
#1818=DIRECTION('',(0.866025403784439,0.5,0.));
#1819=DIRECTION('',(0.,1.,0.));
#1820=DIRECTION('',(0.,0.,1.));
#1821=DIRECTION('',(0.,0.,1.));
#1822=DIRECTION('',(0.866025403784438,0.5,0.));
#1823=DIRECTION('',(0.,0.,1.));
#1824=DIRECTION('',(0.866025403784438,-0.5,0.));
#1825=DIRECTION('',(0.,0.,1.));
#1826=DIRECTION('',(0.,-1.,0.));
#1827=DIRECTION('',(0.,0.,1.));
#1828=DIRECTION('',(-0.866025403784439,-0.5,0.));
#1829=DIRECTION('',(0.,0.,1.));
#1830=DIRECTION('',(-1.,0.,0.));
#1831=DIRECTION('',(0.,0.,1.));
#1832=DIRECTION('',(0.,0.,1.));
#1833=DIRECTION('',(0.,0.,1.));
#1834=DIRECTION('',(0.,0.,1.));
#1835=DIRECTION('',(0.,0.,1.));
#1836=DIRECTION('',(0.,0.,-1.));
#1837=DIRECTION('',(0.,0.,1.));
#1838=DIRECTION('',(0.,1.,0.));
#1839=DIRECTION('',(0.,-1.,0.));
#1840=DIRECTION('',(0.,0.,1.));
#1841=DIRECTION('',(0.,0.,1.));
#1842=DIRECTION('',(1.,-1.38777878078144E-15,0.));
#1843=DIRECTION('',(0.,0.,1.));
#1844=DIRECTION('',(1.,0.,0.));
#1845=DIRECTION('',(0.,0.,1.));
#1846=DIRECTION('',(1.,0.,0.));
#1847=DIRECTION('',(0.,0.,1.));
#1848=DIRECTION('',(1.,0.,0.));
#1849=DIRECTION('',(0.,0.,1.));
#1850=DIRECTION('',(1.,0.,0.));
#1851=DIRECTION('',(0.,0.,1.));
#1852=DIRECTION('',(1.,0.,0.));
#1853=DIRECTION('',(0.866025403784439,-0.5,0.));
#1854=DIRECTION('',(-0.866025403784438,0.5,0.));
#1855=DIRECTION('',(0.,-1.85037170770859E-16,1.));
#1856=DIRECTION('',(0.,1.85037170770859E-16,1.));
#1857=DIRECTION('',(0.,-1.,0.));
#1858=DIRECTION('',(0.,0.,-1.));
#1859=DIRECTION('',(0.,-1.,0.));
#1860=DIRECTION('',(0.,1.,0.));
#1861=DIRECTION('',(0.,1.,0.));
#1862=DIRECTION('',(0.,1.36056743213867E-16,1.));
#1863=DIRECTION('',(0.,1.,-1.36056743213867E-16));
#1864=DIRECTION('',(0.,-1.36056743213867E-16,1.));
#1865=DIRECTION('',(0.,1.,0.));
#1866=DIRECTION('',(0.,1.,1.36056743213867E-16));
#1867=DIRECTION('',(0.,0.,1.));
#1868=DIRECTION('',(1.,0.,0.));
#1869=DIRECTION('',(0.,1.,0.));
#1870=DIRECTION('',(0.,-1.,0.));
#1871=DIRECTION('',(1.,6.93889390390722E-16,0.));
#1872=DIRECTION('',(0.461748613235035,-0.887010833178221,0.));
#1873=DIRECTION('',(1.,0.,0.));
#1874=DIRECTION('',(0.,1.,0.));
#1875=DIRECTION('',(0.,-1.,0.));
#1876=DIRECTION('',(0.,0.,-1.));
#1877=DIRECTION('',(1.,0.,0.));
#1878=DIRECTION('',(0.,0.,-1.));
#1879=DIRECTION('',(1.,0.,0.));
#1880=DIRECTION('',(1.1652122303408E-05,-0.999999999932114,0.));
#1881=DIRECTION('',(0.,0.,-1.));
#1882=DIRECTION('',(1.,0.,0.));
#1883=DIRECTION('',(0.,0.,1.));
#1884=DIRECTION('',(-1.,-6.93889390390722E-16,0.));
#1885=DIRECTION('',(1.,6.93889390390722E-16,0.));
#1886=DIRECTION('',(0.416556247946282,0.909109945109454,0.));
#1887=DIRECTION('',(0.,1.,0.));
#1888=DIRECTION('',(0.,0.,1.));
#1889=DIRECTION('',(1.,0.,0.));
#1890=DIRECTION('',(1.16521223115742E-05,0.999999999932114,0.));
#1891=DIRECTION('',(0.,0.,1.));
#1892=DIRECTION('',(1.,0.,0.));
#1893=DIRECTION('',(0.,0.,1.));
#1894=DIRECTION('',(1.,0.,0.));
#1895=DIRECTION('',(0.461748613235035,-0.887010833178221,0.));
#1896=DIRECTION('',(0.416556247946282,0.909109945109454,0.));
#1897=DIRECTION('',(-1.,0.,0.));
#1898=DIRECTION('',(-1.,0.,0.));
#1899=DIRECTION('',(-1.,0.,0.));
#1900=DIRECTION('',(-1.,0.,0.));
#1901=DIRECTION('',(-1.,0.,0.));
#1902=DIRECTION('',(-1.,0.,0.));
#1903=DIRECTION('',(-1.,0.,0.));
#1904=DIRECTION('',(-1.,0.,0.));
#1905=DIRECTION('',(0.,0.,-1.));
#1906=DIRECTION('',(0.,1.,0.));
#1907=DIRECTION('',(1.,0.,0.));
#1908=DIRECTION('',(0.,0.,-1.));
#1909=DIRECTION('',(1.,0.,0.));
#1910=DIRECTION('',(0.,1.,0.));
#1911=DIRECTION('',(1.,0.,0.));
#1912=DIRECTION('',(0.,1.,0.));
#1913=DIRECTION('',(1.,0.,0.));
#1914=DIRECTION('',(1.,0.,0.));
#1915=DIRECTION('',(0.,0.,1.));
#1916=DIRECTION('',(1.,0.,0.));
#1917=DIRECTION('',(0.,1.,0.));
#1918=DIRECTION('',(0.,0.,1.));
#1919=DIRECTION('',(0.,0.,1.));
#1920=DIRECTION('',(0.,-1.,0.));
#1921=DIRECTION('',(0.,0.,1.));
#1922=DIRECTION('',(0.,0.,-1.));
#1923=DIRECTION('',(1.,0.,0.));
#1924=DIRECTION('',(0.,0.,-1.));
#1925=DIRECTION('',(1.,0.,0.));
#1926=DIRECTION('',(0.,0.,1.));
#1927=DIRECTION('',(1.1652122303408E-05,-0.999999999932114,0.));
#1928=DIRECTION('',(0.,0.,1.));
#1929=DIRECTION('',(0.,0.,-1.));
#1930=DIRECTION('',(1.,0.,0.));
#1931=DIRECTION('',(0.,0.,1.));
#1932=DIRECTION('',(0.,1.,0.));
#1933=DIRECTION('',(0.,0.,1.));
#1934=DIRECTION('',(0.,0.,1.));
#1935=DIRECTION('',(1.,0.,0.));
#1936=DIRECTION('',(0.,0.,1.));
#1937=DIRECTION('',(1.16521223115742E-05,0.999999999932114,0.));
#1938=DIRECTION('',(0.,0.,1.));
#1939=DIRECTION('',(0.,0.,1.));
#1940=DIRECTION('',(1.,0.,0.));
#1941=DIRECTION('',(0.,0.,1.));
#1942=DIRECTION('',(1.,0.,0.));
#1943=CARTESIAN_POINT('',(0.,0.,0.));
#1944=CARTESIAN_POINT('',(0.31066119,0.0206375,-0.03));
#1945=CARTESIAN_POINT('',(0.31066119,0.0206375,0.015));
#1946=CARTESIAN_POINT('',(0.31066119,0.015875,-0.03));
#1947=CARTESIAN_POINT('',(0.31066119,0.015875,0.015));
#1948=CARTESIAN_POINT('',(0.31542369,0.015875,-0.03));
#1949=CARTESIAN_POINT('',(0.31542369,0.015875,0.015));
#1950=CARTESIAN_POINT('',(0.31542369,0.0206375,-0.03));
#1951=CARTESIAN_POINT('',(0.31542369,0.0206375,0.015));
#1952=CARTESIAN_POINT('',(0.31304244,0.0206375,-0.03));
#1953=CARTESIAN_POINT('',(0.31066119,0.0206375,-0.03));
#1954=CARTESIAN_POINT('',(0.31542369,0.0206375,-0.03));
#1955=CARTESIAN_POINT('',(0.31066119,0.0206375,-0.03225));
#1956=CARTESIAN_POINT('',(0.31066119,0.0206375,0.01725));
#1957=CARTESIAN_POINT('',(0.31066119,0.0206375,0.015));
#1958=CARTESIAN_POINT('',(0.31304244,0.0206375,0.015));
#1959=CARTESIAN_POINT('',(0.31542369,0.0206375,0.015));
#1960=CARTESIAN_POINT('',(0.31542369,0.0206375,-0.03225));
#1961=CARTESIAN_POINT('',(0.31542369,0.0206375,0.01725));
#1962=CARTESIAN_POINT('',(0.31066119,-0.0206375,-0.03));
#1963=CARTESIAN_POINT('',(0.31066119,-0.0206375,0.015));
#1964=CARTESIAN_POINT('',(0.31066119,-0.0254,-0.03));
#1965=CARTESIAN_POINT('',(0.31066119,-0.0254,0.015));
#1966=CARTESIAN_POINT('',(0.31542369,-0.0254,-0.03));
#1967=CARTESIAN_POINT('',(0.31542369,-0.0254,0.015));
#1968=CARTESIAN_POINT('',(0.31542369,-0.0206375,-0.03));
#1969=CARTESIAN_POINT('',(0.31542369,-0.0206375,0.015));
#1970=CARTESIAN_POINT('',(0.31304244,-0.0206375,-0.03));
#1971=CARTESIAN_POINT('',(0.31066119,-0.0206375,-0.03));
#1972=CARTESIAN_POINT('',(0.31542369,-0.0206375,-0.03));
#1973=CARTESIAN_POINT('',(0.31066119,-0.0206375,-0.03225));
#1974=CARTESIAN_POINT('',(0.31066119,-0.0206375,0.01725));
#1975=CARTESIAN_POINT('',(0.31066119,-0.0206375,0.015));
#1976=CARTESIAN_POINT('',(0.31304244,-0.0206375,0.015));
#1977=CARTESIAN_POINT('',(0.31542369,-0.0206375,0.015));
#1978=CARTESIAN_POINT('',(0.31542369,-0.0206375,-0.03225));
#1979=CARTESIAN_POINT('',(0.31542369,-0.0206375,0.01725));
#1980=CARTESIAN_POINT('',(0.36463619,-0.0206375,-0.03));
#1981=CARTESIAN_POINT('',(0.36463619,-0.0206375,0.015));
#1982=CARTESIAN_POINT('',(0.36463619,-0.0254,-0.03));
#1983=CARTESIAN_POINT('',(0.36463619,-0.0254,0.015));
#1984=CARTESIAN_POINT('',(0.36939869,-0.0254,-0.03));
#1985=CARTESIAN_POINT('',(0.36939869,-0.0254,0.015));
#1986=CARTESIAN_POINT('',(0.36939869,-0.0206375,-0.03));
#1987=CARTESIAN_POINT('',(0.36939869,-0.0206375,0.015));
#1988=CARTESIAN_POINT('',(0.36701744,-0.0206375,-0.03));
#1989=CARTESIAN_POINT('',(0.36463619,-0.0206375,-0.03));
#1990=CARTESIAN_POINT('',(0.36939869,-0.0206375,-0.03));
#1991=CARTESIAN_POINT('',(0.36463619,-0.0206375,-0.03225));
#1992=CARTESIAN_POINT('',(0.36463619,-0.0206375,0.01725));
#1993=CARTESIAN_POINT('',(0.36463619,-0.0206375,0.015));
#1994=CARTESIAN_POINT('',(0.36701744,-0.0206375,0.015));
#1995=CARTESIAN_POINT('',(0.36939869,-0.0206375,0.015));
#1996=CARTESIAN_POINT('',(0.36939869,-0.0206375,-0.03225));
#1997=CARTESIAN_POINT('',(0.36939869,-0.0206375,0.01725));
#1998=CARTESIAN_POINT('',(0.37416119,-0.0206375,-0.03));
#1999=CARTESIAN_POINT('',(0.37416119,-0.0206375,0.015));
#2000=CARTESIAN_POINT('',(0.37416119,-0.0254,-0.03));
#2001=CARTESIAN_POINT('',(0.37416119,-0.0254,0.015));
#2002=CARTESIAN_POINT('',(0.37892369,-0.0254,-0.03));
#2003=CARTESIAN_POINT('',(0.37892369,-0.0254,0.015));
#2004=CARTESIAN_POINT('',(0.37892369,-0.0206375,-0.03));
#2005=CARTESIAN_POINT('',(0.37892369,-0.0206375,0.015));
#2006=CARTESIAN_POINT('',(0.37654244,-0.0206375,-0.03));
#2007=CARTESIAN_POINT('',(0.37416119,-0.0206375,-0.03));
#2008=CARTESIAN_POINT('',(0.37892369,-0.0206375,-0.03));
#2009=CARTESIAN_POINT('',(0.37416119,-0.0206375,-0.03225));
#2010=CARTESIAN_POINT('',(0.37416119,-0.0206375,0.01725));
#2011=CARTESIAN_POINT('',(0.37416119,-0.0206375,0.015));
#2012=CARTESIAN_POINT('',(0.37654244,-0.0206375,0.015));
#2013=CARTESIAN_POINT('',(0.37892369,-0.0206375,0.015));
#2014=CARTESIAN_POINT('',(0.37892369,-0.0206375,-0.03225));
#2015=CARTESIAN_POINT('',(0.37892369,-0.0206375,0.01725));
#2016=CARTESIAN_POINT('',(0.37416119,0.0206375,-0.03));
#2017=CARTESIAN_POINT('',(0.37416119,0.0206375,0.015));
#2018=CARTESIAN_POINT('',(0.37416119,0.015875,-0.03));
#2019=CARTESIAN_POINT('',(0.37416119,0.015875,0.015));
#2020=CARTESIAN_POINT('',(0.37892369,0.015875,-0.03));
#2021=CARTESIAN_POINT('',(0.37892369,0.015875,0.015));
#2022=CARTESIAN_POINT('',(0.37892369,0.0206375,-0.03));
#2023=CARTESIAN_POINT('',(0.37892369,0.0206375,0.015));
#2024=CARTESIAN_POINT('',(0.37654244,0.0206375,-0.03));
#2025=CARTESIAN_POINT('',(0.37416119,0.0206375,-0.03));
#2026=CARTESIAN_POINT('',(0.37892369,0.0206375,-0.03));
#2027=CARTESIAN_POINT('',(0.37416119,0.0206375,-0.03225));
#2028=CARTESIAN_POINT('',(0.37416119,0.0206375,0.01725));
#2029=CARTESIAN_POINT('',(0.37416119,0.0206375,0.015));
#2030=CARTESIAN_POINT('',(0.37654244,0.0206375,0.015));
#2031=CARTESIAN_POINT('',(0.37892369,0.0206375,0.015));
#2032=CARTESIAN_POINT('',(0.37892369,0.0206375,-0.03225));
#2033=CARTESIAN_POINT('',(0.37892369,0.0206375,0.01725));
#2034=CARTESIAN_POINT('',(0.36463619,0.0206375,-0.03));
#2035=CARTESIAN_POINT('',(0.36463619,0.0206375,0.015));
#2036=CARTESIAN_POINT('',(0.36463619,0.015875,-0.03));
#2037=CARTESIAN_POINT('',(0.36463619,0.015875,0.015));
#2038=CARTESIAN_POINT('',(0.36939869,0.015875,-0.03));
#2039=CARTESIAN_POINT('',(0.36939869,0.015875,0.015));
#2040=CARTESIAN_POINT('',(0.36939869,0.0206375,-0.03));
#2041=CARTESIAN_POINT('',(0.36939869,0.0206375,0.015));
#2042=CARTESIAN_POINT('',(0.36701744,0.0206375,-0.03));
#2043=CARTESIAN_POINT('',(0.36463619,0.0206375,-0.03));
#2044=CARTESIAN_POINT('',(0.36939869,0.0206375,-0.03));
#2045=CARTESIAN_POINT('',(0.36463619,0.0206375,-0.03225));
#2046=CARTESIAN_POINT('',(0.36463619,0.0206375,0.01725));
#2047=CARTESIAN_POINT('',(0.36463619,0.0206375,0.015));
#2048=CARTESIAN_POINT('',(0.36701744,0.0206375,0.015));
#2049=CARTESIAN_POINT('',(0.36939869,0.0206375,0.015));
#2050=CARTESIAN_POINT('',(0.36939869,0.0206375,-0.03225));
#2051=CARTESIAN_POINT('',(0.36939869,0.0206375,0.01725));
#2052=CARTESIAN_POINT('',(0.28612994,0.0990549924277474,-0.00375));
#2053=CARTESIAN_POINT('',(0.28612994,0.159351442461593,-0.00375));
#2054=CARTESIAN_POINT('',(0.28612994,0.0990549924277474,-0.03125));
#2055=CARTESIAN_POINT('',(0.28612994,0.159351442461593,-0.03125));
#2056=CARTESIAN_POINT('',(0.28612994,0.109156956088726,-0.005));
#2057=CARTESIAN_POINT('',(0.28612994,0.156610694732782,-0.005));
#2058=CARTESIAN_POINT('',(0.28612994,0.101795740156559,-0.005));
#2059=CARTESIAN_POINT('',(0.28612994,0.156610694732782,-0.03));
#2060=CARTESIAN_POINT('',(0.28612994,0.156610694732782,-0.03));
#2061=CARTESIAN_POINT('',(0.28612994,0.154156956088727,-0.03));
#2062=CARTESIAN_POINT('',(0.28612994,0.101795740156559,-0.03));
#2063=CARTESIAN_POINT('',(0.28612994,0.101795740156559,-0.03));
#2064=CARTESIAN_POINT('',(0.43002994,-0.0565,-0.0495));
#2065=CARTESIAN_POINT('',(0.43002994,0.0565,-0.0495));
#2066=CARTESIAN_POINT('',(0.43002994,-0.0565,-0.0104166939854622));
#2067=CARTESIAN_POINT('',(0.43002994,0.0565,-0.0104166939854622));
#2068=CARTESIAN_POINT('',(0.43002994,-0.0565,-0.055));
#2069=CARTESIAN_POINT('',(0.43002994,-0.0565,-0.0495));
#2070=CARTESIAN_POINT('',(0.43002994,-0.0565,-0.0435));
#2071=CARTESIAN_POINT('',(0.43002994,-0.04375,-0.0495));
#2072=CARTESIAN_POINT('',(0.43002994,-0.026,-0.0495));
#2073=CARTESIAN_POINT('',(0.43002994,-0.026,-0.03075));
#2074=CARTESIAN_POINT('',(0.43002994,-0.026,-0.03));
#2075=CARTESIAN_POINT('',(0.43002994,-0.05275,-0.03));
#2076=CARTESIAN_POINT('',(0.43002994,0.026,-0.03));
#2077=CARTESIAN_POINT('',(0.43002994,0.026,-0.03075));
#2078=CARTESIAN_POINT('',(0.43002994,0.026,-0.0495));
#2079=CARTESIAN_POINT('',(0.43002994,0.04375,-0.0495));
#2080=CARTESIAN_POINT('',(0.43002994,0.0565,-0.0495));
#2081=CARTESIAN_POINT('',(0.43002994,0.0565,-0.055));
#2082=CARTESIAN_POINT('',(0.43002994,0.0565,-0.0435));
#2083=CARTESIAN_POINT('',(0.43002994,0.04375,-0.0435));
#2084=CARTESIAN_POINT('',(0.43002994,0.031,-0.0435));
#2085=CARTESIAN_POINT('',(0.43002994,0.031,-0.03));
#2086=CARTESIAN_POINT('',(0.43002994,0.031,-0.018));
#2087=CARTESIAN_POINT('',(0.43002994,-0.05275,-0.018));
#2088=CARTESIAN_POINT('',(0.43002994,0.055,-0.018));
#2089=CARTESIAN_POINT('',(0.43002994,0.055,-0.03));
#2090=CARTESIAN_POINT('',(0.43002994,0.055,-0.0104166939854622));
#2091=CARTESIAN_POINT('',(0.43002994,2.77555756156289E-17,-0.0104166939854622));
#2092=CARTESIAN_POINT('',(0.43002994,-0.055,-0.0104166939854622));
#2093=CARTESIAN_POINT('',(0.43002994,-0.055,-0.03));
#2094=CARTESIAN_POINT('',(0.43002994,-0.055,-0.018));
#2095=CARTESIAN_POINT('',(0.43002994,-0.05275,-0.018));
#2096=CARTESIAN_POINT('',(0.43002994,-0.031,-0.018));
#2097=CARTESIAN_POINT('',(0.43002994,-0.031,-0.03));
#2098=CARTESIAN_POINT('',(0.43002994,-0.031,-0.0435));
#2099=CARTESIAN_POINT('',(0.43002994,-0.04375,-0.0435));
#2100=CARTESIAN_POINT('',(0.259629724809501,-0.0565,-0.016725));
#2101=CARTESIAN_POINT('',(0.435634459000483,-0.0565,-0.016725));
#2102=CARTESIAN_POINT('',(0.259629724809501,-0.0565,-0.044775));
#2103=CARTESIAN_POINT('',(0.435634459000483,-0.0565,-0.044775));
#2104=CARTESIAN_POINT('',(0.42763424380999,-0.0565,-0.03));
#2105=CARTESIAN_POINT('',(0.427634243809984,-0.0565,-0.018));
#2106=CARTESIAN_POINT('',(0.427634243809984,-0.0565,-0.0435));
#2107=CARTESIAN_POINT('',(0.43003194,-0.0565,-0.0435));
#2108=CARTESIAN_POINT('',(0.26762994,-0.0565,-0.0435));
#2109=CARTESIAN_POINT('',(0.26762994,-0.0565,-0.03075));
#2110=CARTESIAN_POINT('',(0.26762994,-0.0565,-0.018));
#2111=CARTESIAN_POINT('',(0.43862994,-0.0565,-0.018));
#2112=CARTESIAN_POINT('',(0.259629724809501,0.0565,-0.016725));
#2113=CARTESIAN_POINT('',(0.435634459000488,0.0565,-0.016725));
#2114=CARTESIAN_POINT('',(0.259629724809501,0.0565,-0.044775));
#2115=CARTESIAN_POINT('',(0.435634459000488,0.0565,-0.044775));
#2116=CARTESIAN_POINT('',(0.43003194,0.0565,-0.0435));
#2117=CARTESIAN_POINT('',(0.427634243809985,0.0565,-0.0435));
#2118=CARTESIAN_POINT('',(0.26762994,0.0565,-0.0435));
#2119=CARTESIAN_POINT('',(0.427634243809989,0.0565000000000008,-0.03));
#2120=CARTESIAN_POINT('',(0.427634243809989,0.0565,-0.018));
#2121=CARTESIAN_POINT('',(0.43862994,0.0565,-0.018));
#2122=CARTESIAN_POINT('',(0.26762994,0.0565,-0.018));
#2123=CARTESIAN_POINT('',(0.26762994,0.0565,-0.03075));
#2124=CARTESIAN_POINT('',(0.260095697521781,0.0615,-0.013275));
#2125=CARTESIAN_POINT('',(0.425849032042594,0.0615,-0.013275));
#2126=CARTESIAN_POINT('',(0.260095697521781,0.0615,-0.051225));
#2127=CARTESIAN_POINT('',(0.425849032042594,0.0615,-0.051225));
#2128=CARTESIAN_POINT('',(0.418314789564375,0.0615,-0.055));
#2129=CARTESIAN_POINT('',(0.418314789564375,0.0615,-0.0495));
#2130=CARTESIAN_POINT('',(0.418314789564375,0.0615,-0.03));
#2131=CARTESIAN_POINT('',(0.43003194,0.0615,-0.0495));
#2132=CARTESIAN_POINT('',(0.26762994,0.0615,-0.0495));
#2133=CARTESIAN_POINT('',(0.26762994,0.0615,-0.03075));
#2134=CARTESIAN_POINT('',(0.26762994,0.0615,-0.03));
#2135=CARTESIAN_POINT('',(0.43003194,0.0615,-0.03));
#2136=CARTESIAN_POINT('',(0.27912226319313,0.0615,-0.03));
#2137=CARTESIAN_POINT('',(0.27912226319313,0.0615,-0.005));
#2138=CARTESIAN_POINT('',(0.27912226319313,0.0615,-0.015));
#2139=CARTESIAN_POINT('',(0.,0.0615,-0.015));
#2140=CARTESIAN_POINT('',(0.357122263193131,0.0615,-0.015));
#2141=CARTESIAN_POINT('',(0.357122263193131,0.0615,-0.005));
#2142=CARTESIAN_POINT('',(0.357122263193131,0.0615,-0.03));
#2143=CARTESIAN_POINT('',(0.43003194,0.0615,-0.03));
#2144=CARTESIAN_POINT('',(0.25950994,-0.0632750000001575,-0.0495));
#2145=CARTESIAN_POINT('',(0.25950994,-0.0242249999999925,-0.0495));
#2146=CARTESIAN_POINT('',(0.43814994,-0.0632750000001575,-0.0495));
#2147=CARTESIAN_POINT('',(0.43814994,-0.0242249999999925,-0.0495));
#2148=CARTESIAN_POINT('',(0.304148757802806,-0.147465991945533,-0.0495));
#2149=CARTESIAN_POINT('',(0.371899647492678,-0.0683485718857472,-0.0495));
#2150=CARTESIAN_POINT('',(0.400884088066015,-0.0738944353671422,-0.0495));
#2151=CARTESIAN_POINT('',(0.43002994,-0.055,-0.0495));
#2152=CARTESIAN_POINT('',(0.418314789564407,-0.06150000000015,-0.0495));
#2153=CARTESIAN_POINT('',(0.427634243809984,-0.0565,-0.0495));
#2154=CARTESIAN_POINT('',(0.43003194,-0.0615,-0.0495));
#2155=CARTESIAN_POINT('',(0.26762994,-0.0615,-0.0495));
#2156=CARTESIAN_POINT('',(0.26762994,-0.04375,-0.0495));
#2157=CARTESIAN_POINT('',(0.26762994,-0.026,-0.0495));
#2158=CARTESIAN_POINT('',(0.43003194,-0.026,-0.0495));
#2159=CARTESIAN_POINT('',(0.43003194,-0.0565,-0.0495));
#2160=CARTESIAN_POINT('',(0.26009569752178,-0.0615,-0.029025));
#2161=CARTESIAN_POINT('',(0.425849032042627,-0.0615,-0.029025));
#2162=CARTESIAN_POINT('',(0.26009569752178,-0.0615,-0.050475));
#2163=CARTESIAN_POINT('',(0.425849032042627,-0.0615,-0.050475));
#2164=CARTESIAN_POINT('',(0.418314789564407,-0.06150000000015,-0.055));
#2165=CARTESIAN_POINT('',(0.418314789564407,-0.06150000000015,-0.03));
#2166=CARTESIAN_POINT('',(0.43003194,-0.0615,-0.03));
#2167=CARTESIAN_POINT('',(0.26762994,-0.0615,-0.03));
#2168=CARTESIAN_POINT('',(0.26762994,-0.0615,-0.03075));
#2169=CARTESIAN_POINT('',(0.26762994,0.0615,-0.03));
#2170=CARTESIAN_POINT('',(0.26762994,0.1675,-0.03));
#2171=CARTESIAN_POINT('',(0.357010838853412,0.0615,-0.03));
#2172=CARTESIAN_POINT('',(0.357010838853412,0.1675,-0.03));
#2173=CARTESIAN_POINT('',(0.26912994,0.12920321744467,-0.03));
#2174=CARTESIAN_POINT('',(0.26912994,0.156610694732782,-0.03));
#2175=CARTESIAN_POINT('',(0.26912994,0.101795740156559,-0.03));
#2176=CARTESIAN_POINT('',(0.27337994,0.0993420015125027,-0.03));
#2177=CARTESIAN_POINT('',(0.27762994,0.0968882628684469,-0.03));
#2178=CARTESIAN_POINT('',(0.28187994,0.0993420015125028,-0.03));
#2179=CARTESIAN_POINT('',(0.28187994,0.159064433376838,-0.03));
#2180=CARTESIAN_POINT('',(0.27762994,0.161518172020894,-0.03));
#2181=CARTESIAN_POINT('',(0.27337994,0.159064433376838,-0.03));
#2182=CARTESIAN_POINT('',(0.27912226319313,0.0665650599598885,-0.03));
#2183=CARTESIAN_POINT('',(0.27912226319313,0.0955650599598885,-0.03));
#2184=CARTESIAN_POINT('',(0.26762994,-0.10625,-0.03));
#2185=CARTESIAN_POINT('',(0.26762994,0.1675,-0.03));
#2186=CARTESIAN_POINT('',(0.27762994,0.1675,-0.03));
#2187=CARTESIAN_POINT('',(0.28762994,0.1675,-0.03));
#2188=CARTESIAN_POINT('',(0.28762994,0.1675,-0.03));
#2189=CARTESIAN_POINT('',(0.292742168171266,0.161080558335756,-0.03));
#2190=CARTESIAN_POINT('',(0.297655004854674,0.155105506598511,-0.03));
#2191=CARTESIAN_POINT('',(0.302381278628067,0.149538889978976,-0.03));
#2192=CARTESIAN_POINT('',(0.302381278628067,0.149538889978976,-0.03));
#2193=CARTESIAN_POINT('',(0.302381278628067,0.149538889978976,-0.03));
#2194=CARTESIAN_POINT('',(0.371398054634102,0.0682507651765794,-0.03));
#2195=CARTESIAN_POINT('',(0.400631888900828,0.0740579289866481,-0.03));
#2196=CARTESIAN_POINT('',(0.43002994,0.055,-0.03));
#2197=CARTESIAN_POINT('',(0.356477751981523,0.0955650599598861,-0.03));
#2198=CARTESIAN_POINT('',(0.318122263193131,0.0955650599598885,-0.03));
#2199=CARTESIAN_POINT('',(0.302381278628067,0.149538889978976,-0.0495));
#2200=CARTESIAN_POINT('',(0.302381278628067,0.149538889978976,0.015));
#2201=CARTESIAN_POINT('',(0.371398054634102,0.0682507651765794,-0.0495));
#2202=CARTESIAN_POINT('',(0.371398054634102,0.0682507651765794,0.015));
#2203=CARTESIAN_POINT('',(0.400631888900828,0.0740579289866481,-0.0495));
#2204=CARTESIAN_POINT('',(0.400631888900828,0.0740579289866481,0.015));
#2205=CARTESIAN_POINT('',(0.43002994,0.055,-0.0495));
#2206=CARTESIAN_POINT('',(0.43002994,0.055,0.015));
#2207=CARTESIAN_POINT('',(0.356477751981523,0.0955650599598861,-0.005));
#2208=CARTESIAN_POINT('',(0.356477751981523,0.0955650599598861,-0.005));
#2209=CARTESIAN_POINT('',(0.302381278628067,0.149538889978976,-0.03));
#2210=CARTESIAN_POINT('',(0.302381278628067,0.149538889978976,0.));
#2211=CARTESIAN_POINT('',(0.302381278628067,0.149538889978976,0.015002));
#2212=CARTESIAN_POINT('',(0.302381278628067,0.149538889978976,0.015));
#2213=CARTESIAN_POINT('',(0.302381278628067,0.149538889978976,0.015));
#2214=CARTESIAN_POINT('',(0.371398054634102,0.0682507651765794,0.015));
#2215=CARTESIAN_POINT('',(0.400631888900828,0.0740579289866481,0.015));
#2216=CARTESIAN_POINT('',(0.43002994,0.055,0.015));
#2217=CARTESIAN_POINT('',(0.43002994,0.055,0.015));
#2218=CARTESIAN_POINT('',(0.43002994,0.055,-0.03));
#2219=CARTESIAN_POINT('',(0.43002994,0.055,0.0114472303539515));
#2220=CARTESIAN_POINT('',(0.43002994,0.055,-0.03));
#2221=CARTESIAN_POINT('',(0.302381278628067,0.149538889978976,-0.018));
#2222=CARTESIAN_POINT('',(0.371398054634102,0.0682507651765794,-0.018));
#2223=CARTESIAN_POINT('',(0.400631888900828,0.0740579289866481,-0.018));
#2224=CARTESIAN_POINT('',(0.43002994,0.055,-0.018));
#2225=CARTESIAN_POINT('',(0.427634243809985,0.0565,-0.055));
#2226=CARTESIAN_POINT('',(0.427634243809985,0.0565,-0.0495));
#2227=CARTESIAN_POINT('',(0.302381278628067,0.149538889978976,-0.0495));
#2228=CARTESIAN_POINT('',(0.371398054634102,0.0682507651765794,-0.0495));
#2229=CARTESIAN_POINT('',(0.400631888900828,0.0740579289866481,-0.0495));
#2230=CARTESIAN_POINT('',(0.43002994,0.055,-0.0495));
#2231=CARTESIAN_POINT('',(0.302381278628067,0.149538889978976,-0.03));
#2232=CARTESIAN_POINT('',(0.371398054634102,0.0682507651765794,-0.03));
#2233=CARTESIAN_POINT('',(0.400631888900828,0.0740579289866481,-0.03));
#2234=CARTESIAN_POINT('',(0.43002994,0.055,-0.03));
#2235=CARTESIAN_POINT('',(0.357122263193189,0.0950591094697852,-0.03));
#2236=CARTESIAN_POINT('',(0.357122263193189,0.0950591094697852,-0.005));
#2237=CARTESIAN_POINT('',(0.357122263193189,0.0950591094697852,-0.005));
#2238=CARTESIAN_POINT('',(0.302381278628067,0.149538889978976,-0.005));
#2239=CARTESIAN_POINT('',(0.371398054634102,0.0682507651765794,-0.005));
#2240=CARTESIAN_POINT('',(0.400631888900828,0.0740579289866481,-0.005));
#2241=CARTESIAN_POINT('',(0.43002994,0.055,-0.005));
#2242=CARTESIAN_POINT('',(0.28762994,-0.127387567396468,0.0165));
#2243=CARTESIAN_POINT('',(0.28762994,0.128998874862776,0.0165));
#2244=CARTESIAN_POINT('',(0.28762994,-0.127387567396468,-0.0165));
#2245=CARTESIAN_POINT('',(0.28762994,0.128998874862776,-0.0165));
#2246=CARTESIAN_POINT('',(0.28762994,0.0375650599598885,0.015002));
#2247=CARTESIAN_POINT('',(0.28762994,0.0375650599598885,-0.015));
#2248=CARTESIAN_POINT('',(0.28762994,0.0375650599598885,-0.005));
#2249=CARTESIAN_POINT('',(0.28762994,-0.04775,-0.015));
#2250=CARTESIAN_POINT('',(0.28762994,-0.115733638202866,-0.015));
#2251=CARTESIAN_POINT('',(0.28762994,-0.115733638202866,0.015002));
#2252=CARTESIAN_POINT('',(0.28762994,-0.115733638202866,0.015));
#2253=CARTESIAN_POINT('',(0.28762994,-0.04775,0.015));
#2254=CARTESIAN_POINT('',(0.28762994,0.117344945669174,0.015));
#2255=CARTESIAN_POINT('',(0.28762994,0.117344945669174,0.015002));
#2256=CARTESIAN_POINT('',(0.28762994,0.117344945669174,3.46944695195361E-18));
#2257=CARTESIAN_POINT('',(0.28762994,0.103672472834587,0.));
#2258=CARTESIAN_POINT('',(0.28762994,0.09,0.));
#2259=CARTESIAN_POINT('',(0.28762994,0.09,0.));
#2260=CARTESIAN_POINT('',(0.28762994,0.09,-0.005));
#2261=CARTESIAN_POINT('',(0.28762994,-0.04775,-0.005));
#2262=CARTESIAN_POINT('',(0.25950994,-0.18425,-0.03));
#2263=CARTESIAN_POINT('',(0.25950994,0.18425,-0.03));
#2264=CARTESIAN_POINT('',(0.43814994,-0.18425,-0.03));
#2265=CARTESIAN_POINT('',(0.43814994,0.18425,-0.03));
#2266=CARTESIAN_POINT('',(0.31304244,-0.0206375,-0.03));
#2267=CARTESIAN_POINT('',(0.36701744,-0.0206375,-0.03));
#2268=CARTESIAN_POINT('',(0.37654244,-0.0206375,-0.03));
#2269=CARTESIAN_POINT('',(0.37654244,0.0206375,-0.03));
#2270=CARTESIAN_POINT('',(0.36701744,0.0206375,-0.03));
#2271=CARTESIAN_POINT('',(0.31304244,0.0206375,-0.03));
#2272=CARTESIAN_POINT('',(0.43003194,0.026,-0.03));
#2273=CARTESIAN_POINT('',(0.26762994,0.026,-0.03));
#2274=CARTESIAN_POINT('',(0.43003194,-0.026,-0.03));
#2275=CARTESIAN_POINT('',(0.26762994,-0.026,-0.03));
#2276=CARTESIAN_POINT('',(0.26762994,-0.10625,-0.03));
#2277=CARTESIAN_POINT('',(0.26762994,-0.1675,-0.03));
#2278=CARTESIAN_POINT('',(0.26762994,-0.0614999999999999,-0.03));
#2279=CARTESIAN_POINT('',(0.419218898661793,-0.1675,-0.03));
#2280=CARTESIAN_POINT('',(0.419218898661793,-0.0614999999999999,-0.03));
#2281=CARTESIAN_POINT('',(0.26912994,-0.149249478800615,-0.03));
#2282=CARTESIAN_POINT('',(0.26912994,-0.156610694732782,-0.03));
#2283=CARTESIAN_POINT('',(0.26912994,-0.101795740156559,-0.03));
#2284=CARTESIAN_POINT('',(0.27337994,-0.159064433376838,-0.03));
#2285=CARTESIAN_POINT('',(0.27762994,-0.161518172020894,-0.03));
#2286=CARTESIAN_POINT('',(0.28187994,-0.159064433376838,-0.03));
#2287=CARTESIAN_POINT('',(0.28612994,-0.156610694732782,-0.03));
#2288=CARTESIAN_POINT('',(0.28612994,-0.104249478800614,-0.03));
#2289=CARTESIAN_POINT('',(0.28612994,-0.101795740156558,-0.03));
#2290=CARTESIAN_POINT('',(0.28187994,-0.0993420015125028,-0.03));
#2291=CARTESIAN_POINT('',(0.27762994,-0.0968882628684469,-0.03));
#2292=CARTESIAN_POINT('',(0.27337994,-0.0993420015125027,-0.03));
#2293=CARTESIAN_POINT('',(0.304148757802806,-0.147465991945533,-0.03));
#2294=CARTESIAN_POINT('',(0.371899647492678,-0.0683485718857472,-0.03));
#2295=CARTESIAN_POINT('',(0.400884088066015,-0.0738944353671422,-0.03));
#2296=CARTESIAN_POINT('',(0.43002994,-0.055,-0.03));
#2297=CARTESIAN_POINT('',(0.30414875779788,-0.147465991951286,-0.03));
#2298=CARTESIAN_POINT('',(0.28762994,-0.1675,-0.03));
#2299=CARTESIAN_POINT('',(0.293382597373582,-0.160276369288121,-0.03));
#2300=CARTESIAN_POINT('',(0.298882776961633,-0.153615443563734,-0.03));
#2301=CARTESIAN_POINT('',(0.304148757802806,-0.147465991945533,-0.03));
#2302=CARTESIAN_POINT('',(0.28762994,-0.1675,-0.03));
#2303=CARTESIAN_POINT('',(0.27762994,-0.1675,-0.03));
#2304=CARTESIAN_POINT('',(0.26762994,-0.1675,-0.03));
#2305=CARTESIAN_POINT('',(0.26762994,-0.10625,-0.03));
#2306=CARTESIAN_POINT('',(0.26912994,0.0990549924277474,-0.03125));
#2307=CARTESIAN_POINT('',(0.26912994,0.159351442461594,-0.03125));
#2308=CARTESIAN_POINT('',(0.26912994,0.0990549924277474,-0.00375));
#2309=CARTESIAN_POINT('',(0.26912994,0.159351442461594,-0.00375));
#2310=CARTESIAN_POINT('',(0.26912994,0.156610694732782,-0.03));
#2311=CARTESIAN_POINT('',(0.26912994,0.156610694732782,-0.005));
#2312=CARTESIAN_POINT('',(0.26912994,0.12920321744467,-0.005));
#2313=CARTESIAN_POINT('',(0.26912994,0.101795740156559,-0.005));
#2314=CARTESIAN_POINT('',(0.26912994,0.101795740156559,-0.03));
#2315=CARTESIAN_POINT('',(0.27805494,0.1617635458853,-0.03125));
#2316=CARTESIAN_POINT('',(0.27805494,0.1617635458853,-0.00375000000000007));
#2317=CARTESIAN_POINT('',(0.26870494,0.156365320868377,-0.03125));
#2318=CARTESIAN_POINT('',(0.26870494,0.156365320868377,-0.00375000000000007));
#2319=CARTESIAN_POINT('',(0.27762994,0.161518172020894,-0.03));
#2320=CARTESIAN_POINT('',(0.27762994,0.161518172020894,-0.005));
#2321=CARTESIAN_POINT('',(0.27337994,0.159064433376838,-0.005));
#2322=CARTESIAN_POINT('',(0.28655494,0.156365320868376,-0.03125));
#2323=CARTESIAN_POINT('',(0.28655494,0.156365320868376,-0.00374999999999988));
#2324=CARTESIAN_POINT('',(0.27720494,0.1617635458853,-0.03125));
#2325=CARTESIAN_POINT('',(0.27720494,0.1617635458853,-0.00374999999999988));
#2326=CARTESIAN_POINT('',(0.28187994,0.159064433376838,-0.005));
#2327=CARTESIAN_POINT('',(0.27720494,0.0966428890040413,-0.03125));
#2328=CARTESIAN_POINT('',(0.27720494,0.0966428890040413,-0.00374999999999998));
#2329=CARTESIAN_POINT('',(0.28655494,0.102041114020964,-0.03125));
#2330=CARTESIAN_POINT('',(0.28655494,0.102041114020964,-0.00374999999999998));
#2331=CARTESIAN_POINT('',(0.27762994,0.0968882628684469,-0.03));
#2332=CARTESIAN_POINT('',(0.27762994,0.0968882628684469,-0.005));
#2333=CARTESIAN_POINT('',(0.28187994,0.0993420015125028,-0.005));
#2334=CARTESIAN_POINT('',(0.26912994,-0.159351442461594,-0.0195));
#2335=CARTESIAN_POINT('',(0.26912994,-0.0990549924277474,-0.0195));
#2336=CARTESIAN_POINT('',(0.26912994,-0.159351442461594,-0.0305));
#2337=CARTESIAN_POINT('',(0.26912994,-0.0990549924277474,-0.0305));
#2338=CARTESIAN_POINT('',(0.26912994,-0.12920321744467,-0.02));
#2339=CARTESIAN_POINT('',(0.26912994,-0.156610694732782,-0.02));
#2340=CARTESIAN_POINT('',(0.26912994,-0.101795740156559,-0.02));
#2341=CARTESIAN_POINT('',(0.26912994,-0.156610694732782,-0.03));
#2342=CARTESIAN_POINT('',(0.26912994,-0.101795740156559,-0.03));
#2343=CARTESIAN_POINT('',(0.26870494,-0.102041114020964,-0.0305));
#2344=CARTESIAN_POINT('',(0.26870494,-0.102041114020964,-0.0195));
#2345=CARTESIAN_POINT('',(0.27805494,-0.0966428890040412,-0.0305));
#2346=CARTESIAN_POINT('',(0.27805494,-0.0966428890040412,-0.0195));
#2347=CARTESIAN_POINT('',(0.27337994,-0.0993420015125027,-0.02));
#2348=CARTESIAN_POINT('',(0.27762994,-0.0968882628684469,-0.02));
#2349=CARTESIAN_POINT('',(0.27762994,-0.0968882628684469,-0.03));
#2350=CARTESIAN_POINT('',(0.27720494,-0.0966428890040413,-0.0305));
#2351=CARTESIAN_POINT('',(0.27720494,-0.0966428890040413,-0.0195));
#2352=CARTESIAN_POINT('',(0.28655494,-0.102041114020964,-0.0305));
#2353=CARTESIAN_POINT('',(0.28655494,-0.102041114020964,-0.0195));
#2354=CARTESIAN_POINT('',(0.28187994,-0.0993420015125028,-0.02));
#2355=CARTESIAN_POINT('',(0.28612994,-0.101795740156558,-0.02));
#2356=CARTESIAN_POINT('',(0.28612994,-0.101795740156558,-0.03));
#2357=CARTESIAN_POINT('',(0.28612994,-0.159351442461593,-0.0305));
#2358=CARTESIAN_POINT('',(0.28612994,-0.0990549924277472,-0.0305));
#2359=CARTESIAN_POINT('',(0.28612994,-0.159351442461593,-0.0195));
#2360=CARTESIAN_POINT('',(0.28612994,-0.0990549924277472,-0.0195));
#2361=CARTESIAN_POINT('',(0.28612994,-0.109156956088726,-0.02));
#2362=CARTESIAN_POINT('',(0.28612994,-0.156610694732782,-0.02));
#2363=CARTESIAN_POINT('',(0.28612994,-0.156610694732782,-0.03));
#2364=CARTESIAN_POINT('',(0.28655494,-0.156365320868376,-0.0305));
#2365=CARTESIAN_POINT('',(0.28655494,-0.156365320868376,-0.0195));
#2366=CARTESIAN_POINT('',(0.27720494,-0.1617635458853,-0.0305));
#2367=CARTESIAN_POINT('',(0.27720494,-0.1617635458853,-0.0195));
#2368=CARTESIAN_POINT('',(0.28187994,-0.159064433376838,-0.02));
#2369=CARTESIAN_POINT('',(0.27762994,-0.161518172020894,-0.02));
#2370=CARTESIAN_POINT('',(0.27762994,-0.161518172020894,-0.03));
#2371=CARTESIAN_POINT('',(0.26662994,-0.1675,-0.03075));
#2372=CARTESIAN_POINT('',(0.28862994,-0.1675,-0.03075));
#2373=CARTESIAN_POINT('',(0.26662994,-0.1675,-0.01425));
#2374=CARTESIAN_POINT('',(0.28862994,-0.1675,-0.01425));
#2375=CARTESIAN_POINT('',(0.27762994,-0.1675,-0.015));
#2376=CARTESIAN_POINT('',(0.28762994,-0.1675,-0.015));
#2377=CARTESIAN_POINT('',(0.26762994,-0.1675,-0.015));
#2378=CARTESIAN_POINT('',(0.26762994,-0.1675,-0.03));
#2379=CARTESIAN_POINT('',(0.28762994,-0.1675,-0.03));
#2380=CARTESIAN_POINT('',(0.28762994,-0.1675,-0.03));
#2381=CARTESIAN_POINT('',(0.28762994,-0.1675,-0.015));
#2382=CARTESIAN_POINT('',(0.293382597373582,-0.160276369288121,-0.03));
#2383=CARTESIAN_POINT('',(0.293382597373582,-0.160276369288121,-0.015));
#2384=CARTESIAN_POINT('',(0.298882776961633,-0.153615443563734,-0.03));
#2385=CARTESIAN_POINT('',(0.298882776961633,-0.153615443563734,-0.015));
#2386=CARTESIAN_POINT('',(0.304148757802806,-0.147465991945533,-0.03));
#2387=CARTESIAN_POINT('',(0.304148757802806,-0.147465991945533,-0.015));
#2388=CARTESIAN_POINT('',(0.28762994,-0.1675,-0.015));
#2389=CARTESIAN_POINT('',(0.293382597373582,-0.160276369288121,-0.015));
#2390=CARTESIAN_POINT('',(0.298882776961633,-0.153615443563734,-0.015));
#2391=CARTESIAN_POINT('',(0.304148757802806,-0.147465991945533,-0.015));
#2392=CARTESIAN_POINT('',(0.30414875779788,-0.147465991951286,-0.015));
#2393=CARTESIAN_POINT('',(0.30414875779788,-0.147465991951286,-0.03));
#2394=CARTESIAN_POINT('',(0.304148757802806,-0.147465991945533,-0.0495));
#2395=CARTESIAN_POINT('',(0.304148757802806,-0.147465991945533,0.015));
#2396=CARTESIAN_POINT('',(0.371899647492678,-0.0683485718857472,-0.0495));
#2397=CARTESIAN_POINT('',(0.371899647492678,-0.0683485718857472,0.015));
#2398=CARTESIAN_POINT('',(0.400884088066015,-0.0738944353671422,-0.0495));
#2399=CARTESIAN_POINT('',(0.400884088066015,-0.0738944353671422,0.015));
#2400=CARTESIAN_POINT('',(0.43002994,-0.055,-0.0495));
#2401=CARTESIAN_POINT('',(0.43002994,-0.055,0.015));
#2402=CARTESIAN_POINT('',(0.304148757802806,-0.147465991945533,-0.018));
#2403=CARTESIAN_POINT('',(0.371899647492678,-0.0683485718857472,-0.018));
#2404=CARTESIAN_POINT('',(0.400884088066015,-0.0738944353671422,-0.018));
#2405=CARTESIAN_POINT('',(0.43002994,-0.055,-0.018));
#2406=CARTESIAN_POINT('',(0.43002994,-0.055,-0.03));
#2407=CARTESIAN_POINT('',(0.43002994,-0.055,0.0114472303539515));
#2408=CARTESIAN_POINT('',(0.43002994,-0.055,-0.03));
#2409=CARTESIAN_POINT('',(0.43002994,-0.055,0.015));
#2410=CARTESIAN_POINT('',(0.304148757802806,-0.147465991945533,0.015));
#2411=CARTESIAN_POINT('',(0.371899647492678,-0.0683485718857472,0.015));
#2412=CARTESIAN_POINT('',(0.400884088066015,-0.0738944353671422,0.015));
#2413=CARTESIAN_POINT('',(0.43002994,-0.055,0.015));
#2414=CARTESIAN_POINT('',(0.30414875779788,-0.147465991951286,0.015));
#2415=CARTESIAN_POINT('',(0.30414875779788,-0.147465991951286,0.015002));
#2416=CARTESIAN_POINT('',(0.427634243809984,-0.0565,-0.055));
#2417=CARTESIAN_POINT('',(0.43002994,-0.055,0.0114472303539515));
#2418=CARTESIAN_POINT('',(0.43002994,0.055,0.0114472303539515));
#2419=CARTESIAN_POINT('',(0.43002994,-0.055,0.015));
#2420=CARTESIAN_POINT('',(0.43002994,0.055,0.015));
#2421=CARTESIAN_POINT('',(0.43002994,2.77555756156289E-17,0.0114472303539515));
#2422=CARTESIAN_POINT('',(0.43002994,-0.05275,0.015));
#2423=CARTESIAN_POINT('',(0.28762994,0.1675,-0.03));
#2424=CARTESIAN_POINT('',(0.28762994,0.1675,-4.33680868994202E-19));
#2425=CARTESIAN_POINT('',(0.292742168171265,0.161080558335756,-0.03));
#2426=CARTESIAN_POINT('',(0.292742168171266,0.161080558335756,-4.33680868994202E-19));
#2427=CARTESIAN_POINT('',(0.297655004854674,0.155105506598511,-0.03));
#2428=CARTESIAN_POINT('',(0.297655004854674,0.155105506598511,-4.33680868994202E-19));
#2429=CARTESIAN_POINT('',(0.302381278628067,0.149538889978976,-0.03));
#2430=CARTESIAN_POINT('',(0.302381278628067,0.149538889978976,-4.33680868994202E-19));
#2431=CARTESIAN_POINT('',(0.28762994,0.1675,-0.03));
#2432=CARTESIAN_POINT('',(0.28762994,0.1675,0.));
#2433=CARTESIAN_POINT('',(0.28762994,0.1675,0.));
#2434=CARTESIAN_POINT('',(0.292742168171266,0.161080558335756,0.));
#2435=CARTESIAN_POINT('',(0.297655004854674,0.155105506598511,0.));
#2436=CARTESIAN_POINT('',(0.302381278628067,0.149538889978976,0.));
#2437=CARTESIAN_POINT('',(0.26662994,0.1675,-0.0315));
#2438=CARTESIAN_POINT('',(0.26662994,0.1675,0.0015));
#2439=CARTESIAN_POINT('',(0.28862994,0.1675,-0.0315));
#2440=CARTESIAN_POINT('',(0.28862994,0.1675,0.0015));
#2441=CARTESIAN_POINT('',(0.26762994,0.1675,-0.03));
#2442=CARTESIAN_POINT('',(0.26762994,0.1675,0.));
#2443=CARTESIAN_POINT('',(0.27762994,0.1675,0.));
#2444=CARTESIAN_POINT('',(0.36939869,0.0206375,-0.03));
#2445=CARTESIAN_POINT('',(0.36939869,0.0206375,0.015));
#2446=CARTESIAN_POINT('',(0.36939869,0.0254,-0.03));
#2447=CARTESIAN_POINT('',(0.36939869,0.0254,0.015));
#2448=CARTESIAN_POINT('',(0.36463619,0.0254,-0.03));
#2449=CARTESIAN_POINT('',(0.36463619,0.0254,0.015));
#2450=CARTESIAN_POINT('',(0.36463619,0.0206375,-0.03));
#2451=CARTESIAN_POINT('',(0.36463619,0.0206375,0.015));
#2452=CARTESIAN_POINT('',(0.36701744,0.0206375,0.015));
#2453=CARTESIAN_POINT('',(0.37892369,0.0206375,-0.03));
#2454=CARTESIAN_POINT('',(0.37892369,0.0206375,0.015));
#2455=CARTESIAN_POINT('',(0.37892369,0.0254,-0.03));
#2456=CARTESIAN_POINT('',(0.37892369,0.0254,0.015));
#2457=CARTESIAN_POINT('',(0.37416119,0.0254,-0.03));
#2458=CARTESIAN_POINT('',(0.37416119,0.0254,0.015));
#2459=CARTESIAN_POINT('',(0.37416119,0.0206375,-0.03));
#2460=CARTESIAN_POINT('',(0.37416119,0.0206375,0.015));
#2461=CARTESIAN_POINT('',(0.37654244,0.0206375,0.015));
#2462=CARTESIAN_POINT('',(0.37892369,-0.0206375,-0.03));
#2463=CARTESIAN_POINT('',(0.37892369,-0.0206375,0.015));
#2464=CARTESIAN_POINT('',(0.37892369,-0.015875,-0.03));
#2465=CARTESIAN_POINT('',(0.37892369,-0.015875,0.015));
#2466=CARTESIAN_POINT('',(0.37416119,-0.015875,-0.03));
#2467=CARTESIAN_POINT('',(0.37416119,-0.015875,0.015));
#2468=CARTESIAN_POINT('',(0.37416119,-0.0206375,-0.03));
#2469=CARTESIAN_POINT('',(0.37416119,-0.0206375,0.015));
#2470=CARTESIAN_POINT('',(0.37654244,-0.0206375,0.015));
#2471=CARTESIAN_POINT('',(0.36939869,-0.0206375,-0.03));
#2472=CARTESIAN_POINT('',(0.36939869,-0.0206375,0.015));
#2473=CARTESIAN_POINT('',(0.36939869,-0.015875,-0.03));
#2474=CARTESIAN_POINT('',(0.36939869,-0.015875,0.015));
#2475=CARTESIAN_POINT('',(0.36463619,-0.015875,-0.03));
#2476=CARTESIAN_POINT('',(0.36463619,-0.015875,0.015));
#2477=CARTESIAN_POINT('',(0.36463619,-0.0206375,-0.03));
#2478=CARTESIAN_POINT('',(0.36463619,-0.0206375,0.015));
#2479=CARTESIAN_POINT('',(0.36701744,-0.0206375,0.015));
#2480=CARTESIAN_POINT('',(0.31542369,-0.0206375,-0.03));
#2481=CARTESIAN_POINT('',(0.31542369,-0.0206375,0.015));
#2482=CARTESIAN_POINT('',(0.31542369,-0.015875,-0.03));
#2483=CARTESIAN_POINT('',(0.31542369,-0.015875,0.015));
#2484=CARTESIAN_POINT('',(0.31066119,-0.015875,-0.03));
#2485=CARTESIAN_POINT('',(0.31066119,-0.015875,0.015));
#2486=CARTESIAN_POINT('',(0.31066119,-0.0206375,-0.03));
#2487=CARTESIAN_POINT('',(0.31066119,-0.0206375,0.015));
#2488=CARTESIAN_POINT('',(0.31304244,-0.0206375,0.015));
#2489=CARTESIAN_POINT('',(0.26870494,0.102041114020964,-0.03125));
#2490=CARTESIAN_POINT('',(0.26870494,0.102041114020964,-0.00374999999999998));
#2491=CARTESIAN_POINT('',(0.27805494,0.0966428890040412,-0.03125));
#2492=CARTESIAN_POINT('',(0.27805494,0.0966428890040412,-0.00374999999999998));
#2493=CARTESIAN_POINT('',(0.27337994,0.0993420015125027,-0.005));
#2494=CARTESIAN_POINT('',(0.27805494,-0.1617635458853,-0.0305));
#2495=CARTESIAN_POINT('',(0.27805494,-0.1617635458853,-0.0195));
#2496=CARTESIAN_POINT('',(0.26870494,-0.156365320868377,-0.0305));
#2497=CARTESIAN_POINT('',(0.26870494,-0.156365320868377,-0.0195));
#2498=CARTESIAN_POINT('',(0.27337994,-0.159064433376838,-0.02));
#2499=CARTESIAN_POINT('',(0.26762994,-0.18425,-0.051975));
#2500=CARTESIAN_POINT('',(0.26762994,0.18425,-0.051975));
#2501=CARTESIAN_POINT('',(0.26762994,-0.18425,0.00247499999999999));
#2502=CARTESIAN_POINT('',(0.26762994,0.18425,0.00247499999999999));
#2503=CARTESIAN_POINT('',(0.26762994,0.026,-0.03075));
#2504=CARTESIAN_POINT('',(0.26762994,0.026,-0.0495));
#2505=CARTESIAN_POINT('',(0.26762994,-0.026,-0.03075));
#2506=CARTESIAN_POINT('',(0.26762994,-0.10625,-0.015));
#2507=CARTESIAN_POINT('',(0.26762994,0.09,-0.015));
#2508=CARTESIAN_POINT('',(0.26762994,0.09,0.));
#2509=CARTESIAN_POINT('',(0.26762994,0.09,0.));
#2510=CARTESIAN_POINT('',(0.26762994,0.12875,0.));
#2511=CARTESIAN_POINT('',(0.26762994,0.04375,-0.0495));
#2512=CARTESIAN_POINT('',(0.26762994,-0.04375,-0.0435));
#2513=CARTESIAN_POINT('',(0.26762994,-0.031,-0.0435));
#2514=CARTESIAN_POINT('',(0.26762994,-0.031,-0.03075));
#2515=CARTESIAN_POINT('',(0.26762994,-0.031,-0.018));
#2516=CARTESIAN_POINT('',(0.26762994,-0.04375,-0.018));
#2517=CARTESIAN_POINT('',(0.26762994,0.031,-0.03075));
#2518=CARTESIAN_POINT('',(0.26762994,0.031,-0.0435));
#2519=CARTESIAN_POINT('',(0.26762994,0.031,-0.018));
#2520=CARTESIAN_POINT('',(0.26762994,0.04375,-0.0435));
#2521=CARTESIAN_POINT('',(0.26762994,0.04375,-0.018));
#2522=CARTESIAN_POINT('',(0.31542369,0.0206375,-0.03));
#2523=CARTESIAN_POINT('',(0.31542369,0.0206375,0.015));
#2524=CARTESIAN_POINT('',(0.31542369,0.0254,-0.03));
#2525=CARTESIAN_POINT('',(0.31542369,0.0254,0.015));
#2526=CARTESIAN_POINT('',(0.31066119,0.0254,-0.03));
#2527=CARTESIAN_POINT('',(0.31066119,0.0254,0.015));
#2528=CARTESIAN_POINT('',(0.31066119,0.0206375,-0.03));
#2529=CARTESIAN_POINT('',(0.31066119,0.0206375,0.015));
#2530=CARTESIAN_POINT('',(0.31304244,0.0206375,0.015));
#2531=CARTESIAN_POINT('',(0.357122263193131,0.0615,-0.03));
#2532=CARTESIAN_POINT('',(0.357122263193131,0.0952604641266122,-0.03));
#2533=CARTESIAN_POINT('',(0.418681944722667,0.0615,-0.03));
#2534=CARTESIAN_POINT('',(0.418681944722667,0.0952604641266122,-0.03));
#2535=CARTESIAN_POINT('',(0.357122263193131,0.0665650599598885,-0.03));
#2536=CARTESIAN_POINT('',(0.263155323840343,-0.180375,-0.015));
#2537=CARTESIAN_POINT('',(0.263155323840343,0.102875,-0.015));
#2538=CARTESIAN_POINT('',(0.361596879352787,-0.180375,-0.015));
#2539=CARTESIAN_POINT('',(0.361596879352787,0.102875,-0.015));
#2540=CARTESIAN_POINT('',(0.27912226319313,0.,-0.015));
#2541=CARTESIAN_POINT('',(0.27912226319313,0.09,-0.015));
#2542=CARTESIAN_POINT('',(0.27762994,0.09,-0.015));
#2543=CARTESIAN_POINT('',(0.29588934889894,-0.131599815077076,-0.015));
#2544=CARTESIAN_POINT('',(0.318122263193131,0.0375650599598885,-0.015));
#2545=CARTESIAN_POINT('',(0.357122263193131,0.0375650599598885,-0.015));
#2546=CARTESIAN_POINT('',(0.357122263193131,0.0665650599598885,-0.015));
#2547=CARTESIAN_POINT('',(0.272535400655342,-0.12920321744467,-0.015));
#2548=CARTESIAN_POINT('',(0.272535400655342,-0.106939159949823,-0.015));
#2549=CARTESIAN_POINT('',(0.272535400655342,-0.151467274939518,-0.015));
#2550=CARTESIAN_POINT('',(0.277629939999984,-0.10670321744467,-0.015));
#2551=CARTESIAN_POINT('',(0.282729939999969,-0.10670321744467,-0.015));
#2552=CARTESIAN_POINT('',(0.277629939999984,-0.10670321744467,-0.015));
#2553=CARTESIAN_POINT('',(0.282729416506274,-0.10677628838253,-0.015));
#2554=CARTESIAN_POINT('',(0.28272945610982,-0.110175115269782,-0.015));
#2555=CARTESIAN_POINT('',(0.282729939999957,-0.151703187731759,-0.015));
#2556=CARTESIAN_POINT('',(0.27762994,-0.15170321744467,-0.015));
#2557=CARTESIAN_POINT('',(0.28862994,0.09,-0.01575));
#2558=CARTESIAN_POINT('',(0.28862994,0.09,0.000750000000000001));
#2559=CARTESIAN_POINT('',(0.26662994,0.09,-0.01575));
#2560=CARTESIAN_POINT('',(0.26662994,0.09,0.000750000000000001));
#2561=CARTESIAN_POINT('',(0.27912226319313,0.09,0.));
#2562=CARTESIAN_POINT('',(0.27912226319313,0.09,-0.005));
#2563=CARTESIAN_POINT('',(0.27762994,0.09,-0.005));
#2564=CARTESIAN_POINT('',(0.27762994,0.09,0.));
#2565=CARTESIAN_POINT('',(0.265881947667008,0.086125,0.));
#2566=CARTESIAN_POINT('',(0.265881947667008,0.171375,0.));
#2567=CARTESIAN_POINT('',(0.304337778992828,0.086125,0.));
#2568=CARTESIAN_POINT('',(0.304337778992828,0.171375,0.));
#2569=CARTESIAN_POINT('',(0.295005609313258,0.133441917824989,0.));
#2570=CARTESIAN_POINT('',(0.272535400655342,0.12920321744467,0.));
#2571=CARTESIAN_POINT('',(0.272535400655342,0.106939159949824,0.));
#2572=CARTESIAN_POINT('',(0.272535400655342,0.151467274939517,0.));
#2573=CARTESIAN_POINT('',(0.277629939999998,0.15170321744467,0.));
#2574=CARTESIAN_POINT('',(0.282729939999956,0.151703187731759,0.));
#2575=CARTESIAN_POINT('',(0.28272945610982,0.110175115269782,0.));
#2576=CARTESIAN_POINT('',(0.282729416506274,0.10677628838253,0.));
#2577=CARTESIAN_POINT('',(0.277629939999998,0.10670321744467,0.));
#2578=CARTESIAN_POINT('',(0.282729939999998,0.10670321744467,0.));
#2579=CARTESIAN_POINT('',(0.277629939999998,0.10670321744467,0.));
#2580=CARTESIAN_POINT('',(0.304974698687774,-0.149052609638707,-0.0165));
#2581=CARTESIAN_POINT('',(0.304974698687774,-0.149052609638707,0.0165));
#2582=CARTESIAN_POINT('',(0.286803999110106,-0.114147020515445,-0.0165));
#2583=CARTESIAN_POINT('',(0.286803999110106,-0.114147020515445,0.0165));
#2584=CARTESIAN_POINT('',(0.29588934889894,-0.131599815077076,0.015));
#2585=CARTESIAN_POINT('',(0.303118845557399,0.151148587195416,-0.000749999999999975));
#2586=CARTESIAN_POINT('',(0.303118845557399,0.151148587195416,0.01575));
#2587=CARTESIAN_POINT('',(0.286892373068695,0.115735248453639,-0.000749999999999975));
#2588=CARTESIAN_POINT('',(0.286892373068695,0.115735248453639,0.01575));
#2589=CARTESIAN_POINT('',(0.295005609313258,0.133441917824989,0.015));
#2590=CARTESIAN_POINT('',(0.28050994,-0.164276468268539,0.015));
#2591=CARTESIAN_POINT('',(0.28050994,0.166349366296229,0.015));
#2592=CARTESIAN_POINT('',(0.43714994,-0.164276468268539,0.015));
#2593=CARTESIAN_POINT('',(0.43714994,0.166349366296229,0.015));
#2594=CARTESIAN_POINT('',(0.25950994,-0.031,-0.016725));
#2595=CARTESIAN_POINT('',(0.43814994,-0.031,-0.016725));
#2596=CARTESIAN_POINT('',(0.25950994,-0.031,-0.044775));
#2597=CARTESIAN_POINT('',(0.43814994,-0.031,-0.044775));
#2598=CARTESIAN_POINT('',(0.43862994,-0.031,-0.018));
#2599=CARTESIAN_POINT('',(0.43003194,-0.031,-0.0435));
#2600=CARTESIAN_POINT('',(0.25950994,-0.0297249999999999,-0.018));
#2601=CARTESIAN_POINT('',(0.43814994,-0.0297249999999999,-0.018));
#2602=CARTESIAN_POINT('',(0.25950994,-0.057775000000003,-0.018));
#2603=CARTESIAN_POINT('',(0.43814994,-0.057775000000003,-0.018));
#2604=CARTESIAN_POINT('',(0.25950994,0.031,-0.016725));
#2605=CARTESIAN_POINT('',(0.43814994,0.031,-0.016725));
#2606=CARTESIAN_POINT('',(0.25950994,0.031,-0.044775));
#2607=CARTESIAN_POINT('',(0.43814994,0.031,-0.044775));
#2608=CARTESIAN_POINT('',(0.43003194,0.031,-0.0435));
#2609=CARTESIAN_POINT('',(0.43862994,0.031,-0.018));
#2610=CARTESIAN_POINT('',(0.25950994,0.0577750000000006,-0.018));
#2611=CARTESIAN_POINT('',(0.43814994,0.0577750000000006,-0.018));
#2612=CARTESIAN_POINT('',(0.25950994,0.029725,-0.018));
#2613=CARTESIAN_POINT('',(0.43814994,0.029725,-0.018));
#2614=CARTESIAN_POINT('',(0.25950994,0.026,-0.029025));
#2615=CARTESIAN_POINT('',(0.43814994,0.026,-0.029025));
#2616=CARTESIAN_POINT('',(0.25950994,0.026,-0.050475));
#2617=CARTESIAN_POINT('',(0.43814994,0.026,-0.050475));
#2618=CARTESIAN_POINT('',(0.43003194,0.026,-0.0495));
#2619=CARTESIAN_POINT('',(0.25950994,0.0242249999999933,-0.0495));
#2620=CARTESIAN_POINT('',(0.25950994,0.0632750000001409,-0.0495));
#2621=CARTESIAN_POINT('',(0.43814994,0.0242249999999933,-0.0495));
#2622=CARTESIAN_POINT('',(0.43814994,0.0632750000001409,-0.0495));
#2623=CARTESIAN_POINT('',(0.43003194,0.0565,-0.0495));
#2624=CARTESIAN_POINT('',(0.25950994,0.029725,-0.0435));
#2625=CARTESIAN_POINT('',(0.25950994,0.057775,-0.0435));
#2626=CARTESIAN_POINT('',(0.43814994,0.029725,-0.0435));
#2627=CARTESIAN_POINT('',(0.43814994,0.057775,-0.0435));
#2628=CARTESIAN_POINT('',(0.43003194,0.0565,-0.0435));
#2629=CARTESIAN_POINT('',(0.25950994,-0.026,-0.029025));
#2630=CARTESIAN_POINT('',(0.43814994,-0.026,-0.029025));
#2631=CARTESIAN_POINT('',(0.25950994,-0.026,-0.050475));
#2632=CARTESIAN_POINT('',(0.43814994,-0.026,-0.050475));
#2633=CARTESIAN_POINT('',(0.25950994,-0.057775,-0.0435));
#2634=CARTESIAN_POINT('',(0.25950994,-0.029725,-0.0435));
#2635=CARTESIAN_POINT('',(0.43814994,-0.057775,-0.0435));
#2636=CARTESIAN_POINT('',(0.43814994,-0.029725,-0.0435));
#2637=CARTESIAN_POINT('',(0.43003194,-0.0565,-0.0435));
#2638=CARTESIAN_POINT('',(0.27912226319313,0.0597967470020056,-0.03125));
#2639=CARTESIAN_POINT('',(0.27912226319313,0.0972683129578829,-0.03125));
#2640=CARTESIAN_POINT('',(0.27912226319313,0.0597967470020056,-0.00375));
#2641=CARTESIAN_POINT('',(0.27912226319313,0.0972683129578829,-0.00375));
#2642=CARTESIAN_POINT('',(0.27912226319313,0.0955650599598885,-0.005));
#2643=CARTESIAN_POINT('',(0.27912226319313,0.0955650599598885,-0.005));
#2644=CARTESIAN_POINT('',(0.27912226319313,0.0665650599598885,-0.005));
#2645=CARTESIAN_POINT('',(0.284155323840343,0.0375650599598885,-0.0155));
#2646=CARTESIAN_POINT('',(0.360596879352787,0.0375650599598885,-0.0155));
#2647=CARTESIAN_POINT('',(0.284155323840343,0.0375650599598885,-0.0045));
#2648=CARTESIAN_POINT('',(0.360596879352787,0.0375650599598885,-0.0045));
#2649=CARTESIAN_POINT('',(0.318122263193131,0.0375650599598885,-0.005));
#2650=CARTESIAN_POINT('',(0.357122263193131,0.0375650599598885,-0.005));
#2651=CARTESIAN_POINT('',(0.357122263193131,0.0375650599598885,-0.005));
#2652=CARTESIAN_POINT('',(0.275222263193128,0.0984650599598892,-0.005));
#2653=CARTESIAN_POINT('',(0.275222263193128,0.0346650599598884,-0.005));
#2654=CARTESIAN_POINT('',(0.361022263193191,0.0984650599598892,-0.005));
#2655=CARTESIAN_POINT('',(0.361022263193191,0.0346650599598884,-0.005));
#2656=CARTESIAN_POINT('',(0.318122263193131,0.0955650599598885,-0.005));
#2657=CARTESIAN_POINT('',(0.357122263193131,0.0665650599598885,-0.005));
#2658=CARTESIAN_POINT('',(0.275254488753711,0.0955650599598885,-0.03125));
#2659=CARTESIAN_POINT('',(0.360345526420943,0.0955650599598885,-0.03125));
#2660=CARTESIAN_POINT('',(0.275254488753711,0.0955650599598885,-0.00375));
#2661=CARTESIAN_POINT('',(0.360345526420943,0.0955650599598885,-0.00375));
#2662=CARTESIAN_POINT('',(0.357122263193131,0.0346903574843936,-0.03125));
#2663=CARTESIAN_POINT('',(0.357122263193131,0.09793381194528,-0.03125));
#2664=CARTESIAN_POINT('',(0.357122263193131,0.0346903574843936,-0.00375));
#2665=CARTESIAN_POINT('',(0.357122263193131,0.09793381194528,-0.00375));
#2666=CARTESIAN_POINT('',(0.43212994,-0.0605,0.0114472303539515));
#2667=CARTESIAN_POINT('',(0.43212994,0.0605,0.0114472303539515));
#2668=CARTESIAN_POINT('',(0.38592994,-0.0605,0.0114472303539515));
#2669=CARTESIAN_POINT('',(0.38592994,0.0605,0.0114472303539515));
#2670=CARTESIAN_POINT('',(0.38802994,-0.055,0.0114472303539515));
#2671=CARTESIAN_POINT('',(0.38802994,-0.055,0.0114472303539515));
#2672=CARTESIAN_POINT('',(0.38802994,2.77555756156289E-17,0.0114472303539515));
#2673=CARTESIAN_POINT('',(0.38802994,0.055,0.0114472303539515));
#2674=CARTESIAN_POINT('',(0.38802994,0.055,0.0114472303539515));
#2675=CARTESIAN_POINT('',(0.38592994,-0.055,-0.0115098902024329));
#2676=CARTESIAN_POINT('',(0.43212994,-0.055,-0.0115098902024329));
#2677=CARTESIAN_POINT('',(0.38592994,-0.055,0.0125404265709221));
#2678=CARTESIAN_POINT('',(0.43212994,-0.055,0.0125404265709221));
#2679=CARTESIAN_POINT('',(0.38802994,-0.055,-0.0104166939854622));
#2680=CARTESIAN_POINT('',(0.38802994,-0.055,-0.0104166939854622));
#2681=CARTESIAN_POINT('',(0.38802994,-0.055,-0.03));
#2682=CARTESIAN_POINT('',(0.43212994,-0.0605,-0.0104166939854622));
#2683=CARTESIAN_POINT('',(0.43212994,0.0605,-0.0104166939854622));
#2684=CARTESIAN_POINT('',(0.38592994,-0.0605,-0.0104166939854622));
#2685=CARTESIAN_POINT('',(0.38592994,0.0605,-0.0104166939854622));
#2686=CARTESIAN_POINT('',(0.38802994,0.055,-0.0104166939854622));
#2687=CARTESIAN_POINT('',(0.38802994,0.055,-0.0104166939854622));
#2688=CARTESIAN_POINT('',(0.38802994,2.77555756156289E-17,-0.0104166939854622));
#2689=CARTESIAN_POINT('',(0.38592994,0.055,-0.0115098902024329));
#2690=CARTESIAN_POINT('',(0.43212994,0.055,-0.0115098902024329));
#2691=CARTESIAN_POINT('',(0.38592994,0.055,0.0125404265709221));
#2692=CARTESIAN_POINT('',(0.43212994,0.055,0.0125404265709221));
#2693=CARTESIAN_POINT('',(0.38802994,0.055,-0.03));
#2694=CARTESIAN_POINT('',(0.38802994,-0.0605,-0.0115098902024329));
#2695=CARTESIAN_POINT('',(0.38802994,-0.0605,0.0125404265709221));
#2696=CARTESIAN_POINT('',(0.38802994,0.0605,-0.0115098902024329));
#2697=CARTESIAN_POINT('',(0.38802994,0.0605,0.0125404265709221));
#2698=CARTESIAN_POINT('',(0.427514459000483,-0.0565,-0.0498));
#2699=CARTESIAN_POINT('',(0.430149724809501,-0.0565,-0.0498));
#2700=CARTESIAN_POINT('',(0.427514459000483,-0.0565,-0.0432));
#2701=CARTESIAN_POINT('',(0.430149724809501,-0.0565,-0.0432));
#2702=CARTESIAN_POINT('',(0.427514459000484,0.0565,-0.0498));
#2703=CARTESIAN_POINT('',(0.430149724809501,0.0565,-0.0498));
#2704=CARTESIAN_POINT('',(0.427514459000484,0.0565,-0.0432));
#2705=CARTESIAN_POINT('',(0.430149724809501,0.0565,-0.0432));
#2706=CARTESIAN_POINT('',(0.272535400655342,-0.153693680689003,-0.02025));
#2707=CARTESIAN_POINT('',(0.272535400655342,-0.104712754200338,-0.02025));
#2708=CARTESIAN_POINT('',(0.272535400655342,-0.153693680689003,-0.01475));
#2709=CARTESIAN_POINT('',(0.272535400655342,-0.104712754200338,-0.01475));
#2710=CARTESIAN_POINT('',(0.272535400655342,-0.151467274939518,-0.02));
#2711=CARTESIAN_POINT('',(0.272535400655342,-0.151467274939518,-0.02));
#2712=CARTESIAN_POINT('',(0.272535400655342,-0.12920321744467,-0.02));
#2713=CARTESIAN_POINT('',(0.272535400655342,-0.106939159949823,-0.02));
#2714=CARTESIAN_POINT('',(0.272535400655342,-0.106939159949823,-0.02));
#2715=CARTESIAN_POINT('',(0.282729416506243,-0.10677628838253,-0.02));
#2716=CARTESIAN_POINT('',(0.282729416506243,-0.10677628838253,-0.015));
#2717=CARTESIAN_POINT('',(0.282773256142397,-0.103716806717742,-0.02));
#2718=CARTESIAN_POINT('',(0.282773256142397,-0.103716806717742,-0.015));
#2719=CARTESIAN_POINT('',(0.280607872087248,-0.101554987607691,-0.02));
#2720=CARTESIAN_POINT('',(0.280607872087248,-0.101554987607691,-0.015));
#2721=CARTESIAN_POINT('',(0.277548466809613,-0.101603868258834,-0.02));
#2722=CARTESIAN_POINT('',(0.277548466809613,-0.101603868258834,-0.015));
#2723=CARTESIAN_POINT('',(0.274489061531979,-0.101652748909977,-0.02));
#2724=CARTESIAN_POINT('',(0.274489061531979,-0.101652748909977,-0.015));
#2725=CARTESIAN_POINT('',(0.272393844601977,-0.103882640384266,-0.02));
#2726=CARTESIAN_POINT('',(0.272393844601977,-0.103882640384266,-0.015));
#2727=CARTESIAN_POINT('',(0.272535400655343,-0.106939159949823,-0.02));
#2728=CARTESIAN_POINT('',(0.272535400655343,-0.106939159949823,-0.015));
#2729=CARTESIAN_POINT('',(0.277629939999984,-0.10670321744467,-0.02));
#2730=CARTESIAN_POINT('',(0.282729939999969,-0.10670321744467,-0.02));
#2731=CARTESIAN_POINT('',(0.277629939999984,-0.10670321744467,-0.02));
#2732=CARTESIAN_POINT('',(0.282729416506274,-0.10677628838253,-0.02));
#2733=CARTESIAN_POINT('',(0.282729416506274,-0.10677628838253,-0.02));
#2734=CARTESIAN_POINT('',(0.282729390331588,-0.104529943415069,-0.02025));
#2735=CARTESIAN_POINT('',(0.282729390331588,-0.104529943415069,-0.01475));
#2736=CARTESIAN_POINT('',(0.282729966174686,-0.15394953269922,-0.02025));
#2737=CARTESIAN_POINT('',(0.282729966174686,-0.15394953269922,-0.01475));
#2738=CARTESIAN_POINT('',(0.28272945610982,-0.110175115269782,-0.02));
#2739=CARTESIAN_POINT('',(0.282729939999957,-0.151703187731759,-0.02));
#2740=CARTESIAN_POINT('',(0.282729939999957,-0.151703187731759,-0.02));
#2741=CARTESIAN_POINT('',(0.272535400655343,-0.151467274939518,-0.02));
#2742=CARTESIAN_POINT('',(0.272535400655343,-0.151467274939518,-0.015));
#2743=CARTESIAN_POINT('',(0.272394639087235,-0.154506639747803,-0.02));
#2744=CARTESIAN_POINT('',(0.272394639087235,-0.154506639747803,-0.015));
#2745=CARTESIAN_POINT('',(0.27447014376426,-0.156731461671585,-0.02));
#2746=CARTESIAN_POINT('',(0.27447014376426,-0.156731461671585,-0.015));
#2747=CARTESIAN_POINT('',(0.277511952008769,-0.156801852441797,-0.02));
#2748=CARTESIAN_POINT('',(0.277511952008769,-0.156801852441797,-0.015));
#2749=CARTESIAN_POINT('',(0.280553760253279,-0.156872243212009,-0.02));
#2750=CARTESIAN_POINT('',(0.280553760253279,-0.156872243212009,-0.015));
#2751=CARTESIAN_POINT('',(0.282729957726419,-0.154745810326919,-0.02));
#2752=CARTESIAN_POINT('',(0.282729957726419,-0.154745810326919,-0.015));
#2753=CARTESIAN_POINT('',(0.282729939999913,-0.151703187731759,-0.02));
#2754=CARTESIAN_POINT('',(0.282729939999913,-0.151703187731759,-0.015));
#2755=CARTESIAN_POINT('',(0.27762994,-0.15170321744467,-0.02));
#2756=CARTESIAN_POINT('',(0.26827994,-0.165176224878923,-0.02));
#2757=CARTESIAN_POINT('',(0.26827994,-0.0932302100104184,-0.02));
#2758=CARTESIAN_POINT('',(0.28697994,-0.165176224878923,-0.02));
#2759=CARTESIAN_POINT('',(0.28697994,-0.0932302100104184,-0.02));
#2760=CARTESIAN_POINT('',(0.272535400655342,0.104712754200339,0.00025));
#2761=CARTESIAN_POINT('',(0.272535400655342,0.153693680689002,0.00025));
#2762=CARTESIAN_POINT('',(0.272535400655342,0.104712754200339,-0.00525));
#2763=CARTESIAN_POINT('',(0.272535400655342,0.153693680689002,-0.00525));
#2764=CARTESIAN_POINT('',(0.272535400655342,0.106939159949824,-0.005));
#2765=CARTESIAN_POINT('',(0.272535400655342,0.106939159949824,-0.005));
#2766=CARTESIAN_POINT('',(0.272535400655342,0.12920321744467,-0.005));
#2767=CARTESIAN_POINT('',(0.272535400655342,0.151467274939517,-0.005));
#2768=CARTESIAN_POINT('',(0.272535400655342,0.151467274939517,-0.005));
#2769=CARTESIAN_POINT('',(0.282729939999909,0.151703187731759,-0.005));
#2770=CARTESIAN_POINT('',(0.282729939999909,0.151703187731759,5.14996031930615E-19));
#2771=CARTESIAN_POINT('',(0.282729957726415,0.154745810326918,-0.005));
#2772=CARTESIAN_POINT('',(0.282729957726415,0.154745810326918,-2.03478259141886E-19));
#2773=CARTESIAN_POINT('',(0.280553760253275,0.156872243212008,-0.005));
#2774=CARTESIAN_POINT('',(0.280553760253275,0.156872243212008,-2.03478259141886E-19));
#2775=CARTESIAN_POINT('',(0.277511952008767,0.156801852441795,-0.005));
#2776=CARTESIAN_POINT('',(0.277511952008767,0.156801852441795,5.14996031930615E-19));
#2777=CARTESIAN_POINT('',(0.274470143764259,0.156731461671583,-0.005));
#2778=CARTESIAN_POINT('',(0.274470143764259,0.156731461671583,-2.03478259141886E-19));
#2779=CARTESIAN_POINT('',(0.272394639087235,0.154506639747801,-0.005));
#2780=CARTESIAN_POINT('',(0.272394639087235,0.154506639747801,-2.03478259141886E-19));
#2781=CARTESIAN_POINT('',(0.272535400655343,0.151467274939517,-0.005));
#2782=CARTESIAN_POINT('',(0.272535400655343,0.151467274939517,5.14996031930615E-19));
#2783=CARTESIAN_POINT('',(0.277629939999998,0.15170321744467,-0.005));
#2784=CARTESIAN_POINT('',(0.282729939999956,0.151703187731759,-0.005));
#2785=CARTESIAN_POINT('',(0.282729939999956,0.151703187731759,-0.005));
#2786=CARTESIAN_POINT('',(0.282729390331588,0.104529943415069,-0.00525));
#2787=CARTESIAN_POINT('',(0.282729390331588,0.104529943415069,0.000250000000000002));
#2788=CARTESIAN_POINT('',(0.282729966174687,0.15394953269922,-0.00525));
#2789=CARTESIAN_POINT('',(0.282729966174687,0.15394953269922,0.000250000000000002));
#2790=CARTESIAN_POINT('',(0.28272945610982,0.110175115269782,-0.005));
#2791=CARTESIAN_POINT('',(0.282729416506274,0.10677628838253,-0.005));
#2792=CARTESIAN_POINT('',(0.282729416506274,0.10677628838253,-0.005));
#2793=CARTESIAN_POINT('',(0.272535400655341,0.106939159949824,-0.005));
#2794=CARTESIAN_POINT('',(0.272535400655341,0.106939159949824,5.14996031930615E-19));
#2795=CARTESIAN_POINT('',(0.272393844601974,0.103882640384258,-0.005));
#2796=CARTESIAN_POINT('',(0.272393844601974,0.103882640384258,-6.79715371021317E-20));
#2797=CARTESIAN_POINT('',(0.274489061531982,0.101652748909962,-0.005));
#2798=CARTESIAN_POINT('',(0.274489061531982,0.101652748909962,-6.79715371021317E-20));
#2799=CARTESIAN_POINT('',(0.277548466809626,0.101603868258818,-0.005));
#2800=CARTESIAN_POINT('',(0.277548466809626,0.101603868258818,5.14996031930615E-19));
#2801=CARTESIAN_POINT('',(0.28060787208727,0.101554987607675,-0.005));
#2802=CARTESIAN_POINT('',(0.28060787208727,0.101554987607675,0.));
#2803=CARTESIAN_POINT('',(0.282773256142426,0.103716806717732,-0.005));
#2804=CARTESIAN_POINT('',(0.282773256142426,0.103716806717732,0.));
#2805=CARTESIAN_POINT('',(0.282729416506272,0.10677628838253,-0.005));
#2806=CARTESIAN_POINT('',(0.282729416506272,0.10677628838253,5.14996031930615E-19));
#2807=CARTESIAN_POINT('',(0.277629939999998,0.10670321744467,-0.005));
#2808=CARTESIAN_POINT('',(0.282729939999998,0.10670321744467,-0.005));
#2809=CARTESIAN_POINT('',(0.277629939999998,0.10670321744467,-0.005));
#2810=CARTESIAN_POINT('',(0.26827994,0.0932302100104184,-0.005));
#2811=CARTESIAN_POINT('',(0.26827994,0.165176224878923,-0.005));
#2812=CARTESIAN_POINT('',(0.28697994,0.0932302100104184,-0.005));
#2813=CARTESIAN_POINT('',(0.28697994,0.165176224878923,-0.005));
#2814=MECHANICAL_DESIGN_GEOMETRIC_PRESENTATION_REPRESENTATION('',(#1647),#2815);
#2815=(
GEOMETRIC_REPRESENTATION_CONTEXT(3)
GLOBAL_UNCERTAINTY_ASSIGNED_CONTEXT((#2816))
GLOBAL_UNIT_ASSIGNED_CONTEXT((#2819,#2818,#2817))
REPRESENTATION_CONTEXT('E-End','TOP_LEVEL_ASSEMBLY_PART')
);
#2816=UNCERTAINTY_MEASURE_WITH_UNIT(LENGTH_MEASURE(2.E-07),#2819,'DISTANCE_ACCURACY_VALUE','Maximum Tolerance applied to model');
#2817=(
NAMED_UNIT(*)
SI_UNIT($,.STERADIAN.)
SOLID_ANGLE_UNIT()
);
#2818=(
NAMED_UNIT(*)
PLANE_ANGLE_UNIT()
SI_UNIT($,.RADIAN.)
);
#2819=(
LENGTH_UNIT()
NAMED_UNIT(*)
SI_UNIT($,.METRE.)
);
#2820=PRODUCT_DEFINITION_SHAPE('','',#2821);
#2821=PRODUCT_DEFINITION('','',#2823,#2822);
#2822=PRODUCT_DEFINITION_CONTEXT('',#2829,'design');
#2823=PRODUCT_DEFINITION_FORMATION_WITH_SPECIFIED_SOURCE('','',#2825,.NOT_KNOWN.);
#2824=PRODUCT_RELATED_PRODUCT_CATEGORY('','',(#2825));
#2825=PRODUCT('E-End','E-End','E-End',(#2827));
#2826=PRODUCT_CATEGORY('','');
#2827=PRODUCT_CONTEXT('',#2829,'mechanical');
#2828=APPLICATION_PROTOCOL_DEFINITION('international standard','ap242_managed_model_based_3d_engineering',2020,#2829);
#2829=APPLICATION_CONTEXT('managed model based 3d engineering');
ENDSEC;
END-ISO-10303-21;
