ISO-10303-21;
HEADER;
/*Generated by software containing ST-Developer
 * from STEP Tools, Inc. (www.steptools.com) 
 */
/*OPTION: using custom renumber hook */
/*description */
/*implementation_level */
FILE_DESCRIPTION(('STEP AP242 Edition 2','STEP AP242 Edition 2''CAx-IF Rec.Pracs.---Representation and Presentation of Product Manufa
cturing Information (PMI)---4.0---2014-10-13','STEP AP242 Edition 2''CAx-IF Rec.Pracs.---Representation and Presentation of Product Manufa
cturing Information (PMI)---4.0---2014-10-13''CAx-IF Rec.Pracs.---3D Tessellated Geometry---0.4---2014-09-14','STEP AP242 Edition 2''CAx-IF Rec.Pracs.---Representation and Presentation of Product Manufa
cturing Information (PMI)---4.0---2014-10-13''CAx-IF Rec.Pracs.---3D Tessellated Geometry---0.4---2014-09-14''2;1','STEP AP242 Edition 2''CAx-IF Rec.Pracs.---Representation and Presentation of Product Manufa
cturing Information (PMI)---4.0---2014-10-13''CAx-IF Rec.Pracs.---3D Tessellated Geometry---0.4---2014-09-14''2;1''CAx-IF Rec.Pracs.---User Defined Attributes---1.5---2016-08-15'),'2;1');
/*name */
/*time_stamp */
/*author */
/*organization */
/*preprocessor_version */
/*originating_system */
/*authorisation */
FILE_NAME('/vol/tmp/translate-17935974906567121969/Board_Extended_Main - Part 10.step','2026-03-20T02:10:37',(''),(''),'ST-DEVELOPER v20','ONSHAPE BY PTC INC, 1.212','  ');
FILE_SCHEMA(('AP242_MANAGED_MODEL_BASED_3D_ENGINEERING_MIM_LF { 1 0 10303 442 3 1 4 }'));
ENDSEC;
DATA;
#10=SHAPE_REPRESENTATION_RELATIONSHIP('','',#1635,#11);
#11=ADVANCED_BREP_SHAPE_REPRESENTATION('',(#1633),#2899);
#12=B_SPLINE_CURVE_WITH_KNOTS('',3,(#2246,#2247,#2248,#2249),.UNSPECIFIED.,.F.,.F.,(4,4),(0.,0.896111645887318),.PIECEWISE_BEZIER_KNOTS.);
#13=B_SPLINE_CURVE_WITH_KNOTS('',3,(#2259,#2260,#2261,#2262),.UNSPECIFIED.,.F.,.F.,(4,4),(0.0933533502223658,1.),.PIECEWISE_BEZIER_KNOTS.);
#14=B_SPLINE_CURVE_WITH_KNOTS('',3,(#2308,#2309,#2310,#2311),.UNSPECIFIED.,.F.,.F.,(4,4),(0.0933533502223658,1.),.PIECEWISE_BEZIER_KNOTS.);
#15=B_SPLINE_CURVE_WITH_KNOTS('',3,(#2454,#2455,#2456,#2457),.UNSPECIFIED.,.F.,.F.,(4,4),(0.,0.896111645887318),.PIECEWISE_BEZIER_KNOTS.);
#16=B_SPLINE_CURVE_WITH_KNOTS('',3,(#2459,#2460,#2461,#2462),.UNSPECIFIED.,.F.,.F.,(4,4),(0.,0.896111645887318),.PIECEWISE_BEZIER_KNOTS.);
#17=B_SPLINE_CURVE_WITH_KNOTS('',3,(#2468,#2469,#2470,#2471),.UNSPECIFIED.,.F.,.F.,(4,4),(0.,0.896111645887318),.PIECEWISE_BEZIER_KNOTS.);
#18=B_SPLINE_CURVE_WITH_KNOTS('',3,(#2513,#2514,#2515,#2516),.UNSPECIFIED.,.F.,.F.,(4,4),(0.0933533502223658,1.),.PIECEWISE_BEZIER_KNOTS.);
#19=B_SPLINE_CURVE_WITH_KNOTS('',3,(#2517,#2518,#2519,#2520),.UNSPECIFIED.,.F.,.F.,(4,4),(0.0933533502223658,1.),.PIECEWISE_BEZIER_KNOTS.);
#20=B_SPLINE_SURFACE_WITH_KNOTS('',1,1,((#2158,#2159),(#2160,#2161)),.PLANE_SURF.,.F.,.F.,.F.,(2,2),(2,2),(0.,1.),(0.,1.),.UNSPECIFIED.);
#21=B_SPLINE_SURFACE_WITH_KNOTS('',1,1,((#2170,#2171),(#2172,#2173)),.PLANE_SURF.,.F.,.F.,.F.,(2,2),(2,2),(0.,1.),(0.,1.),.UNSPECIFIED.);
#22=B_SPLINE_SURFACE_WITH_KNOTS('',1,1,((#2206,#2207),(#2208,#2209)),.PLANE_SURF.,.F.,.F.,.F.,(2,2),(2,2),(0.,1.),(0.,1.),.UNSPECIFIED.);
#23=B_SPLINE_SURFACE_WITH_KNOTS('',1,1,((#2218,#2219),(#2220,#2221)),.PLANE_SURF.,.F.,.F.,.F.,(2,2),(2,2),(0.,1.),(0.,1.),.UNSPECIFIED.);
#24=B_SPLINE_SURFACE_WITH_KNOTS('',1,1,((#2230,#2231),(#2232,#2233)),.PLANE_SURF.,.F.,.F.,.F.,(2,2),(2,2),(0.,1.),(0.,1.),.UNSPECIFIED.);
#25=B_SPLINE_SURFACE_WITH_KNOTS('',1,1,((#2242,#2243),(#2244,#2245)),.PLANE_SURF.,.F.,.F.,.F.,(2,2),(2,2),(0.,1.),(0.,1.),.UNSPECIFIED.);
#26=B_SPLINE_SURFACE_WITH_KNOTS('',1,1,((#2255,#2256),(#2257,#2258)),.PLANE_SURF.,.F.,.F.,.F.,(2,2),(2,2),(0.,1.),(0.,1.),.UNSPECIFIED.);
#27=B_SPLINE_SURFACE_WITH_KNOTS('',1,1,((#2271,#2272),(#2273,#2274)),.PLANE_SURF.,.F.,.F.,.F.,(2,2),(2,2),(0.,1.),(0.,1.),.UNSPECIFIED.);
#28=B_SPLINE_SURFACE_WITH_KNOTS('',1,1,((#2280,#2281),(#2282,#2283)),.PLANE_SURF.,.F.,.F.,.F.,(2,2),(2,2),(0.,1.),(0.,1.),.UNSPECIFIED.);
#29=B_SPLINE_SURFACE_WITH_KNOTS('',1,1,((#2295,#2296),(#2297,#2298)),.PLANE_SURF.,.F.,.F.,.F.,(2,2),(2,2),(0.0807261844996491,0.954545454545455),(0.67774762550882,0.954545454545454),.PIECEWISE_BEZIER_KNOTS.);
#30=B_SPLINE_SURFACE_WITH_KNOTS('',1,1,((#2318,#2319),(#2320,#2321)),.PLANE_SURF.,.F.,.F.,.F.,(2,2),(2,2),(0.,1.),(0.,1.),.UNSPECIFIED.);
#31=B_SPLINE_SURFACE_WITH_KNOTS('',1,1,((#2345,#2346),(#2347,#2348)),.PLANE_SURF.,.F.,.F.,.F.,(2,2),(2,2),(0.,1.),(0.,1.),.UNSPECIFIED.);
#32=B_SPLINE_SURFACE_WITH_KNOTS('',1,1,((#2370,#2371),(#2372,#2373)),.PLANE_SURF.,.F.,.F.,.F.,(2,2),(2,2),(0.,1.),(0.,1.),.UNSPECIFIED.);
#33=B_SPLINE_SURFACE_WITH_KNOTS('',1,1,((#2379,#2380),(#2381,#2382)),.PLANE_SURF.,.F.,.F.,.F.,(2,2),(2,2),(0.,1.),(0.,1.),.UNSPECIFIED.);
#34=B_SPLINE_SURFACE_WITH_KNOTS('',1,1,((#2386,#2387),(#2388,#2389)),.PLANE_SURF.,.F.,.F.,.F.,(2,2),(2,2),(0.,1.),(0.,1.),.UNSPECIFIED.);
#35=B_SPLINE_SURFACE_WITH_KNOTS('',1,1,((#2391,#2392),(#2393,#2394)),.PLANE_SURF.,.F.,.F.,.F.,(2,2),(2,2),(0.,1.),(0.,1.),.UNSPECIFIED.);
#36=B_SPLINE_SURFACE_WITH_KNOTS('',1,1,((#2398,#2399),(#2400,#2401)),.PLANE_SURF.,.F.,.F.,.F.,(2,2),(2,2),(0.,1.),(0.,1.),.UNSPECIFIED.);
#37=B_SPLINE_SURFACE_WITH_KNOTS('',1,1,((#2410,#2411),(#2412,#2413)),.PLANE_SURF.,.F.,.F.,.F.,(2,2),(2,2),(0.,1.),(0.,1.),.UNSPECIFIED.);
#38=B_SPLINE_SURFACE_WITH_KNOTS('',1,1,((#2419,#2420),(#2421,#2422)),.PLANE_SURF.,.F.,.F.,.F.,(2,2),(2,2),(0.,1.),(0.,1.),.UNSPECIFIED.);
#39=B_SPLINE_SURFACE_WITH_KNOTS('',1,1,((#2428,#2429),(#2430,#2431)),.PLANE_SURF.,.F.,.F.,.F.,(2,2),(2,2),(0.,1.),(0.,1.),.UNSPECIFIED.);
#40=B_SPLINE_SURFACE_WITH_KNOTS('',1,1,((#2437,#2438),(#2439,#2440)),.PLANE_SURF.,.F.,.F.,.F.,(2,2),(2,2),(0.,1.),(0.,1.),.UNSPECIFIED.);
#41=B_SPLINE_SURFACE_WITH_KNOTS('',3,1,((#2446,#2447),(#2448,#2449),(#2450,
#2451),(#2452,#2453)),.SURF_OF_LINEAR_EXTRUSION.,.F.,.F.,.F.,(4,4),(2,2),(0.,0.896111645887318),(0.0454545454545455,0.954545454545455),.PIECEWISE_BEZIER_KNOTS.);
#42=B_SPLINE_SURFACE_WITH_KNOTS('',1,1,((#2485,#2486),(#2487,#2488)),.PLANE_SURF.,.F.,.F.,.F.,(2,2),(2,2),(0.,1.),(0.,1.),.UNSPECIFIED.);
#43=B_SPLINE_SURFACE_WITH_KNOTS('',1,1,((#2491,#2492),(#2493,#2494)),.PLANE_SURF.,.F.,.F.,.F.,(2,2),(2,2),(0.,1.),(0.,1.),.UNSPECIFIED.);
#44=B_SPLINE_SURFACE_WITH_KNOTS('',3,1,((#2505,#2506),(#2507,#2508),(#2509,
#2510),(#2511,#2512)),.SURF_OF_LINEAR_EXTRUSION.,.F.,.F.,.F.,(4,4),(2,2),(0.0933533502223658,1.),(0.0454545454545453,0.954545454545455),.PIECEWISE_BEZIER_KNOTS.);
#45=B_SPLINE_SURFACE_WITH_KNOTS('',1,1,((#2578,#2579),(#2580,#2581)),.PLANE_SURF.,.F.,.F.,.F.,(2,2),(2,2),(0.,1.),(0.,1.),.UNSPECIFIED.);
#46=B_SPLINE_SURFACE_WITH_KNOTS('',1,1,((#2584,#2585),(#2586,#2587)),.PLANE_SURF.,.F.,.F.,.F.,(2,2),(2,2),(0.,1.),(0.,1.),.UNSPECIFIED.);
#47=B_SPLINE_SURFACE_WITH_KNOTS('',1,1,((#2589,#2590),(#2591,#2592)),.PLANE_SURF.,.F.,.F.,.F.,(2,2),(2,2),(0.0807261778994569,0.954545454545455),(0.0454545454545455,0.32225237449118),.PIECEWISE_BEZIER_KNOTS.);
#48=B_SPLINE_SURFACE_WITH_KNOTS('',1,1,((#2593,#2594),(#2595,#2596)),.PLANE_SURF.,.F.,.F.,.F.,(2,2),(2,2),(0.,1.),(0.,1.),.UNSPECIFIED.);
#49=B_SPLINE_SURFACE_WITH_KNOTS('',1,1,((#2600,#2601),(#2602,#2603)),.PLANE_SURF.,.F.,.F.,.F.,(2,2),(2,2),(0.,1.),(0.,1.),.UNSPECIFIED.);
#50=B_SPLINE_SURFACE_WITH_KNOTS('',1,1,((#2619,#2620),(#2621,#2622)),.PLANE_SURF.,.F.,.F.,.F.,(2,2),(2,2),(0.,1.),(0.,1.),.UNSPECIFIED.);
#51=B_SPLINE_SURFACE_WITH_KNOTS('',1,1,((#2628,#2629),(#2630,#2631)),.PLANE_SURF.,.F.,.F.,.F.,(2,2),(2,2),(0.,1.),(0.,1.),.UNSPECIFIED.);
#52=B_SPLINE_SURFACE_WITH_KNOTS('',1,1,((#2633,#2634),(#2635,#2636)),.PLANE_SURF.,.F.,.F.,.F.,(2,2),(2,2),(0.,1.),(0.,1.),.UNSPECIFIED.);
#53=B_SPLINE_SURFACE_WITH_KNOTS('',1,1,((#2638,#2639),(#2640,#2641)),.PLANE_SURF.,.F.,.F.,.F.,(2,2),(2,2),(0.,1.),(0.,1.),.UNSPECIFIED.);
#54=B_SPLINE_SURFACE_WITH_KNOTS('',1,1,((#2654,#2655),(#2656,#2657)),.PLANE_SURF.,.F.,.F.,.F.,(2,2),(2,2),(0.,1.),(0.,1.),.UNSPECIFIED.);
#55=B_SPLINE_SURFACE_WITH_KNOTS('',1,1,((#2659,#2660),(#2661,#2662)),.PLANE_SURF.,.F.,.F.,.F.,(2,2),(2,2),(0.,1.),(0.,1.),.UNSPECIFIED.);
#56=B_SPLINE_SURFACE_WITH_KNOTS('',1,1,((#2664,#2665),(#2666,#2667)),.PLANE_SURF.,.F.,.F.,.F.,(2,2),(2,2),(0.,1.),(0.,1.),.UNSPECIFIED.);
#57=B_SPLINE_SURFACE_WITH_KNOTS('',1,1,((#2670,#2671),(#2672,#2673)),.PLANE_SURF.,.F.,.F.,.F.,(2,2),(2,2),(0.,1.),(0.,1.),.UNSPECIFIED.);
#58=B_SPLINE_SURFACE_WITH_KNOTS('',1,1,((#2674,#2675),(#2676,#2677)),.PLANE_SURF.,.F.,.F.,.F.,(2,2),(2,2),(0.,1.),(0.,1.),.UNSPECIFIED.);
#59=B_SPLINE_SURFACE_WITH_KNOTS('',1,1,((#2679,#2680),(#2681,#2682)),.PLANE_SURF.,.F.,.F.,.F.,(2,2),(2,2),(0.,1.),(0.,1.),.UNSPECIFIED.);
#60=B_SPLINE_SURFACE_WITH_KNOTS('',1,1,((#2683,#2684),(#2685,#2686)),.PLANE_SURF.,.F.,.F.,.F.,(2,2),(2,2),(0.,1.),(0.,1.),.UNSPECIFIED.);
#61=B_SPLINE_SURFACE_WITH_KNOTS('',1,1,((#2688,#2689),(#2690,#2691)),.PLANE_SURF.,.F.,.F.,.F.,(2,2),(2,2),(0.,1.),(0.,1.),.UNSPECIFIED.);
#62=B_SPLINE_SURFACE_WITH_KNOTS('',1,1,((#2692,#2693),(#2694,#2695)),.PLANE_SURF.,.F.,.F.,.F.,(2,2),(2,2),(0.,1.),(0.,1.),.UNSPECIFIED.);
#63=B_SPLINE_SURFACE_WITH_KNOTS('',1,1,((#2696,#2697),(#2698,#2699)),.PLANE_SURF.,.F.,.F.,.F.,(2,2),(2,2),(0.,1.),(0.,1.),.UNSPECIFIED.);
#64=B_SPLINE_SURFACE_WITH_KNOTS('',1,1,((#2700,#2701),(#2702,#2703)),.PLANE_SURF.,.F.,.F.,.F.,(2,2),(2,2),(0.,1.),(0.,1.),.UNSPECIFIED.);
#65=B_SPLINE_SURFACE_WITH_KNOTS('',1,1,((#2728,#2729),(#2730,#2731)),.PLANE_SURF.,.F.,.F.,.F.,(2,2),(2,2),(0.,1.),(0.,1.),.UNSPECIFIED.);
#66=B_SPLINE_SURFACE_WITH_KNOTS('',1,1,((#2752,#2753),(#2754,#2755)),.PLANE_SURF.,.F.,.F.,.F.,(2,2),(2,2),(0.,1.),(0.,1.),.UNSPECIFIED.);
#67=B_SPLINE_SURFACE_WITH_KNOTS('',1,1,((#2777,#2778),(#2779,#2780)),.PLANE_SURF.,.F.,.F.,.F.,(2,2),(2,2),(0.,1.),(0.,1.),.UNSPECIFIED.);
#68=B_SPLINE_SURFACE_WITH_KNOTS('',1,1,((#2803,#2804),(#2805,#2806)),.PLANE_SURF.,.F.,.F.,.F.,(2,2),(2,2),(0.,1.),(0.,1.),.UNSPECIFIED.);
#69=B_SPLINE_SURFACE_WITH_KNOTS('',1,1,((#2808,#2809),(#2810,#2811)),.PLANE_SURF.,.F.,.F.,.F.,(2,2),(2,2),(0.,1.),(0.,1.),.UNSPECIFIED.);
#70=B_SPLINE_SURFACE_WITH_KNOTS('',1,1,((#2821,#2822),(#2823,#2824)),.PLANE_SURF.,.F.,.F.,.F.,(2,2),(2,2),(0.0454383052179264,0.957268400885384),(0.0438788464161792,0.958058159099911),.PIECEWISE_BEZIER_KNOTS.);
#71=B_SPLINE_SURFACE_WITH_KNOTS('',1,1,((#2851,#2852),(#2853,#2854)),.PLANE_SURF.,.F.,.F.,.F.,(2,2),(2,2),(0.,1.),(0.,1.),.UNSPECIFIED.);
#72=B_SPLINE_SURFACE_WITH_KNOTS('',1,1,((#2881,#2882),(#2883,#2884)),.PLANE_SURF.,.F.,.F.,.F.,(2,2),(2,2),(0.,1.),(0.,1.),.UNSPECIFIED.);
#73=B_SPLINE_SURFACE_WITH_KNOTS('',1,1,((#2894,#2895),(#2896,#2897)),.PLANE_SURF.,.F.,.F.,.F.,(2,2),(2,2),(0.,1.),(0.,1.),.UNSPECIFIED.);
#74=LINE('',#2014,#216);
#75=LINE('',#2031,#217);
#76=LINE('',#2162,#218);
#77=LINE('',#2165,#219);
#78=LINE('',#2167,#220);
#79=LINE('',#2169,#221);
#80=LINE('',#2174,#222);
#81=LINE('',#2177,#223);
#82=LINE('',#2179,#224);
#83=LINE('',#2181,#225);
#84=LINE('',#2183,#226);
#85=LINE('',#2185,#227);
#86=LINE('',#2187,#228);
#87=LINE('',#2189,#229);
#88=LINE('',#2191,#230);
#89=LINE('',#2193,#231);
#90=LINE('',#2195,#232);
#91=LINE('',#2197,#233);
#92=LINE('',#2199,#234);
#93=LINE('',#2201,#235);
#94=LINE('',#2203,#236);
#95=LINE('',#2205,#237);
#96=LINE('',#2210,#238);
#97=LINE('',#2213,#239);
#98=LINE('',#2215,#240);
#99=LINE('',#2217,#241);
#100=LINE('',#2222,#242);
#101=LINE('',#2225,#243);
#102=LINE('',#2227,#244);
#103=LINE('',#2229,#245);
#104=LINE('',#2234,#246);
#105=LINE('',#2237,#247);
#106=LINE('',#2239,#248);
#107=LINE('',#2241,#249);
#108=LINE('',#2251,#250);
#109=LINE('',#2252,#251);
#110=LINE('',#2254,#252);
#111=LINE('',#2265,#253);
#112=LINE('',#2267,#254);
#113=LINE('',#2269,#255);
#114=LINE('',#2270,#256);
#115=LINE('',#2275,#257);
#116=LINE('',#2277,#258);
#117=LINE('',#2279,#259);
#118=LINE('',#2290,#260);
#119=LINE('',#2292,#261);
#120=LINE('',#2294,#262);
#121=LINE('',#2299,#263);
#122=LINE('',#2302,#264);
#123=LINE('',#2304,#265);
#124=LINE('',#2305,#266);
#125=LINE('',#2307,#267);
#126=LINE('',#2315,#268);
#127=LINE('',#2317,#269);
#128=LINE('',#2322,#270);
#129=LINE('',#2325,#271);
#130=LINE('',#2326,#272);
#131=LINE('',#2327,#273);
#132=LINE('',#2328,#274);
#133=LINE('',#2330,#275);
#134=LINE('',#2332,#276);
#135=LINE('',#2334,#277);
#136=LINE('',#2336,#278);
#137=LINE('',#2338,#279);
#138=LINE('',#2339,#280);
#139=LINE('',#2340,#281);
#140=LINE('',#2342,#282);
#141=LINE('',#2344,#283);
#142=LINE('',#2349,#284);
#143=LINE('',#2352,#285);
#144=LINE('',#2354,#286);
#145=LINE('',#2355,#287);
#146=LINE('',#2358,#288);
#147=LINE('',#2365,#289);
#148=LINE('',#2374,#290);
#149=LINE('',#2377,#291);
#150=LINE('',#2378,#292);
#151=LINE('',#2383,#293);
#152=LINE('',#2385,#294);
#153=LINE('',#2390,#295);
#154=LINE('',#2395,#296);
#155=LINE('',#2397,#297);
#156=LINE('',#2402,#298);
#157=LINE('',#2405,#299);
#158=LINE('',#2407,#300);
#159=LINE('',#2409,#301);
#160=LINE('',#2414,#302);
#161=LINE('',#2417,#303);
#162=LINE('',#2418,#304);
#163=LINE('',#2423,#305);
#164=LINE('',#2426,#306);
#165=LINE('',#2427,#307);
#166=LINE('',#2432,#308);
#167=LINE('',#2435,#309);
#168=LINE('',#2436,#310);
#169=LINE('',#2441,#311);
#170=LINE('',#2444,#312);
#171=LINE('',#2445,#313);
#172=LINE('',#2458,#314);
#173=LINE('',#2464,#315);
#174=LINE('',#2466,#316);
#175=LINE('',#2480,#317);
#176=LINE('',#2489,#318);
#177=LINE('',#2490,#319);
#178=LINE('',#2495,#320);
#179=LINE('',#2504,#321);
#180=LINE('',#2522,#322);
#181=LINE('',#2523,#323);
#182=LINE('',#2582,#324);
#183=LINE('',#2583,#325);
#184=LINE('',#2588,#326);
#185=LINE('',#2597,#327);
#186=LINE('',#2599,#328);
#187=LINE('',#2604,#329);
#188=LINE('',#2606,#330);
#189=LINE('',#2610,#331);
#190=LINE('',#2616,#332);
#191=LINE('',#2623,#333);
#192=LINE('',#2625,#334);
#193=LINE('',#2627,#335);
#194=LINE('',#2632,#336);
#195=LINE('',#2637,#337);
#196=LINE('',#2658,#338);
#197=LINE('',#2663,#339);
#198=LINE('',#2668,#340);
#199=LINE('',#2669,#341);
#200=LINE('',#2678,#342);
#201=LINE('',#2687,#343);
#202=LINE('',#2704,#344);
#203=LINE('',#2706,#345);
#204=LINE('',#2708,#346);
#205=LINE('',#2727,#347);
#206=LINE('',#2732,#348);
#207=LINE('',#2734,#349);
#208=LINE('',#2770,#350);
#209=LINE('',#2776,#351);
#210=LINE('',#2781,#352);
#211=LINE('',#2783,#353);
#212=LINE('',#2802,#354);
#213=LINE('',#2807,#355);
#214=LINE('',#2841,#356);
#215=LINE('',#2871,#357);
#216=VECTOR('',#1713,1.);
#217=VECTOR('',#1718,1.);
#218=VECTOR('',#1747,1.);
#219=VECTOR('',#1748,1.);
#220=VECTOR('',#1749,1.);
#221=VECTOR('',#1750,1.);
#222=VECTOR('',#1751,1.);
#223=VECTOR('',#1752,1.);
#224=VECTOR('',#1753,1.);
#225=VECTOR('',#1754,1.);
#226=VECTOR('',#1755,1.);
#227=VECTOR('',#1756,1.);
#228=VECTOR('',#1757,1.);
#229=VECTOR('',#1758,1.);
#230=VECTOR('',#1759,1.);
#231=VECTOR('',#1760,1.);
#232=VECTOR('',#1761,1.);
#233=VECTOR('',#1762,1.);
#234=VECTOR('',#1763,1.);
#235=VECTOR('',#1764,1.);
#236=VECTOR('',#1765,1.);
#237=VECTOR('',#1766,1.);
#238=VECTOR('',#1767,1.);
#239=VECTOR('',#1768,1.);
#240=VECTOR('',#1769,1.);
#241=VECTOR('',#1770,1.);
#242=VECTOR('',#1771,1.);
#243=VECTOR('',#1772,1.);
#244=VECTOR('',#1773,1.);
#245=VECTOR('',#1774,1.);
#246=VECTOR('',#1775,1.);
#247=VECTOR('',#1776,1.);
#248=VECTOR('',#1777,1.);
#249=VECTOR('',#1778,1.);
#250=VECTOR('',#1779,1.);
#251=VECTOR('',#1780,1.);
#252=VECTOR('',#1781,1.);
#253=VECTOR('',#1782,1.);
#254=VECTOR('',#1783,1.);
#255=VECTOR('',#1784,1.);
#256=VECTOR('',#1785,1.);
#257=VECTOR('',#1786,1.);
#258=VECTOR('',#1787,1.);
#259=VECTOR('',#1788,1.);
#260=VECTOR('',#1801,1.);
#261=VECTOR('',#1802,1.);
#262=VECTOR('',#1803,1.);
#263=VECTOR('',#1804,1.);
#264=VECTOR('',#1805,1.);
#265=VECTOR('',#1806,1.);
#266=VECTOR('',#1807,1.);
#267=VECTOR('',#1808,1.);
#268=VECTOR('',#1811,1.);
#269=VECTOR('',#1812,1.);
#270=VECTOR('',#1813,1.);
#271=VECTOR('',#1814,1.);
#272=VECTOR('',#1815,1.);
#273=VECTOR('',#1816,1.);
#274=VECTOR('',#1817,1.);
#275=VECTOR('',#1818,1.);
#276=VECTOR('',#1819,1.);
#277=VECTOR('',#1820,1.);
#278=VECTOR('',#1821,1.);
#279=VECTOR('',#1822,1.);
#280=VECTOR('',#1823,1.);
#281=VECTOR('',#1824,1.);
#282=VECTOR('',#1825,1.);
#283=VECTOR('',#1826,1.);
#284=VECTOR('',#1827,1.);
#285=VECTOR('',#1828,1.);
#286=VECTOR('',#1829,1.);
#287=VECTOR('',#1830,1.);
#288=VECTOR('',#1833,1.);
#289=VECTOR('',#1838,1.);
#290=VECTOR('',#1843,1.);
#291=VECTOR('',#1844,1.);
#292=VECTOR('',#1845,1.);
#293=VECTOR('',#1846,1.);
#294=VECTOR('',#1847,1.);
#295=VECTOR('',#1848,1.);
#296=VECTOR('',#1849,1.);
#297=VECTOR('',#1850,1.);
#298=VECTOR('',#1851,1.);
#299=VECTOR('',#1852,1.);
#300=VECTOR('',#1853,1.);
#301=VECTOR('',#1854,1.);
#302=VECTOR('',#1855,1.);
#303=VECTOR('',#1856,1.);
#304=VECTOR('',#1857,1.);
#305=VECTOR('',#1858,1.);
#306=VECTOR('',#1859,1.);
#307=VECTOR('',#1860,1.);
#308=VECTOR('',#1861,1.);
#309=VECTOR('',#1862,1.);
#310=VECTOR('',#1863,1.);
#311=VECTOR('',#1864,1.);
#312=VECTOR('',#1865,1.);
#313=VECTOR('',#1866,1.);
#314=VECTOR('',#1867,1.);
#315=VECTOR('',#1868,1.);
#316=VECTOR('',#1869,1.);
#317=VECTOR('',#1870,1.);
#318=VECTOR('',#1875,1.);
#319=VECTOR('',#1876,1.);
#320=VECTOR('',#1877,1.);
#321=VECTOR('',#1878,1.);
#322=VECTOR('',#1879,1.);
#323=VECTOR('',#1880,1.);
#324=VECTOR('',#1893,1.);
#325=VECTOR('',#1894,1.);
#326=VECTOR('',#1895,1.);
#327=VECTOR('',#1896,1.);
#328=VECTOR('',#1897,1.);
#329=VECTOR('',#1898,1.);
#330=VECTOR('',#1899,1.);
#331=VECTOR('',#1902,1.);
#332=VECTOR('',#1907,1.);
#333=VECTOR('',#1910,1.);
#334=VECTOR('',#1911,1.);
#335=VECTOR('',#1912,1.);
#336=VECTOR('',#1913,1.);
#337=VECTOR('',#1914,1.);
#338=VECTOR('',#1931,1.);
#339=VECTOR('',#1932,1.);
#340=VECTOR('',#1933,1.);
#341=VECTOR('',#1934,1.);
#342=VECTOR('',#1935,1.);
#343=VECTOR('',#1936,1.);
#344=VECTOR('',#1937,1.);
#345=VECTOR('',#1938,1.);
#346=VECTOR('',#1939,1.);
#347=VECTOR('',#1944,1.);
#348=VECTOR('',#1945,1.);
#349=VECTOR('',#1946,1.);
#350=VECTOR('',#1951,1.);
#351=VECTOR('',#1956,1.);
#352=VECTOR('',#1957,1.);
#353=VECTOR('',#1958,1.);
#354=VECTOR('',#1963,1.);
#355=VECTOR('',#1964,1.);
#356=VECTOR('',#1969,1.);
#357=VECTOR('',#1974,1.);
#358=(
B_SPLINE_CURVE(1,(#1991,#1992),.UNSPECIFIED.,.F.,.F.)
B_SPLINE_CURVE_WITH_KNOTS((2,2),(0.,1.),.PIECEWISE_BEZIER_KNOTS.)
BOUNDED_CURVE()
CURVE()
GEOMETRIC_REPRESENTATION_ITEM()
RATIONAL_B_SPLINE_CURVE((1.,1.))
REPRESENTATION_ITEM('')
);
#359=(
B_SPLINE_CURVE(1,(#1996,#1997),.UNSPECIFIED.,.F.,.F.)
B_SPLINE_CURVE_WITH_KNOTS((2,2),(0.,1.),.PIECEWISE_BEZIER_KNOTS.)
BOUNDED_CURVE()
CURVE()
GEOMETRIC_REPRESENTATION_ITEM()
RATIONAL_B_SPLINE_CURVE((1.,1.))
REPRESENTATION_ITEM('')
);
#360=(
B_SPLINE_CURVE(1,(#2009,#2010),.UNSPECIFIED.,.F.,.F.)
B_SPLINE_CURVE_WITH_KNOTS((2,2),(0.,1.),.PIECEWISE_BEZIER_KNOTS.)
BOUNDED_CURVE()
CURVE()
GEOMETRIC_REPRESENTATION_ITEM()
RATIONAL_B_SPLINE_CURVE((1.,1.))
REPRESENTATION_ITEM('')
);
#361=(
B_SPLINE_CURVE(1,(#2026,#2027),.UNSPECIFIED.,.F.,.F.)
B_SPLINE_CURVE_WITH_KNOTS((2,2),(0.,1.),.PIECEWISE_BEZIER_KNOTS.)
BOUNDED_CURVE()
CURVE()
GEOMETRIC_REPRESENTATION_ITEM()
RATIONAL_B_SPLINE_CURVE((1.,1.))
REPRESENTATION_ITEM('')
);
#362=(
B_SPLINE_CURVE(1,(#2043,#2044),.UNSPECIFIED.,.F.,.F.)
B_SPLINE_CURVE_WITH_KNOTS((2,2),(0.,1.),.PIECEWISE_BEZIER_KNOTS.)
BOUNDED_CURVE()
CURVE()
GEOMETRIC_REPRESENTATION_ITEM()
RATIONAL_B_SPLINE_CURVE((1.,1.))
REPRESENTATION_ITEM('')
);
#363=(
B_SPLINE_CURVE(1,(#2048,#2049),.UNSPECIFIED.,.F.,.F.)
B_SPLINE_CURVE_WITH_KNOTS((2,2),(0.,1.),.PIECEWISE_BEZIER_KNOTS.)
BOUNDED_CURVE()
CURVE()
GEOMETRIC_REPRESENTATION_ITEM()
RATIONAL_B_SPLINE_CURVE((1.,1.))
REPRESENTATION_ITEM('')
);
#364=(
B_SPLINE_CURVE(1,(#2061,#2062),.UNSPECIFIED.,.F.,.F.)
B_SPLINE_CURVE_WITH_KNOTS((2,2),(0.,1.),.PIECEWISE_BEZIER_KNOTS.)
BOUNDED_CURVE()
CURVE()
GEOMETRIC_REPRESENTATION_ITEM()
RATIONAL_B_SPLINE_CURVE((1.,1.))
REPRESENTATION_ITEM('')
);
#365=(
B_SPLINE_CURVE(1,(#2066,#2067),.UNSPECIFIED.,.F.,.F.)
B_SPLINE_CURVE_WITH_KNOTS((2,2),(0.,1.),.PIECEWISE_BEZIER_KNOTS.)
BOUNDED_CURVE()
CURVE()
GEOMETRIC_REPRESENTATION_ITEM()
RATIONAL_B_SPLINE_CURVE((1.,1.))
REPRESENTATION_ITEM('')
);
#366=(
B_SPLINE_CURVE(1,(#2079,#2080),.UNSPECIFIED.,.F.,.F.)
B_SPLINE_CURVE_WITH_KNOTS((2,2),(0.,1.),.PIECEWISE_BEZIER_KNOTS.)
BOUNDED_CURVE()
CURVE()
GEOMETRIC_REPRESENTATION_ITEM()
RATIONAL_B_SPLINE_CURVE((1.,1.))
REPRESENTATION_ITEM('')
);
#367=(
B_SPLINE_CURVE(1,(#2084,#2085),.UNSPECIFIED.,.F.,.F.)
B_SPLINE_CURVE_WITH_KNOTS((2,2),(0.,1.),.PIECEWISE_BEZIER_KNOTS.)
BOUNDED_CURVE()
CURVE()
GEOMETRIC_REPRESENTATION_ITEM()
RATIONAL_B_SPLINE_CURVE((1.,1.))
REPRESENTATION_ITEM('')
);
#368=(
B_SPLINE_CURVE(1,(#2097,#2098),.UNSPECIFIED.,.F.,.F.)
B_SPLINE_CURVE_WITH_KNOTS((2,2),(0.,1.),.PIECEWISE_BEZIER_KNOTS.)
BOUNDED_CURVE()
CURVE()
GEOMETRIC_REPRESENTATION_ITEM()
RATIONAL_B_SPLINE_CURVE((1.,1.))
REPRESENTATION_ITEM('')
);
#369=(
B_SPLINE_CURVE(1,(#2102,#2103),.UNSPECIFIED.,.F.,.F.)
B_SPLINE_CURVE_WITH_KNOTS((2,2),(0.,1.),.PIECEWISE_BEZIER_KNOTS.)
BOUNDED_CURVE()
CURVE()
GEOMETRIC_REPRESENTATION_ITEM()
RATIONAL_B_SPLINE_CURVE((1.,1.))
REPRESENTATION_ITEM('')
);
#370=(
B_SPLINE_CURVE(1,(#2115,#2116),.UNSPECIFIED.,.F.,.F.)
B_SPLINE_CURVE_WITH_KNOTS((2,2),(0.,1.),.PIECEWISE_BEZIER_KNOTS.)
BOUNDED_CURVE()
CURVE()
GEOMETRIC_REPRESENTATION_ITEM()
RATIONAL_B_SPLINE_CURVE((1.,1.))
REPRESENTATION_ITEM('')
);
#371=(
B_SPLINE_CURVE(1,(#2120,#2121),.UNSPECIFIED.,.F.,.F.)
B_SPLINE_CURVE_WITH_KNOTS((2,2),(0.,1.),.PIECEWISE_BEZIER_KNOTS.)
BOUNDED_CURVE()
CURVE()
GEOMETRIC_REPRESENTATION_ITEM()
RATIONAL_B_SPLINE_CURVE((1.,1.))
REPRESENTATION_ITEM('')
);
#372=(
B_SPLINE_CURVE(1,(#2133,#2134),.UNSPECIFIED.,.F.,.F.)
B_SPLINE_CURVE_WITH_KNOTS((2,2),(0.,1.),.PIECEWISE_BEZIER_KNOTS.)
BOUNDED_CURVE()
CURVE()
GEOMETRIC_REPRESENTATION_ITEM()
RATIONAL_B_SPLINE_CURVE((1.,1.))
REPRESENTATION_ITEM('')
);
#373=(
B_SPLINE_CURVE(1,(#2138,#2139),.UNSPECIFIED.,.F.,.F.)
B_SPLINE_CURVE_WITH_KNOTS((2,2),(0.,1.),.PIECEWISE_BEZIER_KNOTS.)
BOUNDED_CURVE()
CURVE()
GEOMETRIC_REPRESENTATION_ITEM()
RATIONAL_B_SPLINE_CURVE((1.,1.))
REPRESENTATION_ITEM('')
);
#374=(
B_SPLINE_CURVE(1,(#2151,#2152),.UNSPECIFIED.,.F.,.F.)
B_SPLINE_CURVE_WITH_KNOTS((2,2),(0.,1.),.PIECEWISE_BEZIER_KNOTS.)
BOUNDED_CURVE()
CURVE()
GEOMETRIC_REPRESENTATION_ITEM()
RATIONAL_B_SPLINE_CURVE((1.,1.))
REPRESENTATION_ITEM('')
);
#375=(
B_SPLINE_CURVE(1,(#2156,#2157),.UNSPECIFIED.,.F.,.F.)
B_SPLINE_CURVE_WITH_KNOTS((2,2),(0.,1.),.PIECEWISE_BEZIER_KNOTS.)
BOUNDED_CURVE()
CURVE()
GEOMETRIC_REPRESENTATION_ITEM()
RATIONAL_B_SPLINE_CURVE((1.,1.))
REPRESENTATION_ITEM('')
);
#376=ORIENTED_EDGE('',*,*,#844,.T.);
#377=ORIENTED_EDGE('',*,*,#845,.T.);
#378=ORIENTED_EDGE('',*,*,#846,.T.);
#379=ORIENTED_EDGE('',*,*,#847,.F.);
#380=ORIENTED_EDGE('',*,*,#848,.T.);
#381=ORIENTED_EDGE('',*,*,#849,.T.);
#382=ORIENTED_EDGE('',*,*,#850,.T.);
#383=ORIENTED_EDGE('',*,*,#851,.F.);
#384=ORIENTED_EDGE('',*,*,#852,.T.);
#385=ORIENTED_EDGE('',*,*,#853,.T.);
#386=ORIENTED_EDGE('',*,*,#854,.T.);
#387=ORIENTED_EDGE('',*,*,#855,.F.);
#388=ORIENTED_EDGE('',*,*,#856,.T.);
#389=ORIENTED_EDGE('',*,*,#857,.T.);
#390=ORIENTED_EDGE('',*,*,#858,.T.);
#391=ORIENTED_EDGE('',*,*,#859,.F.);
#392=ORIENTED_EDGE('',*,*,#860,.T.);
#393=ORIENTED_EDGE('',*,*,#861,.T.);
#394=ORIENTED_EDGE('',*,*,#862,.F.);
#395=ORIENTED_EDGE('',*,*,#863,.F.);
#396=ORIENTED_EDGE('',*,*,#864,.T.);
#397=ORIENTED_EDGE('',*,*,#865,.T.);
#398=ORIENTED_EDGE('',*,*,#866,.F.);
#399=ORIENTED_EDGE('',*,*,#867,.F.);
#400=ORIENTED_EDGE('',*,*,#868,.T.);
#401=ORIENTED_EDGE('',*,*,#869,.T.);
#402=ORIENTED_EDGE('',*,*,#870,.F.);
#403=ORIENTED_EDGE('',*,*,#871,.F.);
#404=ORIENTED_EDGE('',*,*,#872,.T.);
#405=ORIENTED_EDGE('',*,*,#873,.T.);
#406=ORIENTED_EDGE('',*,*,#874,.F.);
#407=ORIENTED_EDGE('',*,*,#875,.F.);
#408=ORIENTED_EDGE('',*,*,#876,.T.);
#409=ORIENTED_EDGE('',*,*,#877,.T.);
#410=ORIENTED_EDGE('',*,*,#878,.F.);
#411=ORIENTED_EDGE('',*,*,#879,.F.);
#412=ORIENTED_EDGE('',*,*,#880,.T.);
#413=ORIENTED_EDGE('',*,*,#881,.T.);
#414=ORIENTED_EDGE('',*,*,#882,.F.);
#415=ORIENTED_EDGE('',*,*,#883,.F.);
#416=ORIENTED_EDGE('',*,*,#884,.T.);
#417=ORIENTED_EDGE('',*,*,#885,.T.);
#418=ORIENTED_EDGE('',*,*,#886,.F.);
#419=ORIENTED_EDGE('',*,*,#887,.T.);
#420=ORIENTED_EDGE('',*,*,#888,.T.);
#421=ORIENTED_EDGE('',*,*,#889,.T.);
#422=ORIENTED_EDGE('',*,*,#890,.F.);
#423=ORIENTED_EDGE('',*,*,#891,.F.);
#424=ORIENTED_EDGE('',*,*,#892,.F.);
#425=ORIENTED_EDGE('',*,*,#893,.T.);
#426=ORIENTED_EDGE('',*,*,#894,.F.);
#427=ORIENTED_EDGE('',*,*,#895,.F.);
#428=ORIENTED_EDGE('',*,*,#896,.F.);
#429=ORIENTED_EDGE('',*,*,#897,.T.);
#430=ORIENTED_EDGE('',*,*,#898,.F.);
#431=ORIENTED_EDGE('',*,*,#899,.F.);
#432=ORIENTED_EDGE('',*,*,#900,.T.);
#433=ORIENTED_EDGE('',*,*,#901,.T.);
#434=ORIENTED_EDGE('',*,*,#902,.T.);
#435=ORIENTED_EDGE('',*,*,#903,.F.);
#436=ORIENTED_EDGE('',*,*,#904,.T.);
#437=ORIENTED_EDGE('',*,*,#905,.T.);
#438=ORIENTED_EDGE('',*,*,#906,.T.);
#439=ORIENTED_EDGE('',*,*,#907,.F.);
#440=ORIENTED_EDGE('',*,*,#908,.F.);
#441=ORIENTED_EDGE('',*,*,#909,.F.);
#442=ORIENTED_EDGE('',*,*,#910,.T.);
#443=ORIENTED_EDGE('',*,*,#911,.F.);
#444=ORIENTED_EDGE('',*,*,#912,.F.);
#445=ORIENTED_EDGE('',*,*,#913,.T.);
#446=ORIENTED_EDGE('',*,*,#914,.T.);
#447=ORIENTED_EDGE('',*,*,#915,.F.);
#448=ORIENTED_EDGE('',*,*,#916,.F.);
#449=ORIENTED_EDGE('',*,*,#917,.F.);
#450=ORIENTED_EDGE('',*,*,#888,.F.);
#451=ORIENTED_EDGE('',*,*,#918,.T.);
#452=ORIENTED_EDGE('',*,*,#919,.T.);
#453=ORIENTED_EDGE('',*,*,#913,.F.);
#454=ORIENTED_EDGE('',*,*,#920,.F.);
#455=ORIENTED_EDGE('',*,*,#921,.T.);
#456=ORIENTED_EDGE('',*,*,#922,.T.);
#457=ORIENTED_EDGE('',*,*,#923,.F.);
#458=ORIENTED_EDGE('',*,*,#900,.F.);
#459=ORIENTED_EDGE('',*,*,#924,.T.);
#460=ORIENTED_EDGE('',*,*,#921,.F.);
#461=ORIENTED_EDGE('',*,*,#925,.T.);
#462=ORIENTED_EDGE('',*,*,#926,.T.);
#463=ORIENTED_EDGE('',*,*,#927,.F.);
#464=ORIENTED_EDGE('',*,*,#860,.F.);
#465=ORIENTED_EDGE('',*,*,#928,.F.);
#466=ORIENTED_EDGE('',*,*,#864,.F.);
#467=ORIENTED_EDGE('',*,*,#929,.F.);
#468=ORIENTED_EDGE('',*,*,#868,.F.);
#469=ORIENTED_EDGE('',*,*,#930,.F.);
#470=ORIENTED_EDGE('',*,*,#872,.F.);
#471=ORIENTED_EDGE('',*,*,#931,.F.);
#472=ORIENTED_EDGE('',*,*,#876,.F.);
#473=ORIENTED_EDGE('',*,*,#932,.F.);
#474=ORIENTED_EDGE('',*,*,#880,.F.);
#475=ORIENTED_EDGE('',*,*,#933,.F.);
#476=ORIENTED_EDGE('',*,*,#934,.F.);
#477=ORIENTED_EDGE('',*,*,#902,.F.);
#478=ORIENTED_EDGE('',*,*,#935,.T.);
#479=ORIENTED_EDGE('',*,*,#936,.T.);
#480=ORIENTED_EDGE('',*,*,#937,.F.);
#481=ORIENTED_EDGE('',*,*,#938,.F.);
#482=ORIENTED_EDGE('',*,*,#939,.F.);
#483=ORIENTED_EDGE('',*,*,#887,.F.);
#484=ORIENTED_EDGE('',*,*,#940,.F.);
#485=ORIENTED_EDGE('',*,*,#941,.F.);
#486=ORIENTED_EDGE('',*,*,#926,.F.);
#487=ORIENTED_EDGE('',*,*,#942,.F.);
#488=ORIENTED_EDGE('',*,*,#943,.F.);
#489=ORIENTED_EDGE('',*,*,#944,.F.);
#490=ORIENTED_EDGE('',*,*,#945,.T.);
#491=ORIENTED_EDGE('',*,*,#946,.F.);
#492=ORIENTED_EDGE('',*,*,#947,.T.);
#493=ORIENTED_EDGE('',*,*,#911,.T.);
#494=ORIENTED_EDGE('',*,*,#948,.F.);
#495=ORIENTED_EDGE('',*,*,#936,.F.);
#496=ORIENTED_EDGE('',*,*,#949,.F.);
#497=ORIENTED_EDGE('',*,*,#922,.F.);
#498=ORIENTED_EDGE('',*,*,#927,.T.);
#499=ORIENTED_EDGE('',*,*,#945,.F.);
#500=ORIENTED_EDGE('',*,*,#950,.T.);
#501=ORIENTED_EDGE('',*,*,#951,.T.);
#502=ORIENTED_EDGE('',*,*,#952,.F.);
#503=ORIENTED_EDGE('',*,*,#953,.T.);
#504=ORIENTED_EDGE('',*,*,#954,.F.);
#505=ORIENTED_EDGE('',*,*,#955,.F.);
#506=ORIENTED_EDGE('',*,*,#914,.F.);
#507=ORIENTED_EDGE('',*,*,#919,.F.);
#508=ORIENTED_EDGE('',*,*,#956,.T.);
#509=ORIENTED_EDGE('',*,*,#957,.T.);
#510=ORIENTED_EDGE('',*,*,#958,.T.);
#511=ORIENTED_EDGE('',*,*,#959,.F.);
#512=ORIENTED_EDGE('',*,*,#906,.F.);
#513=ORIENTED_EDGE('',*,*,#960,.F.);
#514=ORIENTED_EDGE('',*,*,#961,.T.);
#515=ORIENTED_EDGE('',*,*,#962,.F.);
#516=ORIENTED_EDGE('',*,*,#951,.F.);
#517=ORIENTED_EDGE('',*,*,#963,.T.);
#518=ORIENTED_EDGE('',*,*,#964,.T.);
#519=ORIENTED_EDGE('',*,*,#965,.T.);
#520=ORIENTED_EDGE('',*,*,#966,.T.);
#521=ORIENTED_EDGE('',*,*,#967,.T.);
#522=ORIENTED_EDGE('',*,*,#968,.F.);
#523=ORIENTED_EDGE('',*,*,#969,.T.);
#524=ORIENTED_EDGE('',*,*,#970,.T.);
#525=ORIENTED_EDGE('',*,*,#971,.F.);
#526=ORIENTED_EDGE('',*,*,#972,.F.);
#527=ORIENTED_EDGE('',*,*,#937,.T.);
#528=ORIENTED_EDGE('',*,*,#973,.T.);
#529=ORIENTED_EDGE('',*,*,#974,.F.);
#530=ORIENTED_EDGE('',*,*,#973,.F.);
#531=ORIENTED_EDGE('',*,*,#941,.T.);
#532=ORIENTED_EDGE('',*,*,#975,.T.);
#533=ORIENTED_EDGE('',*,*,#976,.F.);
#534=ORIENTED_EDGE('',*,*,#975,.F.);
#535=ORIENTED_EDGE('',*,*,#940,.T.);
#536=ORIENTED_EDGE('',*,*,#886,.T.);
#537=ORIENTED_EDGE('',*,*,#977,.F.);
#538=ORIENTED_EDGE('',*,*,#884,.F.);
#539=ORIENTED_EDGE('',*,*,#939,.T.);
#540=ORIENTED_EDGE('',*,*,#978,.T.);
#541=ORIENTED_EDGE('',*,*,#979,.F.);
#542=ORIENTED_EDGE('',*,*,#980,.F.);
#543=ORIENTED_EDGE('',*,*,#981,.T.);
#544=ORIENTED_EDGE('',*,*,#982,.T.);
#545=ORIENTED_EDGE('',*,*,#983,.T.);
#546=ORIENTED_EDGE('',*,*,#984,.T.);
#547=ORIENTED_EDGE('',*,*,#982,.F.);
#548=ORIENTED_EDGE('',*,*,#985,.F.);
#549=ORIENTED_EDGE('',*,*,#986,.T.);
#550=ORIENTED_EDGE('',*,*,#987,.T.);
#551=ORIENTED_EDGE('',*,*,#983,.F.);
#552=ORIENTED_EDGE('',*,*,#988,.F.);
#553=ORIENTED_EDGE('',*,*,#989,.T.);
#554=ORIENTED_EDGE('',*,*,#990,.T.);
#555=ORIENTED_EDGE('',*,*,#986,.F.);
#556=ORIENTED_EDGE('',*,*,#991,.F.);
#557=ORIENTED_EDGE('',*,*,#992,.T.);
#558=ORIENTED_EDGE('',*,*,#993,.T.);
#559=ORIENTED_EDGE('',*,*,#989,.F.);
#560=ORIENTED_EDGE('',*,*,#994,.F.);
#561=ORIENTED_EDGE('',*,*,#995,.F.);
#562=ORIENTED_EDGE('',*,*,#909,.T.);
#563=ORIENTED_EDGE('',*,*,#996,.F.);
#564=ORIENTED_EDGE('',*,*,#916,.T.);
#565=ORIENTED_EDGE('',*,*,#912,.T.);
#566=ORIENTED_EDGE('',*,*,#997,.T.);
#567=ORIENTED_EDGE('',*,*,#998,.T.);
#568=ORIENTED_EDGE('',*,*,#999,.F.);
#569=ORIENTED_EDGE('',*,*,#1000,.F.);
#570=ORIENTED_EDGE('',*,*,#893,.F.);
#571=ORIENTED_EDGE('',*,*,#1001,.T.);
#572=ORIENTED_EDGE('',*,*,#1002,.F.);
#573=ORIENTED_EDGE('',*,*,#998,.F.);
#574=ORIENTED_EDGE('',*,*,#1003,.T.);
#575=ORIENTED_EDGE('',*,*,#954,.T.);
#576=ORIENTED_EDGE('',*,*,#1004,.F.);
#577=ORIENTED_EDGE('',*,*,#1001,.F.);
#578=ORIENTED_EDGE('',*,*,#1005,.T.);
#579=ORIENTED_EDGE('',*,*,#963,.F.);
#580=ORIENTED_EDGE('',*,*,#950,.F.);
#581=ORIENTED_EDGE('',*,*,#944,.T.);
#582=ORIENTED_EDGE('',*,*,#1006,.T.);
#583=ORIENTED_EDGE('',*,*,#964,.F.);
#584=ORIENTED_EDGE('',*,*,#1006,.F.);
#585=ORIENTED_EDGE('',*,*,#943,.T.);
#586=ORIENTED_EDGE('',*,*,#1007,.T.);
#587=ORIENTED_EDGE('',*,*,#904,.F.);
#588=ORIENTED_EDGE('',*,*,#1008,.F.);
#589=ORIENTED_EDGE('',*,*,#895,.T.);
#590=ORIENTED_EDGE('',*,*,#1009,.F.);
#591=ORIENTED_EDGE('',*,*,#1010,.T.);
#592=ORIENTED_EDGE('',*,*,#1007,.F.);
#593=ORIENTED_EDGE('',*,*,#942,.T.);
#594=ORIENTED_EDGE('',*,*,#925,.F.);
#595=ORIENTED_EDGE('',*,*,#920,.T.);
#596=ORIENTED_EDGE('',*,*,#1011,.T.);
#597=ORIENTED_EDGE('',*,*,#881,.F.);
#598=ORIENTED_EDGE('',*,*,#933,.T.);
#599=ORIENTED_EDGE('',*,*,#883,.T.);
#600=ORIENTED_EDGE('',*,*,#1012,.F.);
#601=ORIENTED_EDGE('',*,*,#877,.F.);
#602=ORIENTED_EDGE('',*,*,#932,.T.);
#603=ORIENTED_EDGE('',*,*,#879,.T.);
#604=ORIENTED_EDGE('',*,*,#1013,.F.);
#605=ORIENTED_EDGE('',*,*,#873,.F.);
#606=ORIENTED_EDGE('',*,*,#931,.T.);
#607=ORIENTED_EDGE('',*,*,#875,.T.);
#608=ORIENTED_EDGE('',*,*,#1014,.F.);
#609=ORIENTED_EDGE('',*,*,#869,.F.);
#610=ORIENTED_EDGE('',*,*,#930,.T.);
#611=ORIENTED_EDGE('',*,*,#871,.T.);
#612=ORIENTED_EDGE('',*,*,#1015,.F.);
#613=ORIENTED_EDGE('',*,*,#865,.F.);
#614=ORIENTED_EDGE('',*,*,#929,.T.);
#615=ORIENTED_EDGE('',*,*,#867,.T.);
#616=ORIENTED_EDGE('',*,*,#1016,.F.);
#617=ORIENTED_EDGE('',*,*,#861,.F.);
#618=ORIENTED_EDGE('',*,*,#928,.T.);
#619=ORIENTED_EDGE('',*,*,#863,.T.);
#620=ORIENTED_EDGE('',*,*,#1017,.F.);
#621=ORIENTED_EDGE('',*,*,#980,.T.);
#622=ORIENTED_EDGE('',*,*,#1018,.T.);
#623=ORIENTED_EDGE('',*,*,#992,.F.);
#624=ORIENTED_EDGE('',*,*,#1019,.F.);
#625=ORIENTED_EDGE('',*,*,#1020,.F.);
#626=ORIENTED_EDGE('',*,*,#978,.F.);
#627=ORIENTED_EDGE('',*,*,#938,.T.);
#628=ORIENTED_EDGE('',*,*,#972,.T.);
#629=ORIENTED_EDGE('',*,*,#997,.F.);
#630=ORIENTED_EDGE('',*,*,#915,.T.);
#631=ORIENTED_EDGE('',*,*,#955,.T.);
#632=ORIENTED_EDGE('',*,*,#1005,.F.);
#633=ORIENTED_EDGE('',*,*,#1003,.F.);
#634=ORIENTED_EDGE('',*,*,#981,.F.);
#635=ORIENTED_EDGE('',*,*,#1019,.T.);
#636=ORIENTED_EDGE('',*,*,#994,.T.);
#637=ORIENTED_EDGE('',*,*,#991,.T.);
#638=ORIENTED_EDGE('',*,*,#988,.T.);
#639=ORIENTED_EDGE('',*,*,#985,.T.);
#640=ORIENTED_EDGE('',*,*,#962,.T.);
#641=ORIENTED_EDGE('',*,*,#1021,.F.);
#642=ORIENTED_EDGE('',*,*,#1022,.F.);
#643=ORIENTED_EDGE('',*,*,#952,.T.);
#644=ORIENTED_EDGE('',*,*,#1002,.T.);
#645=ORIENTED_EDGE('',*,*,#1004,.T.);
#646=ORIENTED_EDGE('',*,*,#953,.F.);
#647=ORIENTED_EDGE('',*,*,#1022,.T.);
#648=ORIENTED_EDGE('',*,*,#1023,.T.);
#649=ORIENTED_EDGE('',*,*,#1024,.T.);
#650=ORIENTED_EDGE('',*,*,#1025,.F.);
#651=ORIENTED_EDGE('',*,*,#1026,.F.);
#652=ORIENTED_EDGE('',*,*,#1027,.F.);
#653=ORIENTED_EDGE('',*,*,#1028,.F.);
#654=ORIENTED_EDGE('',*,*,#1029,.T.);
#655=ORIENTED_EDGE('',*,*,#1030,.F.);
#656=ORIENTED_EDGE('',*,*,#1023,.F.);
#657=ORIENTED_EDGE('',*,*,#1021,.T.);
#658=ORIENTED_EDGE('',*,*,#961,.F.);
#659=ORIENTED_EDGE('',*,*,#1031,.F.);
#660=ORIENTED_EDGE('',*,*,#1032,.T.);
#661=ORIENTED_EDGE('',*,*,#1033,.T.);
#662=ORIENTED_EDGE('',*,*,#1034,.F.);
#663=ORIENTED_EDGE('',*,*,#1031,.T.);
#664=ORIENTED_EDGE('',*,*,#960,.T.);
#665=ORIENTED_EDGE('',*,*,#1010,.F.);
#666=ORIENTED_EDGE('',*,*,#999,.T.);
#667=ORIENTED_EDGE('',*,*,#1024,.F.);
#668=ORIENTED_EDGE('',*,*,#1033,.F.);
#669=ORIENTED_EDGE('',*,*,#1035,.T.);
#670=ORIENTED_EDGE('',*,*,#844,.F.);
#671=ORIENTED_EDGE('',*,*,#1036,.F.);
#672=ORIENTED_EDGE('',*,*,#1037,.F.);
#673=ORIENTED_EDGE('',*,*,#1038,.F.);
#674=ORIENTED_EDGE('',*,*,#848,.F.);
#675=ORIENTED_EDGE('',*,*,#1039,.F.);
#676=ORIENTED_EDGE('',*,*,#1040,.F.);
#677=ORIENTED_EDGE('',*,*,#1041,.F.);
#678=ORIENTED_EDGE('',*,*,#852,.F.);
#679=ORIENTED_EDGE('',*,*,#1042,.F.);
#680=ORIENTED_EDGE('',*,*,#856,.F.);
#681=ORIENTED_EDGE('',*,*,#1043,.F.);
#682=ORIENTED_EDGE('',*,*,#1032,.F.);
#683=ORIENTED_EDGE('',*,*,#1034,.T.);
#684=ORIENTED_EDGE('',*,*,#1009,.T.);
#685=ORIENTED_EDGE('',*,*,#894,.T.);
#686=ORIENTED_EDGE('',*,*,#1000,.T.);
#687=ORIENTED_EDGE('',*,*,#1035,.F.);
#688=ORIENTED_EDGE('',*,*,#1008,.T.);
#689=ORIENTED_EDGE('',*,*,#907,.T.);
#690=ORIENTED_EDGE('',*,*,#959,.T.);
#691=ORIENTED_EDGE('',*,*,#1044,.F.);
#692=ORIENTED_EDGE('',*,*,#896,.T.);
#693=ORIENTED_EDGE('',*,*,#1044,.T.);
#694=ORIENTED_EDGE('',*,*,#958,.F.);
#695=ORIENTED_EDGE('',*,*,#1045,.F.);
#696=ORIENTED_EDGE('',*,*,#897,.F.);
#697=ORIENTED_EDGE('',*,*,#891,.T.);
#698=ORIENTED_EDGE('',*,*,#1046,.T.);
#699=ORIENTED_EDGE('',*,*,#946,.T.);
#700=ORIENTED_EDGE('',*,*,#1047,.F.);
#701=ORIENTED_EDGE('',*,*,#995,.T.);
#702=ORIENTED_EDGE('',*,*,#892,.T.);
#703=ORIENTED_EDGE('',*,*,#1047,.T.);
#704=ORIENTED_EDGE('',*,*,#948,.T.);
#705=ORIENTED_EDGE('',*,*,#910,.F.);
#706=ORIENTED_EDGE('',*,*,#1046,.F.);
#707=ORIENTED_EDGE('',*,*,#890,.T.);
#708=ORIENTED_EDGE('',*,*,#1048,.T.);
#709=ORIENTED_EDGE('',*,*,#908,.T.);
#710=ORIENTED_EDGE('',*,*,#947,.F.);
#711=ORIENTED_EDGE('',*,*,#918,.F.);
#712=ORIENTED_EDGE('',*,*,#903,.T.);
#713=ORIENTED_EDGE('',*,*,#934,.T.);
#714=ORIENTED_EDGE('',*,*,#956,.F.);
#715=ORIENTED_EDGE('',*,*,#1049,.F.);
#716=ORIENTED_EDGE('',*,*,#898,.T.);
#717=ORIENTED_EDGE('',*,*,#1045,.T.);
#718=ORIENTED_EDGE('',*,*,#957,.F.);
#719=ORIENTED_EDGE('',*,*,#905,.F.);
#720=ORIENTED_EDGE('',*,*,#901,.F.);
#721=ORIENTED_EDGE('',*,*,#923,.T.);
#722=ORIENTED_EDGE('',*,*,#949,.T.);
#723=ORIENTED_EDGE('',*,*,#935,.F.);
#724=ORIENTED_EDGE('',*,*,#1049,.T.);
#725=ORIENTED_EDGE('',*,*,#1011,.F.);
#726=ORIENTED_EDGE('',*,*,#924,.F.);
#727=ORIENTED_EDGE('',*,*,#899,.T.);
#728=ORIENTED_EDGE('',*,*,#889,.F.);
#729=ORIENTED_EDGE('',*,*,#917,.T.);
#730=ORIENTED_EDGE('',*,*,#996,.T.);
#731=ORIENTED_EDGE('',*,*,#1048,.F.);
#732=ORIENTED_EDGE('',*,*,#965,.F.);
#733=ORIENTED_EDGE('',*,*,#1050,.F.);
#734=ORIENTED_EDGE('',*,*,#1051,.T.);
#735=ORIENTED_EDGE('',*,*,#1052,.T.);
#736=ORIENTED_EDGE('',*,*,#966,.F.);
#737=ORIENTED_EDGE('',*,*,#1052,.F.);
#738=ORIENTED_EDGE('',*,*,#1053,.T.);
#739=ORIENTED_EDGE('',*,*,#1054,.T.);
#740=ORIENTED_EDGE('',*,*,#1055,.T.);
#741=ORIENTED_EDGE('',*,*,#967,.F.);
#742=ORIENTED_EDGE('',*,*,#968,.T.);
#743=ORIENTED_EDGE('',*,*,#1055,.F.);
#744=ORIENTED_EDGE('',*,*,#1056,.F.);
#745=ORIENTED_EDGE('',*,*,#1057,.T.);
#746=ORIENTED_EDGE('',*,*,#969,.F.);
#747=ORIENTED_EDGE('',*,*,#1057,.F.);
#748=ORIENTED_EDGE('',*,*,#1058,.T.);
#749=ORIENTED_EDGE('',*,*,#1059,.T.);
#750=ORIENTED_EDGE('',*,*,#1050,.T.);
#751=ORIENTED_EDGE('',*,*,#970,.F.);
#752=ORIENTED_EDGE('',*,*,#1051,.F.);
#753=ORIENTED_EDGE('',*,*,#1059,.F.);
#754=ORIENTED_EDGE('',*,*,#1058,.F.);
#755=ORIENTED_EDGE('',*,*,#1056,.T.);
#756=ORIENTED_EDGE('',*,*,#1054,.F.);
#757=ORIENTED_EDGE('',*,*,#1053,.F.);
#758=ORIENTED_EDGE('',*,*,#977,.T.);
#759=ORIENTED_EDGE('',*,*,#1020,.T.);
#760=ORIENTED_EDGE('',*,*,#971,.T.);
#761=ORIENTED_EDGE('',*,*,#974,.T.);
#762=ORIENTED_EDGE('',*,*,#976,.T.);
#763=ORIENTED_EDGE('',*,*,#885,.F.);
#764=ORIENTED_EDGE('',*,*,#1025,.T.);
#765=ORIENTED_EDGE('',*,*,#1030,.T.);
#766=ORIENTED_EDGE('',*,*,#1060,.F.);
#767=ORIENTED_EDGE('',*,*,#1061,.F.);
#768=ORIENTED_EDGE('',*,*,#1062,.F.);
#769=ORIENTED_EDGE('',*,*,#1063,.T.);
#770=ORIENTED_EDGE('',*,*,#1026,.T.);
#771=ORIENTED_EDGE('',*,*,#1063,.F.);
#772=ORIENTED_EDGE('',*,*,#1064,.F.);
#773=ORIENTED_EDGE('',*,*,#1065,.T.);
#774=ORIENTED_EDGE('',*,*,#1028,.T.);
#775=ORIENTED_EDGE('',*,*,#1027,.T.);
#776=ORIENTED_EDGE('',*,*,#1065,.F.);
#777=ORIENTED_EDGE('',*,*,#1066,.F.);
#778=ORIENTED_EDGE('',*,*,#1067,.F.);
#779=ORIENTED_EDGE('',*,*,#1068,.T.);
#780=ORIENTED_EDGE('',*,*,#1029,.F.);
#781=ORIENTED_EDGE('',*,*,#1068,.F.);
#782=ORIENTED_EDGE('',*,*,#1069,.T.);
#783=ORIENTED_EDGE('',*,*,#1060,.T.);
#784=ORIENTED_EDGE('',*,*,#979,.T.);
#785=ORIENTED_EDGE('',*,*,#984,.F.);
#786=ORIENTED_EDGE('',*,*,#987,.F.);
#787=ORIENTED_EDGE('',*,*,#990,.F.);
#788=ORIENTED_EDGE('',*,*,#993,.F.);
#789=ORIENTED_EDGE('',*,*,#1018,.F.);
#790=ORIENTED_EDGE('',*,*,#1062,.T.);
#791=ORIENTED_EDGE('',*,*,#1061,.T.);
#792=ORIENTED_EDGE('',*,*,#1069,.F.);
#793=ORIENTED_EDGE('',*,*,#1067,.T.);
#794=ORIENTED_EDGE('',*,*,#1066,.T.);
#795=ORIENTED_EDGE('',*,*,#1064,.T.);
#796=ORIENTED_EDGE('',*,*,#857,.F.);
#797=ORIENTED_EDGE('',*,*,#1043,.T.);
#798=ORIENTED_EDGE('',*,*,#859,.T.);
#799=ORIENTED_EDGE('',*,*,#1070,.T.);
#800=ORIENTED_EDGE('',*,*,#874,.T.);
#801=ORIENTED_EDGE('',*,*,#1014,.T.);
#802=ORIENTED_EDGE('',*,*,#1070,.F.);
#803=ORIENTED_EDGE('',*,*,#858,.F.);
#804=ORIENTED_EDGE('',*,*,#1040,.T.);
#805=ORIENTED_EDGE('',*,*,#1042,.T.);
#806=ORIENTED_EDGE('',*,*,#855,.T.);
#807=ORIENTED_EDGE('',*,*,#1071,.T.);
#808=ORIENTED_EDGE('',*,*,#1072,.F.);
#809=ORIENTED_EDGE('',*,*,#853,.F.);
#810=ORIENTED_EDGE('',*,*,#1041,.T.);
#811=ORIENTED_EDGE('',*,*,#1072,.T.);
#812=ORIENTED_EDGE('',*,*,#1073,.T.);
#813=ORIENTED_EDGE('',*,*,#882,.T.);
#814=ORIENTED_EDGE('',*,*,#1012,.T.);
#815=ORIENTED_EDGE('',*,*,#870,.T.);
#816=ORIENTED_EDGE('',*,*,#1015,.T.);
#817=ORIENTED_EDGE('',*,*,#1071,.F.);
#818=ORIENTED_EDGE('',*,*,#854,.F.);
#819=ORIENTED_EDGE('',*,*,#1073,.F.);
#820=ORIENTED_EDGE('',*,*,#1037,.T.);
#821=ORIENTED_EDGE('',*,*,#1039,.T.);
#822=ORIENTED_EDGE('',*,*,#851,.T.);
#823=ORIENTED_EDGE('',*,*,#1074,.T.);
#824=ORIENTED_EDGE('',*,*,#1075,.F.);
#825=ORIENTED_EDGE('',*,*,#849,.F.);
#826=ORIENTED_EDGE('',*,*,#1038,.T.);
#827=ORIENTED_EDGE('',*,*,#1075,.T.);
#828=ORIENTED_EDGE('',*,*,#1076,.T.);
#829=ORIENTED_EDGE('',*,*,#866,.T.);
#830=ORIENTED_EDGE('',*,*,#1016,.T.);
#831=ORIENTED_EDGE('',*,*,#862,.T.);
#832=ORIENTED_EDGE('',*,*,#1017,.T.);
#833=ORIENTED_EDGE('',*,*,#1074,.F.);
#834=ORIENTED_EDGE('',*,*,#850,.F.);
#835=ORIENTED_EDGE('',*,*,#1076,.F.);
#836=ORIENTED_EDGE('',*,*,#845,.F.);
#837=ORIENTED_EDGE('',*,*,#1036,.T.);
#838=ORIENTED_EDGE('',*,*,#847,.T.);
#839=ORIENTED_EDGE('',*,*,#1077,.T.);
#840=ORIENTED_EDGE('',*,*,#878,.T.);
#841=ORIENTED_EDGE('',*,*,#1013,.T.);
#842=ORIENTED_EDGE('',*,*,#1077,.F.);
#843=ORIENTED_EDGE('',*,*,#846,.F.);
#844=EDGE_CURVE('',#1078,#1079,#1236,.T.);
#845=EDGE_CURVE('',#1079,#1080,#358,.T.);
#846=EDGE_CURVE('',#1080,#1081,#1237,.T.);
#847=EDGE_CURVE('',#1078,#1081,#359,.T.);
#848=EDGE_CURVE('',#1082,#1083,#1238,.T.);
#849=EDGE_CURVE('',#1083,#1084,#360,.T.);
#850=EDGE_CURVE('',#1084,#1085,#1239,.T.);
#851=EDGE_CURVE('',#1082,#1085,#74,.T.);
#852=EDGE_CURVE('',#1086,#1087,#1240,.T.);
#853=EDGE_CURVE('',#1087,#1088,#361,.T.);
#854=EDGE_CURVE('',#1088,#1089,#1241,.T.);
#855=EDGE_CURVE('',#1086,#1089,#75,.T.);
#856=EDGE_CURVE('',#1090,#1091,#1242,.T.);
#857=EDGE_CURVE('',#1091,#1092,#362,.T.);
#858=EDGE_CURVE('',#1092,#1093,#1243,.T.);
#859=EDGE_CURVE('',#1090,#1093,#363,.T.);
#860=EDGE_CURVE('',#1094,#1095,#1244,.T.);
#861=EDGE_CURVE('',#1095,#1096,#364,.T.);
#862=EDGE_CURVE('',#1097,#1096,#1245,.T.);
#863=EDGE_CURVE('',#1094,#1097,#365,.T.);
#864=EDGE_CURVE('',#1098,#1099,#1246,.T.);
#865=EDGE_CURVE('',#1099,#1100,#366,.T.);
#866=EDGE_CURVE('',#1101,#1100,#1247,.T.);
#867=EDGE_CURVE('',#1098,#1101,#367,.T.);
#868=EDGE_CURVE('',#1102,#1103,#1248,.T.);
#869=EDGE_CURVE('',#1103,#1104,#368,.T.);
#870=EDGE_CURVE('',#1105,#1104,#1249,.T.);
#871=EDGE_CURVE('',#1102,#1105,#369,.T.);
#872=EDGE_CURVE('',#1106,#1107,#1250,.T.);
#873=EDGE_CURVE('',#1107,#1108,#370,.T.);
#874=EDGE_CURVE('',#1109,#1108,#1251,.T.);
#875=EDGE_CURVE('',#1106,#1109,#371,.T.);
#876=EDGE_CURVE('',#1110,#1111,#1252,.T.);
#877=EDGE_CURVE('',#1111,#1112,#372,.T.);
#878=EDGE_CURVE('',#1113,#1112,#1253,.T.);
#879=EDGE_CURVE('',#1110,#1113,#373,.T.);
#880=EDGE_CURVE('',#1114,#1115,#1254,.T.);
#881=EDGE_CURVE('',#1115,#1116,#374,.T.);
#882=EDGE_CURVE('',#1117,#1116,#1255,.T.);
#883=EDGE_CURVE('',#1114,#1117,#375,.T.);
#884=EDGE_CURVE('',#1118,#1119,#76,.T.);
#885=EDGE_CURVE('',#1119,#1120,#77,.T.);
#886=EDGE_CURVE('',#1121,#1120,#78,.T.);
#887=EDGE_CURVE('',#1121,#1118,#79,.T.);
#888=EDGE_CURVE('',#1122,#1123,#80,.T.);
#889=EDGE_CURVE('',#1123,#1124,#81,.T.);
#890=EDGE_CURVE('',#1125,#1124,#82,.T.);
#891=EDGE_CURVE('',#1126,#1125,#83,.T.);
#892=EDGE_CURVE('',#1127,#1126,#84,.T.);
#893=EDGE_CURVE('',#1127,#1128,#85,.T.);
#894=EDGE_CURVE('',#1129,#1128,#86,.T.);
#895=EDGE_CURVE('',#1130,#1129,#87,.T.);
#896=EDGE_CURVE('',#1131,#1130,#88,.T.);
#897=EDGE_CURVE('',#1131,#1132,#89,.T.);
#898=EDGE_CURVE('',#1133,#1132,#90,.T.);
#899=EDGE_CURVE('',#1134,#1133,#91,.T.);
#900=EDGE_CURVE('',#1134,#1135,#92,.T.);
#901=EDGE_CURVE('',#1135,#1136,#93,.T.);
#902=EDGE_CURVE('',#1136,#1137,#94,.T.);
#903=EDGE_CURVE('',#1122,#1137,#95,.T.);
#904=EDGE_CURVE('',#1138,#1139,#96,.F.);
#905=EDGE_CURVE('',#1139,#1140,#97,.T.);
#906=EDGE_CURVE('',#1140,#1141,#98,.T.);
#907=EDGE_CURVE('',#1138,#1141,#99,.T.);
#908=EDGE_CURVE('',#1142,#1143,#100,.T.);
#909=EDGE_CURVE('',#1144,#1142,#101,.F.);
#910=EDGE_CURVE('',#1144,#1145,#102,.T.);
#911=EDGE_CURVE('',#1143,#1145,#103,.T.);
#912=EDGE_CURVE('',#1146,#1147,#104,.T.);
#913=EDGE_CURVE('',#1146,#1148,#105,.T.);
#914=EDGE_CURVE('',#1148,#1149,#106,.T.);
#915=EDGE_CURVE('',#1147,#1149,#107,.T.);
#916=EDGE_CURVE('',#1150,#1146,#12,.T.);
#917=EDGE_CURVE('',#1123,#1150,#108,.T.);
#918=EDGE_CURVE('',#1122,#1151,#109,.T.);
#919=EDGE_CURVE('',#1151,#1148,#110,.T.);
#920=EDGE_CURVE('',#1152,#1153,#13,.T.);
#921=EDGE_CURVE('',#1152,#1154,#111,.T.);
#922=EDGE_CURVE('',#1154,#1155,#112,.T.);
#923=EDGE_CURVE('',#1135,#1155,#113,.T.);
#924=EDGE_CURVE('',#1134,#1153,#114,.T.);
#925=EDGE_CURVE('',#1152,#1156,#115,.T.);
#926=EDGE_CURVE('',#1156,#1157,#116,.T.);
#927=EDGE_CURVE('',#1154,#1157,#117,.T.);
#928=EDGE_CURVE('',#1095,#1094,#1256,.T.);
#929=EDGE_CURVE('',#1099,#1098,#1257,.T.);
#930=EDGE_CURVE('',#1103,#1102,#1258,.T.);
#931=EDGE_CURVE('',#1107,#1106,#1259,.T.);
#932=EDGE_CURVE('',#1111,#1110,#1260,.T.);
#933=EDGE_CURVE('',#1115,#1114,#1261,.T.);
#934=EDGE_CURVE('',#1137,#1158,#118,.T.);
#935=EDGE_CURVE('',#1136,#1159,#119,.T.);
#936=EDGE_CURVE('',#1159,#1158,#120,.T.);
#937=EDGE_CURVE('',#1160,#1161,#121,.T.);
#938=EDGE_CURVE('',#1162,#1160,#122,.T.);
#939=EDGE_CURVE('',#1118,#1162,#123,.T.);
#940=EDGE_CURVE('',#1163,#1121,#124,.T.);
#941=EDGE_CURVE('',#1161,#1163,#125,.T.);
#942=EDGE_CURVE('',#1164,#1156,#14,.T.);
#943=EDGE_CURVE('',#1165,#1164,#1262,.F.);
#944=EDGE_CURVE('',#1166,#1165,#126,.T.);
#945=EDGE_CURVE('',#1166,#1157,#127,.T.);
#946=EDGE_CURVE('',#1167,#1168,#128,.T.);
#947=EDGE_CURVE('',#1167,#1143,#129,.T.);
#948=EDGE_CURVE('',#1168,#1145,#130,.T.);
#949=EDGE_CURVE('',#1155,#1159,#131,.T.);
#950=EDGE_CURVE('',#1166,#1169,#132,.T.);
#951=EDGE_CURVE('',#1169,#1170,#133,.T.);
#952=EDGE_CURVE('',#1171,#1170,#134,.T.);
#953=EDGE_CURVE('',#1171,#1172,#135,.T.);
#954=EDGE_CURVE('',#1173,#1172,#136,.T.);
#955=EDGE_CURVE('',#1149,#1173,#137,.T.);
#956=EDGE_CURVE('',#1151,#1158,#138,.T.);
#957=EDGE_CURVE('',#1140,#1174,#139,.T.);
#958=EDGE_CURVE('',#1174,#1175,#140,.T.);
#959=EDGE_CURVE('',#1141,#1175,#141,.T.);
#960=EDGE_CURVE('',#1176,#1177,#142,.T.);
#961=EDGE_CURVE('',#1176,#1178,#143,.T.);
#962=EDGE_CURVE('',#1170,#1178,#144,.T.);
#963=EDGE_CURVE('',#1169,#1179,#145,.T.);
#964=EDGE_CURVE('',#1179,#1177,#1263,.F.);
#965=EDGE_CURVE('',#1180,#1181,#146,.T.);
#966=EDGE_CURVE('',#1181,#1182,#1264,.T.);
#967=EDGE_CURVE('',#1182,#1183,#1265,.T.);
#968=EDGE_CURVE('',#1184,#1183,#147,.T.);
#969=EDGE_CURVE('',#1184,#1185,#1266,.T.);
#970=EDGE_CURVE('',#1185,#1180,#1267,.T.);
#971=EDGE_CURVE('',#1186,#1187,#148,.T.);
#972=EDGE_CURVE('',#1160,#1186,#149,.T.);
#973=EDGE_CURVE('',#1161,#1187,#150,.T.);
#974=EDGE_CURVE('',#1187,#1188,#151,.T.);
#975=EDGE_CURVE('',#1163,#1188,#152,.T.);
#976=EDGE_CURVE('',#1188,#1120,#153,.T.);
#977=EDGE_CURVE('',#1119,#1189,#154,.T.);
#978=EDGE_CURVE('',#1162,#1189,#155,.T.);
#979=EDGE_CURVE('',#1190,#1191,#156,.T.);
#980=EDGE_CURVE('',#1192,#1190,#157,.T.);
#981=EDGE_CURVE('',#1192,#1193,#158,.T.);
#982=EDGE_CURVE('',#1193,#1191,#159,.T.);
#983=EDGE_CURVE('',#1194,#1195,#160,.T.);
#984=EDGE_CURVE('',#1195,#1191,#161,.T.);
#985=EDGE_CURVE('',#1194,#1193,#162,.T.);
#986=EDGE_CURVE('',#1196,#1197,#163,.T.);
#987=EDGE_CURVE('',#1197,#1195,#164,.T.);
#988=EDGE_CURVE('',#1196,#1194,#165,.T.);
#989=EDGE_CURVE('',#1198,#1199,#166,.T.);
#990=EDGE_CURVE('',#1199,#1197,#167,.T.);
#991=EDGE_CURVE('',#1198,#1196,#168,.T.);
#992=EDGE_CURVE('',#1200,#1201,#169,.T.);
#993=EDGE_CURVE('',#1201,#1199,#170,.T.);
#994=EDGE_CURVE('',#1200,#1198,#171,.T.);
#995=EDGE_CURVE('',#1144,#1127,#15,.F.);
#996=EDGE_CURVE('',#1150,#1142,#172,.T.);
#997=EDGE_CURVE('',#1147,#1202,#16,.T.);
#998=EDGE_CURVE('',#1202,#1203,#173,.T.);
#999=EDGE_CURVE('',#1204,#1203,#174,.T.);
#1000=EDGE_CURVE('',#1128,#1204,#17,.T.);
#1001=EDGE_CURVE('',#1205,#1206,#175,.T.);
#1002=EDGE_CURVE('',#1203,#1206,#1268,.F.);
#1003=EDGE_CURVE('',#1202,#1205,#1269,.F.);
#1004=EDGE_CURVE('',#1206,#1172,#176,.T.);
#1005=EDGE_CURVE('',#1205,#1173,#177,.T.);
#1006=EDGE_CURVE('',#1165,#1179,#178,.T.);
#1007=EDGE_CURVE('',#1164,#1177,#179,.T.);
#1008=EDGE_CURVE('',#1130,#1138,#18,.F.);
#1009=EDGE_CURVE('',#1207,#1129,#19,.T.);
#1010=EDGE_CURVE('',#1207,#1177,#180,.T.);
#1011=EDGE_CURVE('',#1153,#1139,#181,.T.);
#1012=EDGE_CURVE('',#1116,#1117,#1270,.T.);
#1013=EDGE_CURVE('',#1112,#1113,#1271,.T.);
#1014=EDGE_CURVE('',#1108,#1109,#1272,.T.);
#1015=EDGE_CURVE('',#1104,#1105,#1273,.T.);
#1016=EDGE_CURVE('',#1100,#1101,#1274,.T.);
#1017=EDGE_CURVE('',#1096,#1097,#1275,.T.);
#1018=EDGE_CURVE('',#1190,#1201,#182,.T.);
#1019=EDGE_CURVE('',#1192,#1200,#183,.T.);
#1020=EDGE_CURVE('',#1189,#1186,#184,.T.);
#1021=EDGE_CURVE('',#1208,#1178,#185,.T.);
#1022=EDGE_CURVE('',#1171,#1208,#186,.T.);
#1023=EDGE_CURVE('',#1208,#1209,#187,.T.);
#1024=EDGE_CURVE('',#1209,#1203,#188,.T.);
#1025=EDGE_CURVE('',#1210,#1211,#1276,.T.);
#1026=EDGE_CURVE('',#1212,#1210,#189,.T.);
#1027=EDGE_CURVE('',#1213,#1212,#1277,.T.);
#1028=EDGE_CURVE('',#1214,#1213,#1278,.T.);
#1029=EDGE_CURVE('',#1214,#1215,#190,.T.);
#1030=EDGE_CURVE('',#1211,#1215,#1279,.T.);
#1031=EDGE_CURVE('',#1216,#1176,#191,.T.);
#1032=EDGE_CURVE('',#1216,#1217,#192,.T.);
#1033=EDGE_CURVE('',#1217,#1209,#193,.T.);
#1034=EDGE_CURVE('',#1216,#1207,#194,.T.);
#1035=EDGE_CURVE('',#1217,#1204,#195,.T.);
#1036=EDGE_CURVE('',#1079,#1078,#1280,.T.);
#1037=EDGE_CURVE('',#1218,#1219,#1281,.T.);
#1038=EDGE_CURVE('',#1083,#1218,#1282,.T.);
#1039=EDGE_CURVE('',#1219,#1082,#1283,.T.);
#1040=EDGE_CURVE('',#1220,#1221,#1284,.T.);
#1041=EDGE_CURVE('',#1087,#1220,#1285,.T.);
#1042=EDGE_CURVE('',#1221,#1086,#1286,.T.);
#1043=EDGE_CURVE('',#1091,#1090,#1287,.T.);
#1044=EDGE_CURVE('',#1131,#1175,#196,.T.);
#1045=EDGE_CURVE('',#1132,#1174,#197,.T.);
#1046=EDGE_CURVE('',#1125,#1167,#198,.T.);
#1047=EDGE_CURVE('',#1126,#1168,#199,.T.);
#1048=EDGE_CURVE('',#1124,#1142,#200,.T.);
#1049=EDGE_CURVE('',#1133,#1139,#201,.T.);
#1050=EDGE_CURVE('',#1222,#1180,#202,.T.);
#1051=EDGE_CURVE('',#1222,#1223,#203,.T.);
#1052=EDGE_CURVE('',#1223,#1181,#204,.T.);
#1053=EDGE_CURVE('',#1223,#1224,#1288,.T.);
#1054=EDGE_CURVE('',#1224,#1225,#1289,.T.);
#1055=EDGE_CURVE('',#1225,#1183,#205,.T.);
#1056=EDGE_CURVE('',#1226,#1225,#206,.T.);
#1057=EDGE_CURVE('',#1226,#1184,#207,.T.);
#1058=EDGE_CURVE('',#1226,#1227,#1290,.T.);
#1059=EDGE_CURVE('',#1227,#1222,#1291,.T.);
#1060=EDGE_CURVE('',#1228,#1215,#208,.T.);
#1061=EDGE_CURVE('',#1229,#1228,#1292,.T.);
#1062=EDGE_CURVE('',#1230,#1229,#1293,.T.);
#1063=EDGE_CURVE('',#1230,#1210,#209,.T.);
#1064=EDGE_CURVE('',#1231,#1230,#210,.T.);
#1065=EDGE_CURVE('',#1231,#1212,#211,.T.);
#1066=EDGE_CURVE('',#1232,#1231,#1294,.T.);
#1067=EDGE_CURVE('',#1233,#1232,#1295,.T.);
#1068=EDGE_CURVE('',#1233,#1214,#212,.T.);
#1069=EDGE_CURVE('',#1233,#1228,#213,.T.);
#1070=EDGE_CURVE('',#1093,#1092,#1296,.T.);
#1071=EDGE_CURVE('',#1089,#1234,#1297,.T.);
#1072=EDGE_CURVE('',#1220,#1234,#214,.T.);
#1073=EDGE_CURVE('',#1234,#1088,#1298,.T.);
#1074=EDGE_CURVE('',#1085,#1235,#1299,.T.);
#1075=EDGE_CURVE('',#1218,#1235,#215,.T.);
#1076=EDGE_CURVE('',#1235,#1084,#1300,.T.);
#1077=EDGE_CURVE('',#1081,#1080,#1301,.T.);
#1078=VERTEX_POINT('',#1989);
#1079=VERTEX_POINT('',#1990);
#1080=VERTEX_POINT('',#1993);
#1081=VERTEX_POINT('',#1995);
#1082=VERTEX_POINT('',#2007);
#1083=VERTEX_POINT('',#2008);
#1084=VERTEX_POINT('',#2011);
#1085=VERTEX_POINT('',#2013);
#1086=VERTEX_POINT('',#2024);
#1087=VERTEX_POINT('',#2025);
#1088=VERTEX_POINT('',#2028);
#1089=VERTEX_POINT('',#2030);
#1090=VERTEX_POINT('',#2041);
#1091=VERTEX_POINT('',#2042);
#1092=VERTEX_POINT('',#2045);
#1093=VERTEX_POINT('',#2047);
#1094=VERTEX_POINT('',#2059);
#1095=VERTEX_POINT('',#2060);
#1096=VERTEX_POINT('',#2063);
#1097=VERTEX_POINT('',#2065);
#1098=VERTEX_POINT('',#2077);
#1099=VERTEX_POINT('',#2078);
#1100=VERTEX_POINT('',#2081);
#1101=VERTEX_POINT('',#2083);
#1102=VERTEX_POINT('',#2095);
#1103=VERTEX_POINT('',#2096);
#1104=VERTEX_POINT('',#2099);
#1105=VERTEX_POINT('',#2101);
#1106=VERTEX_POINT('',#2113);
#1107=VERTEX_POINT('',#2114);
#1108=VERTEX_POINT('',#2117);
#1109=VERTEX_POINT('',#2119);
#1110=VERTEX_POINT('',#2131);
#1111=VERTEX_POINT('',#2132);
#1112=VERTEX_POINT('',#2135);
#1113=VERTEX_POINT('',#2137);
#1114=VERTEX_POINT('',#2149);
#1115=VERTEX_POINT('',#2150);
#1116=VERTEX_POINT('',#2153);
#1117=VERTEX_POINT('',#2155);
#1118=VERTEX_POINT('',#2163);
#1119=VERTEX_POINT('',#2164);
#1120=VERTEX_POINT('',#2166);
#1121=VERTEX_POINT('',#2168);
#1122=VERTEX_POINT('',#2175);
#1123=VERTEX_POINT('',#2176);
#1124=VERTEX_POINT('',#2178);
#1125=VERTEX_POINT('',#2180);
#1126=VERTEX_POINT('',#2182);
#1127=VERTEX_POINT('',#2184);
#1128=VERTEX_POINT('',#2186);
#1129=VERTEX_POINT('',#2188);
#1130=VERTEX_POINT('',#2190);
#1131=VERTEX_POINT('',#2192);
#1132=VERTEX_POINT('',#2194);
#1133=VERTEX_POINT('',#2196);
#1134=VERTEX_POINT('',#2198);
#1135=VERTEX_POINT('',#2200);
#1136=VERTEX_POINT('',#2202);
#1137=VERTEX_POINT('',#2204);
#1138=VERTEX_POINT('',#2211);
#1139=VERTEX_POINT('',#2212);
#1140=VERTEX_POINT('',#2214);
#1141=VERTEX_POINT('',#2216);
#1142=VERTEX_POINT('',#2223);
#1143=VERTEX_POINT('',#2224);
#1144=VERTEX_POINT('',#2226);
#1145=VERTEX_POINT('',#2228);
#1146=VERTEX_POINT('',#2235);
#1147=VERTEX_POINT('',#2236);
#1148=VERTEX_POINT('',#2238);
#1149=VERTEX_POINT('',#2240);
#1150=VERTEX_POINT('',#2250);
#1151=VERTEX_POINT('',#2253);
#1152=VERTEX_POINT('',#2263);
#1153=VERTEX_POINT('',#2264);
#1154=VERTEX_POINT('',#2266);
#1155=VERTEX_POINT('',#2268);
#1156=VERTEX_POINT('',#2276);
#1157=VERTEX_POINT('',#2278);
#1158=VERTEX_POINT('',#2291);
#1159=VERTEX_POINT('',#2293);
#1160=VERTEX_POINT('',#2300);
#1161=VERTEX_POINT('',#2301);
#1162=VERTEX_POINT('',#2303);
#1163=VERTEX_POINT('',#2306);
#1164=VERTEX_POINT('',#2312);
#1165=VERTEX_POINT('',#2314);
#1166=VERTEX_POINT('',#2316);
#1167=VERTEX_POINT('',#2323);
#1168=VERTEX_POINT('',#2324);
#1169=VERTEX_POINT('',#2329);
#1170=VERTEX_POINT('',#2331);
#1171=VERTEX_POINT('',#2333);
#1172=VERTEX_POINT('',#2335);
#1173=VERTEX_POINT('',#2337);
#1174=VERTEX_POINT('',#2341);
#1175=VERTEX_POINT('',#2343);
#1176=VERTEX_POINT('',#2350);
#1177=VERTEX_POINT('',#2351);
#1178=VERTEX_POINT('',#2353);
#1179=VERTEX_POINT('',#2356);
#1180=VERTEX_POINT('',#2359);
#1181=VERTEX_POINT('',#2360);
#1182=VERTEX_POINT('',#2362);
#1183=VERTEX_POINT('',#2364);
#1184=VERTEX_POINT('',#2366);
#1185=VERTEX_POINT('',#2368);
#1186=VERTEX_POINT('',#2375);
#1187=VERTEX_POINT('',#2376);
#1188=VERTEX_POINT('',#2384);
#1189=VERTEX_POINT('',#2396);
#1190=VERTEX_POINT('',#2403);
#1191=VERTEX_POINT('',#2404);
#1192=VERTEX_POINT('',#2406);
#1193=VERTEX_POINT('',#2408);
#1194=VERTEX_POINT('',#2415);
#1195=VERTEX_POINT('',#2416);
#1196=VERTEX_POINT('',#2424);
#1197=VERTEX_POINT('',#2425);
#1198=VERTEX_POINT('',#2433);
#1199=VERTEX_POINT('',#2434);
#1200=VERTEX_POINT('',#2442);
#1201=VERTEX_POINT('',#2443);
#1202=VERTEX_POINT('',#2463);
#1203=VERTEX_POINT('',#2465);
#1204=VERTEX_POINT('',#2467);
#1205=VERTEX_POINT('',#2481);
#1206=VERTEX_POINT('',#2482);
#1207=VERTEX_POINT('',#2521);
#1208=VERTEX_POINT('',#2598);
#1209=VERTEX_POINT('',#2605);
#1210=VERTEX_POINT('',#2608);
#1211=VERTEX_POINT('',#2609);
#1212=VERTEX_POINT('',#2611);
#1213=VERTEX_POINT('',#2613);
#1214=VERTEX_POINT('',#2615);
#1215=VERTEX_POINT('',#2617);
#1216=VERTEX_POINT('',#2624);
#1217=VERTEX_POINT('',#2626);
#1218=VERTEX_POINT('',#2644);
#1219=VERTEX_POINT('',#2645);
#1220=VERTEX_POINT('',#2649);
#1221=VERTEX_POINT('',#2650);
#1222=VERTEX_POINT('',#2705);
#1223=VERTEX_POINT('',#2707);
#1224=VERTEX_POINT('',#2724);
#1225=VERTEX_POINT('',#2726);
#1226=VERTEX_POINT('',#2733);
#1227=VERTEX_POINT('',#2750);
#1228=VERTEX_POINT('',#2771);
#1229=VERTEX_POINT('',#2773);
#1230=VERTEX_POINT('',#2775);
#1231=VERTEX_POINT('',#2782);
#1232=VERTEX_POINT('',#2799);
#1233=VERTEX_POINT('',#2801);
#1234=VERTEX_POINT('',#2840);
#1235=VERTEX_POINT('',#2870);
#1236=CIRCLE('',#1637,0.005);
#1237=CIRCLE('',#1638,0.005);
#1238=CIRCLE('',#1639,0.005);
#1239=CIRCLE('',#1640,0.005);
#1240=CIRCLE('',#1641,0.005);
#1241=CIRCLE('',#1642,0.005);
#1242=CIRCLE('',#1643,0.005);
#1243=CIRCLE('',#1644,0.005);
#1244=CIRCLE('',#1645,0.00238125);
#1245=CIRCLE('',#1646,0.00238125);
#1246=CIRCLE('',#1647,0.00238125);
#1247=CIRCLE('',#1648,0.00238125);
#1248=CIRCLE('',#1649,0.00238125);
#1249=CIRCLE('',#1650,0.00238125);
#1250=CIRCLE('',#1651,0.00238125);
#1251=CIRCLE('',#1652,0.00238125);
#1252=CIRCLE('',#1653,0.00238125);
#1253=CIRCLE('',#1654,0.00238125);
#1254=CIRCLE('',#1655,0.00238125);
#1255=CIRCLE('',#1656,0.00238125);
#1256=CIRCLE('',#1657,0.00238125);
#1257=CIRCLE('',#1658,0.00238125);
#1258=CIRCLE('',#1659,0.00238125);
#1259=CIRCLE('',#1660,0.00238125);
#1260=CIRCLE('',#1661,0.00238125);
#1261=CIRCLE('',#1662,0.00238125);
#1262=CIRCLE('',#1663,2.3576598595924);
#1263=CIRCLE('',#1664,2.3576598595924);
#1264=CIRCLE('',#1665,0.0051);
#1265=CIRCLE('',#1666,0.0051);
#1266=CIRCLE('',#1667,0.00510000000001669);
#1267=CIRCLE('',#1668,0.00510000000001669);
#1268=CIRCLE('',#1669,2.3671087697069);
#1269=CIRCLE('',#1670,2.3671087697069);
#1270=CIRCLE('',#1671,0.00238125);
#1271=CIRCLE('',#1672,0.00238125);
#1272=CIRCLE('',#1673,0.00238125);
#1273=CIRCLE('',#1674,0.00238125);
#1274=CIRCLE('',#1675,0.00238125);
#1275=CIRCLE('',#1676,0.00238125);
#1276=CIRCLE('',#1677,0.00510000000001736);
#1277=CIRCLE('',#1678,0.0051);
#1278=CIRCLE('',#1679,0.0051);
#1279=CIRCLE('',#1680,0.00510000000001736);
#1280=CIRCLE('',#1681,0.005);
#1281=CIRCLE('',#1682,0.005);
#1282=CIRCLE('',#1683,0.005);
#1283=CIRCLE('',#1684,0.005);
#1284=CIRCLE('',#1685,0.005);
#1285=CIRCLE('',#1686,0.005);
#1286=CIRCLE('',#1687,0.005);
#1287=CIRCLE('',#1688,0.005);
#1288=CIRCLE('',#1689,0.0051);
#1289=CIRCLE('',#1690,0.0051);
#1290=CIRCLE('',#1691,0.00510000000001669);
#1291=CIRCLE('',#1692,0.00510000000001669);
#1292=CIRCLE('',#1693,0.00510000000001736);
#1293=CIRCLE('',#1694,0.00510000000001736);
#1294=CIRCLE('',#1695,0.0051);
#1295=CIRCLE('',#1696,0.0051);
#1296=CIRCLE('',#1697,0.005);
#1297=CIRCLE('',#1698,0.005);
#1298=CIRCLE('',#1699,0.005);
#1299=CIRCLE('',#1700,0.005);
#1300=CIRCLE('',#1701,0.005);
#1301=CIRCLE('',#1702,0.005);
#1302=EDGE_LOOP('',(#376,#377,#378,#379));
#1303=EDGE_LOOP('',(#380,#381,#382,#383));
#1304=EDGE_LOOP('',(#384,#385,#386,#387));
#1305=EDGE_LOOP('',(#388,#389,#390,#391));
#1306=EDGE_LOOP('',(#392,#393,#394,#395));
#1307=EDGE_LOOP('',(#396,#397,#398,#399));
#1308=EDGE_LOOP('',(#400,#401,#402,#403));
#1309=EDGE_LOOP('',(#404,#405,#406,#407));
#1310=EDGE_LOOP('',(#408,#409,#410,#411));
#1311=EDGE_LOOP('',(#412,#413,#414,#415));
#1312=EDGE_LOOP('',(#416,#417,#418,#419));
#1313=EDGE_LOOP('',(#420,#421,#422,#423,#424,#425,#426,#427,#428,#429,#430,#431,#432,#433,#434,#435));
#1314=EDGE_LOOP('',(#436,#437,#438,#439));
#1315=EDGE_LOOP('',(#440,#441,#442,#443));
#1316=EDGE_LOOP('',(#444,#445,#446,#447));
#1317=EDGE_LOOP('',(#448,#449,#450,#451,#452,#453));
#1318=EDGE_LOOP('',(#454,#455,#456,#457,#458,#459));
#1319=EDGE_LOOP('',(#460,#461,#462,#463));
#1320=EDGE_LOOP('',(#464,#465));
#1321=EDGE_LOOP('',(#466,#467));
#1322=EDGE_LOOP('',(#468,#469));
#1323=EDGE_LOOP('',(#470,#471));
#1324=EDGE_LOOP('',(#472,#473));
#1325=EDGE_LOOP('',(#474,#475));
#1326=EDGE_LOOP('',(#476,#477,#478,#479));
#1327=EDGE_LOOP('',(#480,#481,#482,#483,#484,#485));
#1328=EDGE_LOOP('',(#486,#487,#488,#489,#490));
#1329=EDGE_LOOP('',(#491,#492,#493,#494));
#1330=EDGE_LOOP('',(#495,#496,#497,#498,#499,#500,#501,#502,#503,#504,#505,#506,#507,#508));
#1331=EDGE_LOOP('',(#509,#510,#511,#512));
#1332=EDGE_LOOP('',(#513,#514,#515,#516,#517,#518));
#1333=EDGE_LOOP('',(#519,#520,#521,#522,#523,#524));
#1334=EDGE_LOOP('',(#525,#526,#527,#528));
#1335=EDGE_LOOP('',(#529,#530,#531,#532));
#1336=EDGE_LOOP('',(#533,#534,#535,#536));
#1337=EDGE_LOOP('',(#537,#538,#539,#540));
#1338=EDGE_LOOP('',(#541,#542,#543,#544));
#1339=EDGE_LOOP('',(#545,#546,#547,#548));
#1340=EDGE_LOOP('',(#549,#550,#551,#552));
#1341=EDGE_LOOP('',(#553,#554,#555,#556));
#1342=EDGE_LOOP('',(#557,#558,#559,#560));
#1343=EDGE_LOOP('',(#561,#562,#563,#564,#565,#566,#567,#568,#569,#570));
#1344=EDGE_LOOP('',(#571,#572,#573,#574));
#1345=EDGE_LOOP('',(#575,#576,#577,#578));
#1346=EDGE_LOOP('',(#579,#580,#581,#582));
#1347=EDGE_LOOP('',(#583,#584,#585,#586));
#1348=EDGE_LOOP('',(#587,#588,#589,#590,#591,#592,#593,#594,#595,#596));
#1349=EDGE_LOOP('',(#597,#598,#599,#600));
#1350=EDGE_LOOP('',(#601,#602,#603,#604));
#1351=EDGE_LOOP('',(#605,#606,#607,#608));
#1352=EDGE_LOOP('',(#609,#610,#611,#612));
#1353=EDGE_LOOP('',(#613,#614,#615,#616));
#1354=EDGE_LOOP('',(#617,#618,#619,#620));
#1355=EDGE_LOOP('',(#621,#622,#623,#624));
#1356=EDGE_LOOP('',(#625,#626,#627,#628));
#1357=EDGE_LOOP('',(#629,#630,#631,#632,#633));
#1358=EDGE_LOOP('',(#634,#635,#636,#637,#638,#639));
#1359=EDGE_LOOP('',(#640,#641,#642,#643));
#1360=EDGE_LOOP('',(#644,#645,#646,#647,#648,#649));
#1361=EDGE_LOOP('',(#650,#651,#652,#653,#654,#655));
#1362=EDGE_LOOP('',(#656,#657,#658,#659,#660,#661));
#1363=EDGE_LOOP('',(#662,#663,#664,#665));
#1364=EDGE_LOOP('',(#666,#667,#668,#669));
#1365=EDGE_LOOP('',(#670,#671));
#1366=EDGE_LOOP('',(#672,#673,#674,#675));
#1367=EDGE_LOOP('',(#676,#677,#678,#679));
#1368=EDGE_LOOP('',(#680,#681));
#1369=EDGE_LOOP('',(#682,#683,#684,#685,#686,#687));
#1370=EDGE_LOOP('',(#688,#689,#690,#691,#692));
#1371=EDGE_LOOP('',(#693,#694,#695,#696));
#1372=EDGE_LOOP('',(#697,#698,#699,#700));
#1373=EDGE_LOOP('',(#701,#702,#703,#704,#705));
#1374=EDGE_LOOP('',(#706,#707,#708,#709,#710));
#1375=EDGE_LOOP('',(#711,#712,#713,#714));
#1376=EDGE_LOOP('',(#715,#716,#717,#718,#719));
#1377=EDGE_LOOP('',(#720,#721,#722,#723));
#1378=EDGE_LOOP('',(#724,#725,#726,#727));
#1379=EDGE_LOOP('',(#728,#729,#730,#731));
#1380=EDGE_LOOP('',(#732,#733,#734,#735));
#1381=EDGE_LOOP('',(#736,#737,#738,#739,#740,#741));
#1382=EDGE_LOOP('',(#742,#743,#744,#745));
#1383=EDGE_LOOP('',(#746,#747,#748,#749,#750,#751));
#1384=EDGE_LOOP('',(#752,#753,#754,#755,#756,#757));
#1385=EDGE_LOOP('',(#758,#759,#760,#761,#762,#763));
#1386=EDGE_LOOP('',(#764,#765,#766,#767,#768,#769));
#1387=EDGE_LOOP('',(#770,#771,#772,#773));
#1388=EDGE_LOOP('',(#774,#775,#776,#777,#778,#779));
#1389=EDGE_LOOP('',(#780,#781,#782,#783));
#1390=EDGE_LOOP('',(#784,#785,#786,#787,#788,#789));
#1391=EDGE_LOOP('',(#790,#791,#792,#793,#794,#795));
#1392=EDGE_LOOP('',(#796,#797,#798,#799));
#1393=EDGE_LOOP('',(#800,#801));
#1394=EDGE_LOOP('',(#802,#803));
#1395=EDGE_LOOP('',(#804,#805,#806,#807,#808));
#1396=EDGE_LOOP('',(#809,#810,#811,#812));
#1397=EDGE_LOOP('',(#813,#814));
#1398=EDGE_LOOP('',(#815,#816));
#1399=EDGE_LOOP('',(#817,#818,#819));
#1400=EDGE_LOOP('',(#820,#821,#822,#823,#824));
#1401=EDGE_LOOP('',(#825,#826,#827,#828));
#1402=EDGE_LOOP('',(#829,#830));
#1403=EDGE_LOOP('',(#831,#832));
#1404=EDGE_LOOP('',(#833,#834,#835));
#1405=EDGE_LOOP('',(#836,#837,#838,#839));
#1406=EDGE_LOOP('',(#840,#841));
#1407=EDGE_LOOP('',(#842,#843));
#1408=FACE_BOUND('',#1302,.T.);
#1409=FACE_BOUND('',#1303,.T.);
#1410=FACE_BOUND('',#1304,.T.);
#1411=FACE_BOUND('',#1305,.T.);
#1412=FACE_BOUND('',#1306,.T.);
#1413=FACE_BOUND('',#1307,.T.);
#1414=FACE_BOUND('',#1308,.T.);
#1415=FACE_BOUND('',#1309,.T.);
#1416=FACE_BOUND('',#1310,.T.);
#1417=FACE_BOUND('',#1311,.T.);
#1418=FACE_BOUND('',#1312,.T.);
#1419=FACE_BOUND('',#1313,.T.);
#1420=FACE_BOUND('',#1314,.T.);
#1421=FACE_BOUND('',#1315,.T.);
#1422=FACE_BOUND('',#1316,.T.);
#1423=FACE_BOUND('',#1317,.T.);
#1424=FACE_BOUND('',#1318,.T.);
#1425=FACE_BOUND('',#1319,.T.);
#1426=FACE_BOUND('',#1320,.T.);
#1427=FACE_BOUND('',#1321,.T.);
#1428=FACE_BOUND('',#1322,.T.);
#1429=FACE_BOUND('',#1323,.T.);
#1430=FACE_BOUND('',#1324,.T.);
#1431=FACE_BOUND('',#1325,.T.);
#1432=FACE_BOUND('',#1326,.T.);
#1433=FACE_BOUND('',#1327,.T.);
#1434=FACE_BOUND('',#1328,.T.);
#1435=FACE_BOUND('',#1329,.T.);
#1436=FACE_BOUND('',#1330,.T.);
#1437=FACE_BOUND('',#1331,.T.);
#1438=FACE_BOUND('',#1332,.T.);
#1439=FACE_BOUND('',#1333,.T.);
#1440=FACE_BOUND('',#1334,.T.);
#1441=FACE_BOUND('',#1335,.T.);
#1442=FACE_BOUND('',#1336,.T.);
#1443=FACE_BOUND('',#1337,.T.);
#1444=FACE_BOUND('',#1338,.T.);
#1445=FACE_BOUND('',#1339,.T.);
#1446=FACE_BOUND('',#1340,.T.);
#1447=FACE_BOUND('',#1341,.T.);
#1448=FACE_BOUND('',#1342,.T.);
#1449=FACE_BOUND('',#1343,.T.);
#1450=FACE_BOUND('',#1344,.T.);
#1451=FACE_BOUND('',#1345,.T.);
#1452=FACE_BOUND('',#1346,.T.);
#1453=FACE_BOUND('',#1347,.T.);
#1454=FACE_BOUND('',#1348,.T.);
#1455=FACE_BOUND('',#1349,.T.);
#1456=FACE_BOUND('',#1350,.T.);
#1457=FACE_BOUND('',#1351,.T.);
#1458=FACE_BOUND('',#1352,.T.);
#1459=FACE_BOUND('',#1353,.T.);
#1460=FACE_BOUND('',#1354,.T.);
#1461=FACE_BOUND('',#1355,.T.);
#1462=FACE_BOUND('',#1356,.T.);
#1463=FACE_BOUND('',#1357,.T.);
#1464=FACE_BOUND('',#1358,.T.);
#1465=FACE_BOUND('',#1359,.T.);
#1466=FACE_BOUND('',#1360,.T.);
#1467=FACE_BOUND('',#1361,.T.);
#1468=FACE_BOUND('',#1362,.T.);
#1469=FACE_BOUND('',#1363,.T.);
#1470=FACE_BOUND('',#1364,.T.);
#1471=FACE_BOUND('',#1365,.T.);
#1472=FACE_BOUND('',#1366,.T.);
#1473=FACE_BOUND('',#1367,.T.);
#1474=FACE_BOUND('',#1368,.T.);
#1475=FACE_BOUND('',#1369,.T.);
#1476=FACE_BOUND('',#1370,.T.);
#1477=FACE_BOUND('',#1371,.T.);
#1478=FACE_BOUND('',#1372,.T.);
#1479=FACE_BOUND('',#1373,.T.);
#1480=FACE_BOUND('',#1374,.T.);
#1481=FACE_BOUND('',#1375,.T.);
#1482=FACE_BOUND('',#1376,.T.);
#1483=FACE_BOUND('',#1377,.T.);
#1484=FACE_BOUND('',#1378,.T.);
#1485=FACE_BOUND('',#1379,.T.);
#1486=FACE_BOUND('',#1380,.T.);
#1487=FACE_BOUND('',#1381,.T.);
#1488=FACE_BOUND('',#1382,.T.);
#1489=FACE_BOUND('',#1383,.T.);
#1490=FACE_BOUND('',#1384,.T.);
#1491=FACE_BOUND('',#1385,.T.);
#1492=FACE_BOUND('',#1386,.T.);
#1493=FACE_BOUND('',#1387,.T.);
#1494=FACE_BOUND('',#1388,.T.);
#1495=FACE_BOUND('',#1389,.T.);
#1496=FACE_BOUND('',#1390,.T.);
#1497=FACE_BOUND('',#1391,.T.);
#1498=FACE_BOUND('',#1392,.T.);
#1499=FACE_BOUND('',#1393,.T.);
#1500=FACE_BOUND('',#1394,.T.);
#1501=FACE_BOUND('',#1395,.T.);
#1502=FACE_BOUND('',#1396,.T.);
#1503=FACE_BOUND('',#1397,.T.);
#1504=FACE_BOUND('',#1398,.T.);
#1505=FACE_BOUND('',#1399,.T.);
#1506=FACE_BOUND('',#1400,.T.);
#1507=FACE_BOUND('',#1401,.T.);
#1508=FACE_BOUND('',#1402,.T.);
#1509=FACE_BOUND('',#1403,.T.);
#1510=FACE_BOUND('',#1404,.T.);
#1511=FACE_BOUND('',#1405,.T.);
#1512=FACE_BOUND('',#1406,.T.);
#1513=FACE_BOUND('',#1407,.T.);
#1514=(
B_SPLINE_SURFACE(3,1,((#1980,#1981),(#1982,#1983),(#1984,#1985),(#1986,
#1987)),.CYLINDRICAL_SURF.,.F.,.F.,.F.)
B_SPLINE_SURFACE_WITH_KNOTS((4,4),(2,2),(0.5,1.),(0.0454545454545454,0.954545454545455),.PIECEWISE_BEZIER_KNOTS.)
BOUNDED_SURFACE()
GEOMETRIC_REPRESENTATION_ITEM()
RATIONAL_B_SPLINE_SURFACE(((1.,1.),(0.333333333333333,0.333333333333333),(0.333333333333333,0.333333333333333),(1.,1.)))
REPRESENTATION_ITEM('')
SURFACE()
);
#1515=(
B_SPLINE_SURFACE(3,1,((#1998,#1999),(#2000,#2001),(#2002,#2003),(#2004,
#2005)),.CYLINDRICAL_SURF.,.F.,.F.,.F.)
B_SPLINE_SURFACE_WITH_KNOTS((4,4),(2,2),(0.,0.432535804355854),(0.0454545454545453,0.954545454545455),.PIECEWISE_BEZIER_KNOTS.)
BOUNDED_SURFACE()
GEOMETRIC_REPRESENTATION_ITEM()
RATIONAL_B_SPLINE_SURFACE(((1.,1.),(0.423285594192195,0.423285594192195),(0.345470447183764,0.345470447183764),(0.766554558974708,0.766554558974708)))
REPRESENTATION_ITEM('')
SURFACE()
);
#1516=(
B_SPLINE_SURFACE(3,1,((#2015,#2016),(#2017,#2018),(#2019,#2020),(#2021,
#2022)),.CYLINDRICAL_SURF.,.F.,.F.,.F.)
B_SPLINE_SURFACE_WITH_KNOTS((4,4),(2,2),(0.,0.43253580435585),(0.0454545454545455,0.954545454545455),.PIECEWISE_BEZIER_KNOTS.)
BOUNDED_SURFACE()
GEOMETRIC_REPRESENTATION_ITEM()
RATIONAL_B_SPLINE_SURFACE(((1.,1.),(0.4232855941922,0.4232855941922),(0.345470447183766,
0.345470447183766),(0.766554558974698,0.766554558974698)))
REPRESENTATION_ITEM('')
SURFACE()
);
#1517=(
B_SPLINE_SURFACE(3,1,((#2032,#2033),(#2034,#2035),(#2036,#2037),(#2038,
#2039)),.CYLINDRICAL_SURF.,.F.,.F.,.F.)
B_SPLINE_SURFACE_WITH_KNOTS((4,4),(2,2),(0.5,1.),(0.0454545454545455,0.954545454545455),.PIECEWISE_BEZIER_KNOTS.)
BOUNDED_SURFACE()
GEOMETRIC_REPRESENTATION_ITEM()
RATIONAL_B_SPLINE_SURFACE(((1.,1.),(0.333333333333333,0.333333333333333),(0.333333333333333,0.333333333333333),(1.,1.)))
REPRESENTATION_ITEM('')
SURFACE()
);
#1518=(
B_SPLINE_SURFACE(3,1,((#2050,#2051),(#2052,#2053),(#2054,#2055),(#2056,
#2057)),.CYLINDRICAL_SURF.,.F.,.F.,.F.)
B_SPLINE_SURFACE_WITH_KNOTS((4,4),(2,2),(0.5,1.),(0.0454545454545455,0.954545454545455),.PIECEWISE_BEZIER_KNOTS.)
BOUNDED_SURFACE()
GEOMETRIC_REPRESENTATION_ITEM()
RATIONAL_B_SPLINE_SURFACE(((1.,1.),(0.333333333333333,0.333333333333333),(0.333333333333333,0.333333333333333),(1.,1.)))
REPRESENTATION_ITEM('')
SURFACE()
);
#1519=(
B_SPLINE_SURFACE(3,1,((#2068,#2069),(#2070,#2071),(#2072,#2073),(#2074,
#2075)),.CYLINDRICAL_SURF.,.F.,.F.,.F.)
B_SPLINE_SURFACE_WITH_KNOTS((4,4),(2,2),(0.5,1.),(0.0454545454545454,0.954545454545455),.PIECEWISE_BEZIER_KNOTS.)
BOUNDED_SURFACE()
GEOMETRIC_REPRESENTATION_ITEM()
RATIONAL_B_SPLINE_SURFACE(((1.,1.),(0.333333333333333,0.333333333333333),(0.333333333333333,0.333333333333333),(1.,1.)))
REPRESENTATION_ITEM('')
SURFACE()
);
#1520=(
B_SPLINE_SURFACE(3,1,((#2086,#2087),(#2088,#2089),(#2090,#2091),(#2092,
#2093)),.CYLINDRICAL_SURF.,.F.,.F.,.F.)
B_SPLINE_SURFACE_WITH_KNOTS((4,4),(2,2),(0.5,1.),(0.0454545454545453,0.954545454545454),.PIECEWISE_BEZIER_KNOTS.)
BOUNDED_SURFACE()
GEOMETRIC_REPRESENTATION_ITEM()
RATIONAL_B_SPLINE_SURFACE(((1.,1.),(0.333333333333333,0.333333333333333),(0.333333333333333,0.333333333333333),(1.,1.)))
REPRESENTATION_ITEM('')
SURFACE()
);
#1521=(
B_SPLINE_SURFACE(3,1,((#2104,#2105),(#2106,#2107),(#2108,#2109),(#2110,
#2111)),.CYLINDRICAL_SURF.,.F.,.F.,.F.)
B_SPLINE_SURFACE_WITH_KNOTS((4,4),(2,2),(0.5,1.),(0.0454545454545454,0.954545454545454),.PIECEWISE_BEZIER_KNOTS.)
BOUNDED_SURFACE()
GEOMETRIC_REPRESENTATION_ITEM()
RATIONAL_B_SPLINE_SURFACE(((1.,1.),(0.333333333333333,0.333333333333333),(0.333333333333333,0.333333333333333),(1.,1.)))
REPRESENTATION_ITEM('')
SURFACE()
);
#1522=(
B_SPLINE_SURFACE(3,1,((#2122,#2123),(#2124,#2125),(#2126,#2127),(#2128,
#2129)),.CYLINDRICAL_SURF.,.F.,.F.,.F.)
B_SPLINE_SURFACE_WITH_KNOTS((4,4),(2,2),(0.5,1.),(0.0454545454545453,0.954545454545454),.PIECEWISE_BEZIER_KNOTS.)
BOUNDED_SURFACE()
GEOMETRIC_REPRESENTATION_ITEM()
RATIONAL_B_SPLINE_SURFACE(((1.,1.),(0.333333333333333,0.333333333333333),(0.333333333333333,0.333333333333333),(1.,1.)))
REPRESENTATION_ITEM('')
SURFACE()
);
#1523=(
B_SPLINE_SURFACE(3,1,((#2140,#2141),(#2142,#2143),(#2144,#2145),(#2146,
#2147)),.CYLINDRICAL_SURF.,.F.,.F.,.F.)
B_SPLINE_SURFACE_WITH_KNOTS((4,4),(2,2),(0.5,1.),(0.0454545454545453,0.954545454545455),.PIECEWISE_BEZIER_KNOTS.)
BOUNDED_SURFACE()
GEOMETRIC_REPRESENTATION_ITEM()
RATIONAL_B_SPLINE_SURFACE(((1.,1.),(0.333333333333333,0.333333333333333),(0.333333333333333,0.333333333333333),(1.,1.)))
REPRESENTATION_ITEM('')
SURFACE()
);
#1524=(
B_SPLINE_SURFACE(3,1,((#2472,#2473),(#2474,#2475),(#2476,#2477),(#2478,
#2479)),.CYLINDRICAL_SURF.,.F.,.F.,.F.)
B_SPLINE_SURFACE_WITH_KNOTS((4,4),(2,2),(0.,1.),(0.,1.),.PIECEWISE_BEZIER_KNOTS.)
BOUNDED_SURFACE()
GEOMETRIC_REPRESENTATION_ITEM()
RATIONAL_B_SPLINE_SURFACE(((1.,1.),(0.987620700506245,0.987620700506245),(0.987620700506245,0.987620700506245),(1.,1.)))
REPRESENTATION_ITEM('')
SURFACE()
);
#1525=(
B_SPLINE_SURFACE(3,1,((#2496,#2497),(#2498,#2499),(#2500,#2501),(#2502,
#2503)),.CYLINDRICAL_SURF.,.F.,.F.,.F.)
B_SPLINE_SURFACE_WITH_KNOTS((4,4),(2,2),(0.,1.),(0.,1.),.PIECEWISE_BEZIER_KNOTS.)
BOUNDED_SURFACE()
GEOMETRIC_REPRESENTATION_ITEM()
RATIONAL_B_SPLINE_SURFACE(((1.,1.),(0.98767637102374,0.98767637102374),(0.98767637102374,0.98767637102374),(1.,1.)))
REPRESENTATION_ITEM('')
SURFACE()
);
#1526=(
B_SPLINE_SURFACE(3,1,((#2524,#2525),(#2526,#2527),(#2528,#2529),(#2530,
#2531)),.CYLINDRICAL_SURF.,.F.,.F.,.F.)
B_SPLINE_SURFACE_WITH_KNOTS((4,4),(2,2),(0.,0.5),(0.0454545454545455,0.954545454545455),.PIECEWISE_BEZIER_KNOTS.)
BOUNDED_SURFACE()
GEOMETRIC_REPRESENTATION_ITEM()
RATIONAL_B_SPLINE_SURFACE(((1.,1.),(0.333333333333333,0.333333333333333),(0.333333333333333,0.333333333333333),(1.,1.)))
REPRESENTATION_ITEM('')
SURFACE()
);
#1527=(
B_SPLINE_SURFACE(3,1,((#2533,#2534),(#2535,#2536),(#2537,#2538),(#2539,
#2540)),.CYLINDRICAL_SURF.,.F.,.F.,.F.)
B_SPLINE_SURFACE_WITH_KNOTS((4,4),(2,2),(0.,0.5),(0.0454545454545453,0.954545454545455),.PIECEWISE_BEZIER_KNOTS.)
BOUNDED_SURFACE()
GEOMETRIC_REPRESENTATION_ITEM()
RATIONAL_B_SPLINE_SURFACE(((1.,1.),(0.333333333333333,0.333333333333333),(0.333333333333333,0.333333333333333),(1.,1.)))
REPRESENTATION_ITEM('')
SURFACE()
);
#1528=(
B_SPLINE_SURFACE(3,1,((#2542,#2543),(#2544,#2545),(#2546,#2547),(#2548,
#2549)),.CYLINDRICAL_SURF.,.F.,.F.,.F.)
B_SPLINE_SURFACE_WITH_KNOTS((4,4),(2,2),(0.,0.5),(0.0454545454545455,0.954545454545455),.PIECEWISE_BEZIER_KNOTS.)
BOUNDED_SURFACE()
GEOMETRIC_REPRESENTATION_ITEM()
RATIONAL_B_SPLINE_SURFACE(((1.,1.),(0.333333333333333,0.333333333333333),(0.333333333333333,0.333333333333333),(1.,1.)))
REPRESENTATION_ITEM('')
SURFACE()
);
#1529=(
B_SPLINE_SURFACE(3,1,((#2551,#2552),(#2553,#2554),(#2555,#2556),(#2557,
#2558)),.CYLINDRICAL_SURF.,.F.,.F.,.F.)
B_SPLINE_SURFACE_WITH_KNOTS((4,4),(2,2),(0.,0.5),(0.0454545454545454,0.954545454545455),.PIECEWISE_BEZIER_KNOTS.)
BOUNDED_SURFACE()
GEOMETRIC_REPRESENTATION_ITEM()
RATIONAL_B_SPLINE_SURFACE(((1.,1.),(0.333333333333333,0.333333333333333),(0.333333333333333,0.333333333333333),(1.,1.)))
REPRESENTATION_ITEM('')
SURFACE()
);
#1530=(
B_SPLINE_SURFACE(3,1,((#2560,#2561),(#2562,#2563),(#2564,#2565),(#2566,
#2567)),.CYLINDRICAL_SURF.,.F.,.F.,.F.)
B_SPLINE_SURFACE_WITH_KNOTS((4,4),(2,2),(0.,0.5),(0.0454545454545455,0.954545454545455),.PIECEWISE_BEZIER_KNOTS.)
BOUNDED_SURFACE()
GEOMETRIC_REPRESENTATION_ITEM()
RATIONAL_B_SPLINE_SURFACE(((1.,1.),(0.333333333333333,0.333333333333333),(0.333333333333333,0.333333333333333),(1.,1.)))
REPRESENTATION_ITEM('')
SURFACE()
);
#1531=(
B_SPLINE_SURFACE(3,1,((#2569,#2570),(#2571,#2572),(#2573,#2574),(#2575,
#2576)),.CYLINDRICAL_SURF.,.F.,.F.,.F.)
B_SPLINE_SURFACE_WITH_KNOTS((4,4),(2,2),(0.,0.5),(0.0454545454545455,0.954545454545455),.PIECEWISE_BEZIER_KNOTS.)
BOUNDED_SURFACE()
GEOMETRIC_REPRESENTATION_ITEM()
RATIONAL_B_SPLINE_SURFACE(((1.,1.),(0.333333333333333,0.333333333333333),(0.333333333333333,0.333333333333333),(1.,1.)))
REPRESENTATION_ITEM('')
SURFACE()
);
#1532=(
B_SPLINE_SURFACE(3,1,((#2709,#2710),(#2711,#2712),(#2713,#2714),(#2715,
#2716),(#2717,#2718),(#2719,#2720),(#2721,#2722)),.CYLINDRICAL_SURF.,.F.,.F.,.F.)
B_SPLINE_SURFACE_WITH_KNOTS((4,3,4),(2,2),(0.,0.5,1.),(0.0454545454545455,0.954545454545454),.PIECEWISE_BEZIER_KNOTS.)
BOUNDED_SURFACE()
GEOMETRIC_REPRESENTATION_ITEM()
RATIONAL_B_SPLINE_SURFACE(((1.,1.),(0.799251608297982,0.799251608297983),(0.799251608297982,0.799251608297983),(1.,1.),(0.799251608297982,0.799251608297983),(0.799251608297982,0.799251608297983),(1.,1.)))
REPRESENTATION_ITEM('')
SURFACE()
);
#1533=(
B_SPLINE_SURFACE(3,1,((#2735,#2736),(#2737,#2738),(#2739,#2740),(#2741,
#2742),(#2743,#2744),(#2745,#2746),(#2747,#2748)),.CYLINDRICAL_SURF.,.F.,.F.,.F.)
B_SPLINE_SURFACE_WITH_KNOTS((4,3,4),(2,2),(0.,0.5,1.),(0.0454545454545455,0.954545454545455),.PIECEWISE_BEZIER_KNOTS.)
BOUNDED_SURFACE()
GEOMETRIC_REPRESENTATION_ITEM()
RATIONAL_B_SPLINE_SURFACE(((1.,1.),(0.797541308251204,0.797541308251204),(0.797541308251204,0.797541308251204),(1.,1.),(0.797541308251204,0.797541308251204),(0.797541308251204,0.797541308251204),(1.,1.)))
REPRESENTATION_ITEM('')
SURFACE()
);
#1534=(
B_SPLINE_SURFACE(3,1,((#2756,#2757),(#2758,#2759),(#2760,#2761),(#2762,
#2763),(#2764,#2765),(#2766,#2767),(#2768,#2769)),.CYLINDRICAL_SURF.,.F.,.F.,.F.)
B_SPLINE_SURFACE_WITH_KNOTS((4,3,4),(2,2),(0.,0.5,1.),(0.0454545454545455,0.954545454545454),.PIECEWISE_BEZIER_KNOTS.)
BOUNDED_SURFACE()
GEOMETRIC_REPRESENTATION_ITEM()
RATIONAL_B_SPLINE_SURFACE(((1.,1.),(0.799251608298002,0.799251608298002),(0.799251608298002,0.799251608298002),(1.,1.),(0.799251608298002,0.799251608298002),(0.799251608298002,0.799251608298002),(1.,1.)))
REPRESENTATION_ITEM('')
SURFACE()
);
#1535=(
B_SPLINE_SURFACE(3,1,((#2784,#2785),(#2786,#2787),(#2788,#2789),(#2790,
#2791),(#2792,#2793),(#2794,#2795),(#2796,#2797)),.CYLINDRICAL_SURF.,.F.,.F.,.F.)
B_SPLINE_SURFACE_WITH_KNOTS((4,3,4),(2,2),(0.,0.5,1.),(0.0454545454545455,0.954545454545455),.PIECEWISE_BEZIER_KNOTS.)
BOUNDED_SURFACE()
GEOMETRIC_REPRESENTATION_ITEM()
RATIONAL_B_SPLINE_SURFACE(((1.,1.),(0.797541308251179,0.797541308251179),(0.797541308251179,0.797541308251179),(1.,1.),(0.797541308251178,0.797541308251178),(0.797541308251178,0.797541308251178),(1.,1.)))
REPRESENTATION_ITEM('')
SURFACE()
);
#1536=(
B_SPLINE_SURFACE(3,1,((#2812,#2813),(#2814,#2815),(#2816,#2817),(#2818,
#2819)),.CYLINDRICAL_SURF.,.F.,.F.,.F.)
B_SPLINE_SURFACE_WITH_KNOTS((4,4),(2,2),(0.,0.5),(0.0454545454545454,0.954545454545455),.PIECEWISE_BEZIER_KNOTS.)
BOUNDED_SURFACE()
GEOMETRIC_REPRESENTATION_ITEM()
RATIONAL_B_SPLINE_SURFACE(((1.,1.),(0.333333333333333,0.333333333333333),(0.333333333333333,0.333333333333333),(1.,1.)))
REPRESENTATION_ITEM('')
SURFACE()
);
#1537=(
B_SPLINE_SURFACE(3,1,((#2825,#2826),(#2827,#2828),(#2829,#2830),(#2831,
#2832),(#2833,#2834),(#2835,#2836),(#2837,#2838)),.CYLINDRICAL_SURF.,.T.,.F.,.F.)
B_SPLINE_SURFACE_WITH_KNOTS((4,3,4),(2,2),(0.,0.5,1.),(0.,1.),.PIECEWISE_BEZIER_KNOTS.)
BOUNDED_SURFACE()
GEOMETRIC_REPRESENTATION_ITEM()
RATIONAL_B_SPLINE_SURFACE(((1.,1.),(0.333333333333333,0.333333333333333),(0.333333333333333,0.333333333333333),(1.,1.),(0.333333333333333,0.333333333333333),(0.333333333333333,0.333333333333333),(1.,1.)))
REPRESENTATION_ITEM('')
SURFACE()
);
#1538=(
B_SPLINE_SURFACE(3,1,((#2842,#2843),(#2844,#2845),(#2846,#2847),(#2848,
#2849)),.CYLINDRICAL_SURF.,.F.,.F.,.F.)
B_SPLINE_SURFACE_WITH_KNOTS((4,4),(2,2),(0.567464195644151,1.),(0.0454545454545455,0.954545454545455),.PIECEWISE_BEZIER_KNOTS.)
BOUNDED_SURFACE()
GEOMETRIC_REPRESENTATION_ITEM()
RATIONAL_B_SPLINE_SURFACE(((0.766554558974693,0.766554558974693),(0.345470447183766,
0.345470447183766),(0.423285594192202,0.423285594192202),(1.,1.)))
REPRESENTATION_ITEM('')
SURFACE()
);
#1539=(
B_SPLINE_SURFACE(3,1,((#2855,#2856),(#2857,#2858),(#2859,#2860),(#2861,
#2862),(#2863,#2864),(#2865,#2866),(#2867,#2868)),.CYLINDRICAL_SURF.,.T.,.F.,.F.)
B_SPLINE_SURFACE_WITH_KNOTS((4,3,4),(2,2),(0.,0.5,1.),(0.,1.),.PIECEWISE_BEZIER_KNOTS.)
BOUNDED_SURFACE()
GEOMETRIC_REPRESENTATION_ITEM()
RATIONAL_B_SPLINE_SURFACE(((1.,1.),(0.333333333333333,0.333333333333333),(0.333333333333333,0.333333333333333),(1.,1.),(0.333333333333333,0.333333333333333),(0.333333333333333,0.333333333333333),(1.,1.)))
REPRESENTATION_ITEM('')
SURFACE()
);
#1540=(
B_SPLINE_SURFACE(3,1,((#2872,#2873),(#2874,#2875),(#2876,#2877),(#2878,
#2879)),.CYLINDRICAL_SURF.,.F.,.F.,.F.)
B_SPLINE_SURFACE_WITH_KNOTS((4,4),(2,2),(0.567464195644154,1.),(0.0454545454545455,0.954545454545455),.PIECEWISE_BEZIER_KNOTS.)
BOUNDED_SURFACE()
GEOMETRIC_REPRESENTATION_ITEM()
RATIONAL_B_SPLINE_SURFACE(((0.766554558974687,0.766554558974687),(0.345470447183767,
0.345470447183767),(0.423285594192205,0.423285594192205),(1.,1.)))
REPRESENTATION_ITEM('')
SURFACE()
);
#1541=(
B_SPLINE_SURFACE(3,1,((#2885,#2886),(#2887,#2888),(#2889,#2890),(#2891,
#2892)),.CYLINDRICAL_SURF.,.F.,.F.,.F.)
B_SPLINE_SURFACE_WITH_KNOTS((4,4),(2,2),(0.,0.5),(0.0454545454545455,0.954545454545454),.PIECEWISE_BEZIER_KNOTS.)
BOUNDED_SURFACE()
GEOMETRIC_REPRESENTATION_ITEM()
RATIONAL_B_SPLINE_SURFACE(((1.,1.),(0.333333333333333,0.333333333333333),(0.333333333333333,0.333333333333333),(1.,1.)))
REPRESENTATION_ITEM('')
SURFACE()
);
#1542=ADVANCED_FACE('',(#1408),#1514,.F.);
#1543=ADVANCED_FACE('',(#1409),#1515,.F.);
#1544=ADVANCED_FACE('',(#1410),#1516,.F.);
#1545=ADVANCED_FACE('',(#1411),#1517,.F.);
#1546=ADVANCED_FACE('',(#1412),#1518,.F.);
#1547=ADVANCED_FACE('',(#1413),#1519,.F.);
#1548=ADVANCED_FACE('',(#1414),#1520,.F.);
#1549=ADVANCED_FACE('',(#1415),#1521,.F.);
#1550=ADVANCED_FACE('',(#1416),#1522,.F.);
#1551=ADVANCED_FACE('',(#1417),#1523,.F.);
#1552=ADVANCED_FACE('',(#1418),#20,.T.);
#1553=ADVANCED_FACE('',(#1419),#21,.T.);
#1554=ADVANCED_FACE('',(#1420),#22,.F.);
#1555=ADVANCED_FACE('',(#1421),#23,.T.);
#1556=ADVANCED_FACE('',(#1422),#24,.F.);
#1557=ADVANCED_FACE('',(#1423),#25,.F.);
#1558=ADVANCED_FACE('',(#1424),#26,.F.);
#1559=ADVANCED_FACE('',(#1425),#27,.T.);
#1560=ADVANCED_FACE('',(#1426,#1427,#1428,#1429,#1430,#1431,#1432),#28,.F.);
#1561=ADVANCED_FACE('',(#1433,#1434),#29,.F.);
#1562=ADVANCED_FACE('',(#1435,#1436,#1437),#30,.F.);
#1563=ADVANCED_FACE('',(#1438,#1439),#31,.T.);
#1564=ADVANCED_FACE('',(#1440),#32,.T.);
#1565=ADVANCED_FACE('',(#1441),#33,.T.);
#1566=ADVANCED_FACE('',(#1442),#34,.T.);
#1567=ADVANCED_FACE('',(#1443),#35,.T.);
#1568=ADVANCED_FACE('',(#1444),#36,.T.);
#1569=ADVANCED_FACE('',(#1445),#37,.F.);
#1570=ADVANCED_FACE('',(#1446),#38,.F.);
#1571=ADVANCED_FACE('',(#1447),#39,.F.);
#1572=ADVANCED_FACE('',(#1448),#40,.F.);
#1573=ADVANCED_FACE('',(#1449),#41,.T.);
#1574=ADVANCED_FACE('',(#1450),#1524,.F.);
#1575=ADVANCED_FACE('',(#1451),#42,.T.);
#1576=ADVANCED_FACE('',(#1452),#43,.T.);
#1577=ADVANCED_FACE('',(#1453),#1525,.F.);
#1578=ADVANCED_FACE('',(#1454),#44,.T.);
#1579=ADVANCED_FACE('',(#1455),#1526,.F.);
#1580=ADVANCED_FACE('',(#1456),#1527,.F.);
#1581=ADVANCED_FACE('',(#1457),#1528,.F.);
#1582=ADVANCED_FACE('',(#1458),#1529,.F.);
#1583=ADVANCED_FACE('',(#1459),#1530,.F.);
#1584=ADVANCED_FACE('',(#1460),#1531,.F.);
#1585=ADVANCED_FACE('',(#1461),#45,.F.);
#1586=ADVANCED_FACE('',(#1462),#46,.T.);
#1587=ADVANCED_FACE('',(#1463,#1464),#47,.F.);
#1588=ADVANCED_FACE('',(#1465),#48,.F.);
#1589=ADVANCED_FACE('',(#1466,#1467),#49,.T.);
#1590=ADVANCED_FACE('',(#1468),#50,.T.);
#1591=ADVANCED_FACE('',(#1469),#51,.F.);
#1592=ADVANCED_FACE('',(#1470),#52,.T.);
#1593=ADVANCED_FACE('',(#1471,#1472,#1473,#1474,#1475),#53,.T.);
#1594=ADVANCED_FACE('',(#1476),#54,.F.);
#1595=ADVANCED_FACE('',(#1477),#55,.T.);
#1596=ADVANCED_FACE('',(#1478),#56,.F.);
#1597=ADVANCED_FACE('',(#1479),#57,.F.);
#1598=ADVANCED_FACE('',(#1480),#58,.T.);
#1599=ADVANCED_FACE('',(#1481),#59,.T.);
#1600=ADVANCED_FACE('',(#1482),#60,.T.);
#1601=ADVANCED_FACE('',(#1483),#61,.F.);
#1602=ADVANCED_FACE('',(#1484),#62,.F.);
#1603=ADVANCED_FACE('',(#1485),#63,.T.);
#1604=ADVANCED_FACE('',(#1486),#64,.T.);
#1605=ADVANCED_FACE('',(#1487),#1532,.F.);
#1606=ADVANCED_FACE('',(#1488),#65,.F.);
#1607=ADVANCED_FACE('',(#1489),#1533,.F.);
#1608=ADVANCED_FACE('',(#1490,#1491),#66,.F.);
#1609=ADVANCED_FACE('',(#1492),#1534,.F.);
#1610=ADVANCED_FACE('',(#1493),#67,.F.);
#1611=ADVANCED_FACE('',(#1494),#1535,.F.);
#1612=ADVANCED_FACE('',(#1495),#68,.T.);
#1613=ADVANCED_FACE('',(#1496,#1497),#69,.F.);
#1614=ADVANCED_FACE('',(#1498),#1536,.F.);
#1615=ADVANCED_FACE('',(#1499,#1500),#70,.F.);
#1616=ADVANCED_FACE('',(#1501),#1537,.F.);
#1617=ADVANCED_FACE('',(#1502),#1538,.F.);
#1618=ADVANCED_FACE('',(#1503,#1504,#1505),#71,.F.);
#1619=ADVANCED_FACE('',(#1506),#1539,.F.);
#1620=ADVANCED_FACE('',(#1507),#1540,.F.);
#1621=ADVANCED_FACE('',(#1508,#1509,#1510),#72,.F.);
#1622=ADVANCED_FACE('',(#1511),#1541,.F.);
#1623=ADVANCED_FACE('',(#1512,#1513),#73,.F.);
#1624=CLOSED_SHELL('',(#1542,#1543,#1544,#1545,#1546,#1547,#1548,#1549,#1550,#1551,#1552,#1553,#1554,#1555,#1556,#1557,#1558,#1559,#1560,#1561,#1562,#1563,#1564,#1565,#1566,#1567,#1568,#1569,#1570,#1571,#1572,#1573,#1574,#1575,#1576,#1577,#1578,#1579,#1580,#1581,#1582,#1583,#1584,#1585,#1586,#1587,#1588,#1589,#1590,#1591,#1592,#1593,#1594,#1595,#1596,#1597,#1598,#1599,#1600,#1601,#1602,#1603,#1604,#1605,#1606,#1607,#1608,#1609,#1610,#1611,#1612,#1613,#1614,#1615,#1616,#1617,#1618,#1619,#1620,#1621,#1622,#1623));
#1625=STYLED_ITEM('',(#1626),#1633);
#1626=PRESENTATION_STYLE_ASSIGNMENT((#1627));
#1627=SURFACE_STYLE_USAGE(.BOTH.,#1628);
#1628=SURFACE_SIDE_STYLE('',(#1629));
#1629=SURFACE_STYLE_FILL_AREA(#1630);
#1630=FILL_AREA_STYLE('',(#1631));
#1631=FILL_AREA_STYLE_COLOUR('',#1632);
#1632=COLOUR_RGB('',0.647058823529412,0.647058823529412,0.647058823529412);
#1633=MANIFOLD_SOLID_BREP('Part 10',#1624);
#1634=SHAPE_DEFINITION_REPRESENTATION(#2904,#1635);
#1635=SHAPE_REPRESENTATION('Part 10',(#1636),#2899);
#1636=AXIS2_PLACEMENT_3D('',#1979,#1703,#1704);
#1637=AXIS2_PLACEMENT_3D('',#1988,#1705,#1706);
#1638=AXIS2_PLACEMENT_3D('',#1994,#1707,#1708);
#1639=AXIS2_PLACEMENT_3D('',#2006,#1709,#1710);
#1640=AXIS2_PLACEMENT_3D('',#2012,#1711,#1712);
#1641=AXIS2_PLACEMENT_3D('',#2023,#1714,#1715);
#1642=AXIS2_PLACEMENT_3D('',#2029,#1716,#1717);
#1643=AXIS2_PLACEMENT_3D('',#2040,#1719,#1720);
#1644=AXIS2_PLACEMENT_3D('',#2046,#1721,#1722);
#1645=AXIS2_PLACEMENT_3D('',#2058,#1723,#1724);
#1646=AXIS2_PLACEMENT_3D('',#2064,#1725,#1726);
#1647=AXIS2_PLACEMENT_3D('',#2076,#1727,#1728);
#1648=AXIS2_PLACEMENT_3D('',#2082,#1729,#1730);
#1649=AXIS2_PLACEMENT_3D('',#2094,#1731,#1732);
#1650=AXIS2_PLACEMENT_3D('',#2100,#1733,#1734);
#1651=AXIS2_PLACEMENT_3D('',#2112,#1735,#1736);
#1652=AXIS2_PLACEMENT_3D('',#2118,#1737,#1738);
#1653=AXIS2_PLACEMENT_3D('',#2130,#1739,#1740);
#1654=AXIS2_PLACEMENT_3D('',#2136,#1741,#1742);
#1655=AXIS2_PLACEMENT_3D('',#2148,#1743,#1744);
#1656=AXIS2_PLACEMENT_3D('',#2154,#1745,#1746);
#1657=AXIS2_PLACEMENT_3D('',#2284,#1789,#1790);
#1658=AXIS2_PLACEMENT_3D('',#2285,#1791,#1792);
#1659=AXIS2_PLACEMENT_3D('',#2286,#1793,#1794);
#1660=AXIS2_PLACEMENT_3D('',#2287,#1795,#1796);
#1661=AXIS2_PLACEMENT_3D('',#2288,#1797,#1798);
#1662=AXIS2_PLACEMENT_3D('',#2289,#1799,#1800);
#1663=AXIS2_PLACEMENT_3D('',#2313,#1809,#1810);
#1664=AXIS2_PLACEMENT_3D('',#2357,#1831,#1832);
#1665=AXIS2_PLACEMENT_3D('',#2361,#1834,#1835);
#1666=AXIS2_PLACEMENT_3D('',#2363,#1836,#1837);
#1667=AXIS2_PLACEMENT_3D('',#2367,#1839,#1840);
#1668=AXIS2_PLACEMENT_3D('',#2369,#1841,#1842);
#1669=AXIS2_PLACEMENT_3D('',#2483,#1871,#1872);
#1670=AXIS2_PLACEMENT_3D('',#2484,#1873,#1874);
#1671=AXIS2_PLACEMENT_3D('',#2532,#1881,#1882);
#1672=AXIS2_PLACEMENT_3D('',#2541,#1883,#1884);
#1673=AXIS2_PLACEMENT_3D('',#2550,#1885,#1886);
#1674=AXIS2_PLACEMENT_3D('',#2559,#1887,#1888);
#1675=AXIS2_PLACEMENT_3D('',#2568,#1889,#1890);
#1676=AXIS2_PLACEMENT_3D('',#2577,#1891,#1892);
#1677=AXIS2_PLACEMENT_3D('',#2607,#1900,#1901);
#1678=AXIS2_PLACEMENT_3D('',#2612,#1903,#1904);
#1679=AXIS2_PLACEMENT_3D('',#2614,#1905,#1906);
#1680=AXIS2_PLACEMENT_3D('',#2618,#1908,#1909);
#1681=AXIS2_PLACEMENT_3D('',#2642,#1915,#1916);
#1682=AXIS2_PLACEMENT_3D('',#2643,#1917,#1918);
#1683=AXIS2_PLACEMENT_3D('',#2646,#1919,#1920);
#1684=AXIS2_PLACEMENT_3D('',#2647,#1921,#1922);
#1685=AXIS2_PLACEMENT_3D('',#2648,#1923,#1924);
#1686=AXIS2_PLACEMENT_3D('',#2651,#1925,#1926);
#1687=AXIS2_PLACEMENT_3D('',#2652,#1927,#1928);
#1688=AXIS2_PLACEMENT_3D('',#2653,#1929,#1930);
#1689=AXIS2_PLACEMENT_3D('',#2723,#1940,#1941);
#1690=AXIS2_PLACEMENT_3D('',#2725,#1942,#1943);
#1691=AXIS2_PLACEMENT_3D('',#2749,#1947,#1948);
#1692=AXIS2_PLACEMENT_3D('',#2751,#1949,#1950);
#1693=AXIS2_PLACEMENT_3D('',#2772,#1952,#1953);
#1694=AXIS2_PLACEMENT_3D('',#2774,#1954,#1955);
#1695=AXIS2_PLACEMENT_3D('',#2798,#1959,#1960);
#1696=AXIS2_PLACEMENT_3D('',#2800,#1961,#1962);
#1697=AXIS2_PLACEMENT_3D('',#2820,#1965,#1966);
#1698=AXIS2_PLACEMENT_3D('',#2839,#1967,#1968);
#1699=AXIS2_PLACEMENT_3D('',#2850,#1970,#1971);
#1700=AXIS2_PLACEMENT_3D('',#2869,#1972,#1973);
#1701=AXIS2_PLACEMENT_3D('',#2880,#1975,#1976);
#1702=AXIS2_PLACEMENT_3D('',#2893,#1977,#1978);
#1703=DIRECTION('',(0.,0.,1.));
#1704=DIRECTION('',(1.,0.,0.));
#1705=DIRECTION('',(0.,0.,1.));
#1706=DIRECTION('',(1.,0.,0.));
#1707=DIRECTION('',(0.,0.,-1.));
#1708=DIRECTION('',(-1.,0.,0.));
#1709=DIRECTION('',(0.,0.,1.));
#1710=DIRECTION('',(1.,0.,0.));
#1711=DIRECTION('',(0.,0.,-1.));
#1712=DIRECTION('',(-1.,0.,0.));
#1713=DIRECTION('',(0.,0.,-1.));
#1714=DIRECTION('',(0.,0.,1.));
#1715=DIRECTION('',(1.,0.,0.));
#1716=DIRECTION('',(0.,0.,-1.));
#1717=DIRECTION('',(-1.,0.,0.));
#1718=DIRECTION('',(0.,0.,-1.));
#1719=DIRECTION('',(0.,0.,1.));
#1720=DIRECTION('',(1.,0.,0.));
#1721=DIRECTION('',(0.,0.,-1.));
#1722=DIRECTION('',(-1.,0.,0.));
#1723=DIRECTION('',(0.,0.,-1.));
#1724=DIRECTION('',(1.,0.,0.));
#1725=DIRECTION('',(0.,0.,-1.));
#1726=DIRECTION('',(-1.,0.,0.));
#1727=DIRECTION('',(0.,0.,-1.));
#1728=DIRECTION('',(1.,0.,0.));
#1729=DIRECTION('',(0.,0.,-1.));
#1730=DIRECTION('',(-1.,0.,0.));
#1731=DIRECTION('',(0.,0.,-1.));
#1732=DIRECTION('',(1.,0.,0.));
#1733=DIRECTION('',(0.,0.,-1.));
#1734=DIRECTION('',(-1.,0.,0.));
#1735=DIRECTION('',(0.,0.,-1.));
#1736=DIRECTION('',(1.,0.,0.));
#1737=DIRECTION('',(0.,0.,-1.));
#1738=DIRECTION('',(-1.,0.,0.));
#1739=DIRECTION('',(0.,0.,-1.));
#1740=DIRECTION('',(1.,0.,0.));
#1741=DIRECTION('',(0.,0.,-1.));
#1742=DIRECTION('',(-1.,0.,0.));
#1743=DIRECTION('',(0.,0.,-1.));
#1744=DIRECTION('',(1.,0.,0.));
#1745=DIRECTION('',(0.,0.,-1.));
#1746=DIRECTION('',(-1.,0.,0.));
#1747=DIRECTION('',(0.,0.,1.));
#1748=DIRECTION('',(0.,-1.,0.));
#1749=DIRECTION('',(0.,0.,1.));
#1750=DIRECTION('',(-5.65577260701047E-15,1.,0.));
#1751=DIRECTION('',(0.,-1.,0.));
#1752=DIRECTION('',(0.,0.,1.));
#1753=DIRECTION('',(0.,-1.,0.));
#1754=DIRECTION('',(0.,0.,-1.));
#1755=DIRECTION('',(0.,1.,-1.36056743213867E-16));
#1756=DIRECTION('',(0.,0.,1.));
#1757=DIRECTION('',(0.,-1.,0.));
#1758=DIRECTION('',(0.,0.,1.));
#1759=DIRECTION('',(0.,1.,1.36056743213867E-16));
#1760=DIRECTION('',(0.,0.,-1.));
#1761=DIRECTION('',(0.,-1.,0.));
#1762=DIRECTION('',(0.,0.,1.));
#1763=DIRECTION('',(0.,-1.,0.));
#1764=DIRECTION('',(0.,-1.85037170770859E-16,1.));
#1765=DIRECTION('',(0.,-1.,0.));
#1766=DIRECTION('',(0.,9.25185853854298E-17,1.));
#1767=DIRECTION('',(0.,0.,1.));
#1768=DIRECTION('',(1.,0.,0.));
#1769=DIRECTION('',(0.,0.,1.));
#1770=DIRECTION('',(1.,0.,0.));
#1771=DIRECTION('',(1.,0.,0.));
#1772=DIRECTION('',(0.,0.,1.));
#1773=DIRECTION('',(1.,0.,0.));
#1774=DIRECTION('',(0.,0.,1.));
#1775=DIRECTION('',(0.,0.,1.));
#1776=DIRECTION('',(1.,0.,0.));
#1777=DIRECTION('',(0.,0.,1.));
#1778=DIRECTION('',(1.,0.,0.));
#1779=DIRECTION('',(1.,0.,0.));
#1780=DIRECTION('',(1.,0.,0.));
#1781=DIRECTION('',(0.,-1.,0.));
#1782=DIRECTION('',(1.,0.,0.));
#1783=DIRECTION('',(0.,-1.,0.));
#1784=DIRECTION('',(1.,0.,0.));
#1785=DIRECTION('',(1.,0.,0.));
#1786=DIRECTION('',(0.,0.,1.));
#1787=DIRECTION('',(1.,0.,0.));
#1788=DIRECTION('',(0.,0.,1.));
#1789=DIRECTION('',(0.,0.,-1.));
#1790=DIRECTION('',(1.,0.,0.));
#1791=DIRECTION('',(0.,0.,-1.));
#1792=DIRECTION('',(1.,0.,0.));
#1793=DIRECTION('',(0.,0.,-1.));
#1794=DIRECTION('',(1.,0.,0.));
#1795=DIRECTION('',(0.,0.,-1.));
#1796=DIRECTION('',(1.,0.,0.));
#1797=DIRECTION('',(0.,0.,-1.));
#1798=DIRECTION('',(1.,0.,0.));
#1799=DIRECTION('',(0.,0.,-1.));
#1800=DIRECTION('',(1.,0.,0.));
#1801=DIRECTION('',(1.,0.,0.));
#1802=DIRECTION('',(1.,0.,0.));
#1803=DIRECTION('',(0.,-1.,0.));
#1804=DIRECTION('',(5.6557726070105E-15,-1.,0.));
#1805=DIRECTION('',(0.866025403784441,-0.5,0.));
#1806=DIRECTION('',(0.866025403784435,0.500000000000007,0.));
#1807=DIRECTION('',(-0.866025403784441,0.5,0.));
#1808=DIRECTION('',(-0.866025403784435,-0.500000000000006,0.));
#1809=DIRECTION('',(0.,0.,1.));
#1810=DIRECTION('',(1.,0.,0.));
#1811=DIRECTION('',(-1.,0.,0.));
#1812=DIRECTION('',(0.,-1.,0.));
#1813=DIRECTION('',(0.,0.,1.));
#1814=DIRECTION('',(0.,-1.,0.));
#1815=DIRECTION('',(0.,-1.,1.36056743213867E-16));
#1816=DIRECTION('',(0.,-1.85037170770859E-16,1.));
#1817=DIRECTION('',(0.,0.,1.));
#1818=DIRECTION('',(0.,-1.,0.));
#1819=DIRECTION('',(0.,0.,-1.));
#1820=DIRECTION('',(0.,-1.,0.));
#1821=DIRECTION('',(0.,0.,1.));
#1822=DIRECTION('',(0.,-1.,0.));
#1823=DIRECTION('',(0.,9.25185853854297E-17,1.));
#1824=DIRECTION('',(0.,-1.,0.));
#1825=DIRECTION('',(0.,0.,1.));
#1826=DIRECTION('',(0.,-1.,-1.36056743213867E-16));
#1827=DIRECTION('',(-0.32969017324118,0.944089185229976,0.));
#1828=DIRECTION('',(0.,-1.,0.));
#1829=DIRECTION('',(-1.,2.89120579329469E-16,0.));
#1830=DIRECTION('',(-1.,0.,0.));
#1831=DIRECTION('',(0.,0.,1.));
#1832=DIRECTION('',(1.,0.,0.));
#1833=DIRECTION('',(-1.16521223034078E-05,0.999999999932114,0.));
#1834=DIRECTION('',(0.,0.,-1.));
#1835=DIRECTION('',(1.,0.,0.));
#1836=DIRECTION('',(0.,0.,-1.));
#1837=DIRECTION('',(1.,0.,0.));
#1838=DIRECTION('',(0.,1.,0.));
#1839=DIRECTION('',(0.,0.,-1.));
#1840=DIRECTION('',(1.,0.,0.));
#1841=DIRECTION('',(0.,0.,-1.));
#1842=DIRECTION('',(1.,0.,0.));
#1843=DIRECTION('',(5.65577260701047E-15,-1.,0.));
#1844=DIRECTION('',(0.,0.,1.));
#1845=DIRECTION('',(0.,0.,1.));
#1846=DIRECTION('',(-0.866025403784435,-0.500000000000006,0.));
#1847=DIRECTION('',(0.,0.,1.));
#1848=DIRECTION('',(-0.866025403784441,0.5,0.));
#1849=DIRECTION('',(0.866025403784435,0.500000000000007,0.));
#1850=DIRECTION('',(0.,0.,1.));
#1851=DIRECTION('',(0.,1.,0.));
#1852=DIRECTION('',(0.,0.,1.));
#1853=DIRECTION('',(0.,1.,0.));
#1854=DIRECTION('',(0.,0.,1.));
#1855=DIRECTION('',(0.,0.,1.));
#1856=DIRECTION('',(-0.866025403784441,-0.5,0.));
#1857=DIRECTION('',(-0.866025403784441,-0.5,0.));
#1858=DIRECTION('',(0.,0.,1.));
#1859=DIRECTION('',(-0.866025403784436,0.5,0.));
#1860=DIRECTION('',(-0.866025403784436,0.5,0.));
#1861=DIRECTION('',(0.,0.,1.));
#1862=DIRECTION('',(5.65577260701047E-15,1.,0.));
#1863=DIRECTION('',(5.65577260701047E-15,1.,0.));
#1864=DIRECTION('',(0.,0.,1.));
#1865=DIRECTION('',(0.866025403784441,0.5,0.));
#1866=DIRECTION('',(0.866025403784441,0.5,0.));
#1867=DIRECTION('',(0.,0.,1.));
#1868=DIRECTION('',(0.,0.,1.));
#1869=DIRECTION('',(0.,0.,-1.));
#1870=DIRECTION('',(0.,0.,1.));
#1871=DIRECTION('',(0.,0.,1.));
#1872=DIRECTION('',(1.,0.,0.));
#1873=DIRECTION('',(0.,0.,1.));
#1874=DIRECTION('',(1.,0.,0.));
#1875=DIRECTION('',(1.,0.,0.));
#1876=DIRECTION('',(1.,0.,0.));
#1877=DIRECTION('',(0.,0.,1.));
#1878=DIRECTION('',(0.,0.,1.));
#1879=DIRECTION('',(0.,0.,-1.));
#1880=DIRECTION('',(0.,0.,1.));
#1881=DIRECTION('',(0.,0.,-1.));
#1882=DIRECTION('',(-1.,0.,0.));
#1883=DIRECTION('',(0.,0.,-1.));
#1884=DIRECTION('',(-1.,0.,0.));
#1885=DIRECTION('',(0.,0.,-1.));
#1886=DIRECTION('',(-1.,0.,0.));
#1887=DIRECTION('',(0.,0.,-1.));
#1888=DIRECTION('',(-1.,0.,0.));
#1889=DIRECTION('',(0.,0.,-1.));
#1890=DIRECTION('',(-1.,0.,0.));
#1891=DIRECTION('',(0.,0.,-1.));
#1892=DIRECTION('',(-1.,0.,0.));
#1893=DIRECTION('',(0.866025403784437,-0.5,0.));
#1894=DIRECTION('',(0.866025403784437,-0.5,0.));
#1895=DIRECTION('',(0.866025403784441,-0.5,0.));
#1896=DIRECTION('',(0.,0.,-1.));
#1897=DIRECTION('',(-1.,2.89120579329469E-16,0.));
#1898=DIRECTION('',(0.,-1.,0.));
#1899=DIRECTION('',(-0.366501226724301,-0.930417567982023,0.));
#1900=DIRECTION('',(0.,0.,1.));
#1901=DIRECTION('',(1.,0.,0.));
#1902=DIRECTION('',(-1.1652122304966E-05,-0.999999999932114,0.));
#1903=DIRECTION('',(0.,0.,1.));
#1904=DIRECTION('',(1.,0.,0.));
#1905=DIRECTION('',(0.,0.,1.));
#1906=DIRECTION('',(1.,0.,0.));
#1907=DIRECTION('',(0.,-1.,0.));
#1908=DIRECTION('',(0.,0.,1.));
#1909=DIRECTION('',(1.,0.,0.));
#1910=DIRECTION('',(0.,0.,-1.));
#1911=DIRECTION('',(0.,-1.,0.));
#1912=DIRECTION('',(0.,0.,-1.));
#1913=DIRECTION('',(-0.32969017324118,0.944089185229976,0.));
#1914=DIRECTION('',(-0.366501226724301,-0.930417567982023,0.));
#1915=DIRECTION('',(0.,0.,1.));
#1916=DIRECTION('',(1.,0.,0.));
#1917=DIRECTION('',(0.,0.,1.));
#1918=DIRECTION('',(1.,0.,0.));
#1919=DIRECTION('',(0.,0.,1.));
#1920=DIRECTION('',(1.,0.,0.));
#1921=DIRECTION('',(0.,0.,1.));
#1922=DIRECTION('',(1.,0.,0.));
#1923=DIRECTION('',(0.,0.,1.));
#1924=DIRECTION('',(1.,0.,0.));
#1925=DIRECTION('',(0.,0.,1.));
#1926=DIRECTION('',(1.,0.,0.));
#1927=DIRECTION('',(0.,0.,1.));
#1928=DIRECTION('',(1.,0.,0.));
#1929=DIRECTION('',(0.,0.,1.));
#1930=DIRECTION('',(1.,0.,0.));
#1931=DIRECTION('',(1.,0.,0.));
#1932=DIRECTION('',(1.,0.,0.));
#1933=DIRECTION('',(1.,0.,0.));
#1934=DIRECTION('',(1.,0.,0.));
#1935=DIRECTION('',(1.,0.,0.));
#1936=DIRECTION('',(1.,0.,0.));
#1937=DIRECTION('',(0.,0.,1.));
#1938=DIRECTION('',(-1.16521223034078E-05,0.999999999932114,0.));
#1939=DIRECTION('',(0.,0.,1.));
#1940=DIRECTION('',(0.,0.,-1.));
#1941=DIRECTION('',(1.,0.,0.));
#1942=DIRECTION('',(0.,0.,-1.));
#1943=DIRECTION('',(1.,0.,0.));
#1944=DIRECTION('',(0.,0.,1.));
#1945=DIRECTION('',(0.,1.,0.));
#1946=DIRECTION('',(0.,0.,1.));
#1947=DIRECTION('',(0.,0.,-1.));
#1948=DIRECTION('',(1.,0.,0.));
#1949=DIRECTION('',(0.,0.,-1.));
#1950=DIRECTION('',(1.,0.,0.));
#1951=DIRECTION('',(0.,0.,1.));
#1952=DIRECTION('',(0.,0.,1.));
#1953=DIRECTION('',(1.,0.,0.));
#1954=DIRECTION('',(0.,0.,1.));
#1955=DIRECTION('',(1.,0.,0.));
#1956=DIRECTION('',(0.,0.,1.));
#1957=DIRECTION('',(-1.1652122304966E-05,-0.999999999932114,0.));
#1958=DIRECTION('',(0.,0.,1.));
#1959=DIRECTION('',(0.,0.,1.));
#1960=DIRECTION('',(1.,0.,0.));
#1961=DIRECTION('',(0.,0.,1.));
#1962=DIRECTION('',(1.,0.,0.));
#1963=DIRECTION('',(0.,0.,1.));
#1964=DIRECTION('',(0.,-1.,0.));
#1965=DIRECTION('',(0.,0.,-1.));
#1966=DIRECTION('',(-1.,0.,0.));
#1967=DIRECTION('',(0.,0.,-1.));
#1968=DIRECTION('',(-1.,0.,0.));
#1969=DIRECTION('',(0.,0.,-1.));
#1970=DIRECTION('',(0.,0.,-1.));
#1971=DIRECTION('',(-1.,0.,0.));
#1972=DIRECTION('',(0.,0.,-1.));
#1973=DIRECTION('',(-1.,0.,0.));
#1974=DIRECTION('',(0.,0.,-1.));
#1975=DIRECTION('',(0.,0.,-1.));
#1976=DIRECTION('',(-1.,0.,0.));
#1977=DIRECTION('',(0.,0.,-1.));
#1978=DIRECTION('',(-1.,0.,0.));
#1979=CARTESIAN_POINT('',(0.,0.,0.));
#1980=CARTESIAN_POINT('',(-0.25104244,0.0206375,0.015));
#1981=CARTESIAN_POINT('',(-0.25104244,0.0206375,-0.015));
#1982=CARTESIAN_POINT('',(-0.25104244,0.0106375,0.015));
#1983=CARTESIAN_POINT('',(-0.25104244,0.0106375,-0.015));
#1984=CARTESIAN_POINT('',(-0.26104244,0.0106375,0.015));
#1985=CARTESIAN_POINT('',(-0.26104244,0.0106375,-0.015));
#1986=CARTESIAN_POINT('',(-0.26104244,0.0206375,0.015));
#1987=CARTESIAN_POINT('',(-0.26104244,0.0206375,-0.015));
#1988=CARTESIAN_POINT('',(-0.25604244,0.0206375,0.015));
#1989=CARTESIAN_POINT('',(-0.26104244,0.0206375,0.015));
#1990=CARTESIAN_POINT('',(-0.25104244,0.0206375,0.015));
#1991=CARTESIAN_POINT('',(-0.25104244,0.0206375,0.0165));
#1992=CARTESIAN_POINT('',(-0.25104244,0.0206375,-0.0165));
#1993=CARTESIAN_POINT('',(-0.25104244,0.0206375,-0.015));
#1994=CARTESIAN_POINT('',(-0.25604244,0.0206375,-0.015));
#1995=CARTESIAN_POINT('',(-0.26104244,0.0206375,-0.015));
#1996=CARTESIAN_POINT('',(-0.26104244,0.0206375,0.0165));
#1997=CARTESIAN_POINT('',(-0.26104244,0.0206375,-0.0165));
#1998=CARTESIAN_POINT('',(-0.32454244,-0.0206375,0.015));
#1999=CARTESIAN_POINT('',(-0.32454244,-0.0206375,-0.015));
#2000=CARTESIAN_POINT('',(-0.32454244,-0.0138251443030336,0.015));
#2001=CARTESIAN_POINT('',(-0.32454244,-0.0138251443030336,-0.015));
#2002=CARTESIAN_POINT('',(-0.317321862048017,-0.0111644820016171,0.015));
#2003=CARTESIAN_POINT('',(-0.317321862048017,-0.0111644820016171,-0.015));
#2004=CARTESIAN_POINT('',(-0.31477994,-0.0191148070729791,0.015));
#2005=CARTESIAN_POINT('',(-0.31477994,-0.019114807072979,-0.015));
#2006=CARTESIAN_POINT('',(-0.31954244,-0.0206375,0.015));
#2007=CARTESIAN_POINT('',(-0.31477994,-0.0191148070729791,0.015));
#2008=CARTESIAN_POINT('',(-0.32454244,-0.0206375,0.015));
#2009=CARTESIAN_POINT('',(-0.32454244,-0.0206375,0.0165));
#2010=CARTESIAN_POINT('',(-0.32454244,-0.0206375,-0.0165));
#2011=CARTESIAN_POINT('',(-0.32454244,-0.0206375,-0.015));
#2012=CARTESIAN_POINT('',(-0.31954244,-0.0206375,-0.015));
#2013=CARTESIAN_POINT('',(-0.31477994,-0.0191148070729791,-0.015));
#2014=CARTESIAN_POINT('',(-0.31477994,-0.0191148070729791,0.032));
#2015=CARTESIAN_POINT('',(-0.32454244,0.0206375,0.015));
#2016=CARTESIAN_POINT('',(-0.32454244,0.0206375,-0.015));
#2017=CARTESIAN_POINT('',(-0.32454244,0.0274498556969663,0.015));
#2018=CARTESIAN_POINT('',(-0.32454244,0.0274498556969663,-0.015));
#2019=CARTESIAN_POINT('',(-0.317321862048017,0.0301105179983828,0.015));
#2020=CARTESIAN_POINT('',(-0.317321862048017,0.0301105179983828,-0.015));
#2021=CARTESIAN_POINT('',(-0.31477994,0.022160192927021,0.015));
#2022=CARTESIAN_POINT('',(-0.31477994,0.022160192927021,-0.015));
#2023=CARTESIAN_POINT('',(-0.31954244,0.0206375,0.015));
#2024=CARTESIAN_POINT('',(-0.31477994,0.022160192927021,0.015));
#2025=CARTESIAN_POINT('',(-0.32454244,0.0206375,0.015));
#2026=CARTESIAN_POINT('',(-0.32454244,0.0206375,0.0165));
#2027=CARTESIAN_POINT('',(-0.32454244,0.0206375,-0.0165));
#2028=CARTESIAN_POINT('',(-0.32454244,0.0206375,-0.015));
#2029=CARTESIAN_POINT('',(-0.31954244,0.0206375,-0.015));
#2030=CARTESIAN_POINT('',(-0.31477994,0.022160192927021,-0.015));
#2031=CARTESIAN_POINT('',(-0.31477994,0.022160192927021,0.032));
#2032=CARTESIAN_POINT('',(-0.25104244,-0.0206375,0.015));
#2033=CARTESIAN_POINT('',(-0.25104244,-0.0206375,-0.015));
#2034=CARTESIAN_POINT('',(-0.25104244,-0.0306375,0.015));
#2035=CARTESIAN_POINT('',(-0.25104244,-0.0306375,-0.015));
#2036=CARTESIAN_POINT('',(-0.26104244,-0.0306375,0.015));
#2037=CARTESIAN_POINT('',(-0.26104244,-0.0306375,-0.015));
#2038=CARTESIAN_POINT('',(-0.26104244,-0.0206375,0.015));
#2039=CARTESIAN_POINT('',(-0.26104244,-0.0206375,-0.015));
#2040=CARTESIAN_POINT('',(-0.25604244,-0.0206375,0.015));
#2041=CARTESIAN_POINT('',(-0.26104244,-0.0206375,0.015));
#2042=CARTESIAN_POINT('',(-0.25104244,-0.0206375,0.015));
#2043=CARTESIAN_POINT('',(-0.25104244,-0.0206375,0.0165));
#2044=CARTESIAN_POINT('',(-0.25104244,-0.0206375,-0.0165));
#2045=CARTESIAN_POINT('',(-0.25104244,-0.0206375,-0.015));
#2046=CARTESIAN_POINT('',(-0.25604244,-0.0206375,-0.015));
#2047=CARTESIAN_POINT('',(-0.26104244,-0.0206375,-0.015));
#2048=CARTESIAN_POINT('',(-0.26104244,-0.0206375,0.0165));
#2049=CARTESIAN_POINT('',(-0.26104244,-0.0206375,-0.0165));
#2050=CARTESIAN_POINT('',(-0.31239869,-0.0206375,-0.03));
#2051=CARTESIAN_POINT('',(-0.31239869,-0.0206375,-0.015));
#2052=CARTESIAN_POINT('',(-0.31239869,-0.0254,-0.03));
#2053=CARTESIAN_POINT('',(-0.31239869,-0.0254,-0.015));
#2054=CARTESIAN_POINT('',(-0.30763619,-0.0254,-0.03));
#2055=CARTESIAN_POINT('',(-0.30763619,-0.0254,-0.015));
#2056=CARTESIAN_POINT('',(-0.30763619,-0.0206375,-0.03));
#2057=CARTESIAN_POINT('',(-0.30763619,-0.0206375,-0.015));
#2058=CARTESIAN_POINT('',(-0.31001744,-0.0206375,-0.03));
#2059=CARTESIAN_POINT('',(-0.30763619,-0.0206375,-0.03));
#2060=CARTESIAN_POINT('',(-0.31239869,-0.0206375,-0.03));
#2061=CARTESIAN_POINT('',(-0.31239869,-0.0206375,-0.03075));
#2062=CARTESIAN_POINT('',(-0.31239869,-0.0206375,-0.01425));
#2063=CARTESIAN_POINT('',(-0.31239869,-0.0206375,-0.015));
#2064=CARTESIAN_POINT('',(-0.31001744,-0.0206375,-0.015));
#2065=CARTESIAN_POINT('',(-0.30763619,-0.0206375,-0.015));
#2066=CARTESIAN_POINT('',(-0.30763619,-0.0206375,-0.03075));
#2067=CARTESIAN_POINT('',(-0.30763619,-0.0206375,-0.01425));
#2068=CARTESIAN_POINT('',(-0.32192369,-0.0206375,-0.03));
#2069=CARTESIAN_POINT('',(-0.32192369,-0.0206375,-0.015));
#2070=CARTESIAN_POINT('',(-0.32192369,-0.0254,-0.03));
#2071=CARTESIAN_POINT('',(-0.32192369,-0.0254,-0.015));
#2072=CARTESIAN_POINT('',(-0.31716119,-0.0254,-0.03));
#2073=CARTESIAN_POINT('',(-0.31716119,-0.0254,-0.015));
#2074=CARTESIAN_POINT('',(-0.31716119,-0.0206375,-0.03));
#2075=CARTESIAN_POINT('',(-0.31716119,-0.0206375,-0.015));
#2076=CARTESIAN_POINT('',(-0.31954244,-0.0206375,-0.03));
#2077=CARTESIAN_POINT('',(-0.31716119,-0.0206375,-0.03));
#2078=CARTESIAN_POINT('',(-0.32192369,-0.0206375,-0.03));
#2079=CARTESIAN_POINT('',(-0.32192369,-0.0206375,-0.03075));
#2080=CARTESIAN_POINT('',(-0.32192369,-0.0206375,-0.01425));
#2081=CARTESIAN_POINT('',(-0.32192369,-0.0206375,-0.015));
#2082=CARTESIAN_POINT('',(-0.31954244,-0.0206375,-0.015));
#2083=CARTESIAN_POINT('',(-0.31716119,-0.0206375,-0.015));
#2084=CARTESIAN_POINT('',(-0.31716119,-0.0206375,-0.03075));
#2085=CARTESIAN_POINT('',(-0.31716119,-0.0206375,-0.01425));
#2086=CARTESIAN_POINT('',(-0.32192369,0.0206375,-0.03));
#2087=CARTESIAN_POINT('',(-0.32192369,0.0206375,-0.015));
#2088=CARTESIAN_POINT('',(-0.32192369,0.015875,-0.03));
#2089=CARTESIAN_POINT('',(-0.32192369,0.015875,-0.015));
#2090=CARTESIAN_POINT('',(-0.31716119,0.015875,-0.03));
#2091=CARTESIAN_POINT('',(-0.31716119,0.015875,-0.015));
#2092=CARTESIAN_POINT('',(-0.31716119,0.0206375,-0.03));
#2093=CARTESIAN_POINT('',(-0.31716119,0.0206375,-0.015));
#2094=CARTESIAN_POINT('',(-0.31954244,0.0206375,-0.03));
#2095=CARTESIAN_POINT('',(-0.31716119,0.0206375,-0.03));
#2096=CARTESIAN_POINT('',(-0.32192369,0.0206375,-0.03));
#2097=CARTESIAN_POINT('',(-0.32192369,0.0206375,-0.03075));
#2098=CARTESIAN_POINT('',(-0.32192369,0.0206375,-0.01425));
#2099=CARTESIAN_POINT('',(-0.32192369,0.0206375,-0.015));
#2100=CARTESIAN_POINT('',(-0.31954244,0.0206375,-0.015));
#2101=CARTESIAN_POINT('',(-0.31716119,0.0206375,-0.015));
#2102=CARTESIAN_POINT('',(-0.31716119,0.0206375,-0.03075));
#2103=CARTESIAN_POINT('',(-0.31716119,0.0206375,-0.01425));
#2104=CARTESIAN_POINT('',(-0.25842369,-0.0206375,-0.03));
#2105=CARTESIAN_POINT('',(-0.25842369,-0.0206375,-0.015));
#2106=CARTESIAN_POINT('',(-0.25842369,-0.0254,-0.03));
#2107=CARTESIAN_POINT('',(-0.25842369,-0.0254,-0.015));
#2108=CARTESIAN_POINT('',(-0.25366119,-0.0254,-0.03));
#2109=CARTESIAN_POINT('',(-0.25366119,-0.0254,-0.015));
#2110=CARTESIAN_POINT('',(-0.25366119,-0.0206375,-0.03));
#2111=CARTESIAN_POINT('',(-0.25366119,-0.0206375,-0.015));
#2112=CARTESIAN_POINT('',(-0.25604244,-0.0206375,-0.03));
#2113=CARTESIAN_POINT('',(-0.25366119,-0.0206375,-0.03));
#2114=CARTESIAN_POINT('',(-0.25842369,-0.0206375,-0.03));
#2115=CARTESIAN_POINT('',(-0.25842369,-0.0206375,-0.03075));
#2116=CARTESIAN_POINT('',(-0.25842369,-0.0206375,-0.01425));
#2117=CARTESIAN_POINT('',(-0.25842369,-0.0206375,-0.015));
#2118=CARTESIAN_POINT('',(-0.25604244,-0.0206375,-0.015));
#2119=CARTESIAN_POINT('',(-0.25366119,-0.0206375,-0.015));
#2120=CARTESIAN_POINT('',(-0.25366119,-0.0206375,-0.03075));
#2121=CARTESIAN_POINT('',(-0.25366119,-0.0206375,-0.01425));
#2122=CARTESIAN_POINT('',(-0.25842369,0.0206375,-0.03));
#2123=CARTESIAN_POINT('',(-0.25842369,0.0206375,-0.015));
#2124=CARTESIAN_POINT('',(-0.25842369,0.015875,-0.03));
#2125=CARTESIAN_POINT('',(-0.25842369,0.015875,-0.015));
#2126=CARTESIAN_POINT('',(-0.25366119,0.015875,-0.03));
#2127=CARTESIAN_POINT('',(-0.25366119,0.015875,-0.015));
#2128=CARTESIAN_POINT('',(-0.25366119,0.0206375,-0.03));
#2129=CARTESIAN_POINT('',(-0.25366119,0.0206375,-0.015));
#2130=CARTESIAN_POINT('',(-0.25604244,0.0206375,-0.03));
#2131=CARTESIAN_POINT('',(-0.25366119,0.0206375,-0.03));
#2132=CARTESIAN_POINT('',(-0.25842369,0.0206375,-0.03));
#2133=CARTESIAN_POINT('',(-0.25842369,0.0206375,-0.03075));
#2134=CARTESIAN_POINT('',(-0.25842369,0.0206375,-0.01425));
#2135=CARTESIAN_POINT('',(-0.25842369,0.0206375,-0.015));
#2136=CARTESIAN_POINT('',(-0.25604244,0.0206375,-0.015));
#2137=CARTESIAN_POINT('',(-0.25366119,0.0206375,-0.015));
#2138=CARTESIAN_POINT('',(-0.25366119,0.0206375,-0.03075));
#2139=CARTESIAN_POINT('',(-0.25366119,0.0206375,-0.01425));
#2140=CARTESIAN_POINT('',(-0.31239869,0.0206375,-0.03));
#2141=CARTESIAN_POINT('',(-0.31239869,0.0206375,-0.015));
#2142=CARTESIAN_POINT('',(-0.31239869,0.015875,-0.03));
#2143=CARTESIAN_POINT('',(-0.31239869,0.015875,-0.015));
#2144=CARTESIAN_POINT('',(-0.30763619,0.015875,-0.03));
#2145=CARTESIAN_POINT('',(-0.30763619,0.015875,-0.015));
#2146=CARTESIAN_POINT('',(-0.30763619,0.0206375,-0.03));
#2147=CARTESIAN_POINT('',(-0.30763619,0.0206375,-0.015));
#2148=CARTESIAN_POINT('',(-0.31001744,0.0206375,-0.03));
#2149=CARTESIAN_POINT('',(-0.30763619,0.0206375,-0.03));
#2150=CARTESIAN_POINT('',(-0.31239869,0.0206375,-0.03));
#2151=CARTESIAN_POINT('',(-0.31239869,0.0206375,-0.03075));
#2152=CARTESIAN_POINT('',(-0.31239869,0.0206375,-0.01425));
#2153=CARTESIAN_POINT('',(-0.31239869,0.0206375,-0.015));
#2154=CARTESIAN_POINT('',(-0.31001744,0.0206375,-0.015));
#2155=CARTESIAN_POINT('',(-0.30763619,0.0206375,-0.015));
#2156=CARTESIAN_POINT('',(-0.30763619,0.0206375,-0.03075));
#2157=CARTESIAN_POINT('',(-0.30763619,0.0206375,-0.01425));
#2158=CARTESIAN_POINT('',(-0.22912994,0.0990549924277474,-0.0305));
#2159=CARTESIAN_POINT('',(-0.22912994,0.0990549924277474,-0.0195));
#2160=CARTESIAN_POINT('',(-0.22912994,0.159351442461593,-0.0305));
#2161=CARTESIAN_POINT('',(-0.22912994,0.159351442461593,-0.0195));
#2162=CARTESIAN_POINT('',(-0.22912994,0.156610694732782,-0.03));
#2163=CARTESIAN_POINT('',(-0.22912994,0.156610694732782,-0.03));
#2164=CARTESIAN_POINT('',(-0.22912994,0.156610694732782,-0.02));
#2165=CARTESIAN_POINT('',(-0.22912994,0.109156956088726,-0.02));
#2166=CARTESIAN_POINT('',(-0.22912994,0.101795740156559,-0.02));
#2167=CARTESIAN_POINT('',(-0.22912994,0.101795740156559,-0.03));
#2168=CARTESIAN_POINT('',(-0.22912994,0.101795740156559,-0.03));
#2169=CARTESIAN_POINT('',(-0.22912994,0.104249478800614,-0.03));
#2170=CARTESIAN_POINT('',(-0.37302994,-0.06655,-0.052725));
#2171=CARTESIAN_POINT('',(-0.37302994,0.06655,-0.052725));
#2172=CARTESIAN_POINT('',(-0.37302994,-0.06655,0.018225));
#2173=CARTESIAN_POINT('',(-0.37302994,0.06655,0.018225));
#2174=CARTESIAN_POINT('',(-0.37302994,-0.04775,-0.0495));
#2175=CARTESIAN_POINT('',(-0.37302994,-0.03,-0.0495));
#2176=CARTESIAN_POINT('',(-0.37302994,-0.0605,-0.0495));
#2177=CARTESIAN_POINT('',(-0.37302994,-0.0605,-0.055));
#2178=CARTESIAN_POINT('',(-0.37302994,-0.0605,-0.0435));
#2179=CARTESIAN_POINT('',(-0.37302994,-0.04775,-0.0435));
#2180=CARTESIAN_POINT('',(-0.37302994,-0.035,-0.0435));
#2181=CARTESIAN_POINT('',(-0.37302994,-0.035,-0.03));
#2182=CARTESIAN_POINT('',(-0.37302994,-0.035,-0.018));
#2183=CARTESIAN_POINT('',(-0.37302994,0.01725,-0.018));
#2184=CARTESIAN_POINT('',(-0.37302994,-0.06,-0.018));
#2185=CARTESIAN_POINT('',(-0.37302994,-0.06,-0.03));
#2186=CARTESIAN_POINT('',(-0.37302994,-0.06,0.015));
#2187=CARTESIAN_POINT('',(-0.37302994,0.01725,0.015));
#2188=CARTESIAN_POINT('',(-0.37302994,0.06,0.015));
#2189=CARTESIAN_POINT('',(-0.37302994,0.06,-0.03));
#2190=CARTESIAN_POINT('',(-0.37302994,0.06,-0.018));
#2191=CARTESIAN_POINT('',(-0.37302994,0.01725,-0.018));
#2192=CARTESIAN_POINT('',(-0.37302994,0.035,-0.018));
#2193=CARTESIAN_POINT('',(-0.37302994,0.035,-0.03));
#2194=CARTESIAN_POINT('',(-0.37302994,0.035,-0.0435));
#2195=CARTESIAN_POINT('',(-0.37302994,0.04775,-0.0435));
#2196=CARTESIAN_POINT('',(-0.37302994,0.0605,-0.0435));
#2197=CARTESIAN_POINT('',(-0.37302994,0.0605,-0.055));
#2198=CARTESIAN_POINT('',(-0.37302994,0.0605,-0.0495));
#2199=CARTESIAN_POINT('',(-0.37302994,0.04775,-0.0495));
#2200=CARTESIAN_POINT('',(-0.37302994,0.03,-0.0495));
#2201=CARTESIAN_POINT('',(-0.37302994,0.03,-0.03075));
#2202=CARTESIAN_POINT('',(-0.37302994,0.03,-0.03));
#2203=CARTESIAN_POINT('',(-0.37302994,0.01725,-0.03));
#2204=CARTESIAN_POINT('',(-0.37302994,-0.03,-0.03));
#2205=CARTESIAN_POINT('',(-0.37302994,-0.03,-0.03075));
#2206=CARTESIAN_POINT('',(-0.380552799663433,0.0605,-0.044775));
#2207=CARTESIAN_POINT('',(-0.200443137158884,0.0605,-0.044775));
#2208=CARTESIAN_POINT('',(-0.380552799663433,0.0605,-0.016725));
#2209=CARTESIAN_POINT('',(-0.200443137158884,0.0605,-0.016725));
#2210=CARTESIAN_POINT('',(-0.372365996822318,0.0605,-0.03));
#2211=CARTESIAN_POINT('',(-0.372365996822317,0.0605,-0.018));
#2212=CARTESIAN_POINT('',(-0.372365996822317,0.0605,-0.0435));
#2213=CARTESIAN_POINT('',(-0.37303194,0.0605,-0.0435));
#2214=CARTESIAN_POINT('',(-0.20862994,0.0605,-0.0435));
#2215=CARTESIAN_POINT('',(-0.20862994,0.0605,-0.03075));
#2216=CARTESIAN_POINT('',(-0.20862994,0.0605,-0.018));
#2217=CARTESIAN_POINT('',(-0.51362994,0.0605,-0.018));
#2218=CARTESIAN_POINT('',(-0.380552799793247,-0.0605,-0.044775));
#2219=CARTESIAN_POINT('',(-0.200443137152703,-0.0605,-0.044775));
#2220=CARTESIAN_POINT('',(-0.380552799793247,-0.0605,-0.016725));
#2221=CARTESIAN_POINT('',(-0.200443137152703,-0.0605,-0.016725));
#2222=CARTESIAN_POINT('',(-0.37303194,-0.0605,-0.0435));
#2223=CARTESIAN_POINT('',(-0.372365996945949,-0.0605,-0.0435));
#2224=CARTESIAN_POINT('',(-0.20862994,-0.0605,-0.0435));
#2225=CARTESIAN_POINT('',(-0.37236599694595,-0.0605,-0.03));
#2226=CARTESIAN_POINT('',(-0.37236599694595,-0.0605,-0.018));
#2227=CARTESIAN_POINT('',(-0.51362994,-0.0605,-0.018));
#2228=CARTESIAN_POINT('',(-0.20862994,-0.0605,-0.018));
#2229=CARTESIAN_POINT('',(-0.20862994,-0.0605,-0.03075));
#2230=CARTESIAN_POINT('',(-0.373562894158202,-0.0655,-0.050475));
#2231=CARTESIAN_POINT('',(-0.20077598980199,-0.0655,-0.050475));
#2232=CARTESIAN_POINT('',(-0.373562894158202,-0.0655,-0.029025));
#2233=CARTESIAN_POINT('',(-0.20077598980199,-0.0655,-0.029025));
#2234=CARTESIAN_POINT('',(-0.365708943960192,-0.0655,-0.055));
#2235=CARTESIAN_POINT('',(-0.365708943960192,-0.0655,-0.0495));
#2236=CARTESIAN_POINT('',(-0.365708943960192,-0.0655,-0.03));
#2237=CARTESIAN_POINT('',(-0.37303194,-0.0655,-0.0495));
#2238=CARTESIAN_POINT('',(-0.20862994,-0.0655,-0.0495));
#2239=CARTESIAN_POINT('',(-0.20862994,-0.0655,-0.03075));
#2240=CARTESIAN_POINT('',(-0.20862994,-0.0655,-0.03));
#2241=CARTESIAN_POINT('',(-0.37303194,-0.0655,-0.03));
#2242=CARTESIAN_POINT('',(-0.38124994,-0.0672750000065575,-0.0495));
#2243=CARTESIAN_POINT('',(-0.38124994,-0.0282249999996877,-0.0495));
#2244=CARTESIAN_POINT('',(-0.20040994,-0.0672750000065575,-0.0495));
#2245=CARTESIAN_POINT('',(-0.20040994,-0.0282249999996877,-0.0495));
#2246=CARTESIAN_POINT('',(-0.37302994,-0.06,-0.0495));
#2247=CARTESIAN_POINT('',(-0.339573809985576,-0.0852019661343247,-0.0495));
#2248=CARTESIAN_POINT('',(-0.29673737433831,-0.116408476990857,-0.0495));
#2249=CARTESIAN_POINT('',(-0.249304742115523,-0.154120699657671,-0.0495));
#2250=CARTESIAN_POINT('',(-0.372365996945949,-0.0605,-0.0495));
#2251=CARTESIAN_POINT('',(-0.37303194,-0.0605,-0.0495));
#2252=CARTESIAN_POINT('',(-0.37303194,-0.03,-0.0495));
#2253=CARTESIAN_POINT('',(-0.20862994,-0.03,-0.0495));
#2254=CARTESIAN_POINT('',(-0.20862994,-0.04775,-0.0495));
#2255=CARTESIAN_POINT('',(-0.38124994,0.0282249999995123,-0.0495));
#2256=CARTESIAN_POINT('',(-0.38124994,0.0672750000102411,-0.0495));
#2257=CARTESIAN_POINT('',(-0.20040994,0.0282249999995123,-0.0495));
#2258=CARTESIAN_POINT('',(-0.20040994,0.0672750000102411,-0.0495));
#2259=CARTESIAN_POINT('',(-0.247629940000004,0.155453472465462,-0.0495));
#2260=CARTESIAN_POINT('',(-0.295728877265692,0.117143056080883,-0.0495));
#2261=CARTESIAN_POINT('',(-0.339180485632323,0.0854982462458507,-0.0495));
#2262=CARTESIAN_POINT('',(-0.37302994,0.06,-0.0495));
#2263=CARTESIAN_POINT('',(-0.365708942778413,0.0655000000097534,-0.0495));
#2264=CARTESIAN_POINT('',(-0.372365996822317,0.0605,-0.0495));
#2265=CARTESIAN_POINT('',(-0.37303194,0.0655,-0.0495));
#2266=CARTESIAN_POINT('',(-0.20862994,0.0655,-0.0495));
#2267=CARTESIAN_POINT('',(-0.20862994,0.04775,-0.0495));
#2268=CARTESIAN_POINT('',(-0.20862994,0.03,-0.0495));
#2269=CARTESIAN_POINT('',(-0.37303194,0.03,-0.0495));
#2270=CARTESIAN_POINT('',(-0.37303194,0.0605,-0.0495));
#2271=CARTESIAN_POINT('',(-0.373562892917334,0.0655,-0.050475));
#2272=CARTESIAN_POINT('',(-0.200775989861079,0.0655,-0.050475));
#2273=CARTESIAN_POINT('',(-0.373562892917334,0.0655,-0.029025));
#2274=CARTESIAN_POINT('',(-0.200775989861079,0.0655,-0.029025));
#2275=CARTESIAN_POINT('',(-0.365708942778413,0.0655000000097534,-0.055));
#2276=CARTESIAN_POINT('',(-0.365708942778413,0.0655000000097534,-0.03));
#2277=CARTESIAN_POINT('',(-0.37303194,0.0655,-0.03));
#2278=CARTESIAN_POINT('',(-0.20862994,0.0655,-0.03));
#2279=CARTESIAN_POINT('',(-0.20862994,0.0655,-0.03075));
#2280=CARTESIAN_POINT('',(-0.38124994,-0.18425,-0.03));
#2281=CARTESIAN_POINT('',(-0.38124994,0.18425,-0.03));
#2282=CARTESIAN_POINT('',(-0.20040994,-0.18425,-0.03));
#2283=CARTESIAN_POINT('',(-0.20040994,0.18425,-0.03));
#2284=CARTESIAN_POINT('',(-0.31001744,-0.0206375,-0.03));
#2285=CARTESIAN_POINT('',(-0.31954244,-0.0206375,-0.03));
#2286=CARTESIAN_POINT('',(-0.31954244,0.0206375,-0.03));
#2287=CARTESIAN_POINT('',(-0.25604244,-0.0206375,-0.03));
#2288=CARTESIAN_POINT('',(-0.25604244,0.0206375,-0.03));
#2289=CARTESIAN_POINT('',(-0.31001744,0.0206375,-0.03));
#2290=CARTESIAN_POINT('',(-0.37303194,-0.03,-0.03));
#2291=CARTESIAN_POINT('',(-0.20862994,-0.03,-0.03));
#2292=CARTESIAN_POINT('',(-0.37303194,0.03,-0.03));
#2293=CARTESIAN_POINT('',(-0.20862994,0.03,-0.03));
#2294=CARTESIAN_POINT('',(-0.20862994,-0.10625,-0.03));
#2295=CARTESIAN_POINT('',(-0.366651416795084,0.0655,-0.03));
#2296=CARTESIAN_POINT('',(-0.366651416795084,0.1675,-0.03));
#2297=CARTESIAN_POINT('',(-0.20862994,0.0655,-0.03));
#2298=CARTESIAN_POINT('',(-0.20862994,0.1675,-0.03));
#2299=CARTESIAN_POINT('',(-0.21212994,0.149249478800615,-0.03));
#2300=CARTESIAN_POINT('',(-0.21212994,0.156610694732782,-0.03));
#2301=CARTESIAN_POINT('',(-0.21212994,0.101795740156559,-0.03));
#2302=CARTESIAN_POINT('',(-0.21637994,0.159064433376838,-0.03));
#2303=CARTESIAN_POINT('',(-0.22062994,0.161518172020894,-0.03));
#2304=CARTESIAN_POINT('',(-0.22487994,0.159064433376838,-0.03));
#2305=CARTESIAN_POINT('',(-0.22487994,0.0993420015125027,-0.03));
#2306=CARTESIAN_POINT('',(-0.22062994,0.0968882628684468,-0.03));
#2307=CARTESIAN_POINT('',(-0.21637994,0.0993420015125027,-0.03));
#2308=CARTESIAN_POINT('',(-0.247629940000004,0.155453472465462,-0.03));
#2309=CARTESIAN_POINT('',(-0.295728877265692,0.117143056080883,-0.03));
#2310=CARTESIAN_POINT('',(-0.339180485632323,0.0854982462458507,-0.03));
#2311=CARTESIAN_POINT('',(-0.37302994,0.06,-0.03));
#2312=CARTESIAN_POINT('',(-0.24762994,0.155453472465465,-0.03));
#2313=CARTESIAN_POINT('',(-1.71639523935067,1.99971182765142,-0.03));
#2314=CARTESIAN_POINT('',(-0.232629815792248,0.1675,-0.03));
#2315=CARTESIAN_POINT('',(-0.22062994,0.1675,-0.03));
#2316=CARTESIAN_POINT('',(-0.20862994,0.1675,-0.03));
#2317=CARTESIAN_POINT('',(-0.20862994,-0.10625,-0.03));
#2318=CARTESIAN_POINT('',(-0.20862994,-0.18425,-0.051975));
#2319=CARTESIAN_POINT('',(-0.20862994,0.18425,-0.051975));
#2320=CARTESIAN_POINT('',(-0.20862994,-0.18425,0.00247499999999999));
#2321=CARTESIAN_POINT('',(-0.20862994,0.18425,0.00247499999999999));
#2322=CARTESIAN_POINT('',(-0.20862994,-0.035,-0.03075));
#2323=CARTESIAN_POINT('',(-0.20862994,-0.035,-0.0435));
#2324=CARTESIAN_POINT('',(-0.20862994,-0.035,-0.018));
#2325=CARTESIAN_POINT('',(-0.20862994,-0.04775,-0.0435));
#2326=CARTESIAN_POINT('',(-0.20862994,-0.04775,-0.018));
#2327=CARTESIAN_POINT('',(-0.20862994,0.03,-0.03075));
#2328=CARTESIAN_POINT('',(-0.20862994,0.1675,-0.03));
#2329=CARTESIAN_POINT('',(-0.20862994,0.1675,-0.015));
#2330=CARTESIAN_POINT('',(-0.20862994,-0.10625,-0.015));
#2331=CARTESIAN_POINT('',(-0.20862994,-0.045,-0.015));
#2332=CARTESIAN_POINT('',(-0.20862994,-0.045,0.));
#2333=CARTESIAN_POINT('',(-0.20862994,-0.045,0.));
#2334=CARTESIAN_POINT('',(-0.20862994,-0.10625,0.));
#2335=CARTESIAN_POINT('',(-0.20862994,-0.1675,0.));
#2336=CARTESIAN_POINT('',(-0.20862994,-0.1675,-0.03));
#2337=CARTESIAN_POINT('',(-0.20862994,-0.1675,-0.03));
#2338=CARTESIAN_POINT('',(-0.20862994,-0.10625,-0.03));
#2339=CARTESIAN_POINT('',(-0.20862994,-0.03,-0.03075));
#2340=CARTESIAN_POINT('',(-0.20862994,0.04775,-0.0435));
#2341=CARTESIAN_POINT('',(-0.20862994,0.035,-0.0435));
#2342=CARTESIAN_POINT('',(-0.20862994,0.035,-0.03075));
#2343=CARTESIAN_POINT('',(-0.20862994,0.035,-0.018));
#2344=CARTESIAN_POINT('',(-0.20862994,0.04775,-0.018));
#2345=CARTESIAN_POINT('',(-0.24982569187515,-0.055625,-0.015));
#2346=CARTESIAN_POINT('',(-0.24982569187515,0.178125,-0.015));
#2347=CARTESIAN_POINT('',(-0.206668237529755,-0.055625,-0.015));
#2348=CARTESIAN_POINT('',(-0.206668237529755,0.178125,-0.015));
#2349=CARTESIAN_POINT('',(-0.24012994,0.133976736232733,-0.015));
#2350=CARTESIAN_POINT('',(-0.23262994,0.1125,-0.015));
#2351=CARTESIAN_POINT('',(-0.24762994,0.155453472465465,-0.015));
#2352=CARTESIAN_POINT('',(-0.23262994,0.075,-0.015));
#2353=CARTESIAN_POINT('',(-0.23262994,-0.045,-0.015));
#2354=CARTESIAN_POINT('',(-0.22062994,-0.045,-0.015));
#2355=CARTESIAN_POINT('',(-0.22062994,0.1675,-0.015));
#2356=CARTESIAN_POINT('',(-0.232629815792248,0.1675,-0.015));
#2357=CARTESIAN_POINT('',(-1.71639523935067,1.99971182765142,-0.015));
#2358=CARTESIAN_POINT('',(-0.225729456109821,0.110175115269782,-0.015));
#2359=CARTESIAN_POINT('',(-0.225729416506274,0.106776288382528,-0.015));
#2360=CARTESIAN_POINT('',(-0.225729939999957,0.151703187731759,-0.015));
#2361=CARTESIAN_POINT('',(-0.22062994,0.15170321744467,-0.015));
#2362=CARTESIAN_POINT('',(-0.21552994,0.15170321744467,-0.015));
#2363=CARTESIAN_POINT('',(-0.22062994,0.15170321744467,-0.015));
#2364=CARTESIAN_POINT('',(-0.215535400655342,0.151467274939517,-0.015));
#2365=CARTESIAN_POINT('',(-0.215535400655342,0.110257999154341,-0.015));
#2366=CARTESIAN_POINT('',(-0.215535400655342,0.106939159949824,-0.015));
#2367=CARTESIAN_POINT('',(-0.220629940000016,0.10670321744467,-0.015));
#2368=CARTESIAN_POINT('',(-0.21552994,0.10670321744467,-0.015));
#2369=CARTESIAN_POINT('',(-0.220629940000016,0.10670321744467,-0.015));
#2370=CARTESIAN_POINT('',(-0.21212994,0.159351442461594,-0.0305));
#2371=CARTESIAN_POINT('',(-0.21212994,0.159351442461594,-0.0195));
#2372=CARTESIAN_POINT('',(-0.21212994,0.0990549924277474,-0.0305));
#2373=CARTESIAN_POINT('',(-0.21212994,0.0990549924277474,-0.0195));
#2374=CARTESIAN_POINT('',(-0.21212994,0.104249478800614,-0.02));
#2375=CARTESIAN_POINT('',(-0.21212994,0.156610694732782,-0.02));
#2376=CARTESIAN_POINT('',(-0.21212994,0.101795740156559,-0.02));
#2377=CARTESIAN_POINT('',(-0.21212994,0.156610694732782,-0.03));
#2378=CARTESIAN_POINT('',(-0.21212994,0.101795740156559,-0.03));
#2379=CARTESIAN_POINT('',(-0.21170494,0.102041114020964,-0.0305));
#2380=CARTESIAN_POINT('',(-0.21170494,0.102041114020964,-0.0195));
#2381=CARTESIAN_POINT('',(-0.22105494,0.0966428890040412,-0.0305));
#2382=CARTESIAN_POINT('',(-0.22105494,0.0966428890040412,-0.0195));
#2383=CARTESIAN_POINT('',(-0.21637994,0.0993420015125027,-0.02));
#2384=CARTESIAN_POINT('',(-0.22062994,0.0968882628684468,-0.02));
#2385=CARTESIAN_POINT('',(-0.22062994,0.0968882628684468,-0.03));
#2386=CARTESIAN_POINT('',(-0.22020494,0.0966428890040412,-0.0305));
#2387=CARTESIAN_POINT('',(-0.22020494,0.0966428890040412,-0.0194999999999999));
#2388=CARTESIAN_POINT('',(-0.22955494,0.102041114020964,-0.0305));
#2389=CARTESIAN_POINT('',(-0.22955494,0.102041114020964,-0.0194999999999999));
#2390=CARTESIAN_POINT('',(-0.22487994,0.0993420015125027,-0.02));
#2391=CARTESIAN_POINT('',(-0.22955494,0.156365320868376,-0.0305));
#2392=CARTESIAN_POINT('',(-0.22955494,0.156365320868376,-0.0195));
#2393=CARTESIAN_POINT('',(-0.22020494,0.1617635458853,-0.0305));
#2394=CARTESIAN_POINT('',(-0.22020494,0.1617635458853,-0.0195));
#2395=CARTESIAN_POINT('',(-0.22487994,0.159064433376838,-0.02));
#2396=CARTESIAN_POINT('',(-0.22062994,0.161518172020894,-0.02));
#2397=CARTESIAN_POINT('',(-0.22062994,0.161518172020894,-0.03));
#2398=CARTESIAN_POINT('',(-0.22912994,-0.159351442461594,-0.00375));
#2399=CARTESIAN_POINT('',(-0.22912994,-0.0990549924277474,-0.00375));
#2400=CARTESIAN_POINT('',(-0.22912994,-0.159351442461594,-0.03125));
#2401=CARTESIAN_POINT('',(-0.22912994,-0.0990549924277474,-0.03125));
#2402=CARTESIAN_POINT('',(-0.22912994,-0.12920321744467,-0.005));
#2403=CARTESIAN_POINT('',(-0.22912994,-0.156610694732782,-0.005));
#2404=CARTESIAN_POINT('',(-0.22912994,-0.101795740156559,-0.005));
#2405=CARTESIAN_POINT('',(-0.22912994,-0.156610694732782,-0.03));
#2406=CARTESIAN_POINT('',(-0.22912994,-0.156610694732782,-0.03));
#2407=CARTESIAN_POINT('',(-0.22912994,-0.149249478800615,-0.03));
#2408=CARTESIAN_POINT('',(-0.22912994,-0.101795740156559,-0.03));
#2409=CARTESIAN_POINT('',(-0.22912994,-0.101795740156559,-0.03));
#2410=CARTESIAN_POINT('',(-0.22020494,-0.0966428890040412,-0.03125));
#2411=CARTESIAN_POINT('',(-0.22020494,-0.0966428890040412,-0.00374999999999979));
#2412=CARTESIAN_POINT('',(-0.22955494,-0.102041114020964,-0.03125));
#2413=CARTESIAN_POINT('',(-0.22955494,-0.102041114020964,-0.00374999999999979));
#2414=CARTESIAN_POINT('',(-0.22062994,-0.0968882628684468,-0.03));
#2415=CARTESIAN_POINT('',(-0.22062994,-0.0968882628684468,-0.03));
#2416=CARTESIAN_POINT('',(-0.22062994,-0.0968882628684468,-0.005));
#2417=CARTESIAN_POINT('',(-0.22487994,-0.0993420015125027,-0.005));
#2418=CARTESIAN_POINT('',(-0.22487994,-0.0993420015125027,-0.03));
#2419=CARTESIAN_POINT('',(-0.21170494,-0.102041114020964,-0.03125));
#2420=CARTESIAN_POINT('',(-0.21170494,-0.102041114020964,-0.00375000000000025));
#2421=CARTESIAN_POINT('',(-0.22105494,-0.0966428890040413,-0.03125));
#2422=CARTESIAN_POINT('',(-0.22105494,-0.0966428890040413,-0.00375000000000025));
#2423=CARTESIAN_POINT('',(-0.21212994,-0.101795740156559,-0.03));
#2424=CARTESIAN_POINT('',(-0.21212994,-0.101795740156559,-0.03));
#2425=CARTESIAN_POINT('',(-0.21212994,-0.101795740156559,-0.005));
#2426=CARTESIAN_POINT('',(-0.21637994,-0.0993420015125028,-0.005));
#2427=CARTESIAN_POINT('',(-0.21637994,-0.0993420015125028,-0.03));
#2428=CARTESIAN_POINT('',(-0.21212994,-0.159351442461594,-0.03125));
#2429=CARTESIAN_POINT('',(-0.21212994,-0.159351442461594,-0.00375));
#2430=CARTESIAN_POINT('',(-0.21212994,-0.0990549924277474,-0.03125));
#2431=CARTESIAN_POINT('',(-0.21212994,-0.0990549924277474,-0.00375));
#2432=CARTESIAN_POINT('',(-0.21212994,-0.156610694732782,-0.03));
#2433=CARTESIAN_POINT('',(-0.21212994,-0.156610694732782,-0.03));
#2434=CARTESIAN_POINT('',(-0.21212994,-0.156610694732782,-0.005));
#2435=CARTESIAN_POINT('',(-0.21212994,-0.109156956088726,-0.005));
#2436=CARTESIAN_POINT('',(-0.21212994,-0.104249478800614,-0.03));
#2437=CARTESIAN_POINT('',(-0.22105494,-0.1617635458853,-0.03125));
#2438=CARTESIAN_POINT('',(-0.22105494,-0.1617635458853,-0.00374999999999979));
#2439=CARTESIAN_POINT('',(-0.21170494,-0.156365320868377,-0.03125));
#2440=CARTESIAN_POINT('',(-0.21170494,-0.156365320868377,-0.00374999999999979));
#2441=CARTESIAN_POINT('',(-0.22062994,-0.161518172020894,-0.03));
#2442=CARTESIAN_POINT('',(-0.22062994,-0.161518172020894,-0.03));
#2443=CARTESIAN_POINT('',(-0.22062994,-0.161518172020894,-0.005));
#2444=CARTESIAN_POINT('',(-0.21637994,-0.159064433376838,-0.005));
#2445=CARTESIAN_POINT('',(-0.21637994,-0.159064433376838,-0.03));
#2446=CARTESIAN_POINT('',(-0.37302994,-0.06,-0.0495));
#2447=CARTESIAN_POINT('',(-0.37302994,-0.06,0.015));
#2448=CARTESIAN_POINT('',(-0.339573809985576,-0.0852019661343247,-0.0495));
#2449=CARTESIAN_POINT('',(-0.339573809985576,-0.0852019661343247,0.015));
#2450=CARTESIAN_POINT('',(-0.29673737433831,-0.116408476990857,-0.0495));
#2451=CARTESIAN_POINT('',(-0.29673737433831,-0.116408476990857,0.015));
#2452=CARTESIAN_POINT('',(-0.249304742115523,-0.154120699657671,-0.0495));
#2453=CARTESIAN_POINT('',(-0.249304742115523,-0.154120699657671,0.015));
#2454=CARTESIAN_POINT('',(-0.37302994,-0.06,-0.018));
#2455=CARTESIAN_POINT('',(-0.339573809985576,-0.0852019661343247,-0.018));
#2456=CARTESIAN_POINT('',(-0.29673737433831,-0.116408476990857,-0.018));
#2457=CARTESIAN_POINT('',(-0.249304742115523,-0.154120699657671,-0.018));
#2458=CARTESIAN_POINT('',(-0.372365996945949,-0.0605,-0.055));
#2459=CARTESIAN_POINT('',(-0.37302994,-0.06,-0.03));
#2460=CARTESIAN_POINT('',(-0.339573809985576,-0.0852019661343247,-0.03));
#2461=CARTESIAN_POINT('',(-0.29673737433831,-0.116408476990857,-0.03));
#2462=CARTESIAN_POINT('',(-0.249304742115523,-0.154120699657671,-0.03));
#2463=CARTESIAN_POINT('',(-0.249304742123508,-0.154120699651322,-0.03));
#2464=CARTESIAN_POINT('',(-0.249304742123508,-0.154120699651322,-0.03));
#2465=CARTESIAN_POINT('',(-0.249304742123508,-0.154120699651322,0.));
#2466=CARTESIAN_POINT('',(-0.249304742123508,-0.154120699651322,0.015002));
#2467=CARTESIAN_POINT('',(-0.249304742123508,-0.154120699651322,0.015));
#2468=CARTESIAN_POINT('',(-0.37302994,-0.06,0.015));
#2469=CARTESIAN_POINT('',(-0.339573809985576,-0.0852019661343247,0.015));
#2470=CARTESIAN_POINT('',(-0.29673737433831,-0.116408476990857,0.015));
#2471=CARTESIAN_POINT('',(-0.249304742115523,-0.154120699657671,0.015));
#2472=CARTESIAN_POINT('',(0.0856857263420323,-0.47922349653185,-0.0315));
#2473=CARTESIAN_POINT('',(0.0856857263420323,-0.47922349653185,0.0015));
#2474=CARTESIAN_POINT('',(-0.112140016696578,-0.245123824058871,-0.0315));
#2475=CARTESIAN_POINT('',(-0.112140016696578,-0.245123824058871,0.0015));
#2476=CARTESIAN_POINT('',(-0.351196232263493,-0.0533171321538201,-0.0315));
#2477=CARTESIAN_POINT('',(-0.351196232263493,-0.0533171321538201,0.0015));
#2478=CARTESIAN_POINT('',(-0.622604874893675,0.0890732817313045,-0.0315));
#2479=CARTESIAN_POINT('',(-0.622604874893675,0.0890732817313045,0.0015));
#2480=CARTESIAN_POINT('',(-0.232629768540004,-0.1675,-0.03));
#2481=CARTESIAN_POINT('',(-0.232629768540004,-0.1675,-0.03));
#2482=CARTESIAN_POINT('',(-0.232629768540004,-0.1675,0.));
#2483=CARTESIAN_POINT('',(-1.72231708949282,-2.00707484583143,0.));
#2484=CARTESIAN_POINT('',(-1.72231708949282,-2.00707484583143,-0.03));
#2485=CARTESIAN_POINT('',(-0.233829759967004,-0.1675,0.0015));
#2486=CARTESIAN_POINT('',(-0.207429948573,-0.1675,0.0015));
#2487=CARTESIAN_POINT('',(-0.233829759967004,-0.1675,-0.0315));
#2488=CARTESIAN_POINT('',(-0.207429948573,-0.1675,-0.0315));
#2489=CARTESIAN_POINT('',(-0.22062994,-0.1675,0.));
#2490=CARTESIAN_POINT('',(-0.22062994,-0.1675,-0.03));
#2491=CARTESIAN_POINT('',(-0.233829809581861,0.1675,-0.03075));
#2492=CARTESIAN_POINT('',(-0.207429946210388,0.1675,-0.03075));
#2493=CARTESIAN_POINT('',(-0.233829809581861,0.1675,-0.01425));
#2494=CARTESIAN_POINT('',(-0.207429946210388,0.1675,-0.01425));
#2495=CARTESIAN_POINT('',(-0.232629815792248,0.1675,-0.03));
#2496=CARTESIAN_POINT('',(-0.619225403201676,-0.0870987445323739,-0.03075));
#2497=CARTESIAN_POINT('',(-0.619225403201676,-0.0870987445323739,-0.01425));
#2498=CARTESIAN_POINT('',(-0.349643536825067,0.0546376910136862,-0.03075));
#2499=CARTESIAN_POINT('',(-0.349643536825067,0.0546376910136862,-0.01425));
#2500=CARTESIAN_POINT('',(-0.112171592912912,0.245348665252141,-0.03075));
#2501=CARTESIAN_POINT('',(-0.112171592912912,0.245348665252141,-0.01425));
#2502=CARTESIAN_POINT('',(0.0844108801476557,0.477983424318342,-0.03075));
#2503=CARTESIAN_POINT('',(0.0844108801476557,0.477983424318342,-0.01425));
#2504=CARTESIAN_POINT('',(-0.24762994,0.155453472465465,-0.03));
#2505=CARTESIAN_POINT('',(-0.247629940000005,0.155453472465462,-0.0495));
#2506=CARTESIAN_POINT('',(-0.247629940000004,0.155453472465462,0.015));
#2507=CARTESIAN_POINT('',(-0.295728877265692,0.117143056080883,-0.0495));
#2508=CARTESIAN_POINT('',(-0.295728877265692,0.117143056080883,0.015));
#2509=CARTESIAN_POINT('',(-0.339180485632323,0.0854982462458507,-0.0495));
#2510=CARTESIAN_POINT('',(-0.339180485632323,0.0854982462458507,0.015));
#2511=CARTESIAN_POINT('',(-0.37302994,0.06,-0.0495));
#2512=CARTESIAN_POINT('',(-0.37302994,0.06,0.015));
#2513=CARTESIAN_POINT('',(-0.247629940000004,0.155453472465462,-0.018));
#2514=CARTESIAN_POINT('',(-0.295728877265692,0.117143056080883,-0.018));
#2515=CARTESIAN_POINT('',(-0.339180485632323,0.0854982462458507,-0.018));
#2516=CARTESIAN_POINT('',(-0.37302994,0.06,-0.018));
#2517=CARTESIAN_POINT('',(-0.247629940000004,0.155453472465462,0.015));
#2518=CARTESIAN_POINT('',(-0.295728877265692,0.117143056080883,0.015));
#2519=CARTESIAN_POINT('',(-0.339180485632323,0.0854982462458507,0.015));
#2520=CARTESIAN_POINT('',(-0.37302994,0.06,0.015));
#2521=CARTESIAN_POINT('',(-0.24762994,0.155453472465465,0.015));
#2522=CARTESIAN_POINT('',(-0.24762994,0.155453472465465,0.015002));
#2523=CARTESIAN_POINT('',(-0.372365996822317,0.0605,-0.055));
#2524=CARTESIAN_POINT('',(-0.30763619,0.0206375,-0.03));
#2525=CARTESIAN_POINT('',(-0.30763619,0.0206375,-0.015));
#2526=CARTESIAN_POINT('',(-0.30763619,0.0254,-0.03));
#2527=CARTESIAN_POINT('',(-0.30763619,0.0254,-0.015));
#2528=CARTESIAN_POINT('',(-0.31239869,0.0254,-0.03));
#2529=CARTESIAN_POINT('',(-0.31239869,0.0254,-0.015));
#2530=CARTESIAN_POINT('',(-0.31239869,0.0206375,-0.03));
#2531=CARTESIAN_POINT('',(-0.31239869,0.0206375,-0.015));
#2532=CARTESIAN_POINT('',(-0.31001744,0.0206375,-0.015));
#2533=CARTESIAN_POINT('',(-0.25366119,0.0206375,-0.03));
#2534=CARTESIAN_POINT('',(-0.25366119,0.0206375,-0.015));
#2535=CARTESIAN_POINT('',(-0.25366119,0.0254,-0.03));
#2536=CARTESIAN_POINT('',(-0.25366119,0.0254,-0.015));
#2537=CARTESIAN_POINT('',(-0.25842369,0.0254,-0.03));
#2538=CARTESIAN_POINT('',(-0.25842369,0.0254,-0.015));
#2539=CARTESIAN_POINT('',(-0.25842369,0.0206375,-0.03));
#2540=CARTESIAN_POINT('',(-0.25842369,0.0206375,-0.015));
#2541=CARTESIAN_POINT('',(-0.25604244,0.0206375,-0.015));
#2542=CARTESIAN_POINT('',(-0.25366119,-0.0206375,-0.03));
#2543=CARTESIAN_POINT('',(-0.25366119,-0.0206375,-0.015));
#2544=CARTESIAN_POINT('',(-0.25366119,-0.015875,-0.03));
#2545=CARTESIAN_POINT('',(-0.25366119,-0.015875,-0.015));
#2546=CARTESIAN_POINT('',(-0.25842369,-0.015875,-0.03));
#2547=CARTESIAN_POINT('',(-0.25842369,-0.015875,-0.015));
#2548=CARTESIAN_POINT('',(-0.25842369,-0.0206375,-0.03));
#2549=CARTESIAN_POINT('',(-0.25842369,-0.0206375,-0.015));
#2550=CARTESIAN_POINT('',(-0.25604244,-0.0206375,-0.015));
#2551=CARTESIAN_POINT('',(-0.31716119,0.0206375,-0.03));
#2552=CARTESIAN_POINT('',(-0.31716119,0.0206375,-0.015));
#2553=CARTESIAN_POINT('',(-0.31716119,0.0254,-0.03));
#2554=CARTESIAN_POINT('',(-0.31716119,0.0254,-0.015));
#2555=CARTESIAN_POINT('',(-0.32192369,0.0254,-0.03));
#2556=CARTESIAN_POINT('',(-0.32192369,0.0254,-0.015));
#2557=CARTESIAN_POINT('',(-0.32192369,0.0206375,-0.03));
#2558=CARTESIAN_POINT('',(-0.32192369,0.0206375,-0.015));
#2559=CARTESIAN_POINT('',(-0.31954244,0.0206375,-0.015));
#2560=CARTESIAN_POINT('',(-0.31716119,-0.0206375,-0.03));
#2561=CARTESIAN_POINT('',(-0.31716119,-0.0206375,-0.015));
#2562=CARTESIAN_POINT('',(-0.31716119,-0.015875,-0.03));
#2563=CARTESIAN_POINT('',(-0.31716119,-0.015875,-0.015));
#2564=CARTESIAN_POINT('',(-0.32192369,-0.015875,-0.03));
#2565=CARTESIAN_POINT('',(-0.32192369,-0.015875,-0.015));
#2566=CARTESIAN_POINT('',(-0.32192369,-0.0206375,-0.03));
#2567=CARTESIAN_POINT('',(-0.32192369,-0.0206375,-0.015));
#2568=CARTESIAN_POINT('',(-0.31954244,-0.0206375,-0.015));
#2569=CARTESIAN_POINT('',(-0.30763619,-0.0206375,-0.03));
#2570=CARTESIAN_POINT('',(-0.30763619,-0.0206375,-0.015));
#2571=CARTESIAN_POINT('',(-0.30763619,-0.015875,-0.03));
#2572=CARTESIAN_POINT('',(-0.30763619,-0.015875,-0.015));
#2573=CARTESIAN_POINT('',(-0.31239869,-0.015875,-0.03));
#2574=CARTESIAN_POINT('',(-0.31239869,-0.015875,-0.015));
#2575=CARTESIAN_POINT('',(-0.31239869,-0.0206375,-0.03));
#2576=CARTESIAN_POINT('',(-0.31239869,-0.0206375,-0.015));
#2577=CARTESIAN_POINT('',(-0.31001744,-0.0206375,-0.015));
#2578=CARTESIAN_POINT('',(-0.22955494,-0.156365320868377,-0.03125));
#2579=CARTESIAN_POINT('',(-0.22955494,-0.156365320868377,-0.00375000000000016));
#2580=CARTESIAN_POINT('',(-0.22020494,-0.1617635458853,-0.03125));
#2581=CARTESIAN_POINT('',(-0.22020494,-0.1617635458853,-0.00375000000000016));
#2582=CARTESIAN_POINT('',(-0.22487994,-0.159064433376838,-0.005));
#2583=CARTESIAN_POINT('',(-0.22487994,-0.159064433376838,-0.03));
#2584=CARTESIAN_POINT('',(-0.22105494,0.1617635458853,-0.0305));
#2585=CARTESIAN_POINT('',(-0.22105494,0.1617635458853,-0.0194999999999999));
#2586=CARTESIAN_POINT('',(-0.21170494,0.156365320868377,-0.0305));
#2587=CARTESIAN_POINT('',(-0.21170494,0.156365320868377,-0.0194999999999999));
#2588=CARTESIAN_POINT('',(-0.21637994,0.159064433376838,-0.02));
#2589=CARTESIAN_POINT('',(-0.366651417988662,-0.1675,-0.03));
#2590=CARTESIAN_POINT('',(-0.366651417988662,-0.0655,-0.03));
#2591=CARTESIAN_POINT('',(-0.20862994,-0.1675,-0.03));
#2592=CARTESIAN_POINT('',(-0.20862994,-0.0655,-0.03));
#2593=CARTESIAN_POINT('',(-0.23382994,-0.045,-0.01575));
#2594=CARTESIAN_POINT('',(-0.23382994,-0.045,0.000750000000000001));
#2595=CARTESIAN_POINT('',(-0.20742994,-0.045,-0.01575));
#2596=CARTESIAN_POINT('',(-0.20742994,-0.045,0.000750000000000001));
#2597=CARTESIAN_POINT('',(-0.23262994,-0.045,0.));
#2598=CARTESIAN_POINT('',(-0.23262994,-0.045,0.));
#2599=CARTESIAN_POINT('',(-0.22062994,-0.045,0.));
#2600=CARTESIAN_POINT('',(-0.25159480507999,-0.173625,0.));
#2601=CARTESIAN_POINT('',(-0.25159480507999,-0.038875,0.));
#2602=CARTESIAN_POINT('',(-0.20658399404381,-0.173625,0.));
#2603=CARTESIAN_POINT('',(-0.20658399404381,-0.038875,0.));
#2604=CARTESIAN_POINT('',(-0.23262994,-0.04775,0.));
#2605=CARTESIAN_POINT('',(-0.232629939999991,-0.111789248329839,3.46944695195361E-18));
#2606=CARTESIAN_POINT('',(-0.240967341061749,-0.132954973990581,0.));
#2607=CARTESIAN_POINT('',(-0.220629940000018,-0.15170321744467,0.));
#2608=CARTESIAN_POINT('',(-0.225729939999956,-0.151703187731759,0.));
#2609=CARTESIAN_POINT('',(-0.21552994,-0.15170321744467,0.));
#2610=CARTESIAN_POINT('',(-0.22572967782882,-0.129203322589076,0.));
#2611=CARTESIAN_POINT('',(-0.225729416506274,-0.106776288382528,0.));
#2612=CARTESIAN_POINT('',(-0.220629939999996,-0.10670321744467,0.));
#2613=CARTESIAN_POINT('',(-0.215529939999996,-0.10670321744467,0.));
#2614=CARTESIAN_POINT('',(-0.220629939999996,-0.10670321744467,0.));
#2615=CARTESIAN_POINT('',(-0.215535400655342,-0.106939159949824,0.));
#2616=CARTESIAN_POINT('',(-0.215535400655342,-0.110257999154341,0.));
#2617=CARTESIAN_POINT('',(-0.215535400655342,-0.151467274939517,0.));
#2618=CARTESIAN_POINT('',(-0.220629940000018,-0.15170321744467,0.));
#2619=CARTESIAN_POINT('',(-0.23262994,-0.123003710746331,0.0165));
#2620=CARTESIAN_POINT('',(-0.23262994,0.123714462416492,0.0165));
#2621=CARTESIAN_POINT('',(-0.23262994,-0.123003710746331,-0.0165));
#2622=CARTESIAN_POINT('',(-0.23262994,0.123714462416492,-0.0165));
#2623=CARTESIAN_POINT('',(-0.23262994,0.1125,0.015002));
#2624=CARTESIAN_POINT('',(-0.23262994,0.1125,0.015));
#2625=CARTESIAN_POINT('',(-0.23262994,0.075,0.015));
#2626=CARTESIAN_POINT('',(-0.232629939999991,-0.111789248329839,0.015));
#2627=CARTESIAN_POINT('',(-0.232629939999991,-0.111789248329839,0.015002));
#2628=CARTESIAN_POINT('',(-0.24837994,0.157601146088739,-0.0165));
#2629=CARTESIAN_POINT('',(-0.24837994,0.157601146088739,0.0165));
#2630=CARTESIAN_POINT('',(-0.23187994,0.110352326376727,-0.0165));
#2631=CARTESIAN_POINT('',(-0.23187994,0.110352326376727,0.0165));
#2632=CARTESIAN_POINT('',(-0.24012994,0.133976736232733,0.015));
#2633=CARTESIAN_POINT('',(-0.250138482229683,-0.156237272217397,-0.000749999999999985));
#2634=CARTESIAN_POINT('',(-0.250138482229683,-0.156237272217397,0.01575));
#2635=CARTESIAN_POINT('',(-0.231796199893815,-0.109672675763765,-0.000749999999999985));
#2636=CARTESIAN_POINT('',(-0.231796199893815,-0.109672675763765,0.01575));
#2637=CARTESIAN_POINT('',(-0.240967341061749,-0.132954973990581,0.015));
#2638=CARTESIAN_POINT('',(-0.38004994,-0.17164259779984,0.015));
#2639=CARTESIAN_POINT('',(-0.38004994,0.172975370607635,0.015));
#2640=CARTESIAN_POINT('',(-0.225609939999991,-0.17164259779984,0.015));
#2641=CARTESIAN_POINT('',(-0.225609939999991,0.172975370607635,0.015));
#2642=CARTESIAN_POINT('',(-0.25604244,0.0206375,0.015));
#2643=CARTESIAN_POINT('',(-0.31001744,-0.0206375,0.015));
#2644=CARTESIAN_POINT('',(-0.31477994,-0.0221601929270211,0.015));
#2645=CARTESIAN_POINT('',(-0.30501744,-0.0206375,0.015));
#2646=CARTESIAN_POINT('',(-0.31954244,-0.0206375,0.015));
#2647=CARTESIAN_POINT('',(-0.31001744,-0.0206375,0.015));
#2648=CARTESIAN_POINT('',(-0.31001744,0.0206375,0.015));
#2649=CARTESIAN_POINT('',(-0.31477994,0.0191148070729789,0.015));
#2650=CARTESIAN_POINT('',(-0.30501744,0.0206375,0.015));
#2651=CARTESIAN_POINT('',(-0.31954244,0.0206375,0.015));
#2652=CARTESIAN_POINT('',(-0.31001744,0.0206375,0.015));
#2653=CARTESIAN_POINT('',(-0.25604244,-0.0206375,0.015));
#2654=CARTESIAN_POINT('',(-0.38124994,0.0617750000000003,-0.018));
#2655=CARTESIAN_POINT('',(-0.20040994,0.0617750000000003,-0.018));
#2656=CARTESIAN_POINT('',(-0.38124994,0.033725,-0.018));
#2657=CARTESIAN_POINT('',(-0.20040994,0.033725,-0.018));
#2658=CARTESIAN_POINT('',(-0.51362994,0.035,-0.018));
#2659=CARTESIAN_POINT('',(-0.38124994,0.035,-0.044775));
#2660=CARTESIAN_POINT('',(-0.20040994,0.035,-0.044775));
#2661=CARTESIAN_POINT('',(-0.38124994,0.035,-0.016725));
#2662=CARTESIAN_POINT('',(-0.20040994,0.035,-0.016725));
#2663=CARTESIAN_POINT('',(-0.37303194,0.035,-0.0435));
#2664=CARTESIAN_POINT('',(-0.38124994,-0.035,-0.044775));
#2665=CARTESIAN_POINT('',(-0.20040994,-0.035,-0.044775));
#2666=CARTESIAN_POINT('',(-0.38124994,-0.035,-0.016725));
#2667=CARTESIAN_POINT('',(-0.20040994,-0.035,-0.016725));
#2668=CARTESIAN_POINT('',(-0.37303194,-0.035,-0.0435));
#2669=CARTESIAN_POINT('',(-0.51362994,-0.035,-0.018));
#2670=CARTESIAN_POINT('',(-0.38124994,-0.033725,-0.018));
#2671=CARTESIAN_POINT('',(-0.20040994,-0.033725,-0.018));
#2672=CARTESIAN_POINT('',(-0.38124994,-0.061775,-0.018));
#2673=CARTESIAN_POINT('',(-0.20040994,-0.061775,-0.018));
#2674=CARTESIAN_POINT('',(-0.38124994,-0.061775,-0.0435));
#2675=CARTESIAN_POINT('',(-0.38124994,-0.033725,-0.0435));
#2676=CARTESIAN_POINT('',(-0.20040994,-0.061775,-0.0435));
#2677=CARTESIAN_POINT('',(-0.20040994,-0.033725,-0.0435));
#2678=CARTESIAN_POINT('',(-0.37303194,-0.0605,-0.0435));
#2679=CARTESIAN_POINT('',(-0.38124994,-0.03,-0.050475));
#2680=CARTESIAN_POINT('',(-0.20040994,-0.03,-0.050475));
#2681=CARTESIAN_POINT('',(-0.38124994,-0.03,-0.029025));
#2682=CARTESIAN_POINT('',(-0.20040994,-0.03,-0.029025));
#2683=CARTESIAN_POINT('',(-0.38124994,0.033725,-0.0435));
#2684=CARTESIAN_POINT('',(-0.38124994,0.061775,-0.0435));
#2685=CARTESIAN_POINT('',(-0.20040994,0.033725,-0.0435));
#2686=CARTESIAN_POINT('',(-0.20040994,0.061775,-0.0435));
#2687=CARTESIAN_POINT('',(-0.37303194,0.0605,-0.0435));
#2688=CARTESIAN_POINT('',(-0.38124994,0.03,-0.050475));
#2689=CARTESIAN_POINT('',(-0.20040994,0.03,-0.050475));
#2690=CARTESIAN_POINT('',(-0.38124994,0.03,-0.029025));
#2691=CARTESIAN_POINT('',(-0.20040994,0.03,-0.029025));
#2692=CARTESIAN_POINT('',(-0.373063137158884,0.0605,-0.0432));
#2693=CARTESIAN_POINT('',(-0.372332799663433,0.0605,-0.0432));
#2694=CARTESIAN_POINT('',(-0.373063137158884,0.0605,-0.0498));
#2695=CARTESIAN_POINT('',(-0.372332799663433,0.0605,-0.0498));
#2696=CARTESIAN_POINT('',(-0.373063137152703,-0.0605,-0.0432));
#2697=CARTESIAN_POINT('',(-0.372332799793247,-0.0605,-0.0432));
#2698=CARTESIAN_POINT('',(-0.373063137152703,-0.0605,-0.0498));
#2699=CARTESIAN_POINT('',(-0.372332799793247,-0.0605,-0.0498));
#2700=CARTESIAN_POINT('',(-0.225729390331588,0.104529943415066,-0.02025));
#2701=CARTESIAN_POINT('',(-0.225729390331588,0.104529943415066,-0.01475));
#2702=CARTESIAN_POINT('',(-0.225729966174686,0.15394953269922,-0.02025));
#2703=CARTESIAN_POINT('',(-0.225729966174686,0.15394953269922,-0.01475));
#2704=CARTESIAN_POINT('',(-0.225729416506274,0.106776288382528,-0.02));
#2705=CARTESIAN_POINT('',(-0.225729416506274,0.106776288382528,-0.02));
#2706=CARTESIAN_POINT('',(-0.225729456109821,0.110175115269782,-0.02));
#2707=CARTESIAN_POINT('',(-0.225729939999957,0.151703187731759,-0.02));
#2708=CARTESIAN_POINT('',(-0.225729939999957,0.151703187731759,-0.02));
#2709=CARTESIAN_POINT('',(-0.215535400655343,0.151467274939517,-0.02));
#2710=CARTESIAN_POINT('',(-0.215535400655343,0.151467274939517,-0.015));
#2711=CARTESIAN_POINT('',(-0.215394639087235,0.154506639747802,-0.02));
#2712=CARTESIAN_POINT('',(-0.215394639087235,0.154506639747802,-0.015));
#2713=CARTESIAN_POINT('',(-0.217470143764259,0.156731461671585,-0.02));
#2714=CARTESIAN_POINT('',(-0.217470143764259,0.156731461671585,-0.015));
#2715=CARTESIAN_POINT('',(-0.220511952008769,0.156801852441797,-0.02));
#2716=CARTESIAN_POINT('',(-0.220511952008769,0.156801852441797,-0.015));
#2717=CARTESIAN_POINT('',(-0.223553760253278,0.15687224321201,-0.02));
#2718=CARTESIAN_POINT('',(-0.223553760253278,0.15687224321201,-0.015));
#2719=CARTESIAN_POINT('',(-0.225729957726419,0.154745810326919,-0.02));
#2720=CARTESIAN_POINT('',(-0.225729957726419,0.154745810326919,-0.015));
#2721=CARTESIAN_POINT('',(-0.225729939999913,0.151703187731759,-0.02));
#2722=CARTESIAN_POINT('',(-0.225729939999913,0.151703187731759,-0.015));
#2723=CARTESIAN_POINT('',(-0.22062994,0.15170321744467,-0.02));
#2724=CARTESIAN_POINT('',(-0.21552994,0.15170321744467,-0.02));
#2725=CARTESIAN_POINT('',(-0.22062994,0.15170321744467,-0.02));
#2726=CARTESIAN_POINT('',(-0.215535400655342,0.151467274939517,-0.02));
#2727=CARTESIAN_POINT('',(-0.215535400655342,0.151467274939517,-0.02));
#2728=CARTESIAN_POINT('',(-0.215535400655342,0.104712754200339,-0.01475));
#2729=CARTESIAN_POINT('',(-0.215535400655342,0.153693680689002,-0.01475));
#2730=CARTESIAN_POINT('',(-0.215535400655342,0.104712754200339,-0.02025));
#2731=CARTESIAN_POINT('',(-0.215535400655342,0.153693680689002,-0.02025));
#2732=CARTESIAN_POINT('',(-0.215535400655342,0.110257999154341,-0.02));
#2733=CARTESIAN_POINT('',(-0.215535400655342,0.106939159949824,-0.02));
#2734=CARTESIAN_POINT('',(-0.215535400655342,0.106939159949824,-0.02));
#2735=CARTESIAN_POINT('',(-0.225729416506307,0.106776288382528,-0.02));
#2736=CARTESIAN_POINT('',(-0.225729416506307,0.106776288382528,-0.015));
#2737=CARTESIAN_POINT('',(-0.22577325614246,0.103716806717721,-0.02));
#2738=CARTESIAN_POINT('',(-0.22577325614246,0.103716806717721,-0.015));
#2739=CARTESIAN_POINT('',(-0.223607872087297,0.101554987607658,-0.02));
#2740=CARTESIAN_POINT('',(-0.223607872087297,0.101554987607658,-0.015));
#2741=CARTESIAN_POINT('',(-0.220548466809644,0.101603868258802,-0.02));
#2742=CARTESIAN_POINT('',(-0.220548466809644,0.101603868258802,-0.015));
#2743=CARTESIAN_POINT('',(-0.21748906153199,0.101652748909945,-0.02));
#2744=CARTESIAN_POINT('',(-0.21748906153199,0.101652748909945,-0.015));
#2745=CARTESIAN_POINT('',(-0.215393844601976,0.103882640384249,-0.02));
#2746=CARTESIAN_POINT('',(-0.215393844601976,0.103882640384249,-0.015));
#2747=CARTESIAN_POINT('',(-0.215535400655342,0.106939159949824,-0.02));
#2748=CARTESIAN_POINT('',(-0.215535400655342,0.106939159949824,-0.015));
#2749=CARTESIAN_POINT('',(-0.220629940000016,0.10670321744467,-0.02));
#2750=CARTESIAN_POINT('',(-0.21552994,0.10670321744467,-0.02));
#2751=CARTESIAN_POINT('',(-0.220629940000016,0.10670321744467,-0.02));
#2752=CARTESIAN_POINT('',(-0.22997994,0.0932302100104183,-0.02));
#2753=CARTESIAN_POINT('',(-0.22997994,0.165176224878923,-0.02));
#2754=CARTESIAN_POINT('',(-0.21127994,0.0932302100104183,-0.02));
#2755=CARTESIAN_POINT('',(-0.21127994,0.165176224878923,-0.02));
#2756=CARTESIAN_POINT('',(-0.225729939999948,-0.151703187731759,-0.005));
#2757=CARTESIAN_POINT('',(-0.225729939999948,-0.151703187731759,-8.13151629364128E-20));
#2758=CARTESIAN_POINT('',(-0.225729957726454,-0.154745810326929,-0.005));
#2759=CARTESIAN_POINT('',(-0.225729957726454,-0.154745810326929,0.));
#2760=CARTESIAN_POINT('',(-0.223553760253306,-0.156872243212027,-0.005));
#2761=CARTESIAN_POINT('',(-0.223553760253306,-0.156872243212027,0.));
#2762=CARTESIAN_POINT('',(-0.220511952008786,-0.156801852441815,-0.005));
#2763=CARTESIAN_POINT('',(-0.220511952008786,-0.156801852441815,-8.13151629364128E-20));
#2764=CARTESIAN_POINT('',(-0.217470143764267,-0.156731461671602,-0.005));
#2765=CARTESIAN_POINT('',(-0.217470143764267,-0.156731461671602,0.));
#2766=CARTESIAN_POINT('',(-0.215394639087235,-0.154506639747812,-0.005));
#2767=CARTESIAN_POINT('',(-0.215394639087235,-0.154506639747812,0.));
#2768=CARTESIAN_POINT('',(-0.215535400655343,-0.151467274939517,-0.005));
#2769=CARTESIAN_POINT('',(-0.215535400655343,-0.151467274939517,-8.13151629364128E-20));
#2770=CARTESIAN_POINT('',(-0.215535400655342,-0.151467274939517,-0.005));
#2771=CARTESIAN_POINT('',(-0.215535400655342,-0.151467274939517,-0.005));
#2772=CARTESIAN_POINT('',(-0.220629940000018,-0.15170321744467,-0.005));
#2773=CARTESIAN_POINT('',(-0.21552994,-0.15170321744467,-0.005));
#2774=CARTESIAN_POINT('',(-0.220629940000018,-0.15170321744467,-0.005));
#2775=CARTESIAN_POINT('',(-0.225729939999956,-0.151703187731759,-0.005));
#2776=CARTESIAN_POINT('',(-0.225729939999956,-0.151703187731759,-0.005));
#2777=CARTESIAN_POINT('',(-0.225729390331588,-0.104529943415066,-0.00525));
#2778=CARTESIAN_POINT('',(-0.225729390331588,-0.104529943415066,0.000250000000000002));
#2779=CARTESIAN_POINT('',(-0.225729966174686,-0.15394953269922,-0.00525));
#2780=CARTESIAN_POINT('',(-0.225729966174686,-0.15394953269922,0.000250000000000002));
#2781=CARTESIAN_POINT('',(-0.22572967782882,-0.129203322589076,-0.005));
#2782=CARTESIAN_POINT('',(-0.225729416506274,-0.106776288382528,-0.005));
#2783=CARTESIAN_POINT('',(-0.225729416506274,-0.106776288382528,-0.005));
#2784=CARTESIAN_POINT('',(-0.215535400655338,-0.106939159949824,-0.005));
#2785=CARTESIAN_POINT('',(-0.215535400655338,-0.106939159949824,5.14996031930615E-19));
#2786=CARTESIAN_POINT('',(-0.215393844601971,-0.103882640384259,-0.005));
#2787=CARTESIAN_POINT('',(-0.215393844601971,-0.103882640384259,-2.71886148408515E-19));
#2788=CARTESIAN_POINT('',(-0.217489061531979,-0.101652748909962,-0.005));
#2789=CARTESIAN_POINT('',(-0.217489061531979,-0.101652748909962,-2.71886148408515E-19));
#2790=CARTESIAN_POINT('',(-0.220548466809622,-0.101603868258818,-0.005));
#2791=CARTESIAN_POINT('',(-0.220548466809622,-0.101603868258818,5.14996031930615E-19));
#2792=CARTESIAN_POINT('',(-0.223607872087266,-0.101554987607674,-0.005));
#2793=CARTESIAN_POINT('',(-0.223607872087266,-0.101554987607674,-1.69928842755322E-19));
#2794=CARTESIAN_POINT('',(-0.225773256142422,-0.10371680671773,-0.005));
#2795=CARTESIAN_POINT('',(-0.225773256142422,-0.10371680671773,-1.69928842755322E-19));
#2796=CARTESIAN_POINT('',(-0.225729416506269,-0.106776288382528,-0.005));
#2797=CARTESIAN_POINT('',(-0.22572941650627,-0.106776288382528,5.14996031930615E-19));
#2798=CARTESIAN_POINT('',(-0.220629939999996,-0.10670321744467,-0.005));
#2799=CARTESIAN_POINT('',(-0.215529939999996,-0.10670321744467,-0.005));
#2800=CARTESIAN_POINT('',(-0.220629939999996,-0.10670321744467,-0.005));
#2801=CARTESIAN_POINT('',(-0.215535400655342,-0.106939159949824,-0.005));
#2802=CARTESIAN_POINT('',(-0.215535400655342,-0.106939159949824,-0.005));
#2803=CARTESIAN_POINT('',(-0.215535400655342,-0.153693680689002,-0.00525));
#2804=CARTESIAN_POINT('',(-0.215535400655342,-0.104712754200339,-0.00525));
#2805=CARTESIAN_POINT('',(-0.215535400655342,-0.153693680689002,0.00025));
#2806=CARTESIAN_POINT('',(-0.215535400655342,-0.104712754200339,0.00025));
#2807=CARTESIAN_POINT('',(-0.215535400655342,-0.110257999154341,-0.005));
#2808=CARTESIAN_POINT('',(-0.22997994,-0.165176224878923,-0.005));
#2809=CARTESIAN_POINT('',(-0.22997994,-0.0932302100104183,-0.005));
#2810=CARTESIAN_POINT('',(-0.21127994,-0.165176224878923,-0.005));
#2811=CARTESIAN_POINT('',(-0.21127994,-0.0932302100104183,-0.005));
#2812=CARTESIAN_POINT('',(-0.26104244,-0.0206375,0.015));
#2813=CARTESIAN_POINT('',(-0.26104244,-0.0206375,-0.015));
#2814=CARTESIAN_POINT('',(-0.26104244,-0.0106375,0.015));
#2815=CARTESIAN_POINT('',(-0.26104244,-0.0106375,-0.015));
#2816=CARTESIAN_POINT('',(-0.25104244,-0.0106375,0.015));
#2817=CARTESIAN_POINT('',(-0.25104244,-0.0106375,-0.015));
#2818=CARTESIAN_POINT('',(-0.25104244,-0.0206375,0.015));
#2819=CARTESIAN_POINT('',(-0.25104244,-0.0206375,-0.015));
#2820=CARTESIAN_POINT('',(-0.25604244,-0.0206375,-0.015));
#2821=CARTESIAN_POINT('',(-0.261102620786314,-0.0155599593183049,-0.015));
#2822=CARTESIAN_POINT('',(-0.261102620786314,-0.0257366034271002,-0.015));
#2823=CARTESIAN_POINT('',(-0.250952128161344,-0.0155599593183049,-0.015));
#2824=CARTESIAN_POINT('',(-0.250952128161344,-0.0257366034271002,-0.015));
#2825=CARTESIAN_POINT('',(-0.31501744,0.0206375,0.0165));
#2826=CARTESIAN_POINT('',(-0.31501744,0.0206375,-0.0165));
#2827=CARTESIAN_POINT('',(-0.31501744,0.0306375,0.0165));
#2828=CARTESIAN_POINT('',(-0.31501744,0.0306375,-0.0165));
#2829=CARTESIAN_POINT('',(-0.30501744,0.0306375,0.0165));
#2830=CARTESIAN_POINT('',(-0.30501744,0.0306375,-0.0165));
#2831=CARTESIAN_POINT('',(-0.30501744,0.0206375,0.0165));
#2832=CARTESIAN_POINT('',(-0.30501744,0.0206375,-0.0165));
#2833=CARTESIAN_POINT('',(-0.30501744,0.0106375,0.0165));
#2834=CARTESIAN_POINT('',(-0.30501744,0.0106375,-0.0165));
#2835=CARTESIAN_POINT('',(-0.31501744,0.0106375,0.0165));
#2836=CARTESIAN_POINT('',(-0.31501744,0.0106375,-0.0165));
#2837=CARTESIAN_POINT('',(-0.31501744,0.0206375,0.0165));
#2838=CARTESIAN_POINT('',(-0.31501744,0.0206375,-0.0165));
#2839=CARTESIAN_POINT('',(-0.31001744,0.0206375,-0.015));
#2840=CARTESIAN_POINT('',(-0.31477994,0.0191148070729789,-0.015));
#2841=CARTESIAN_POINT('',(-0.31477994,0.0191148070729789,0.032));
#2842=CARTESIAN_POINT('',(-0.31477994,0.0191148070729789,0.015));
#2843=CARTESIAN_POINT('',(-0.31477994,0.0191148070729789,-0.015));
#2844=CARTESIAN_POINT('',(-0.317321862048017,0.0111644820016172,0.015));
#2845=CARTESIAN_POINT('',(-0.317321862048017,0.0111644820016172,-0.015));
#2846=CARTESIAN_POINT('',(-0.32454244,0.0138251443030338,0.015));
#2847=CARTESIAN_POINT('',(-0.32454244,0.0138251443030338,-0.015));
#2848=CARTESIAN_POINT('',(-0.32454244,0.0206375,0.015));
#2849=CARTESIAN_POINT('',(-0.32454244,0.0206375,-0.015));
#2850=CARTESIAN_POINT('',(-0.31954244,0.0206375,-0.015));
#2851=CARTESIAN_POINT('',(-0.325647555,0.0262035,-0.015));
#2852=CARTESIAN_POINT('',(-0.325647555,0.0150715,-0.015));
#2853=CARTESIAN_POINT('',(-0.303912325,0.0262035,-0.015));
#2854=CARTESIAN_POINT('',(-0.303912325,0.0150715,-0.015));
#2855=CARTESIAN_POINT('',(-0.31501744,-0.0206375,0.0165));
#2856=CARTESIAN_POINT('',(-0.31501744,-0.0206375,-0.0165));
#2857=CARTESIAN_POINT('',(-0.31501744,-0.0106375,0.0165));
#2858=CARTESIAN_POINT('',(-0.31501744,-0.0106375,-0.0165));
#2859=CARTESIAN_POINT('',(-0.30501744,-0.0106375,0.0165));
#2860=CARTESIAN_POINT('',(-0.30501744,-0.0106375,-0.0165));
#2861=CARTESIAN_POINT('',(-0.30501744,-0.0206375,0.0165));
#2862=CARTESIAN_POINT('',(-0.30501744,-0.0206375,-0.0165));
#2863=CARTESIAN_POINT('',(-0.30501744,-0.0306375,0.0165));
#2864=CARTESIAN_POINT('',(-0.30501744,-0.0306375,-0.0165));
#2865=CARTESIAN_POINT('',(-0.31501744,-0.0306375,0.0165));
#2866=CARTESIAN_POINT('',(-0.31501744,-0.0306375,-0.0165));
#2867=CARTESIAN_POINT('',(-0.31501744,-0.0206375,0.0165));
#2868=CARTESIAN_POINT('',(-0.31501744,-0.0206375,-0.0165));
#2869=CARTESIAN_POINT('',(-0.31001744,-0.0206375,-0.015));
#2870=CARTESIAN_POINT('',(-0.31477994,-0.0221601929270211,-0.015));
#2871=CARTESIAN_POINT('',(-0.31477994,-0.0221601929270211,0.032));
#2872=CARTESIAN_POINT('',(-0.31477994,-0.0221601929270211,0.015));
#2873=CARTESIAN_POINT('',(-0.31477994,-0.0221601929270211,-0.015));
#2874=CARTESIAN_POINT('',(-0.317321862048017,-0.0301105179983828,0.015));
#2875=CARTESIAN_POINT('',(-0.317321862048017,-0.0301105179983828,-0.015));
#2876=CARTESIAN_POINT('',(-0.32454244,-0.0274498556969662,0.015));
#2877=CARTESIAN_POINT('',(-0.32454244,-0.0274498556969662,-0.015));
#2878=CARTESIAN_POINT('',(-0.32454244,-0.0206375,0.015));
#2879=CARTESIAN_POINT('',(-0.32454244,-0.0206375,-0.015));
#2880=CARTESIAN_POINT('',(-0.31954244,-0.0206375,-0.015));
#2881=CARTESIAN_POINT('',(-0.325647555,-0.0150715,-0.015));
#2882=CARTESIAN_POINT('',(-0.325647555,-0.0262035,-0.015));
#2883=CARTESIAN_POINT('',(-0.303912325,-0.0150715,-0.015));
#2884=CARTESIAN_POINT('',(-0.303912325,-0.0262035,-0.015));
#2885=CARTESIAN_POINT('',(-0.26104244,0.0206375,0.015));
#2886=CARTESIAN_POINT('',(-0.26104244,0.0206375,-0.015));
#2887=CARTESIAN_POINT('',(-0.26104244,0.0306375,0.015));
#2888=CARTESIAN_POINT('',(-0.26104244,0.0306375,-0.015));
#2889=CARTESIAN_POINT('',(-0.25104244,0.0306375,0.015));
#2890=CARTESIAN_POINT('',(-0.25104244,0.0306375,-0.015));
#2891=CARTESIAN_POINT('',(-0.25104244,0.0206375,0.015));
#2892=CARTESIAN_POINT('',(-0.25104244,0.0206375,-0.015));
#2893=CARTESIAN_POINT('',(-0.25604244,0.0206375,-0.015));
#2894=CARTESIAN_POINT('',(-0.26160844,0.0262035,-0.015));
#2895=CARTESIAN_POINT('',(-0.26160844,0.0150715,-0.015));
#2896=CARTESIAN_POINT('',(-0.25047644,0.0262035,-0.015));
#2897=CARTESIAN_POINT('',(-0.25047644,0.0150715,-0.015));
#2898=MECHANICAL_DESIGN_GEOMETRIC_PRESENTATION_REPRESENTATION('',(#1625),#2899);
#2899=(
GEOMETRIC_REPRESENTATION_CONTEXT(3)
GLOBAL_UNCERTAINTY_ASSIGNED_CONTEXT((#2900))
GLOBAL_UNIT_ASSIGNED_CONTEXT((#2903,#2902,#2901))
REPRESENTATION_CONTEXT('Part 10','TOP_LEVEL_ASSEMBLY_PART')
);
#2900=UNCERTAINTY_MEASURE_WITH_UNIT(LENGTH_MEASURE(1.E-06),#2903,'DISTANCE_ACCURACY_VALUE','Maximum Tolerance applied to model');
#2901=(
NAMED_UNIT(*)
SI_UNIT($,.STERADIAN.)
SOLID_ANGLE_UNIT()
);
#2902=(
NAMED_UNIT(*)
PLANE_ANGLE_UNIT()
SI_UNIT($,.RADIAN.)
);
#2903=(
LENGTH_UNIT()
NAMED_UNIT(*)
SI_UNIT($,.METRE.)
);
#2904=PRODUCT_DEFINITION_SHAPE('','',#2905);
#2905=PRODUCT_DEFINITION('','',#2907,#2906);
#2906=PRODUCT_DEFINITION_CONTEXT('',#2913,'design');
#2907=PRODUCT_DEFINITION_FORMATION_WITH_SPECIFIED_SOURCE('','',#2909,.NOT_KNOWN.);
#2908=PRODUCT_RELATED_PRODUCT_CATEGORY('','',(#2909));
#2909=PRODUCT('Part 10','Part 10','Part 10',(#2911));
#2910=PRODUCT_CATEGORY('','');
#2911=PRODUCT_CONTEXT('',#2913,'mechanical');
#2912=APPLICATION_PROTOCOL_DEFINITION('international standard','ap242_managed_model_based_3d_engineering',2020,#2913);
#2913=APPLICATION_CONTEXT('managed model based 3d engineering');
ENDSEC;
END-ISO-10303-21;
