ISO-10303-21;
HEADER;
/*Generated by software containing ST-Developer
 * from STEP Tools, Inc. (www.steptools.com) 
 */
/*OPTION: using custom renumber hook */
/*description */
/*implementation_level */
FILE_DESCRIPTION(('STEP AP242 Edition 2','STEP AP242 Edition 2''CAx-IF Rec.Pracs.---Representation and Presentation of Product Manufa
cturing Information (PMI)---4.0---2014-10-13','STEP AP242 Edition 2''CAx-IF Rec.Pracs.---Representation and Presentation of Product Manufa
cturing Information (PMI)---4.0---2014-10-13''CAx-IF Rec.Pracs.---3D Tessellated Geometry---0.4---2014-09-14','STEP AP242 Edition 2''CAx-IF Rec.Pracs.---Representation and Presentation of Product Manufa
cturing Information (PMI)---4.0---2014-10-13''CAx-IF Rec.Pracs.---3D Tessellated Geometry---0.4---2014-09-14''2;1','STEP AP242 Edition 2''CAx-IF Rec.Pracs.---Representation and Presentation of Product Manufa
cturing Information (PMI)---4.0---2014-10-13''CAx-IF Rec.Pracs.---3D Tessellated Geometry---0.4---2014-09-14''2;1''CAx-IF Rec.Pracs.---User Defined Attributes---1.5---2016-08-15'),'2;1');
/*name */
/*time_stamp */
/*author */
/*organization */
/*preprocessor_version */
/*originating_system */
/*authorisation */
FILE_NAME('/vol/tmp/translate-7451172779505347914/Board_Extended_Main - Joint_Bottom.step','2026-03-20T02:10:54',(''),(''),'ST-DEVELOPER v20','ONSHAPE BY PTC INC, 1.212','  ');
FILE_SCHEMA(('AP242_MANAGED_MODEL_BASED_3D_ENGINEERING_MIM_LF { 1 0 10303 442 3 1 4 }'));
ENDSEC;
DATA;
#10=SHAPE_REPRESENTATION_RELATIONSHIP('','',#943,#11);
#11=ADVANCED_BREP_SHAPE_REPRESENTATION('',(#941),#1773);
#12=LINE('',#1258,#90);
#13=LINE('',#1261,#91);
#14=LINE('',#1263,#92);
#15=LINE('',#1265,#93);
#16=LINE('',#1270,#94);
#17=LINE('',#1273,#95);
#18=LINE('',#1275,#96);
#19=LINE('',#1277,#97);
#20=LINE('',#1282,#98);
#21=LINE('',#1285,#99);
#22=LINE('',#1287,#100);
#23=LINE('',#1289,#101);
#24=LINE('',#1294,#102);
#25=LINE('',#1297,#103);
#26=LINE('',#1299,#104);
#27=LINE('',#1301,#105);
#28=LINE('',#1306,#106);
#29=LINE('',#1311,#107);
#30=LINE('',#1317,#108);
#31=LINE('',#1321,#109);
#32=LINE('',#1324,#110);
#33=LINE('',#1327,#111);
#34=LINE('',#1329,#112);
#35=LINE('',#1331,#113);
#36=LINE('',#1333,#114);
#37=LINE('',#1335,#115);
#38=LINE('',#1336,#116);
#39=LINE('',#1339,#117);
#40=LINE('',#1341,#118);
#41=LINE('',#1343,#119);
#42=LINE('',#1345,#120);
#43=LINE('',#1347,#121);
#44=LINE('',#1348,#122);
#45=LINE('',#1351,#123);
#46=LINE('',#1353,#124);
#47=LINE('',#1355,#125);
#48=LINE('',#1357,#126);
#49=LINE('',#1359,#127);
#50=LINE('',#1364,#128);
#51=LINE('',#1369,#129);
#52=LINE('',#1373,#130);
#53=LINE('',#1377,#131);
#54=LINE('',#1386,#132);
#55=LINE('',#1388,#133);
#56=LINE('',#1390,#134);
#57=LINE('',#1395,#135);
#58=LINE('',#1397,#136);
#59=LINE('',#1402,#137);
#60=LINE('',#1404,#138);
#61=LINE('',#1409,#139);
#62=LINE('',#1411,#140);
#63=LINE('',#1416,#141);
#64=LINE('',#1418,#142);
#65=LINE('',#1423,#143);
#66=LINE('',#1432,#144);
#67=LINE('',#1434,#145);
#68=LINE('',#1436,#146);
#69=LINE('',#1441,#147);
#70=LINE('',#1443,#148);
#71=LINE('',#1448,#149);
#72=LINE('',#1450,#150);
#73=LINE('',#1455,#151);
#74=LINE('',#1457,#152);
#75=LINE('',#1462,#153);
#76=LINE('',#1464,#154);
#77=LINE('',#1469,#155);
#78=LINE('',#1478,#156);
#79=LINE('',#1480,#157);
#80=LINE('',#1482,#158);
#81=LINE('',#1487,#159);
#82=LINE('',#1489,#160);
#83=LINE('',#1494,#161);
#84=LINE('',#1496,#162);
#85=LINE('',#1501,#163);
#86=LINE('',#1503,#164);
#87=LINE('',#1508,#165);
#88=LINE('',#1510,#166);
#89=LINE('',#1515,#167);
#90=VECTOR('',#1019,1.);
#91=VECTOR('',#1020,1.);
#92=VECTOR('',#1021,1.);
#93=VECTOR('',#1022,1.);
#94=VECTOR('',#1023,1.);
#95=VECTOR('',#1024,1.);
#96=VECTOR('',#1025,1.);
#97=VECTOR('',#1026,1.);
#98=VECTOR('',#1027,1.);
#99=VECTOR('',#1028,1.);
#100=VECTOR('',#1029,1.);
#101=VECTOR('',#1030,1.);
#102=VECTOR('',#1031,1.);
#103=VECTOR('',#1032,1.);
#104=VECTOR('',#1033,1.);
#105=VECTOR('',#1034,1.);
#106=VECTOR('',#1035,1.);
#107=VECTOR('',#1038,1.);
#108=VECTOR('',#1043,1.);
#109=VECTOR('',#1046,1.);
#110=VECTOR('',#1049,1.);
#111=VECTOR('',#1050,1.);
#112=VECTOR('',#1051,1.);
#113=VECTOR('',#1052,1.);
#114=VECTOR('',#1053,1.);
#115=VECTOR('',#1054,1.);
#116=VECTOR('',#1055,1.);
#117=VECTOR('',#1056,1.);
#118=VECTOR('',#1057,1.);
#119=VECTOR('',#1058,1.);
#120=VECTOR('',#1059,1.);
#121=VECTOR('',#1060,1.);
#122=VECTOR('',#1061,1.);
#123=VECTOR('',#1062,1.);
#124=VECTOR('',#1063,1.);
#125=VECTOR('',#1064,1.);
#126=VECTOR('',#1065,1.);
#127=VECTOR('',#1066,1.);
#128=VECTOR('',#1067,1.);
#129=VECTOR('',#1070,1.);
#130=VECTOR('',#1073,1.);
#131=VECTOR('',#1076,1.);
#132=VECTOR('',#1081,1.);
#133=VECTOR('',#1082,1.);
#134=VECTOR('',#1083,1.);
#135=VECTOR('',#1084,1.);
#136=VECTOR('',#1085,1.);
#137=VECTOR('',#1086,1.);
#138=VECTOR('',#1087,1.);
#139=VECTOR('',#1088,1.);
#140=VECTOR('',#1089,1.);
#141=VECTOR('',#1090,1.);
#142=VECTOR('',#1091,1.);
#143=VECTOR('',#1092,1.);
#144=VECTOR('',#1093,1.);
#145=VECTOR('',#1094,1.);
#146=VECTOR('',#1095,1.);
#147=VECTOR('',#1096,1.);
#148=VECTOR('',#1097,1.);
#149=VECTOR('',#1098,1.);
#150=VECTOR('',#1099,1.);
#151=VECTOR('',#1100,1.);
#152=VECTOR('',#1101,1.);
#153=VECTOR('',#1102,1.);
#154=VECTOR('',#1103,1.);
#155=VECTOR('',#1104,1.);
#156=VECTOR('',#1105,1.);
#157=VECTOR('',#1106,1.);
#158=VECTOR('',#1107,1.);
#159=VECTOR('',#1108,1.);
#160=VECTOR('',#1109,1.);
#161=VECTOR('',#1110,1.);
#162=VECTOR('',#1111,1.);
#163=VECTOR('',#1112,1.);
#164=VECTOR('',#1113,1.);
#165=VECTOR('',#1114,1.);
#166=VECTOR('',#1115,1.);
#167=VECTOR('',#1116,1.);
#168=B_SPLINE_SURFACE_WITH_KNOTS('',1,1,((#1254,#1255),(#1256,#1257)),.PLANE_SURF.,.F.,.F.,.F.,(2,2),(2,2),(0.,1.),(0.,1.),.UNSPECIFIED.);
#169=B_SPLINE_SURFACE_WITH_KNOTS('',1,1,((#1266,#1267),(#1268,#1269)),.PLANE_SURF.,.F.,.F.,.F.,(2,2),(2,2),(0.,1.),(0.,1.),.UNSPECIFIED.);
#170=B_SPLINE_SURFACE_WITH_KNOTS('',1,1,((#1278,#1279),(#1280,#1281)),.PLANE_SURF.,.F.,.F.,.F.,(2,2),(2,2),(0.,1.),(0.,1.),.UNSPECIFIED.);
#171=B_SPLINE_SURFACE_WITH_KNOTS('',1,1,((#1290,#1291),(#1292,#1293)),.PLANE_SURF.,.F.,.F.,.F.,(2,2),(2,2),(0.,1.),(0.,1.),.UNSPECIFIED.);
#172=B_SPLINE_SURFACE_WITH_KNOTS('',1,1,((#1302,#1303),(#1304,#1305)),.PLANE_SURF.,.F.,.F.,.F.,(2,2),(2,2),(0.,1.),(0.,1.),.UNSPECIFIED.);
#173=B_SPLINE_SURFACE_WITH_KNOTS('',1,1,((#1360,#1361),(#1362,#1363)),.PLANE_SURF.,.F.,.F.,.F.,(2,2),(2,2),(0.,1.),(0.,1.),.UNSPECIFIED.);
#174=B_SPLINE_SURFACE_WITH_KNOTS('',1,1,((#1382,#1383),(#1384,#1385)),.PLANE_SURF.,.F.,.F.,.F.,(2,2),(2,2),(0.,1.),(0.,1.),.UNSPECIFIED.);
#175=B_SPLINE_SURFACE_WITH_KNOTS('',1,1,((#1391,#1392),(#1393,#1394)),.PLANE_SURF.,.F.,.F.,.F.,(2,2),(2,2),(0.,1.),(0.,1.),.UNSPECIFIED.);
#176=B_SPLINE_SURFACE_WITH_KNOTS('',1,1,((#1398,#1399),(#1400,#1401)),.PLANE_SURF.,.F.,.F.,.F.,(2,2),(2,2),(0.,1.),(0.,1.),.UNSPECIFIED.);
#177=B_SPLINE_SURFACE_WITH_KNOTS('',1,1,((#1405,#1406),(#1407,#1408)),.PLANE_SURF.,.F.,.F.,.F.,(2,2),(2,2),(0.,1.),(0.,1.),.UNSPECIFIED.);
#178=B_SPLINE_SURFACE_WITH_KNOTS('',1,1,((#1412,#1413),(#1414,#1415)),.PLANE_SURF.,.F.,.F.,.F.,(2,2),(2,2),(0.,1.),(0.,1.),.UNSPECIFIED.);
#179=B_SPLINE_SURFACE_WITH_KNOTS('',1,1,((#1419,#1420),(#1421,#1422)),.PLANE_SURF.,.F.,.F.,.F.,(2,2),(2,2),(0.,1.),(0.,1.),.UNSPECIFIED.);
#180=B_SPLINE_SURFACE_WITH_KNOTS('',1,1,((#1424,#1425),(#1426,#1427)),.PLANE_SURF.,.F.,.F.,.F.,(2,2),(2,2),(0.,1.),(0.,1.),.UNSPECIFIED.);
#181=B_SPLINE_SURFACE_WITH_KNOTS('',1,1,((#1428,#1429),(#1430,#1431)),.PLANE_SURF.,.F.,.F.,.F.,(2,2),(2,2),(0.,1.),(0.,1.),.UNSPECIFIED.);
#182=B_SPLINE_SURFACE_WITH_KNOTS('',1,1,((#1437,#1438),(#1439,#1440)),.PLANE_SURF.,.F.,.F.,.F.,(2,2),(2,2),(0.,1.),(0.,1.),.UNSPECIFIED.);
#183=B_SPLINE_SURFACE_WITH_KNOTS('',1,1,((#1444,#1445),(#1446,#1447)),.PLANE_SURF.,.F.,.F.,.F.,(2,2),(2,2),(0.,1.),(0.,1.),.UNSPECIFIED.);
#184=B_SPLINE_SURFACE_WITH_KNOTS('',1,1,((#1451,#1452),(#1453,#1454)),.PLANE_SURF.,.F.,.F.,.F.,(2,2),(2,2),(0.,1.),(0.,1.),.UNSPECIFIED.);
#185=B_SPLINE_SURFACE_WITH_KNOTS('',1,1,((#1458,#1459),(#1460,#1461)),.PLANE_SURF.,.F.,.F.,.F.,(2,2),(2,2),(0.,1.),(0.,1.),.UNSPECIFIED.);
#186=B_SPLINE_SURFACE_WITH_KNOTS('',1,1,((#1465,#1466),(#1467,#1468)),.PLANE_SURF.,.F.,.F.,.F.,(2,2),(2,2),(0.,1.),(0.,1.),.UNSPECIFIED.);
#187=B_SPLINE_SURFACE_WITH_KNOTS('',1,1,((#1470,#1471),(#1472,#1473)),.PLANE_SURF.,.F.,.F.,.F.,(2,2),(2,2),(0.,1.),(0.,1.),.UNSPECIFIED.);
#188=B_SPLINE_SURFACE_WITH_KNOTS('',1,1,((#1474,#1475),(#1476,#1477)),.PLANE_SURF.,.F.,.F.,.F.,(2,2),(2,2),(0.,1.),(0.,1.),.UNSPECIFIED.);
#189=B_SPLINE_SURFACE_WITH_KNOTS('',1,1,((#1483,#1484),(#1485,#1486)),.PLANE_SURF.,.F.,.F.,.F.,(2,2),(2,2),(0.,1.),(0.,1.),.UNSPECIFIED.);
#190=B_SPLINE_SURFACE_WITH_KNOTS('',1,1,((#1490,#1491),(#1492,#1493)),.PLANE_SURF.,.F.,.F.,.F.,(2,2),(2,2),(0.,1.),(0.,1.),.UNSPECIFIED.);
#191=B_SPLINE_SURFACE_WITH_KNOTS('',1,1,((#1497,#1498),(#1499,#1500)),.PLANE_SURF.,.F.,.F.,.F.,(2,2),(2,2),(0.,1.),(0.,1.),.UNSPECIFIED.);
#192=B_SPLINE_SURFACE_WITH_KNOTS('',1,1,((#1504,#1505),(#1506,#1507)),.PLANE_SURF.,.F.,.F.,.F.,(2,2),(2,2),(0.,1.),(0.,1.),.UNSPECIFIED.);
#193=B_SPLINE_SURFACE_WITH_KNOTS('',1,1,((#1511,#1512),(#1513,#1514)),.PLANE_SURF.,.F.,.F.,.F.,(2,2),(2,2),(0.,1.),(0.,1.),.UNSPECIFIED.);
#194=B_SPLINE_SURFACE_WITH_KNOTS('',1,1,((#1516,#1517),(#1518,#1519)),.PLANE_SURF.,.F.,.F.,.F.,(2,2),(2,2),(0.,1.),(0.,1.),.UNSPECIFIED.);
#195=(
B_SPLINE_CURVE(1,(#1181,#1182),.UNSPECIFIED.,.F.,.F.)
B_SPLINE_CURVE_WITH_KNOTS((2,2),(0.,1.),.PIECEWISE_BEZIER_KNOTS.)
BOUNDED_CURVE()
CURVE()
GEOMETRIC_REPRESENTATION_ITEM()
RATIONAL_B_SPLINE_CURVE((1.,1.))
REPRESENTATION_ITEM('')
);
#196=(
B_SPLINE_CURVE(1,(#1186,#1187),.UNSPECIFIED.,.F.,.F.)
B_SPLINE_CURVE_WITH_KNOTS((2,2),(0.,1.),.PIECEWISE_BEZIER_KNOTS.)
BOUNDED_CURVE()
CURVE()
GEOMETRIC_REPRESENTATION_ITEM()
RATIONAL_B_SPLINE_CURVE((1.,1.))
REPRESENTATION_ITEM('')
);
#197=(
B_SPLINE_CURVE(1,(#1199,#1200),.UNSPECIFIED.,.F.,.F.)
B_SPLINE_CURVE_WITH_KNOTS((2,2),(0.,1.),.PIECEWISE_BEZIER_KNOTS.)
BOUNDED_CURVE()
CURVE()
GEOMETRIC_REPRESENTATION_ITEM()
RATIONAL_B_SPLINE_CURVE((1.,1.))
REPRESENTATION_ITEM('')
);
#198=(
B_SPLINE_CURVE(1,(#1204,#1205),.UNSPECIFIED.,.F.,.F.)
B_SPLINE_CURVE_WITH_KNOTS((2,2),(0.,1.),.PIECEWISE_BEZIER_KNOTS.)
BOUNDED_CURVE()
CURVE()
GEOMETRIC_REPRESENTATION_ITEM()
RATIONAL_B_SPLINE_CURVE((1.,1.))
REPRESENTATION_ITEM('')
);
#199=(
B_SPLINE_CURVE(1,(#1217,#1218),.UNSPECIFIED.,.F.,.F.)
B_SPLINE_CURVE_WITH_KNOTS((2,2),(0.,1.),.PIECEWISE_BEZIER_KNOTS.)
BOUNDED_CURVE()
CURVE()
GEOMETRIC_REPRESENTATION_ITEM()
RATIONAL_B_SPLINE_CURVE((1.,1.))
REPRESENTATION_ITEM('')
);
#200=(
B_SPLINE_CURVE(1,(#1222,#1223),.UNSPECIFIED.,.F.,.F.)
B_SPLINE_CURVE_WITH_KNOTS((2,2),(0.,1.),.PIECEWISE_BEZIER_KNOTS.)
BOUNDED_CURVE()
CURVE()
GEOMETRIC_REPRESENTATION_ITEM()
RATIONAL_B_SPLINE_CURVE((1.,1.))
REPRESENTATION_ITEM('')
);
#201=ORIENTED_EDGE('',*,*,#465,.F.);
#202=ORIENTED_EDGE('',*,*,#466,.T.);
#203=ORIENTED_EDGE('',*,*,#467,.T.);
#204=ORIENTED_EDGE('',*,*,#468,.F.);
#205=ORIENTED_EDGE('',*,*,#469,.F.);
#206=ORIENTED_EDGE('',*,*,#470,.T.);
#207=ORIENTED_EDGE('',*,*,#471,.T.);
#208=ORIENTED_EDGE('',*,*,#472,.F.);
#209=ORIENTED_EDGE('',*,*,#473,.F.);
#210=ORIENTED_EDGE('',*,*,#474,.T.);
#211=ORIENTED_EDGE('',*,*,#475,.T.);
#212=ORIENTED_EDGE('',*,*,#476,.F.);
#213=ORIENTED_EDGE('',*,*,#474,.F.);
#214=ORIENTED_EDGE('',*,*,#477,.F.);
#215=ORIENTED_EDGE('',*,*,#476,.T.);
#216=ORIENTED_EDGE('',*,*,#478,.T.);
#217=ORIENTED_EDGE('',*,*,#470,.F.);
#218=ORIENTED_EDGE('',*,*,#479,.F.);
#219=ORIENTED_EDGE('',*,*,#472,.T.);
#220=ORIENTED_EDGE('',*,*,#480,.T.);
#221=ORIENTED_EDGE('',*,*,#466,.F.);
#222=ORIENTED_EDGE('',*,*,#481,.F.);
#223=ORIENTED_EDGE('',*,*,#468,.T.);
#224=ORIENTED_EDGE('',*,*,#482,.T.);
#225=ORIENTED_EDGE('',*,*,#483,.T.);
#226=ORIENTED_EDGE('',*,*,#484,.T.);
#227=ORIENTED_EDGE('',*,*,#485,.T.);
#228=ORIENTED_EDGE('',*,*,#486,.T.);
#229=ORIENTED_EDGE('',*,*,#487,.T.);
#230=ORIENTED_EDGE('',*,*,#488,.T.);
#231=ORIENTED_EDGE('',*,*,#489,.T.);
#232=ORIENTED_EDGE('',*,*,#490,.T.);
#233=ORIENTED_EDGE('',*,*,#491,.T.);
#234=ORIENTED_EDGE('',*,*,#492,.T.);
#235=ORIENTED_EDGE('',*,*,#493,.T.);
#236=ORIENTED_EDGE('',*,*,#494,.T.);
#237=ORIENTED_EDGE('',*,*,#495,.T.);
#238=ORIENTED_EDGE('',*,*,#496,.T.);
#239=ORIENTED_EDGE('',*,*,#497,.T.);
#240=ORIENTED_EDGE('',*,*,#498,.T.);
#241=ORIENTED_EDGE('',*,*,#499,.T.);
#242=ORIENTED_EDGE('',*,*,#500,.T.);
#243=ORIENTED_EDGE('',*,*,#501,.T.);
#244=ORIENTED_EDGE('',*,*,#502,.T.);
#245=ORIENTED_EDGE('',*,*,#503,.T.);
#246=ORIENTED_EDGE('',*,*,#504,.T.);
#247=ORIENTED_EDGE('',*,*,#505,.T.);
#248=ORIENTED_EDGE('',*,*,#506,.T.);
#249=ORIENTED_EDGE('',*,*,#507,.T.);
#250=ORIENTED_EDGE('',*,*,#508,.F.);
#251=ORIENTED_EDGE('',*,*,#509,.F.);
#252=ORIENTED_EDGE('',*,*,#510,.F.);
#253=ORIENTED_EDGE('',*,*,#511,.F.);
#254=ORIENTED_EDGE('',*,*,#512,.F.);
#255=ORIENTED_EDGE('',*,*,#513,.F.);
#256=ORIENTED_EDGE('',*,*,#514,.F.);
#257=ORIENTED_EDGE('',*,*,#515,.F.);
#258=ORIENTED_EDGE('',*,*,#516,.F.);
#259=ORIENTED_EDGE('',*,*,#517,.F.);
#260=ORIENTED_EDGE('',*,*,#518,.F.);
#261=ORIENTED_EDGE('',*,*,#519,.F.);
#262=ORIENTED_EDGE('',*,*,#520,.F.);
#263=ORIENTED_EDGE('',*,*,#521,.F.);
#264=ORIENTED_EDGE('',*,*,#522,.F.);
#265=ORIENTED_EDGE('',*,*,#523,.F.);
#266=ORIENTED_EDGE('',*,*,#524,.F.);
#267=ORIENTED_EDGE('',*,*,#525,.F.);
#268=ORIENTED_EDGE('',*,*,#526,.T.);
#269=ORIENTED_EDGE('',*,*,#527,.T.);
#270=ORIENTED_EDGE('',*,*,#528,.T.);
#271=ORIENTED_EDGE('',*,*,#529,.T.);
#272=ORIENTED_EDGE('',*,*,#530,.T.);
#273=ORIENTED_EDGE('',*,*,#531,.T.);
#274=ORIENTED_EDGE('',*,*,#532,.T.);
#275=ORIENTED_EDGE('',*,*,#533,.T.);
#276=ORIENTED_EDGE('',*,*,#534,.T.);
#277=ORIENTED_EDGE('',*,*,#480,.F.);
#278=ORIENTED_EDGE('',*,*,#471,.F.);
#279=ORIENTED_EDGE('',*,*,#478,.F.);
#280=ORIENTED_EDGE('',*,*,#475,.F.);
#281=ORIENTED_EDGE('',*,*,#482,.F.);
#282=ORIENTED_EDGE('',*,*,#467,.F.);
#283=ORIENTED_EDGE('',*,*,#521,.T.);
#284=ORIENTED_EDGE('',*,*,#535,.F.);
#285=ORIENTED_EDGE('',*,*,#536,.F.);
#286=ORIENTED_EDGE('',*,*,#537,.T.);
#287=ORIENTED_EDGE('',*,*,#520,.T.);
#288=ORIENTED_EDGE('',*,*,#538,.F.);
#289=ORIENTED_EDGE('',*,*,#539,.F.);
#290=ORIENTED_EDGE('',*,*,#535,.T.);
#291=ORIENTED_EDGE('',*,*,#525,.T.);
#292=ORIENTED_EDGE('',*,*,#540,.F.);
#293=ORIENTED_EDGE('',*,*,#541,.F.);
#294=ORIENTED_EDGE('',*,*,#538,.T.);
#295=ORIENTED_EDGE('',*,*,#524,.T.);
#296=ORIENTED_EDGE('',*,*,#542,.F.);
#297=ORIENTED_EDGE('',*,*,#543,.F.);
#298=ORIENTED_EDGE('',*,*,#540,.T.);
#299=ORIENTED_EDGE('',*,*,#523,.T.);
#300=ORIENTED_EDGE('',*,*,#544,.F.);
#301=ORIENTED_EDGE('',*,*,#545,.F.);
#302=ORIENTED_EDGE('',*,*,#542,.T.);
#303=ORIENTED_EDGE('',*,*,#522,.T.);
#304=ORIENTED_EDGE('',*,*,#537,.F.);
#305=ORIENTED_EDGE('',*,*,#546,.F.);
#306=ORIENTED_EDGE('',*,*,#544,.T.);
#307=ORIENTED_EDGE('',*,*,#481,.T.);
#308=ORIENTED_EDGE('',*,*,#465,.T.);
#309=ORIENTED_EDGE('',*,*,#536,.T.);
#310=ORIENTED_EDGE('',*,*,#539,.T.);
#311=ORIENTED_EDGE('',*,*,#541,.T.);
#312=ORIENTED_EDGE('',*,*,#543,.T.);
#313=ORIENTED_EDGE('',*,*,#545,.T.);
#314=ORIENTED_EDGE('',*,*,#546,.T.);
#315=ORIENTED_EDGE('',*,*,#515,.T.);
#316=ORIENTED_EDGE('',*,*,#547,.F.);
#317=ORIENTED_EDGE('',*,*,#548,.F.);
#318=ORIENTED_EDGE('',*,*,#549,.T.);
#319=ORIENTED_EDGE('',*,*,#514,.T.);
#320=ORIENTED_EDGE('',*,*,#550,.F.);
#321=ORIENTED_EDGE('',*,*,#551,.F.);
#322=ORIENTED_EDGE('',*,*,#547,.T.);
#323=ORIENTED_EDGE('',*,*,#519,.T.);
#324=ORIENTED_EDGE('',*,*,#552,.F.);
#325=ORIENTED_EDGE('',*,*,#553,.F.);
#326=ORIENTED_EDGE('',*,*,#550,.T.);
#327=ORIENTED_EDGE('',*,*,#518,.T.);
#328=ORIENTED_EDGE('',*,*,#554,.F.);
#329=ORIENTED_EDGE('',*,*,#555,.F.);
#330=ORIENTED_EDGE('',*,*,#552,.T.);
#331=ORIENTED_EDGE('',*,*,#517,.T.);
#332=ORIENTED_EDGE('',*,*,#556,.F.);
#333=ORIENTED_EDGE('',*,*,#557,.F.);
#334=ORIENTED_EDGE('',*,*,#554,.T.);
#335=ORIENTED_EDGE('',*,*,#516,.T.);
#336=ORIENTED_EDGE('',*,*,#549,.F.);
#337=ORIENTED_EDGE('',*,*,#558,.F.);
#338=ORIENTED_EDGE('',*,*,#556,.T.);
#339=ORIENTED_EDGE('',*,*,#477,.T.);
#340=ORIENTED_EDGE('',*,*,#473,.T.);
#341=ORIENTED_EDGE('',*,*,#548,.T.);
#342=ORIENTED_EDGE('',*,*,#551,.T.);
#343=ORIENTED_EDGE('',*,*,#553,.T.);
#344=ORIENTED_EDGE('',*,*,#555,.T.);
#345=ORIENTED_EDGE('',*,*,#557,.T.);
#346=ORIENTED_EDGE('',*,*,#558,.T.);
#347=ORIENTED_EDGE('',*,*,#509,.T.);
#348=ORIENTED_EDGE('',*,*,#559,.F.);
#349=ORIENTED_EDGE('',*,*,#560,.F.);
#350=ORIENTED_EDGE('',*,*,#561,.T.);
#351=ORIENTED_EDGE('',*,*,#508,.T.);
#352=ORIENTED_EDGE('',*,*,#562,.F.);
#353=ORIENTED_EDGE('',*,*,#563,.F.);
#354=ORIENTED_EDGE('',*,*,#559,.T.);
#355=ORIENTED_EDGE('',*,*,#513,.T.);
#356=ORIENTED_EDGE('',*,*,#564,.F.);
#357=ORIENTED_EDGE('',*,*,#565,.F.);
#358=ORIENTED_EDGE('',*,*,#562,.T.);
#359=ORIENTED_EDGE('',*,*,#512,.T.);
#360=ORIENTED_EDGE('',*,*,#566,.F.);
#361=ORIENTED_EDGE('',*,*,#567,.F.);
#362=ORIENTED_EDGE('',*,*,#564,.T.);
#363=ORIENTED_EDGE('',*,*,#511,.T.);
#364=ORIENTED_EDGE('',*,*,#568,.F.);
#365=ORIENTED_EDGE('',*,*,#569,.F.);
#366=ORIENTED_EDGE('',*,*,#566,.T.);
#367=ORIENTED_EDGE('',*,*,#510,.T.);
#368=ORIENTED_EDGE('',*,*,#561,.F.);
#369=ORIENTED_EDGE('',*,*,#570,.F.);
#370=ORIENTED_EDGE('',*,*,#568,.T.);
#371=ORIENTED_EDGE('',*,*,#479,.T.);
#372=ORIENTED_EDGE('',*,*,#469,.T.);
#373=ORIENTED_EDGE('',*,*,#560,.T.);
#374=ORIENTED_EDGE('',*,*,#563,.T.);
#375=ORIENTED_EDGE('',*,*,#565,.T.);
#376=ORIENTED_EDGE('',*,*,#567,.T.);
#377=ORIENTED_EDGE('',*,*,#569,.T.);
#378=ORIENTED_EDGE('',*,*,#570,.T.);
#379=ORIENTED_EDGE('',*,*,#489,.F.);
#380=ORIENTED_EDGE('',*,*,#571,.T.);
#381=ORIENTED_EDGE('',*,*,#572,.T.);
#382=ORIENTED_EDGE('',*,*,#491,.F.);
#383=ORIENTED_EDGE('',*,*,#573,.T.);
#384=ORIENTED_EDGE('',*,*,#574,.T.);
#385=ORIENTED_EDGE('',*,*,#485,.F.);
#386=ORIENTED_EDGE('',*,*,#575,.T.);
#387=ORIENTED_EDGE('',*,*,#487,.F.);
#388=ORIENTED_EDGE('',*,*,#576,.T.);
#389=ORIENTED_EDGE('',*,*,#497,.F.);
#390=ORIENTED_EDGE('',*,*,#577,.T.);
#391=ORIENTED_EDGE('',*,*,#483,.F.);
#392=ORIENTED_EDGE('',*,*,#578,.T.);
#393=ORIENTED_EDGE('',*,*,#493,.F.);
#394=ORIENTED_EDGE('',*,*,#579,.T.);
#395=ORIENTED_EDGE('',*,*,#495,.F.);
#396=ORIENTED_EDGE('',*,*,#580,.T.);
#397=ORIENTED_EDGE('',*,*,#581,.F.);
#398=ORIENTED_EDGE('',*,*,#575,.F.);
#399=ORIENTED_EDGE('',*,*,#582,.F.);
#400=ORIENTED_EDGE('',*,*,#505,.F.);
#401=ORIENTED_EDGE('',*,*,#582,.T.);
#402=ORIENTED_EDGE('',*,*,#484,.F.);
#403=ORIENTED_EDGE('',*,*,#583,.F.);
#404=ORIENTED_EDGE('',*,*,#506,.F.);
#405=ORIENTED_EDGE('',*,*,#581,.T.);
#406=ORIENTED_EDGE('',*,*,#504,.F.);
#407=ORIENTED_EDGE('',*,*,#584,.F.);
#408=ORIENTED_EDGE('',*,*,#488,.F.);
#409=ORIENTED_EDGE('',*,*,#583,.T.);
#410=ORIENTED_EDGE('',*,*,#577,.F.);
#411=ORIENTED_EDGE('',*,*,#585,.F.);
#412=ORIENTED_EDGE('',*,*,#507,.F.);
#413=ORIENTED_EDGE('',*,*,#584,.T.);
#414=ORIENTED_EDGE('',*,*,#503,.F.);
#415=ORIENTED_EDGE('',*,*,#502,.F.);
#416=ORIENTED_EDGE('',*,*,#586,.F.);
#417=ORIENTED_EDGE('',*,*,#572,.F.);
#418=ORIENTED_EDGE('',*,*,#571,.F.);
#419=ORIENTED_EDGE('',*,*,#585,.T.);
#420=ORIENTED_EDGE('',*,*,#496,.F.);
#421=ORIENTED_EDGE('',*,*,#587,.F.);
#422=ORIENTED_EDGE('',*,*,#499,.F.);
#423=ORIENTED_EDGE('',*,*,#586,.T.);
#424=ORIENTED_EDGE('',*,*,#501,.F.);
#425=ORIENTED_EDGE('',*,*,#588,.F.);
#426=ORIENTED_EDGE('',*,*,#492,.F.);
#427=ORIENTED_EDGE('',*,*,#587,.T.);
#428=ORIENTED_EDGE('',*,*,#579,.F.);
#429=ORIENTED_EDGE('',*,*,#588,.T.);
#430=ORIENTED_EDGE('',*,*,#500,.F.);
#431=ORIENTED_EDGE('',*,*,#589,.F.);
#432=ORIENTED_EDGE('',*,*,#576,.F.);
#433=ORIENTED_EDGE('',*,*,#590,.F.);
#434=ORIENTED_EDGE('',*,*,#531,.F.);
#435=ORIENTED_EDGE('',*,*,#590,.T.);
#436=ORIENTED_EDGE('',*,*,#490,.F.);
#437=ORIENTED_EDGE('',*,*,#591,.F.);
#438=ORIENTED_EDGE('',*,*,#532,.F.);
#439=ORIENTED_EDGE('',*,*,#589,.T.);
#440=ORIENTED_EDGE('',*,*,#530,.F.);
#441=ORIENTED_EDGE('',*,*,#592,.F.);
#442=ORIENTED_EDGE('',*,*,#486,.F.);
#443=ORIENTED_EDGE('',*,*,#591,.T.);
#444=ORIENTED_EDGE('',*,*,#574,.F.);
#445=ORIENTED_EDGE('',*,*,#573,.F.);
#446=ORIENTED_EDGE('',*,*,#593,.F.);
#447=ORIENTED_EDGE('',*,*,#534,.F.);
#448=ORIENTED_EDGE('',*,*,#533,.F.);
#449=ORIENTED_EDGE('',*,*,#592,.T.);
#450=ORIENTED_EDGE('',*,*,#529,.F.);
#451=ORIENTED_EDGE('',*,*,#594,.F.);
#452=ORIENTED_EDGE('',*,*,#578,.F.);
#453=ORIENTED_EDGE('',*,*,#593,.T.);
#454=ORIENTED_EDGE('',*,*,#494,.F.);
#455=ORIENTED_EDGE('',*,*,#595,.F.);
#456=ORIENTED_EDGE('',*,*,#526,.F.);
#457=ORIENTED_EDGE('',*,*,#594,.T.);
#458=ORIENTED_EDGE('',*,*,#528,.F.);
#459=ORIENTED_EDGE('',*,*,#596,.F.);
#460=ORIENTED_EDGE('',*,*,#498,.F.);
#461=ORIENTED_EDGE('',*,*,#595,.T.);
#462=ORIENTED_EDGE('',*,*,#580,.F.);
#463=ORIENTED_EDGE('',*,*,#596,.T.);
#464=ORIENTED_EDGE('',*,*,#527,.F.);
#465=EDGE_CURVE('',#597,#598,#681,.T.);
#466=EDGE_CURVE('',#597,#599,#195,.T.);
#467=EDGE_CURVE('',#599,#600,#682,.T.);
#468=EDGE_CURVE('',#598,#600,#196,.T.);
#469=EDGE_CURVE('',#601,#602,#683,.T.);
#470=EDGE_CURVE('',#601,#603,#197,.T.);
#471=EDGE_CURVE('',#603,#604,#684,.T.);
#472=EDGE_CURVE('',#602,#604,#198,.T.);
#473=EDGE_CURVE('',#605,#606,#685,.T.);
#474=EDGE_CURVE('',#605,#607,#199,.T.);
#475=EDGE_CURVE('',#607,#608,#686,.T.);
#476=EDGE_CURVE('',#606,#608,#200,.T.);
#477=EDGE_CURVE('',#606,#605,#687,.T.);
#478=EDGE_CURVE('',#608,#607,#688,.T.);
#479=EDGE_CURVE('',#602,#601,#689,.T.);
#480=EDGE_CURVE('',#604,#603,#690,.T.);
#481=EDGE_CURVE('',#598,#597,#691,.T.);
#482=EDGE_CURVE('',#600,#599,#692,.T.);
#483=EDGE_CURVE('',#609,#610,#12,.F.);
#484=EDGE_CURVE('',#610,#611,#13,.F.);
#485=EDGE_CURVE('',#611,#612,#14,.T.);
#486=EDGE_CURVE('',#612,#609,#15,.T.);
#487=EDGE_CURVE('',#613,#614,#16,.F.);
#488=EDGE_CURVE('',#614,#615,#17,.F.);
#489=EDGE_CURVE('',#615,#616,#18,.T.);
#490=EDGE_CURVE('',#616,#613,#19,.T.);
#491=EDGE_CURVE('',#617,#618,#20,.F.);
#492=EDGE_CURVE('',#618,#619,#21,.F.);
#493=EDGE_CURVE('',#619,#620,#22,.T.);
#494=EDGE_CURVE('',#620,#617,#23,.T.);
#495=EDGE_CURVE('',#621,#622,#24,.F.);
#496=EDGE_CURVE('',#622,#623,#25,.T.);
#497=EDGE_CURVE('',#623,#624,#26,.T.);
#498=EDGE_CURVE('',#624,#621,#27,.F.);
#499=EDGE_CURVE('',#625,#626,#28,.F.);
#500=EDGE_CURVE('',#626,#627,#693,.F.);
#501=EDGE_CURVE('',#627,#628,#29,.T.);
#502=EDGE_CURVE('',#628,#629,#694,.F.);
#503=EDGE_CURVE('',#629,#630,#695,.F.);
#504=EDGE_CURVE('',#630,#631,#30,.T.);
#505=EDGE_CURVE('',#631,#632,#696,.F.);
#506=EDGE_CURVE('',#632,#633,#31,.T.);
#507=EDGE_CURVE('',#633,#625,#697,.F.);
#508=EDGE_CURVE('',#634,#635,#32,.T.);
#509=EDGE_CURVE('',#636,#634,#33,.T.);
#510=EDGE_CURVE('',#637,#636,#34,.T.);
#511=EDGE_CURVE('',#638,#637,#35,.T.);
#512=EDGE_CURVE('',#639,#638,#36,.T.);
#513=EDGE_CURVE('',#635,#639,#37,.T.);
#514=EDGE_CURVE('',#640,#641,#38,.T.);
#515=EDGE_CURVE('',#642,#640,#39,.T.);
#516=EDGE_CURVE('',#643,#642,#40,.T.);
#517=EDGE_CURVE('',#644,#643,#41,.T.);
#518=EDGE_CURVE('',#645,#644,#42,.T.);
#519=EDGE_CURVE('',#641,#645,#43,.T.);
#520=EDGE_CURVE('',#646,#647,#44,.T.);
#521=EDGE_CURVE('',#648,#646,#45,.T.);
#522=EDGE_CURVE('',#649,#648,#46,.T.);
#523=EDGE_CURVE('',#650,#649,#47,.T.);
#524=EDGE_CURVE('',#651,#650,#48,.T.);
#525=EDGE_CURVE('',#647,#651,#49,.T.);
#526=EDGE_CURVE('',#652,#653,#50,.F.);
#527=EDGE_CURVE('',#653,#654,#698,.T.);
#528=EDGE_CURVE('',#654,#655,#51,.T.);
#529=EDGE_CURVE('',#655,#656,#699,.T.);
#530=EDGE_CURVE('',#656,#657,#52,.F.);
#531=EDGE_CURVE('',#657,#658,#700,.T.);
#532=EDGE_CURVE('',#658,#659,#53,.F.);
#533=EDGE_CURVE('',#659,#660,#701,.T.);
#534=EDGE_CURVE('',#660,#652,#702,.T.);
#535=EDGE_CURVE('',#661,#646,#54,.T.);
#536=EDGE_CURVE('',#662,#661,#55,.T.);
#537=EDGE_CURVE('',#662,#648,#56,.T.);
#538=EDGE_CURVE('',#663,#647,#57,.T.);
#539=EDGE_CURVE('',#661,#663,#58,.T.);
#540=EDGE_CURVE('',#664,#651,#59,.T.);
#541=EDGE_CURVE('',#663,#664,#60,.T.);
#542=EDGE_CURVE('',#665,#650,#61,.T.);
#543=EDGE_CURVE('',#664,#665,#62,.T.);
#544=EDGE_CURVE('',#666,#649,#63,.T.);
#545=EDGE_CURVE('',#665,#666,#64,.T.);
#546=EDGE_CURVE('',#666,#662,#65,.T.);
#547=EDGE_CURVE('',#667,#640,#66,.T.);
#548=EDGE_CURVE('',#668,#667,#67,.T.);
#549=EDGE_CURVE('',#668,#642,#68,.T.);
#550=EDGE_CURVE('',#669,#641,#69,.T.);
#551=EDGE_CURVE('',#667,#669,#70,.T.);
#552=EDGE_CURVE('',#670,#645,#71,.T.);
#553=EDGE_CURVE('',#669,#670,#72,.T.);
#554=EDGE_CURVE('',#671,#644,#73,.T.);
#555=EDGE_CURVE('',#670,#671,#74,.T.);
#556=EDGE_CURVE('',#672,#643,#75,.T.);
#557=EDGE_CURVE('',#671,#672,#76,.T.);
#558=EDGE_CURVE('',#672,#668,#77,.T.);
#559=EDGE_CURVE('',#673,#634,#78,.T.);
#560=EDGE_CURVE('',#674,#673,#79,.T.);
#561=EDGE_CURVE('',#674,#636,#80,.T.);
#562=EDGE_CURVE('',#675,#635,#81,.T.);
#563=EDGE_CURVE('',#673,#675,#82,.T.);
#564=EDGE_CURVE('',#676,#639,#83,.T.);
#565=EDGE_CURVE('',#675,#676,#84,.T.);
#566=EDGE_CURVE('',#677,#638,#85,.T.);
#567=EDGE_CURVE('',#676,#677,#86,.T.);
#568=EDGE_CURVE('',#678,#637,#87,.T.);
#569=EDGE_CURVE('',#677,#678,#88,.T.);
#570=EDGE_CURVE('',#678,#674,#89,.T.);
#571=EDGE_CURVE('',#615,#679,#703,.T.);
#572=EDGE_CURVE('',#679,#618,#704,.T.);
#573=EDGE_CURVE('',#617,#680,#705,.F.);
#574=EDGE_CURVE('',#680,#616,#706,.F.);
#575=EDGE_CURVE('',#611,#614,#707,.T.);
#576=EDGE_CURVE('',#613,#612,#708,.F.);
#577=EDGE_CURVE('',#623,#610,#709,.T.);
#578=EDGE_CURVE('',#609,#624,#710,.F.);
#579=EDGE_CURVE('',#619,#622,#711,.T.);
#580=EDGE_CURVE('',#621,#620,#712,.F.);
#581=EDGE_CURVE('',#614,#631,#713,.T.);
#582=EDGE_CURVE('',#632,#611,#714,.T.);
#583=EDGE_CURVE('',#633,#610,#715,.T.);
#584=EDGE_CURVE('',#615,#630,#716,.T.);
#585=EDGE_CURVE('',#625,#623,#717,.T.);
#586=EDGE_CURVE('',#618,#628,#718,.T.);
#587=EDGE_CURVE('',#626,#622,#719,.T.);
#588=EDGE_CURVE('',#619,#627,#720,.T.);
#589=EDGE_CURVE('',#612,#657,#721,.T.);
#590=EDGE_CURVE('',#658,#613,#722,.T.);
#591=EDGE_CURVE('',#659,#616,#723,.T.);
#592=EDGE_CURVE('',#609,#656,#724,.T.);
#593=EDGE_CURVE('',#652,#617,#725,.T.);
#594=EDGE_CURVE('',#624,#655,#726,.T.);
#595=EDGE_CURVE('',#653,#620,#727,.T.);
#596=EDGE_CURVE('',#621,#654,#728,.T.);
#597=VERTEX_POINT('',#1179);
#598=VERTEX_POINT('',#1180);
#599=VERTEX_POINT('',#1183);
#600=VERTEX_POINT('',#1185);
#601=VERTEX_POINT('',#1197);
#602=VERTEX_POINT('',#1198);
#603=VERTEX_POINT('',#1201);
#604=VERTEX_POINT('',#1203);
#605=VERTEX_POINT('',#1215);
#606=VERTEX_POINT('',#1216);
#607=VERTEX_POINT('',#1219);
#608=VERTEX_POINT('',#1221);
#609=VERTEX_POINT('',#1259);
#610=VERTEX_POINT('',#1260);
#611=VERTEX_POINT('',#1262);
#612=VERTEX_POINT('',#1264);
#613=VERTEX_POINT('',#1271);
#614=VERTEX_POINT('',#1272);
#615=VERTEX_POINT('',#1274);
#616=VERTEX_POINT('',#1276);
#617=VERTEX_POINT('',#1283);
#618=VERTEX_POINT('',#1284);
#619=VERTEX_POINT('',#1286);
#620=VERTEX_POINT('',#1288);
#621=VERTEX_POINT('',#1295);
#622=VERTEX_POINT('',#1296);
#623=VERTEX_POINT('',#1298);
#624=VERTEX_POINT('',#1300);
#625=VERTEX_POINT('',#1307);
#626=VERTEX_POINT('',#1308);
#627=VERTEX_POINT('',#1310);
#628=VERTEX_POINT('',#1312);
#629=VERTEX_POINT('',#1314);
#630=VERTEX_POINT('',#1316);
#631=VERTEX_POINT('',#1318);
#632=VERTEX_POINT('',#1320);
#633=VERTEX_POINT('',#1322);
#634=VERTEX_POINT('',#1325);
#635=VERTEX_POINT('',#1326);
#636=VERTEX_POINT('',#1328);
#637=VERTEX_POINT('',#1330);
#638=VERTEX_POINT('',#1332);
#639=VERTEX_POINT('',#1334);
#640=VERTEX_POINT('',#1337);
#641=VERTEX_POINT('',#1338);
#642=VERTEX_POINT('',#1340);
#643=VERTEX_POINT('',#1342);
#644=VERTEX_POINT('',#1344);
#645=VERTEX_POINT('',#1346);
#646=VERTEX_POINT('',#1349);
#647=VERTEX_POINT('',#1350);
#648=VERTEX_POINT('',#1352);
#649=VERTEX_POINT('',#1354);
#650=VERTEX_POINT('',#1356);
#651=VERTEX_POINT('',#1358);
#652=VERTEX_POINT('',#1365);
#653=VERTEX_POINT('',#1366);
#654=VERTEX_POINT('',#1368);
#655=VERTEX_POINT('',#1370);
#656=VERTEX_POINT('',#1372);
#657=VERTEX_POINT('',#1374);
#658=VERTEX_POINT('',#1376);
#659=VERTEX_POINT('',#1378);
#660=VERTEX_POINT('',#1380);
#661=VERTEX_POINT('',#1387);
#662=VERTEX_POINT('',#1389);
#663=VERTEX_POINT('',#1396);
#664=VERTEX_POINT('',#1403);
#665=VERTEX_POINT('',#1410);
#666=VERTEX_POINT('',#1417);
#667=VERTEX_POINT('',#1433);
#668=VERTEX_POINT('',#1435);
#669=VERTEX_POINT('',#1442);
#670=VERTEX_POINT('',#1449);
#671=VERTEX_POINT('',#1456);
#672=VERTEX_POINT('',#1463);
#673=VERTEX_POINT('',#1479);
#674=VERTEX_POINT('',#1481);
#675=VERTEX_POINT('',#1488);
#676=VERTEX_POINT('',#1495);
#677=VERTEX_POINT('',#1502);
#678=VERTEX_POINT('',#1509);
#679=VERTEX_POINT('',#1529);
#680=VERTEX_POINT('',#1532);
#681=CIRCLE('',#945,0.0051);
#682=CIRCLE('',#946,0.0051);
#683=CIRCLE('',#947,0.0051);
#684=CIRCLE('',#948,0.0051);
#685=CIRCLE('',#949,0.0051);
#686=CIRCLE('',#950,0.0051);
#687=CIRCLE('',#951,0.0051);
#688=CIRCLE('',#952,0.0051);
#689=CIRCLE('',#953,0.0051);
#690=CIRCLE('',#954,0.0051);
#691=CIRCLE('',#955,0.0051);
#692=CIRCLE('',#956,0.0051);
#693=CIRCLE('',#957,0.004);
#694=CIRCLE('',#958,0.004);
#695=CIRCLE('',#959,0.004);
#696=CIRCLE('',#960,0.004);
#697=CIRCLE('',#961,0.004);
#698=CIRCLE('',#962,0.004);
#699=CIRCLE('',#963,0.004);
#700=CIRCLE('',#964,0.004);
#701=CIRCLE('',#965,0.004);
#702=CIRCLE('',#966,0.004);
#703=CIRCLE('',#967,0.007);
#704=CIRCLE('',#968,0.007);
#705=CIRCLE('',#969,0.007);
#706=CIRCLE('',#970,0.007);
#707=CIRCLE('',#971,0.007);
#708=CIRCLE('',#972,0.007);
#709=CIRCLE('',#973,0.007);
#710=CIRCLE('',#974,0.007);
#711=CIRCLE('',#975,0.007);
#712=CIRCLE('',#976,0.007);
#713=CIRCLE('',#977,0.003);
#714=CIRCLE('',#978,0.003);
#715=CIRCLE('',#979,0.003);
#716=CIRCLE('',#980,0.003);
#717=CIRCLE('',#981,0.003);
#718=CIRCLE('',#982,0.003);
#719=CIRCLE('',#983,0.003);
#720=CIRCLE('',#984,0.003);
#721=CIRCLE('',#985,0.003);
#722=CIRCLE('',#986,0.003);
#723=CIRCLE('',#987,0.003);
#724=CIRCLE('',#988,0.003);
#725=CIRCLE('',#989,0.003);
#726=CIRCLE('',#990,0.003);
#727=CIRCLE('',#991,0.003);
#728=CIRCLE('',#992,0.003);
#729=EDGE_LOOP('',(#201,#202,#203,#204));
#730=EDGE_LOOP('',(#205,#206,#207,#208));
#731=EDGE_LOOP('',(#209,#210,#211,#212));
#732=EDGE_LOOP('',(#213,#214,#215,#216));
#733=EDGE_LOOP('',(#217,#218,#219,#220));
#734=EDGE_LOOP('',(#221,#222,#223,#224));
#735=EDGE_LOOP('',(#225,#226,#227,#228));
#736=EDGE_LOOP('',(#229,#230,#231,#232));
#737=EDGE_LOOP('',(#233,#234,#235,#236));
#738=EDGE_LOOP('',(#237,#238,#239,#240));
#739=EDGE_LOOP('',(#241,#242,#243,#244,#245,#246,#247,#248,#249));
#740=EDGE_LOOP('',(#250,#251,#252,#253,#254,#255));
#741=EDGE_LOOP('',(#256,#257,#258,#259,#260,#261));
#742=EDGE_LOOP('',(#262,#263,#264,#265,#266,#267));
#743=EDGE_LOOP('',(#268,#269,#270,#271,#272,#273,#274,#275,#276));
#744=EDGE_LOOP('',(#277,#278));
#745=EDGE_LOOP('',(#279,#280));
#746=EDGE_LOOP('',(#281,#282));
#747=EDGE_LOOP('',(#283,#284,#285,#286));
#748=EDGE_LOOP('',(#287,#288,#289,#290));
#749=EDGE_LOOP('',(#291,#292,#293,#294));
#750=EDGE_LOOP('',(#295,#296,#297,#298));
#751=EDGE_LOOP('',(#299,#300,#301,#302));
#752=EDGE_LOOP('',(#303,#304,#305,#306));
#753=EDGE_LOOP('',(#307,#308));
#754=EDGE_LOOP('',(#309,#310,#311,#312,#313,#314));
#755=EDGE_LOOP('',(#315,#316,#317,#318));
#756=EDGE_LOOP('',(#319,#320,#321,#322));
#757=EDGE_LOOP('',(#323,#324,#325,#326));
#758=EDGE_LOOP('',(#327,#328,#329,#330));
#759=EDGE_LOOP('',(#331,#332,#333,#334));
#760=EDGE_LOOP('',(#335,#336,#337,#338));
#761=EDGE_LOOP('',(#339,#340));
#762=EDGE_LOOP('',(#341,#342,#343,#344,#345,#346));
#763=EDGE_LOOP('',(#347,#348,#349,#350));
#764=EDGE_LOOP('',(#351,#352,#353,#354));
#765=EDGE_LOOP('',(#355,#356,#357,#358));
#766=EDGE_LOOP('',(#359,#360,#361,#362));
#767=EDGE_LOOP('',(#363,#364,#365,#366));
#768=EDGE_LOOP('',(#367,#368,#369,#370));
#769=EDGE_LOOP('',(#371,#372));
#770=EDGE_LOOP('',(#373,#374,#375,#376,#377,#378));
#771=EDGE_LOOP('',(#379,#380,#381,#382,#383,#384));
#772=EDGE_LOOP('',(#385,#386,#387,#388));
#773=EDGE_LOOP('',(#389,#390,#391,#392));
#774=EDGE_LOOP('',(#393,#394,#395,#396));
#775=EDGE_LOOP('',(#397,#398,#399,#400));
#776=EDGE_LOOP('',(#401,#402,#403,#404));
#777=EDGE_LOOP('',(#405,#406,#407,#408));
#778=EDGE_LOOP('',(#409,#410,#411,#412));
#779=EDGE_LOOP('',(#413,#414,#415,#416,#417,#418));
#780=EDGE_LOOP('',(#419,#420,#421,#422));
#781=EDGE_LOOP('',(#423,#424,#425,#426));
#782=EDGE_LOOP('',(#427,#428,#429,#430));
#783=EDGE_LOOP('',(#431,#432,#433,#434));
#784=EDGE_LOOP('',(#435,#436,#437,#438));
#785=EDGE_LOOP('',(#439,#440,#441,#442));
#786=EDGE_LOOP('',(#443,#444,#445,#446,#447,#448));
#787=EDGE_LOOP('',(#449,#450,#451,#452));
#788=EDGE_LOOP('',(#453,#454,#455,#456));
#789=EDGE_LOOP('',(#457,#458,#459,#460));
#790=EDGE_LOOP('',(#461,#462,#463,#464));
#791=FACE_BOUND('',#729,.T.);
#792=FACE_BOUND('',#730,.T.);
#793=FACE_BOUND('',#731,.T.);
#794=FACE_BOUND('',#732,.T.);
#795=FACE_BOUND('',#733,.T.);
#796=FACE_BOUND('',#734,.T.);
#797=FACE_BOUND('',#735,.T.);
#798=FACE_BOUND('',#736,.T.);
#799=FACE_BOUND('',#737,.T.);
#800=FACE_BOUND('',#738,.T.);
#801=FACE_BOUND('',#739,.T.);
#802=FACE_BOUND('',#740,.T.);
#803=FACE_BOUND('',#741,.T.);
#804=FACE_BOUND('',#742,.T.);
#805=FACE_BOUND('',#743,.T.);
#806=FACE_BOUND('',#744,.T.);
#807=FACE_BOUND('',#745,.T.);
#808=FACE_BOUND('',#746,.T.);
#809=FACE_BOUND('',#747,.T.);
#810=FACE_BOUND('',#748,.T.);
#811=FACE_BOUND('',#749,.T.);
#812=FACE_BOUND('',#750,.T.);
#813=FACE_BOUND('',#751,.T.);
#814=FACE_BOUND('',#752,.T.);
#815=FACE_BOUND('',#753,.T.);
#816=FACE_BOUND('',#754,.T.);
#817=FACE_BOUND('',#755,.T.);
#818=FACE_BOUND('',#756,.T.);
#819=FACE_BOUND('',#757,.T.);
#820=FACE_BOUND('',#758,.T.);
#821=FACE_BOUND('',#759,.T.);
#822=FACE_BOUND('',#760,.T.);
#823=FACE_BOUND('',#761,.T.);
#824=FACE_BOUND('',#762,.T.);
#825=FACE_BOUND('',#763,.T.);
#826=FACE_BOUND('',#764,.T.);
#827=FACE_BOUND('',#765,.T.);
#828=FACE_BOUND('',#766,.T.);
#829=FACE_BOUND('',#767,.T.);
#830=FACE_BOUND('',#768,.T.);
#831=FACE_BOUND('',#769,.T.);
#832=FACE_BOUND('',#770,.T.);
#833=FACE_BOUND('',#771,.T.);
#834=FACE_BOUND('',#772,.T.);
#835=FACE_BOUND('',#773,.T.);
#836=FACE_BOUND('',#774,.T.);
#837=FACE_BOUND('',#775,.T.);
#838=FACE_BOUND('',#776,.T.);
#839=FACE_BOUND('',#777,.T.);
#840=FACE_BOUND('',#778,.T.);
#841=FACE_BOUND('',#779,.T.);
#842=FACE_BOUND('',#780,.T.);
#843=FACE_BOUND('',#781,.T.);
#844=FACE_BOUND('',#782,.T.);
#845=FACE_BOUND('',#783,.T.);
#846=FACE_BOUND('',#784,.T.);
#847=FACE_BOUND('',#785,.T.);
#848=FACE_BOUND('',#786,.T.);
#849=FACE_BOUND('',#787,.T.);
#850=FACE_BOUND('',#788,.T.);
#851=FACE_BOUND('',#789,.T.);
#852=FACE_BOUND('',#790,.T.);
#853=(
B_SPLINE_SURFACE(3,1,((#1170,#1171),(#1172,#1173),(#1174,#1175),(#1176,
#1177)),.CYLINDRICAL_SURF.,.F.,.F.,.F.)
B_SPLINE_SURFACE_WITH_KNOTS((4,4),(2,2),(0.5,1.),(0.0454545454545456,0.954545454545455),.PIECEWISE_BEZIER_KNOTS.)
BOUNDED_SURFACE()
GEOMETRIC_REPRESENTATION_ITEM()
RATIONAL_B_SPLINE_SURFACE(((1.,1.),(0.333333333333333,0.333333333333333),(0.333333333333333,0.333333333333333),(1.,1.)))
REPRESENTATION_ITEM('')
SURFACE()
);
#854=(
B_SPLINE_SURFACE(3,1,((#1188,#1189),(#1190,#1191),(#1192,#1193),(#1194,
#1195)),.CYLINDRICAL_SURF.,.F.,.F.,.F.)
B_SPLINE_SURFACE_WITH_KNOTS((4,4),(2,2),(0.5,1.),(0.0454545454545456,0.954545454545455),.PIECEWISE_BEZIER_KNOTS.)
BOUNDED_SURFACE()
GEOMETRIC_REPRESENTATION_ITEM()
RATIONAL_B_SPLINE_SURFACE(((1.,1.),(0.333333333333333,0.333333333333333),(0.333333333333333,0.333333333333333),(1.,1.)))
REPRESENTATION_ITEM('')
SURFACE()
);
#855=(
B_SPLINE_SURFACE(3,1,((#1206,#1207),(#1208,#1209),(#1210,#1211),(#1212,
#1213)),.CYLINDRICAL_SURF.,.F.,.F.,.F.)
B_SPLINE_SURFACE_WITH_KNOTS((4,4),(2,2),(0.5,1.),(0.0454545454545456,0.954545454545455),.PIECEWISE_BEZIER_KNOTS.)
BOUNDED_SURFACE()
GEOMETRIC_REPRESENTATION_ITEM()
RATIONAL_B_SPLINE_SURFACE(((1.,1.),(0.333333333333333,0.333333333333333),(0.333333333333333,0.333333333333333),(1.,1.)))
REPRESENTATION_ITEM('')
SURFACE()
);
#856=(
B_SPLINE_SURFACE(3,1,((#1224,#1225),(#1226,#1227),(#1228,#1229),(#1230,
#1231)),.CYLINDRICAL_SURF.,.F.,.F.,.F.)
B_SPLINE_SURFACE_WITH_KNOTS((4,4),(2,2),(0.,0.5),(0.0454545454545456,0.954545454545455),.PIECEWISE_BEZIER_KNOTS.)
BOUNDED_SURFACE()
GEOMETRIC_REPRESENTATION_ITEM()
RATIONAL_B_SPLINE_SURFACE(((1.,1.),(0.333333333333333,0.333333333333333),(0.333333333333333,0.333333333333333),(1.,1.)))
REPRESENTATION_ITEM('')
SURFACE()
);
#857=(
B_SPLINE_SURFACE(3,1,((#1234,#1235),(#1236,#1237),(#1238,#1239),(#1240,
#1241)),.CYLINDRICAL_SURF.,.F.,.F.,.F.)
B_SPLINE_SURFACE_WITH_KNOTS((4,4),(2,2),(0.,0.5),(0.0454545454545456,0.954545454545455),.PIECEWISE_BEZIER_KNOTS.)
BOUNDED_SURFACE()
GEOMETRIC_REPRESENTATION_ITEM()
RATIONAL_B_SPLINE_SURFACE(((1.,1.),(0.333333333333333,0.333333333333333),(0.333333333333333,0.333333333333333),(1.,1.)))
REPRESENTATION_ITEM('')
SURFACE()
);
#858=(
B_SPLINE_SURFACE(3,1,((#1244,#1245),(#1246,#1247),(#1248,#1249),(#1250,
#1251)),.CYLINDRICAL_SURF.,.F.,.F.,.F.)
B_SPLINE_SURFACE_WITH_KNOTS((4,4),(2,2),(0.,0.5),(0.0454545454545456,0.954545454545455),.PIECEWISE_BEZIER_KNOTS.)
BOUNDED_SURFACE()
GEOMETRIC_REPRESENTATION_ITEM()
RATIONAL_B_SPLINE_SURFACE(((1.,1.),(0.333333333333333,0.333333333333333),(0.333333333333333,0.333333333333333),(1.,1.)))
REPRESENTATION_ITEM('')
SURFACE()
);
#859=(
B_SPLINE_SURFACE(3,1,((#1520,#1521),(#1522,#1523),(#1524,#1525),(#1526,
#1527)),.CYLINDRICAL_SURF.,.F.,.F.,.F.)
B_SPLINE_SURFACE_WITH_KNOTS((4,4),(2,2),(0.,1.),(0.,1.),.PIECEWISE_BEZIER_KNOTS.)
BOUNDED_SURFACE()
GEOMETRIC_REPRESENTATION_ITEM()
RATIONAL_B_SPLINE_SURFACE(((1.,1.),(0.708055585234759,0.708055585234759),(0.708055585234759,0.708055585234759),(1.,1.)))
REPRESENTATION_ITEM('')
SURFACE()
);
#860=(
B_SPLINE_SURFACE(3,1,((#1534,#1535),(#1536,#1537),(#1538,#1539),(#1540,
#1541)),.CYLINDRICAL_SURF.,.F.,.F.,.F.)
B_SPLINE_SURFACE_WITH_KNOTS((4,4),(2,2),(0.,1.),(0.,1.),.PIECEWISE_BEZIER_KNOTS.)
BOUNDED_SURFACE()
GEOMETRIC_REPRESENTATION_ITEM()
RATIONAL_B_SPLINE_SURFACE(((1.,1.),(0.708055585234748,0.708055585234748),(0.708055585234748,0.708055585234748),(1.,1.)))
REPRESENTATION_ITEM('')
SURFACE()
);
#861=(
B_SPLINE_SURFACE(3,1,((#1544,#1545),(#1546,#1547),(#1548,#1549),(#1550,
#1551)),.CYLINDRICAL_SURF.,.F.,.F.,.F.)
B_SPLINE_SURFACE_WITH_KNOTS((4,4),(2,2),(0.,1.),(0.,1.),.PIECEWISE_BEZIER_KNOTS.)
BOUNDED_SURFACE()
GEOMETRIC_REPRESENTATION_ITEM()
RATIONAL_B_SPLINE_SURFACE(((1.,1.),(0.708055585234749,0.708055585234749),(0.708055585234749,0.708055585234749),(1.,1.)))
REPRESENTATION_ITEM('')
SURFACE()
);
#862=(
B_SPLINE_SURFACE(3,1,((#1554,#1555),(#1556,#1557),(#1558,#1559),(#1560,
#1561)),.CYLINDRICAL_SURF.,.F.,.F.,.F.)
B_SPLINE_SURFACE_WITH_KNOTS((4,4),(2,2),(0.,1.),(0.,1.),.PIECEWISE_BEZIER_KNOTS.)
BOUNDED_SURFACE()
GEOMETRIC_REPRESENTATION_ITEM()
RATIONAL_B_SPLINE_SURFACE(((1.,1.),(0.708055585234751,0.708055585234751),(0.708055585234751,0.708055585234751),(1.,1.)))
REPRESENTATION_ITEM('')
SURFACE()
);
#863=(
B_SPLINE_SURFACE(3,3,((#1564,#1565,#1566,#1567),(#1568,#1569,#1570,#1571),(#1572,#1573,#1574,#1575),(#1576,#1577,#1578,#1579)),.TOROIDAL_SURF.,.F.,.F.,.F.)
B_SPLINE_SURFACE_WITH_KNOTS((4,4),(4,4),(0.,1.),(0.,1.),.PIECEWISE_BEZIER_KNOTS.)
BOUNDED_SURFACE()
GEOMETRIC_REPRESENTATION_ITEM()
RATIONAL_B_SPLINE_SURFACE(((1.,0.708055585234738,0.708055585234738,1.),(0.708055585234745,0.501342711782112,0.501342711782112,0.708055585234745),(0.708055585234745,0.501342711782112,0.501342711782112,0.708055585234745),(1.,0.708055585234738,0.708055585234738,1.)))
REPRESENTATION_ITEM('')
SURFACE()
);
#864=(
B_SPLINE_SURFACE(3,1,((#1582,#1583),(#1584,#1585),(#1586,#1587),(#1588,
#1589)),.CYLINDRICAL_SURF.,.F.,.F.,.F.)
B_SPLINE_SURFACE_WITH_KNOTS((4,4),(2,2),(0.,1.),(0.,1.),.PIECEWISE_BEZIER_KNOTS.)
BOUNDED_SURFACE()
GEOMETRIC_REPRESENTATION_ITEM()
RATIONAL_B_SPLINE_SURFACE(((1.,1.),(0.708055585234745,0.708055585234745),(0.708055585234745,0.708055585234745),(1.,1.)))
REPRESENTATION_ITEM('')
SURFACE()
);
#865=(
B_SPLINE_SURFACE(3,1,((#1591,#1592),(#1593,#1594),(#1595,#1596),(#1597,
#1598)),.CYLINDRICAL_SURF.,.F.,.F.,.F.)
B_SPLINE_SURFACE_WITH_KNOTS((4,4),(2,2),(0.,1.),(0.,1.),.PIECEWISE_BEZIER_KNOTS.)
BOUNDED_SURFACE()
GEOMETRIC_REPRESENTATION_ITEM()
RATIONAL_B_SPLINE_SURFACE(((1.,1.),(0.708055585234741,0.708055585234741),(0.708055585234741,0.708055585234741),(1.,1.)))
REPRESENTATION_ITEM('')
SURFACE()
);
#866=(
B_SPLINE_SURFACE(3,3,((#1600,#1601,#1602,#1603),(#1604,#1605,#1606,#1607),(#1608,#1609,#1610,#1611),(#1612,#1613,#1614,#1615)),.TOROIDAL_SURF.,.F.,.F.,.F.)
B_SPLINE_SURFACE_WITH_KNOTS((4,4),(4,4),(0.,1.),(0.,1.),.PIECEWISE_BEZIER_KNOTS.)
BOUNDED_SURFACE()
GEOMETRIC_REPRESENTATION_ITEM()
RATIONAL_B_SPLINE_SURFACE(((1.,0.708055585234749,0.708055585234749,1.),(0.708055585234739,0.501342711782116,0.501342711782116,0.708055585234739),(0.708055585234739,0.501342711782116,0.501342711782116,0.708055585234739),(1.,0.708055585234749,0.708055585234749,1.)))
REPRESENTATION_ITEM('')
SURFACE()
);
#867=(
B_SPLINE_SURFACE(3,3,((#1617,#1618,#1619,#1620),(#1621,#1622,#1623,#1624),(#1625,#1626,#1627,#1628),(#1629,#1630,#1631,#1632)),.TOROIDAL_SURF.,.F.,.F.,.F.)
B_SPLINE_SURFACE_WITH_KNOTS((4,4),(4,4),(0.,1.),(0.,1.),.PIECEWISE_BEZIER_KNOTS.)
BOUNDED_SURFACE()
GEOMETRIC_REPRESENTATION_ITEM()
RATIONAL_B_SPLINE_SURFACE(((1.,0.708055585234756,0.708055585234756,1.),(0.708055585234746,0.501342711782125,0.501342711782125,0.708055585234746),(0.708055585234746,0.501342711782125,0.501342711782125,0.708055585234746),(1.,0.708055585234756,0.708055585234756,1.)))
REPRESENTATION_ITEM('')
SURFACE()
);
#868=(
B_SPLINE_SURFACE(3,1,((#1634,#1635),(#1636,#1637),(#1638,#1639),(#1640,
#1641)),.CYLINDRICAL_SURF.,.F.,.F.,.F.)
B_SPLINE_SURFACE_WITH_KNOTS((4,4),(2,2),(0.,1.),(0.,1.),.PIECEWISE_BEZIER_KNOTS.)
BOUNDED_SURFACE()
GEOMETRIC_REPRESENTATION_ITEM()
RATIONAL_B_SPLINE_SURFACE(((1.,1.),(0.708055585234752,0.708055585234752),(0.708055585234752,0.708055585234752),(1.,1.)))
REPRESENTATION_ITEM('')
SURFACE()
);
#869=(
B_SPLINE_SURFACE(3,1,((#1643,#1644),(#1645,#1646),(#1647,#1648),(#1649,
#1650)),.CYLINDRICAL_SURF.,.F.,.F.,.F.)
B_SPLINE_SURFACE_WITH_KNOTS((4,4),(2,2),(0.,1.),(0.,1.),.PIECEWISE_BEZIER_KNOTS.)
BOUNDED_SURFACE()
GEOMETRIC_REPRESENTATION_ITEM()
RATIONAL_B_SPLINE_SURFACE(((1.,1.),(0.708055585234753,0.708055585234753),(0.708055585234753,0.708055585234753),(1.,1.)))
REPRESENTATION_ITEM('')
SURFACE()
);
#870=(
B_SPLINE_SURFACE(3,3,((#1652,#1653,#1654,#1655),(#1656,#1657,#1658,#1659),(#1660,#1661,#1662,#1663),(#1664,#1665,#1666,#1667)),.TOROIDAL_SURF.,.F.,.F.,.F.)
B_SPLINE_SURFACE_WITH_KNOTS((4,4),(4,4),(0.,1.),(0.,1.),.PIECEWISE_BEZIER_KNOTS.)
BOUNDED_SURFACE()
GEOMETRIC_REPRESENTATION_ITEM()
RATIONAL_B_SPLINE_SURFACE(((1.,0.708055585234735,0.708055585234735,1.),(0.708055585234744,0.50134271178211,0.50134271178211,0.708055585234744),(0.708055585234744,0.50134271178211,0.50134271178211,0.708055585234744),(1.,0.708055585234735,0.708055585234735,1.)))
REPRESENTATION_ITEM('')
SURFACE()
);
#871=(
B_SPLINE_SURFACE(3,3,((#1668,#1669,#1670,#1671),(#1672,#1673,#1674,#1675),(#1676,#1677,#1678,#1679),(#1680,#1681,#1682,#1683)),.TOROIDAL_SURF.,.F.,.F.,.F.)
B_SPLINE_SURFACE_WITH_KNOTS((4,4),(4,4),(0.,1.),(0.,1.),.PIECEWISE_BEZIER_KNOTS.)
BOUNDED_SURFACE()
GEOMETRIC_REPRESENTATION_ITEM()
RATIONAL_B_SPLINE_SURFACE(((1.,0.708055585234739,0.708055585234739,1.),(0.708055585234744,0.501342711782112,0.501342711782112,0.708055585234744),(0.708055585234744,0.501342711782112,0.501342711782112,0.708055585234744),(1.,0.708055585234739,0.708055585234739,1.)))
REPRESENTATION_ITEM('')
SURFACE()
);
#872=(
B_SPLINE_SURFACE(3,1,((#1686,#1687),(#1688,#1689),(#1690,#1691),(#1692,
#1693)),.CYLINDRICAL_SURF.,.F.,.F.,.F.)
B_SPLINE_SURFACE_WITH_KNOTS((4,4),(2,2),(0.,1.),(0.,1.),.PIECEWISE_BEZIER_KNOTS.)
BOUNDED_SURFACE()
GEOMETRIC_REPRESENTATION_ITEM()
RATIONAL_B_SPLINE_SURFACE(((1.,1.),(0.708055585234749,0.708055585234749),(0.708055585234749,0.708055585234749),(1.,1.)))
REPRESENTATION_ITEM('')
SURFACE()
);
#873=(
B_SPLINE_SURFACE(3,1,((#1695,#1696),(#1697,#1698),(#1699,#1700),(#1701,
#1702)),.CYLINDRICAL_SURF.,.F.,.F.,.F.)
B_SPLINE_SURFACE_WITH_KNOTS((4,4),(2,2),(0.,1.),(0.,1.),.PIECEWISE_BEZIER_KNOTS.)
BOUNDED_SURFACE()
GEOMETRIC_REPRESENTATION_ITEM()
RATIONAL_B_SPLINE_SURFACE(((1.,1.),(0.708055585234738,0.708055585234738),(0.708055585234738,0.708055585234738),(1.,1.)))
REPRESENTATION_ITEM('')
SURFACE()
);
#874=(
B_SPLINE_SURFACE(3,3,((#1704,#1705,#1706,#1707),(#1708,#1709,#1710,#1711),(#1712,#1713,#1714,#1715),(#1716,#1717,#1718,#1719)),.TOROIDAL_SURF.,.F.,.F.,.F.)
B_SPLINE_SURFACE_WITH_KNOTS((4,4),(4,4),(0.,1.),(0.,1.),.PIECEWISE_BEZIER_KNOTS.)
BOUNDED_SURFACE()
GEOMETRIC_REPRESENTATION_ITEM()
RATIONAL_B_SPLINE_SURFACE(((1.,0.708055585234756,0.708055585234756,1.),(0.708055585234746,0.501342711782126,0.501342711782126,0.708055585234746),(0.708055585234746,0.501342711782126,0.501342711782126,0.708055585234746),(1.,0.708055585234756,0.708055585234756,1.)))
REPRESENTATION_ITEM('')
SURFACE()
);
#875=(
B_SPLINE_SURFACE(3,3,((#1721,#1722,#1723,#1724),(#1725,#1726,#1727,#1728),(#1729,#1730,#1731,#1732),(#1733,#1734,#1735,#1736)),.TOROIDAL_SURF.,.F.,.F.,.F.)
B_SPLINE_SURFACE_WITH_KNOTS((4,4),(4,4),(0.,1.),(0.,1.),.PIECEWISE_BEZIER_KNOTS.)
BOUNDED_SURFACE()
GEOMETRIC_REPRESENTATION_ITEM()
RATIONAL_B_SPLINE_SURFACE(((1.,0.708055585234749,0.708055585234749,1.),(0.708055585234739,0.501342711782116,0.501342711782116,0.708055585234739),(0.708055585234739,0.501342711782116,0.501342711782116,0.708055585234739),(1.,0.708055585234749,0.708055585234749,1.)))
REPRESENTATION_ITEM('')
SURFACE()
);
#876=(
B_SPLINE_SURFACE(3,1,((#1738,#1739),(#1740,#1741),(#1742,#1743),(#1744,
#1745)),.CYLINDRICAL_SURF.,.F.,.F.,.F.)
B_SPLINE_SURFACE_WITH_KNOTS((4,4),(2,2),(0.,1.),(0.,1.),.PIECEWISE_BEZIER_KNOTS.)
BOUNDED_SURFACE()
GEOMETRIC_REPRESENTATION_ITEM()
RATIONAL_B_SPLINE_SURFACE(((1.,1.),(0.708055585234748,0.708055585234748),(0.708055585234748,0.708055585234748),(1.,1.)))
REPRESENTATION_ITEM('')
SURFACE()
);
#877=(
B_SPLINE_SURFACE(3,1,((#1747,#1748),(#1749,#1750),(#1751,#1752),(#1753,
#1754)),.CYLINDRICAL_SURF.,.F.,.F.,.F.)
B_SPLINE_SURFACE_WITH_KNOTS((4,4),(2,2),(0.,1.),(0.,1.),.PIECEWISE_BEZIER_KNOTS.)
BOUNDED_SURFACE()
GEOMETRIC_REPRESENTATION_ITEM()
RATIONAL_B_SPLINE_SURFACE(((1.,1.),(0.708055585234735,0.708055585234735),(0.708055585234735,0.708055585234735),(1.,1.)))
REPRESENTATION_ITEM('')
SURFACE()
);
#878=(
B_SPLINE_SURFACE(3,3,((#1756,#1757,#1758,#1759),(#1760,#1761,#1762,#1763),(#1764,#1765,#1766,#1767),(#1768,#1769,#1770,#1771)),.TOROIDAL_SURF.,.F.,.F.,.F.)
B_SPLINE_SURFACE_WITH_KNOTS((4,4),(4,4),(0.,1.),(0.,1.),.PIECEWISE_BEZIER_KNOTS.)
BOUNDED_SURFACE()
GEOMETRIC_REPRESENTATION_ITEM()
RATIONAL_B_SPLINE_SURFACE(((1.,0.708055585234735,0.708055585234735,1.),(0.708055585234744,0.50134271178211,0.50134271178211,0.708055585234744),(0.708055585234744,0.50134271178211,0.50134271178211,0.708055585234744),(1.,0.708055585234735,0.708055585234735,1.)))
REPRESENTATION_ITEM('')
SURFACE()
);
#879=ADVANCED_FACE('',(#791),#853,.F.);
#880=ADVANCED_FACE('',(#792),#854,.F.);
#881=ADVANCED_FACE('',(#793),#855,.F.);
#882=ADVANCED_FACE('',(#794),#856,.F.);
#883=ADVANCED_FACE('',(#795),#857,.F.);
#884=ADVANCED_FACE('',(#796),#858,.F.);
#885=ADVANCED_FACE('',(#797),#168,.F.);
#886=ADVANCED_FACE('',(#798),#169,.F.);
#887=ADVANCED_FACE('',(#799),#170,.F.);
#888=ADVANCED_FACE('',(#800),#171,.T.);
#889=ADVANCED_FACE('',(#801,#802,#803,#804),#172,.F.);
#890=ADVANCED_FACE('',(#805,#806,#807,#808),#173,.T.);
#891=ADVANCED_FACE('',(#809),#174,.F.);
#892=ADVANCED_FACE('',(#810),#175,.F.);
#893=ADVANCED_FACE('',(#811),#176,.F.);
#894=ADVANCED_FACE('',(#812),#177,.F.);
#895=ADVANCED_FACE('',(#813),#178,.F.);
#896=ADVANCED_FACE('',(#814),#179,.F.);
#897=ADVANCED_FACE('',(#815,#816),#180,.T.);
#898=ADVANCED_FACE('',(#817),#181,.F.);
#899=ADVANCED_FACE('',(#818),#182,.F.);
#900=ADVANCED_FACE('',(#819),#183,.F.);
#901=ADVANCED_FACE('',(#820),#184,.F.);
#902=ADVANCED_FACE('',(#821),#185,.F.);
#903=ADVANCED_FACE('',(#822),#186,.F.);
#904=ADVANCED_FACE('',(#823,#824),#187,.T.);
#905=ADVANCED_FACE('',(#825),#188,.F.);
#906=ADVANCED_FACE('',(#826),#189,.F.);
#907=ADVANCED_FACE('',(#827),#190,.F.);
#908=ADVANCED_FACE('',(#828),#191,.F.);
#909=ADVANCED_FACE('',(#829),#192,.F.);
#910=ADVANCED_FACE('',(#830),#193,.F.);
#911=ADVANCED_FACE('',(#831,#832),#194,.T.);
#912=ADVANCED_FACE('',(#833),#859,.T.);
#913=ADVANCED_FACE('',(#834),#860,.T.);
#914=ADVANCED_FACE('',(#835),#861,.T.);
#915=ADVANCED_FACE('',(#836),#862,.T.);
#916=ADVANCED_FACE('',(#837),#863,.T.);
#917=ADVANCED_FACE('',(#838),#864,.T.);
#918=ADVANCED_FACE('',(#839),#865,.T.);
#919=ADVANCED_FACE('',(#840),#866,.T.);
#920=ADVANCED_FACE('',(#841),#867,.T.);
#921=ADVANCED_FACE('',(#842),#868,.T.);
#922=ADVANCED_FACE('',(#843),#869,.T.);
#923=ADVANCED_FACE('',(#844),#870,.T.);
#924=ADVANCED_FACE('',(#845),#871,.T.);
#925=ADVANCED_FACE('',(#846),#872,.T.);
#926=ADVANCED_FACE('',(#847),#873,.T.);
#927=ADVANCED_FACE('',(#848),#874,.T.);
#928=ADVANCED_FACE('',(#849),#875,.T.);
#929=ADVANCED_FACE('',(#850),#876,.T.);
#930=ADVANCED_FACE('',(#851),#877,.T.);
#931=ADVANCED_FACE('',(#852),#878,.T.);
#932=CLOSED_SHELL('',(#879,#880,#881,#882,#883,#884,#885,#886,#887,#888,#889,#890,#891,#892,#893,#894,#895,#896,#897,#898,#899,#900,#901,#902,#903,#904,#905,#906,#907,#908,#909,#910,#911,#912,#913,#914,#915,#916,#917,#918,#919,#920,#921,#922,#923,#924,#925,#926,#927,#928,#929,#930,#931));
#933=STYLED_ITEM('',(#934),#941);
#934=PRESENTATION_STYLE_ASSIGNMENT((#935));
#935=SURFACE_STYLE_USAGE(.BOTH.,#936);
#936=SURFACE_SIDE_STYLE('',(#937));
#937=SURFACE_STYLE_FILL_AREA(#938);
#938=FILL_AREA_STYLE('',(#939));
#939=FILL_AREA_STYLE_COLOUR('',#940);
#940=COLOUR_RGB('',0.647058823529412,0.647058823529412,0.647058823529412);
#941=MANIFOLD_SOLID_BREP('Joint_Bottom',#932);
#942=SHAPE_DEFINITION_REPRESENTATION(#1778,#943);
#943=SHAPE_REPRESENTATION('Joint_Bottom',(#944),#1773);
#944=AXIS2_PLACEMENT_3D('',#1169,#993,#994);
#945=AXIS2_PLACEMENT_3D('',#1178,#995,#996);
#946=AXIS2_PLACEMENT_3D('',#1184,#997,#998);
#947=AXIS2_PLACEMENT_3D('',#1196,#999,#1000);
#948=AXIS2_PLACEMENT_3D('',#1202,#1001,#1002);
#949=AXIS2_PLACEMENT_3D('',#1214,#1003,#1004);
#950=AXIS2_PLACEMENT_3D('',#1220,#1005,#1006);
#951=AXIS2_PLACEMENT_3D('',#1232,#1007,#1008);
#952=AXIS2_PLACEMENT_3D('',#1233,#1009,#1010);
#953=AXIS2_PLACEMENT_3D('',#1242,#1011,#1012);
#954=AXIS2_PLACEMENT_3D('',#1243,#1013,#1014);
#955=AXIS2_PLACEMENT_3D('',#1252,#1015,#1016);
#956=AXIS2_PLACEMENT_3D('',#1253,#1017,#1018);
#957=AXIS2_PLACEMENT_3D('',#1309,#1036,#1037);
#958=AXIS2_PLACEMENT_3D('',#1313,#1039,#1040);
#959=AXIS2_PLACEMENT_3D('',#1315,#1041,#1042);
#960=AXIS2_PLACEMENT_3D('',#1319,#1044,#1045);
#961=AXIS2_PLACEMENT_3D('',#1323,#1047,#1048);
#962=AXIS2_PLACEMENT_3D('',#1367,#1068,#1069);
#963=AXIS2_PLACEMENT_3D('',#1371,#1071,#1072);
#964=AXIS2_PLACEMENT_3D('',#1375,#1074,#1075);
#965=AXIS2_PLACEMENT_3D('',#1379,#1077,#1078);
#966=AXIS2_PLACEMENT_3D('',#1381,#1079,#1080);
#967=AXIS2_PLACEMENT_3D('',#1528,#1117,#1118);
#968=AXIS2_PLACEMENT_3D('',#1530,#1119,#1120);
#969=AXIS2_PLACEMENT_3D('',#1531,#1121,#1122);
#970=AXIS2_PLACEMENT_3D('',#1533,#1123,#1124);
#971=AXIS2_PLACEMENT_3D('',#1542,#1125,#1126);
#972=AXIS2_PLACEMENT_3D('',#1543,#1127,#1128);
#973=AXIS2_PLACEMENT_3D('',#1552,#1129,#1130);
#974=AXIS2_PLACEMENT_3D('',#1553,#1131,#1132);
#975=AXIS2_PLACEMENT_3D('',#1562,#1133,#1134);
#976=AXIS2_PLACEMENT_3D('',#1563,#1135,#1136);
#977=AXIS2_PLACEMENT_3D('',#1580,#1137,#1138);
#978=AXIS2_PLACEMENT_3D('',#1581,#1139,#1140);
#979=AXIS2_PLACEMENT_3D('',#1590,#1141,#1142);
#980=AXIS2_PLACEMENT_3D('',#1599,#1143,#1144);
#981=AXIS2_PLACEMENT_3D('',#1616,#1145,#1146);
#982=AXIS2_PLACEMENT_3D('',#1633,#1147,#1148);
#983=AXIS2_PLACEMENT_3D('',#1642,#1149,#1150);
#984=AXIS2_PLACEMENT_3D('',#1651,#1151,#1152);
#985=AXIS2_PLACEMENT_3D('',#1684,#1153,#1154);
#986=AXIS2_PLACEMENT_3D('',#1685,#1155,#1156);
#987=AXIS2_PLACEMENT_3D('',#1694,#1157,#1158);
#988=AXIS2_PLACEMENT_3D('',#1703,#1159,#1160);
#989=AXIS2_PLACEMENT_3D('',#1720,#1161,#1162);
#990=AXIS2_PLACEMENT_3D('',#1737,#1163,#1164);
#991=AXIS2_PLACEMENT_3D('',#1746,#1165,#1166);
#992=AXIS2_PLACEMENT_3D('',#1755,#1167,#1168);
#993=DIRECTION('',(0.,0.,1.));
#994=DIRECTION('',(1.,0.,0.));
#995=DIRECTION('',(0.,0.,1.));
#996=DIRECTION('',(1.,0.,0.));
#997=DIRECTION('',(0.,0.,1.));
#998=DIRECTION('',(1.,0.,0.));
#999=DIRECTION('',(0.,0.,1.));
#1000=DIRECTION('',(1.,0.,0.));
#1001=DIRECTION('',(0.,0.,1.));
#1002=DIRECTION('',(1.,0.,0.));
#1003=DIRECTION('',(0.,0.,1.));
#1004=DIRECTION('',(1.,0.,0.));
#1005=DIRECTION('',(0.,0.,1.));
#1006=DIRECTION('',(1.,0.,0.));
#1007=DIRECTION('',(0.,0.,1.));
#1008=DIRECTION('',(1.,0.,0.));
#1009=DIRECTION('',(0.,0.,1.));
#1010=DIRECTION('',(1.,0.,0.));
#1011=DIRECTION('',(0.,0.,1.));
#1012=DIRECTION('',(1.,0.,0.));
#1013=DIRECTION('',(0.,0.,1.));
#1014=DIRECTION('',(1.,0.,0.));
#1015=DIRECTION('',(0.,0.,1.));
#1016=DIRECTION('',(1.,0.,0.));
#1017=DIRECTION('',(0.,0.,1.));
#1018=DIRECTION('',(1.,0.,0.));
#1019=DIRECTION('',(0.,0.,1.));
#1020=DIRECTION('',(-0.366501226724294,0.930417567982026,0.));
#1021=DIRECTION('',(0.,0.,1.));
#1022=DIRECTION('',(-0.366501226724294,0.930417567982026,0.));
#1023=DIRECTION('',(0.,0.,1.));
#1024=DIRECTION('',(-0.930417567982026,-0.366501226724295,0.));
#1025=DIRECTION('',(0.,0.,1.));
#1026=DIRECTION('',(-0.930417567982026,-0.366501226724295,0.));
#1027=DIRECTION('',(0.,0.,1.));
#1028=DIRECTION('',(0.366501226724292,-0.930417567982027,0.));
#1029=DIRECTION('',(0.,0.,1.));
#1030=DIRECTION('',(0.366501226724292,-0.930417567982027,0.));
#1031=DIRECTION('',(0.,0.,1.));
#1032=DIRECTION('',(-0.930417567982026,-0.366501226724295,0.));
#1033=DIRECTION('',(0.,0.,1.));
#1034=DIRECTION('',(-0.930417567982026,-0.366501226724295,0.));
#1035=DIRECTION('',(-0.930417567982026,-0.366501226724295,0.));
#1036=DIRECTION('',(0.,0.,1.));
#1037=DIRECTION('',(1.,0.,0.));
#1038=DIRECTION('',(0.366501226724292,-0.930417567982027,0.));
#1039=DIRECTION('',(0.,0.,1.));
#1040=DIRECTION('',(1.,0.,0.));
#1041=DIRECTION('',(0.,0.,1.));
#1042=DIRECTION('',(1.,0.,0.));
#1043=DIRECTION('',(-0.930417567982026,-0.366501226724295,0.));
#1044=DIRECTION('',(0.,0.,1.));
#1045=DIRECTION('',(1.,0.,0.));
#1046=DIRECTION('',(-0.366501226724294,0.930417567982026,0.));
#1047=DIRECTION('',(0.,0.,1.));
#1048=DIRECTION('',(1.,0.,0.));
#1049=DIRECTION('',(0.461748613235039,-0.887010833178219,0.));
#1050=DIRECTION('',(0.999048221581858,-0.0436193873653321,0.));
#1051=DIRECTION('',(0.537299608346819,0.843391445812889,0.));
#1052=DIRECTION('',(-0.461748613235039,0.887010833178219,0.));
#1053=DIRECTION('',(-0.999048221581858,0.0436193873653293,0.));
#1054=DIRECTION('',(-0.537299608346819,-0.843391445812889,0.));
#1055=DIRECTION('',(0.461748613235033,-0.887010833178222,0.));
#1056=DIRECTION('',(0.999048221581858,-0.0436193873653368,0.));
#1057=DIRECTION('',(0.537299608346824,0.843391445812886,0.));
#1058=DIRECTION('',(-0.461748613235033,0.887010833178222,0.));
#1059=DIRECTION('',(-0.999048221581858,0.0436193873653365,0.));
#1060=DIRECTION('',(-0.537299608346825,-0.843391445812885,0.));
#1061=DIRECTION('',(0.461748613235039,-0.887010833178219,0.));
#1062=DIRECTION('',(0.999048221581858,-0.0436193873653321,0.));
#1063=DIRECTION('',(0.537299608346819,0.843391445812889,0.));
#1064=DIRECTION('',(-0.461748613235039,0.887010833178219,0.));
#1065=DIRECTION('',(-0.999048221581858,0.0436193873653319,0.));
#1066=DIRECTION('',(-0.537299608346819,-0.843391445812889,0.));
#1067=DIRECTION('',(0.366501226724292,-0.930417567982027,0.));
#1068=DIRECTION('',(0.,0.,1.));
#1069=DIRECTION('',(1.,0.,0.));
#1070=DIRECTION('',(-0.930417567982026,-0.366501226724295,0.));
#1071=DIRECTION('',(0.,0.,1.));
#1072=DIRECTION('',(1.,0.,0.));
#1073=DIRECTION('',(-0.366501226724294,0.930417567982026,0.));
#1074=DIRECTION('',(0.,0.,1.));
#1075=DIRECTION('',(1.,0.,0.));
#1076=DIRECTION('',(-0.930417567982026,-0.366501226724295,0.));
#1077=DIRECTION('',(0.,0.,1.));
#1078=DIRECTION('',(1.,0.,0.));
#1079=DIRECTION('',(0.,0.,1.));
#1080=DIRECTION('',(1.,0.,0.));
#1081=DIRECTION('',(0.,0.,-1.));
#1082=DIRECTION('',(0.999048221581858,-0.0436193873653321,0.));
#1083=DIRECTION('',(0.,0.,-1.));
#1084=DIRECTION('',(0.,0.,-1.));
#1085=DIRECTION('',(0.461748613235039,-0.887010833178219,0.));
#1086=DIRECTION('',(0.,0.,-1.));
#1087=DIRECTION('',(-0.537299608346819,-0.843391445812889,0.));
#1088=DIRECTION('',(0.,0.,-1.));
#1089=DIRECTION('',(-0.999048221581858,0.0436193873653319,0.));
#1090=DIRECTION('',(0.,0.,-1.));
#1091=DIRECTION('',(-0.461748613235039,0.887010833178219,0.));
#1092=DIRECTION('',(0.537299608346819,0.843391445812889,0.));
#1093=DIRECTION('',(0.,0.,-1.));
#1094=DIRECTION('',(0.999048221581858,-0.0436193873653368,0.));
#1095=DIRECTION('',(0.,0.,-1.));
#1096=DIRECTION('',(0.,0.,-1.));
#1097=DIRECTION('',(0.461748613235033,-0.887010833178222,0.));
#1098=DIRECTION('',(0.,0.,-1.));
#1099=DIRECTION('',(-0.537299608346825,-0.843391445812885,0.));
#1100=DIRECTION('',(0.,0.,-1.));
#1101=DIRECTION('',(-0.999048221581858,0.0436193873653365,0.));
#1102=DIRECTION('',(0.,0.,-1.));
#1103=DIRECTION('',(-0.461748613235033,0.887010833178222,0.));
#1104=DIRECTION('',(0.537299608346824,0.843391445812886,0.));
#1105=DIRECTION('',(0.,0.,-1.));
#1106=DIRECTION('',(0.999048221581858,-0.0436193873653321,0.));
#1107=DIRECTION('',(0.,0.,-1.));
#1108=DIRECTION('',(0.,0.,-1.));
#1109=DIRECTION('',(0.461748613235039,-0.887010833178219,0.));
#1110=DIRECTION('',(0.,0.,-1.));
#1111=DIRECTION('',(-0.537299608346819,-0.843391445812889,0.));
#1112=DIRECTION('',(0.,0.,-1.));
#1113=DIRECTION('',(-0.999048221581858,0.0436193873653293,0.));
#1114=DIRECTION('',(0.,0.,-1.));
#1115=DIRECTION('',(-0.461748613235039,0.887010833178219,0.));
#1116=DIRECTION('',(0.537299608346819,0.843391445812889,0.));
#1117=DIRECTION('',(0.,0.,1.));
#1118=DIRECTION('',(1.,0.,0.));
#1119=DIRECTION('',(0.,0.,1.));
#1120=DIRECTION('',(1.,0.,0.));
#1121=DIRECTION('',(0.,0.,1.));
#1122=DIRECTION('',(1.,0.,0.));
#1123=DIRECTION('',(0.,0.,1.));
#1124=DIRECTION('',(1.,0.,0.));
#1125=DIRECTION('',(0.,0.,1.));
#1126=DIRECTION('',(1.,0.,0.));
#1127=DIRECTION('',(0.,0.,1.));
#1128=DIRECTION('',(1.,0.,0.));
#1129=DIRECTION('',(0.,0.,1.));
#1130=DIRECTION('',(1.,0.,0.));
#1131=DIRECTION('',(0.,0.,1.));
#1132=DIRECTION('',(1.,0.,0.));
#1133=DIRECTION('',(0.,0.,1.));
#1134=DIRECTION('',(1.,0.,0.));
#1135=DIRECTION('',(0.,0.,1.));
#1136=DIRECTION('',(1.,0.,0.));
#1137=DIRECTION('',(0.930417567982027,0.366501226724292,9.07884673672314E-16));
#1138=DIRECTION('',(-0.366501226724292,0.930417567982027,0.));
#1139=DIRECTION('',(-0.366501226724298,0.930417567982025,0.));
#1140=DIRECTION('',(-0.930417567982025,-0.366501226724298,0.));
#1141=DIRECTION('',(-0.366501226724297,0.930417567982025,0.));
#1142=DIRECTION('',(-0.930417567982025,-0.366501226724297,0.));
#1143=DIRECTION('',(0.930417567982026,0.366501226724293,-7.00788841122844E-16));
#1144=DIRECTION('',(-0.366501226724293,0.930417567982026,0.));
#1145=DIRECTION('',(0.930417567982027,0.366501226724292,0.));
#1146=DIRECTION('',(-0.366501226724292,0.930417567982027,0.));
#1147=DIRECTION('',(-0.366501226724297,0.930417567982025,-4.23852187981958E-16));
#1148=DIRECTION('',(-0.930417567982025,-0.366501226724297,0.));
#1149=DIRECTION('',(0.930417567982027,0.366501226724292,0.));
#1150=DIRECTION('',(-0.366501226724292,0.930417567982027,0.));
#1151=DIRECTION('',(-0.366501226724289,0.930417567982028,-8.60809172074491E-15));
#1152=DIRECTION('',(-0.930417567982028,-0.366501226724289,0.));
#1153=DIRECTION('',(-0.366501226724297,0.930417567982025,-6.35778281972936E-16));
#1154=DIRECTION('',(-0.930417567982025,-0.366501226724297,0.));
#1155=DIRECTION('',(0.930417567982027,0.366501226724291,0.));
#1156=DIRECTION('',(-0.366501226724291,0.930417567982027,0.));
#1157=DIRECTION('',(0.930417567982026,0.366501226724293,0.));
#1158=DIRECTION('',(-0.366501226724293,0.930417567982026,0.));
#1159=DIRECTION('',(-0.366501226724297,0.930417567982025,1.69540875192783E-15));
#1160=DIRECTION('',(-0.930417567982025,-0.366501226724297,0.));
#1161=DIRECTION('',(-0.366501226724297,0.930417567982025,0.));
#1162=DIRECTION('',(-0.930417567982025,-0.366501226724297,0.));
#1163=DIRECTION('',(0.930417567982027,0.366501226724292,0.));
#1164=DIRECTION('',(-0.366501226724292,0.930417567982027,0.));
#1165=DIRECTION('',(-0.366501226724299,0.930417567982024,0.));
#1166=DIRECTION('',(-0.930417567982024,-0.366501226724299,0.));
#1167=DIRECTION('',(0.930417567982027,0.366501226724292,9.13228356516841E-16));
#1168=DIRECTION('',(-0.366501226724292,0.930417567982027,0.));
#1169=CARTESIAN_POINT('',(0.,0.,0.));
#1170=CARTESIAN_POINT('',(-0.00510000000000002,-0.139855199500477,-0.005));
#1171=CARTESIAN_POINT('',(-0.00510000000000002,-0.139855199500477,5.14996031930615E-19));
#1172=CARTESIAN_POINT('',(-0.00510000000000002,-0.150055199500477,-0.005));
#1173=CARTESIAN_POINT('',(-0.00510000000000002,-0.150055199500477,4.06575814682064E-20));
#1174=CARTESIAN_POINT('',(0.00509999999999998,-0.150055199500477,-0.005));
#1175=CARTESIAN_POINT('',(0.00509999999999998,-0.150055199500477,4.06575814682064E-20));
#1176=CARTESIAN_POINT('',(0.00509999999999998,-0.139855199500477,-0.005));
#1177=CARTESIAN_POINT('',(0.00509999999999998,-0.139855199500477,5.14996031930615E-19));
#1178=CARTESIAN_POINT('',(-2.08166817117217E-17,-0.139855199500477,-0.005));
#1179=CARTESIAN_POINT('',(-0.00510000000000002,-0.139855199500477,-0.005));
#1180=CARTESIAN_POINT('',(0.00509999999999998,-0.139855199500477,-0.005));
#1181=CARTESIAN_POINT('',(-0.00510000000000002,-0.139855199500477,-0.00525));
#1182=CARTESIAN_POINT('',(-0.00510000000000002,-0.139855199500477,0.00025));
#1183=CARTESIAN_POINT('',(-0.00510000000000002,-0.139855199500477,0.));
#1184=CARTESIAN_POINT('',(-2.08166817117217E-17,-0.139855199500477,0.));
#1185=CARTESIAN_POINT('',(0.00509999999999998,-0.139855199500477,0.));
#1186=CARTESIAN_POINT('',(0.00509999999999998,-0.139855199500477,-0.00525));
#1187=CARTESIAN_POINT('',(0.00509999999999998,-0.139855199500477,0.00025));
#1188=CARTESIAN_POINT('',(-0.11528085630491,0.139855199500477,-0.005));
#1189=CARTESIAN_POINT('',(-0.11528085630491,0.139855199500477,5.14996031930615E-19));
#1190=CARTESIAN_POINT('',(-0.11528085630491,0.129655199500477,-0.005));
#1191=CARTESIAN_POINT('',(-0.11528085630491,0.129655199500477,4.06575814682064E-20));
#1192=CARTESIAN_POINT('',(-0.10508085630491,0.129655199500477,-0.005));
#1193=CARTESIAN_POINT('',(-0.10508085630491,0.129655199500477,4.06575814682064E-20));
#1194=CARTESIAN_POINT('',(-0.10508085630491,0.139855199500477,-0.005));
#1195=CARTESIAN_POINT('',(-0.10508085630491,0.139855199500477,5.14996031930615E-19));
#1196=CARTESIAN_POINT('',(-0.11018085630491,0.139855199500477,-0.005));
#1197=CARTESIAN_POINT('',(-0.11528085630491,0.139855199500477,-0.005));
#1198=CARTESIAN_POINT('',(-0.10508085630491,0.139855199500477,-0.005));
#1199=CARTESIAN_POINT('',(-0.11528085630491,0.139855199500477,-0.00525));
#1200=CARTESIAN_POINT('',(-0.11528085630491,0.139855199500477,0.00025));
#1201=CARTESIAN_POINT('',(-0.11528085630491,0.139855199500477,0.));
#1202=CARTESIAN_POINT('',(-0.11018085630491,0.139855199500477,0.));
#1203=CARTESIAN_POINT('',(-0.10508085630491,0.139855199500477,0.));
#1204=CARTESIAN_POINT('',(-0.10508085630491,0.139855199500477,-0.00525));
#1205=CARTESIAN_POINT('',(-0.10508085630491,0.139855199500477,0.00025));
#1206=CARTESIAN_POINT('',(-0.0601904281524549,-1.60625832654399E-18,-0.005));
#1207=CARTESIAN_POINT('',(-0.0601904281524549,-1.60625832654399E-18,5.14996031930615E-19));
#1208=CARTESIAN_POINT('',(-0.0601904281524549,-0.0102,-0.005));
#1209=CARTESIAN_POINT('',(-0.0601904281524549,-0.0102,4.06575814682064E-20));
#1210=CARTESIAN_POINT('',(-0.0499904281524549,-0.0102,-0.005));
#1211=CARTESIAN_POINT('',(-0.0499904281524549,-0.0102,4.06575814682064E-20));
#1212=CARTESIAN_POINT('',(-0.0499904281524549,-2.23082819410914E-18,-0.005));
#1213=CARTESIAN_POINT('',(-0.0499904281524549,-2.23082819410914E-18,5.14996031930615E-19));
#1214=CARTESIAN_POINT('',(-0.0550904281524549,-2.23082819410914E-18,-0.005));
#1215=CARTESIAN_POINT('',(-0.0601904281524549,-1.60625832654399E-18,-0.005));
#1216=CARTESIAN_POINT('',(-0.0499904281524549,-2.23082819410914E-18,-0.005));
#1217=CARTESIAN_POINT('',(-0.0601904281524549,-1.60625832654399E-18,-0.00525));
#1218=CARTESIAN_POINT('',(-0.0601904281524549,-1.60625832654399E-18,0.00025));
#1219=CARTESIAN_POINT('',(-0.0601904281524549,-1.60625832654399E-18,0.));
#1220=CARTESIAN_POINT('',(-0.0550904281524549,-2.23082819410914E-18,0.));
#1221=CARTESIAN_POINT('',(-0.0499904281524549,-2.23082819410914E-18,0.));
#1222=CARTESIAN_POINT('',(-0.0499904281524549,-2.23082819410914E-18,-0.00525));
#1223=CARTESIAN_POINT('',(-0.0499904281524549,-2.23082819410914E-18,0.00025));
#1224=CARTESIAN_POINT('',(-0.0499904281524549,-2.23082819410914E-18,-0.005));
#1225=CARTESIAN_POINT('',(-0.0499904281524549,-2.23082819410914E-18,5.14996031930615E-19));
#1226=CARTESIAN_POINT('',(-0.0499904281524549,0.0102,-0.005));
#1227=CARTESIAN_POINT('',(-0.0499904281524549,0.0102,4.06575814682064E-20));
#1228=CARTESIAN_POINT('',(-0.0601904281524549,0.0102,-0.005));
#1229=CARTESIAN_POINT('',(-0.0601904281524549,0.0102,4.06575814682064E-20));
#1230=CARTESIAN_POINT('',(-0.0601904281524549,-1.60625832654399E-18,-0.005));
#1231=CARTESIAN_POINT('',(-0.0601904281524549,-1.60625832654399E-18,5.14996031930615E-19));
#1232=CARTESIAN_POINT('',(-0.0550904281524549,-2.23082819410914E-18,-0.005));
#1233=CARTESIAN_POINT('',(-0.0550904281524549,-2.23082819410914E-18,0.));
#1234=CARTESIAN_POINT('',(-0.10508085630491,0.139855199500477,-0.005));
#1235=CARTESIAN_POINT('',(-0.10508085630491,0.139855199500477,5.14996031930615E-19));
#1236=CARTESIAN_POINT('',(-0.10508085630491,0.150055199500477,-0.005));
#1237=CARTESIAN_POINT('',(-0.10508085630491,0.150055199500477,4.06575814682064E-20));
#1238=CARTESIAN_POINT('',(-0.11528085630491,0.150055199500477,-0.005));
#1239=CARTESIAN_POINT('',(-0.11528085630491,0.150055199500477,4.06575814682064E-20));
#1240=CARTESIAN_POINT('',(-0.11528085630491,0.139855199500477,-0.005));
#1241=CARTESIAN_POINT('',(-0.11528085630491,0.139855199500477,5.14996031930615E-19));
#1242=CARTESIAN_POINT('',(-0.11018085630491,0.139855199500477,-0.005));
#1243=CARTESIAN_POINT('',(-0.11018085630491,0.139855199500477,0.));
#1244=CARTESIAN_POINT('',(0.00509999999999998,-0.139855199500477,-0.005));
#1245=CARTESIAN_POINT('',(0.00509999999999998,-0.139855199500477,5.14996031930615E-19));
#1246=CARTESIAN_POINT('',(0.00509999999999998,-0.129655199500477,-0.005));
#1247=CARTESIAN_POINT('',(0.00509999999999998,-0.129655199500477,4.06575814682064E-20));
#1248=CARTESIAN_POINT('',(-0.00510000000000002,-0.129655199500477,-0.005));
#1249=CARTESIAN_POINT('',(-0.00510000000000002,-0.129655199500477,4.06575814682064E-20));
#1250=CARTESIAN_POINT('',(-0.00510000000000002,-0.139855199500477,-0.005));
#1251=CARTESIAN_POINT('',(-0.00510000000000002,-0.139855199500477,5.14996031930615E-19));
#1252=CARTESIAN_POINT('',(-2.08166817117217E-17,-0.139855199500477,-0.005));
#1253=CARTESIAN_POINT('',(-2.08166817117217E-17,-0.139855199500477,0.));
#1254=CARTESIAN_POINT('',(-0.00289596598935579,-0.16660965938282,-0.01245));
#1255=CARTESIAN_POINT('',(-0.00289596598935579,-0.16660965938282,-0.00254999999999999));
#1256=CARTESIAN_POINT('',(-0.130545329515104,0.157447128714713,-0.01245));
#1257=CARTESIAN_POINT('',(-0.130545329515104,0.157447128714713,-0.00254999999999999));
#1258=CARTESIAN_POINT('',(-0.124743085718479,0.14271727471028,-0.015));
#1259=CARTESIAN_POINT('',(-0.124743085718479,0.14271727471028,-0.003));
#1260=CARTESIAN_POINT('',(-0.124743085718479,0.14271727471028,-0.012));
#1261=CARTESIAN_POINT('',(-0.125462139308445,0.144542698593315,-0.012));
#1262=CARTESIAN_POINT('',(-0.00869820978598085,-0.151879805378387,-0.012));
#1263=CARTESIAN_POINT('',(-0.00869820978598085,-0.151879805378387,-0.015));
#1264=CARTESIAN_POINT('',(-0.00869820978598085,-0.151879805378387,-0.003));
#1265=CARTESIAN_POINT('',(-0.124743085718479,0.14271727471028,-0.003));
#1266=CARTESIAN_POINT('',(0.0111265446871549,-0.151594130598526,-0.01245));
#1267=CARTESIAN_POINT('',(0.0111265446871549,-0.151594130598526,-0.00254999999999998));
#1268=CARTESIAN_POINT('',(-0.000131507885426688,-0.156028795441889,-0.01245));
#1269=CARTESIAN_POINT('',(-0.000131507885426688,-0.156028795441889,-0.00254999999999998));
#1270=CARTESIAN_POINT('',(0.0003802217769634,-0.155827219767191,-0.015));
#1271=CARTESIAN_POINT('',(0.0003802217769634,-0.155827219767191,-0.003));
#1272=CARTESIAN_POINT('',(0.0003802217769634,-0.155827219767191,-0.012));
#1273=CARTESIAN_POINT('',(0.00419270537999153,-0.154325442537848,-0.012));
#1274=CARTESIAN_POINT('',(0.0106148150247648,-0.151795706273224,-0.012));
#1275=CARTESIAN_POINT('',(0.0106148150247648,-0.151795706273224,-0.015));
#1276=CARTESIAN_POINT('',(0.0106148150247648,-0.151795706273224,-0.003));
#1277=CARTESIAN_POINT('',(0.000380221776963393,-0.155827219767191,-0.003));
#1278=CARTESIAN_POINT('',(-0.107284890315554,0.16660965938282,-0.01245));
#1279=CARTESIAN_POINT('',(-0.107284890315554,0.16660965938282,-0.00254999999999999));
#1280=CARTESIAN_POINT('',(0.0203644732101939,-0.157447128714713,-0.01245));
#1281=CARTESIAN_POINT('',(0.0203644732101939,-0.157447128714713,-0.00254999999999999));
#1282=CARTESIAN_POINT('',(0.0145622294135689,-0.14271727471028,-0.015));
#1283=CARTESIAN_POINT('',(0.0145622294135689,-0.14271727471028,-0.003));
#1284=CARTESIAN_POINT('',(0.0145622294135689,-0.14271727471028,-0.012));
#1285=CARTESIAN_POINT('',(-0.097648332501807,0.142145832167504,-0.012));
#1286=CARTESIAN_POINT('',(-0.101482646518929,0.151879805378387,-0.012));
#1287=CARTESIAN_POINT('',(-0.101482646518929,0.151879805378387,0.));
#1288=CARTESIAN_POINT('',(-0.101482646518929,0.151879805378387,-0.003));
#1289=CARTESIAN_POINT('',(0.014562229413569,-0.14271727471028,-0.003));
#1290=CARTESIAN_POINT('',(-0.110049348419483,0.156028795441889,-0.01245));
#1291=CARTESIAN_POINT('',(-0.110049348419483,0.156028795441889,-0.00254999999999998));
#1292=CARTESIAN_POINT('',(-0.121307400992065,0.151594130598525,-0.01245));
#1293=CARTESIAN_POINT('',(-0.121307400992065,0.151594130598525,-0.00254999999999998));
#1294=CARTESIAN_POINT('',(-0.110561078081873,0.155827219767191,-0.015));
#1295=CARTESIAN_POINT('',(-0.110561078081873,0.155827219767191,-0.003));
#1296=CARTESIAN_POINT('',(-0.110561078081873,0.155827219767191,-0.012));
#1297=CARTESIAN_POINT('',(-0.120795671329675,0.151795706273224,-0.012));
#1298=CARTESIAN_POINT('',(-0.120795671329675,0.151795706273224,-0.012));
#1299=CARTESIAN_POINT('',(-0.120795671329675,0.151795706273224,0.));
#1300=CARTESIAN_POINT('',(-0.120795671329675,0.151795706273224,-0.003));
#1301=CARTESIAN_POINT('',(-0.122937430685221,0.150952044826828,-0.003));
#1302=CARTESIAN_POINT('',(-0.12983038069821,-0.170669475188094,-0.015));
#1303=CARTESIAN_POINT('',(-0.12983038069821,0.170669475188094,-0.015));
#1304=CARTESIAN_POINT('',(0.0196495243932998,-0.170669475188094,-0.015));
#1305=CARTESIAN_POINT('',(0.0196495243932998,0.170669475188094,-0.015));
#1306=CARTESIAN_POINT('',(-0.1094615744017,0.153035967063245,-0.015));
#1307=CARTESIAN_POINT('',(-0.119696167649503,0.149004453569278,-0.015));
#1308=CARTESIAN_POINT('',(-0.1094615744017,0.153035967063245,-0.015));
#1309=CARTESIAN_POINT('',(-0.107995569494803,0.149314296791317,-0.015));
#1310=CARTESIAN_POINT('',(-0.104273899222875,0.150780301698214,-0.015));
#1311=CARTESIAN_POINT('',(-0.0388515414569403,-0.0153040291736768,-0.015));
#1312=CARTESIAN_POINT('',(0.0117709767096229,-0.143816778390453,-0.015));
#1313=CARTESIAN_POINT('',(0.00804930643769476,-0.14528278329735,-0.015));
#1314=CARTESIAN_POINT('',(0.0120493064376948,-0.14528278329735,-0.015));
#1315=CARTESIAN_POINT('',(0.00804930643769476,-0.14528278329735,-0.015));
#1316=CARTESIAN_POINT('',(0.00951531134459194,-0.149004453569278,-0.015));
#1317=CARTESIAN_POINT('',(0.0520885230734606,-0.132234419488704,-0.015));
#1318=CARTESIAN_POINT('',(-0.000719281903209475,-0.153035967063245,-0.015));
#1319=CARTESIAN_POINT('',(-0.00218528681010667,-0.149314296791317,-0.015));
#1320=CARTESIAN_POINT('',(-0.00590695708203478,-0.150780301698214,-0.015));
#1321=CARTESIAN_POINT('',(-0.0565294752485982,-0.0222675524814382,-0.015));
#1322=CARTESIAN_POINT('',(-0.121951833014533,0.143816778390453,-0.015));
#1323=CARTESIAN_POINT('',(-0.118230162742605,0.14528278329735,-0.015));
#1324=CARTESIAN_POINT('',(-0.102641264222895,0.143780062712975,-0.015));
#1325=CARTESIAN_POINT('',(-0.104907285055163,0.148133048231106,-0.015));
#1326=CARTESIAN_POINT('',(-0.100375243390627,0.139427077194844,-0.015));
#1327=CARTESIAN_POINT('',(-0.109810091512304,0.148347109383923,-0.015));
#1328=CARTESIAN_POINT('',(-0.114712897969446,0.14856117053674,-0.015));
#1329=CARTESIAN_POINT('',(-0.117349683594319,0.144422246171425,-0.015));
#1330=CARTESIAN_POINT('',(-0.119986469219193,0.14028332180611,-0.015));
#1331=CARTESIAN_POINT('',(-0.117720448386925,0.135930336287979,-0.015));
#1332=CARTESIAN_POINT('',(-0.115454427554657,0.131577350769848,-0.015));
#1333=CARTESIAN_POINT('',(-0.110551621097515,0.131363289617031,-0.015));
#1334=CARTESIAN_POINT('',(-0.105648814640374,0.131149228464215,-0.015));
#1335=CARTESIAN_POINT('',(-0.1030120290155,0.135288152829529,-0.015));
#1336=CARTESIAN_POINT('',(-0.0475508360704401,0.00392486321249778,-0.015));
#1337=CARTESIAN_POINT('',(-0.0498168569027081,0.00827784873062905,-0.015));
#1338=CARTESIAN_POINT('',(-0.045284815238172,-0.00042812230563348,-0.015));
#1339=CARTESIAN_POINT('',(-0.0547196633598496,0.00849190988344579,-0.015));
#1340=CARTESIAN_POINT('',(-0.0596224698169911,0.00870597103626253,-0.015));
#1341=CARTESIAN_POINT('',(-0.0622592554418645,0.004567046670948,-0.015));
#1342=CARTESIAN_POINT('',(-0.0648960410667379,0.00042812230563347,-0.015));
#1343=CARTESIAN_POINT('',(-0.0626300202344698,-0.0039248632124978,-0.015));
#1344=CARTESIAN_POINT('',(-0.0603639994022018,-0.00827784873062906,-0.015));
#1345=CARTESIAN_POINT('',(-0.0554611929450603,-0.00849190988344578,-0.015));
#1346=CARTESIAN_POINT('',(-0.0505583864879188,-0.00870597103626252,-0.015));
#1347=CARTESIAN_POINT('',(-0.0479216008630454,-0.00456704667094801,-0.015));
#1348=CARTESIAN_POINT('',(0.00753959208201486,-0.135930336287979,-0.015));
#1349=CARTESIAN_POINT('',(0.00527357124974678,-0.131577350769848,-0.015));
#1350=CARTESIAN_POINT('',(0.00980561291428293,-0.14028332180611,-0.015));
#1351=CARTESIAN_POINT('',(0.000370764792605309,-0.131363289617031,-0.015));
#1352=CARTESIAN_POINT('',(-0.00453204166453616,-0.131149228464215,-0.015));
#1353=CARTESIAN_POINT('',(-0.00716882728940959,-0.135288152829529,-0.015));
#1354=CARTESIAN_POINT('',(-0.00980561291428297,-0.139427077194844,-0.015));
#1355=CARTESIAN_POINT('',(-0.0075395920820149,-0.143780062712975,-0.015));
#1356=CARTESIAN_POINT('',(-0.00527357124974682,-0.148133048231106,-0.015));
#1357=CARTESIAN_POINT('',(-0.000370764792605347,-0.148347109383923,-0.015));
#1358=CARTESIAN_POINT('',(0.00453204166453615,-0.14856117053674,-0.015));
#1359=CARTESIAN_POINT('',(0.00716882728940953,-0.144422246171425,-0.015));
#1360=CARTESIAN_POINT('',(-0.12983038069821,-0.170669475188094,0.));
#1361=CARTESIAN_POINT('',(-0.12983038069821,0.170669475188094,0.));
#1362=CARTESIAN_POINT('',(0.0196495243932998,-0.170669475188094,0.));
#1363=CARTESIAN_POINT('',(0.0196495243932998,0.170669475188094,0.));
#1364=CARTESIAN_POINT('',(-0.104273899222875,0.150780301698214,0.));
#1365=CARTESIAN_POINT('',(0.0117709767096229,-0.143816778390453,0.));
#1366=CARTESIAN_POINT('',(-0.104273899222875,0.150780301698214,0.));
#1367=CARTESIAN_POINT('',(-0.107995569494803,0.149314296791317,0.));
#1368=CARTESIAN_POINT('',(-0.1094615744017,0.153035967063245,0.));
#1369=CARTESIAN_POINT('',(-0.0668883626728326,0.169806001143819,0.));
#1370=CARTESIAN_POINT('',(-0.119696167649503,0.149004453569278,0.));
#1371=CARTESIAN_POINT('',(-0.118230162742605,0.14528278329735,0.));
#1372=CARTESIAN_POINT('',(-0.121951833014533,0.143816778390453,0.));
#1373=CARTESIAN_POINT('',(-0.00590695708203472,-0.150780301698214,0.));
#1374=CARTESIAN_POINT('',(-0.00590695708203478,-0.150780301698214,0.));
#1375=CARTESIAN_POINT('',(-0.00218528681010667,-0.149314296791317,0.));
#1376=CARTESIAN_POINT('',(-0.000719281903209484,-0.153035967063245,0.));
#1377=CARTESIAN_POINT('',(0.00951531134459195,-0.149004453569278,0.));
#1378=CARTESIAN_POINT('',(0.00951531134459195,-0.149004453569278,0.));
#1379=CARTESIAN_POINT('',(0.00804930643769476,-0.14528278329735,0.));
#1380=CARTESIAN_POINT('',(0.0120493064376948,-0.14528278329735,0.));
#1381=CARTESIAN_POINT('',(0.00804930643769476,-0.14528278329735,0.));
#1382=CARTESIAN_POINT('',(0.00576385189546093,-0.13159875688513,-0.0155));
#1383=CARTESIAN_POINT('',(0.00576385189546093,-0.13159875688513,-0.0045));
#1384=CARTESIAN_POINT('',(-0.0050223223102503,-0.131127822348933,-0.0155));
#1385=CARTESIAN_POINT('',(-0.0050223223102503,-0.131127822348933,-0.0045));
#1386=CARTESIAN_POINT('',(0.00527357124974678,-0.131577350769848,-0.005));
#1387=CARTESIAN_POINT('',(0.00527357124974678,-0.131577350769848,-0.005));
#1388=CARTESIAN_POINT('',(0.000370764792605309,-0.131363289617031,-0.005));
#1389=CARTESIAN_POINT('',(-0.00453204166453616,-0.131149228464215,-0.005));
#1390=CARTESIAN_POINT('',(-0.00453204166453616,-0.131149228464215,-0.005));
#1391=CARTESIAN_POINT('',(0.0100322149975097,-0.140718620357924,-0.0155));
#1392=CARTESIAN_POINT('',(0.0100322149975097,-0.140718620357924,-0.0045));
#1393=CARTESIAN_POINT('',(0.00504696916651999,-0.131142052218035,-0.0155));
#1394=CARTESIAN_POINT('',(0.00504696916651999,-0.131142052218035,-0.0045));
#1395=CARTESIAN_POINT('',(0.00980561291428293,-0.14028332180611,-0.005));
#1396=CARTESIAN_POINT('',(0.00980561291428293,-0.14028332180611,-0.005));
#1397=CARTESIAN_POINT('',(0.00753959208201486,-0.135930336287979,-0.005));
#1398=CARTESIAN_POINT('',(0.00426836310204877,-0.148975062973271,-0.0155));
#1399=CARTESIAN_POINT('',(0.00426836310204877,-0.148975062973271,-0.0045));
#1400=CARTESIAN_POINT('',(0.0100692914767703,-0.139869429369579,-0.0155));
#1401=CARTESIAN_POINT('',(0.0100692914767703,-0.139869429369579,-0.0045));
#1402=CARTESIAN_POINT('',(0.00453204166453615,-0.14856117053674,-0.005));
#1403=CARTESIAN_POINT('',(0.00453204166453615,-0.14856117053674,-0.005));
#1404=CARTESIAN_POINT('',(0.00716882728940953,-0.144422246171425,-0.005));
#1405=CARTESIAN_POINT('',(-0.00576385189546097,-0.148111642115825,-0.0155));
#1406=CARTESIAN_POINT('',(-0.00576385189546097,-0.148111642115825,-0.0045));
#1407=CARTESIAN_POINT('',(0.00502232231025029,-0.148582576652021,-0.0155));
#1408=CARTESIAN_POINT('',(0.00502232231025029,-0.148582576652021,-0.0045));
#1409=CARTESIAN_POINT('',(-0.00527357124974682,-0.148133048231106,-0.005));
#1410=CARTESIAN_POINT('',(-0.00527357124974682,-0.148133048231106,-0.005));
#1411=CARTESIAN_POINT('',(-0.000370764792605347,-0.148347109383923,-0.005));
#1412=CARTESIAN_POINT('',(-0.0100322149975099,-0.138991778643031,-0.0155));
#1413=CARTESIAN_POINT('',(-0.0100322149975099,-0.138991778643031,-0.0045));
#1414=CARTESIAN_POINT('',(-0.00504696916652003,-0.148568346782919,-0.0155));
#1415=CARTESIAN_POINT('',(-0.00504696916652003,-0.148568346782919,-0.0045));
#1416=CARTESIAN_POINT('',(-0.00980561291428299,-0.139427077194844,-0.005));
#1417=CARTESIAN_POINT('',(-0.00980561291428299,-0.139427077194844,-0.005));
#1418=CARTESIAN_POINT('',(-0.0075395920820149,-0.143780062712975,-0.005));
#1419=CARTESIAN_POINT('',(-0.00426836310204892,-0.130735336027683,-0.0155));
#1420=CARTESIAN_POINT('',(-0.00426836310204892,-0.130735336027683,-0.0045));
#1421=CARTESIAN_POINT('',(-0.0100692914767703,-0.139840969631375,-0.0155));
#1422=CARTESIAN_POINT('',(-0.0100692914767703,-0.139840969631375,-0.0045));
#1423=CARTESIAN_POINT('',(-0.00716882728940959,-0.135288152829529,-0.005));
#1424=CARTESIAN_POINT('',(-0.0109156082961798,-0.13016371254291,-0.005));
#1425=CARTESIAN_POINT('',(-0.0109156082961798,-0.149546686458045,-0.005));
#1426=CARTESIAN_POINT('',(0.0109156082961798,-0.13016371254291,-0.005));
#1427=CARTESIAN_POINT('',(0.0109156082961798,-0.149546686458045,-0.005));
#1428=CARTESIAN_POINT('',(-0.0493265762569939,0.00825644261534737,-0.0155));
#1429=CARTESIAN_POINT('',(-0.0493265762569939,0.00825644261534737,-0.0045));
#1430=CARTESIAN_POINT('',(-0.0601127504627053,0.00872737715154421,-0.0155));
#1431=CARTESIAN_POINT('',(-0.0601127504627053,0.00872737715154421,-0.0045));
#1432=CARTESIAN_POINT('',(-0.0498168569027081,0.00827784873062905,-0.005));
#1433=CARTESIAN_POINT('',(-0.0498168569027081,0.00827784873062905,-0.005));
#1434=CARTESIAN_POINT('',(-0.0547196633598496,0.00849190988344579,-0.005));
#1435=CARTESIAN_POINT('',(-0.0596224698169911,0.00870597103626253,-0.005));
#1436=CARTESIAN_POINT('',(-0.0596224698169911,0.00870597103626253,-0.005));
#1437=CARTESIAN_POINT('',(-0.0450582131549452,-0.000863420857446623,-0.0155));
#1438=CARTESIAN_POINT('',(-0.0450582131549452,-0.000863420857446623,-0.0045));
#1439=CARTESIAN_POINT('',(-0.0500434589859349,0.00871314728244215,-0.0155));
#1440=CARTESIAN_POINT('',(-0.0500434589859349,0.00871314728244215,-0.0045));
#1441=CARTESIAN_POINT('',(-0.045284815238172,-0.00042812230563348,-0.005));
#1442=CARTESIAN_POINT('',(-0.045284815238172,-0.00042812230563348,-0.005));
#1443=CARTESIAN_POINT('',(-0.0475508360704401,0.00392486321249778,-0.005));
#1444=CARTESIAN_POINT('',(-0.0508220650504062,-0.00911986347279397,-0.0155));
#1445=CARTESIAN_POINT('',(-0.0508220650504062,-0.00911986347279397,-0.0045));
#1446=CARTESIAN_POINT('',(-0.0450211366756846,-1.42298691020396E-05,-0.0155));
#1447=CARTESIAN_POINT('',(-0.0450211366756846,-1.42298691020396E-05,-0.0045));
#1448=CARTESIAN_POINT('',(-0.0505583864879188,-0.00870597103626252,-0.005));
#1449=CARTESIAN_POINT('',(-0.0505583864879188,-0.00870597103626252,-0.005));
#1450=CARTESIAN_POINT('',(-0.0479216008630454,-0.00456704667094801,-0.005));
#1451=CARTESIAN_POINT('',(-0.060854280047916,-0.00825644261534736,-0.0155));
#1452=CARTESIAN_POINT('',(-0.060854280047916,-0.00825644261534736,-0.0045));
#1453=CARTESIAN_POINT('',(-0.0500681058422046,-0.0087273771515442,-0.0155));
#1454=CARTESIAN_POINT('',(-0.0500681058422046,-0.0087273771515442,-0.0045));
#1455=CARTESIAN_POINT('',(-0.0603639994022018,-0.00827784873062906,-0.005));
#1456=CARTESIAN_POINT('',(-0.0603639994022018,-0.00827784873062906,-0.005));
#1457=CARTESIAN_POINT('',(-0.0554611929450603,-0.00849190988344578,-0.005));
#1458=CARTESIAN_POINT('',(-0.0651226431499647,0.000863420857446617,-0.0155));
#1459=CARTESIAN_POINT('',(-0.0651226431499647,0.000863420857446617,-0.0045));
#1460=CARTESIAN_POINT('',(-0.060137397318975,-0.00871314728244216,-0.0155));
#1461=CARTESIAN_POINT('',(-0.060137397318975,-0.00871314728244216,-0.0045));
#1462=CARTESIAN_POINT('',(-0.0648960410667379,0.000428122305633468,-0.005));
#1463=CARTESIAN_POINT('',(-0.0648960410667379,0.000428122305633468,-0.005));
#1464=CARTESIAN_POINT('',(-0.0626300202344698,-0.0039248632124978,-0.005));
#1465=CARTESIAN_POINT('',(-0.0593587912545037,0.00911986347279398,-0.0155));
#1466=CARTESIAN_POINT('',(-0.0593587912545037,0.00911986347279398,-0.0045));
#1467=CARTESIAN_POINT('',(-0.0651597196292253,1.42298691020145E-05,-0.0155));
#1468=CARTESIAN_POINT('',(-0.0651597196292253,1.42298691020145E-05,-0.0045));
#1469=CARTESIAN_POINT('',(-0.0622592554418645,0.004567046670948,-0.005));
#1470=CARTESIAN_POINT('',(-0.0660060364486347,0.00969148695756745,-0.005));
#1471=CARTESIAN_POINT('',(-0.0660060364486347,-0.00969148695756744,-0.005));
#1472=CARTESIAN_POINT('',(-0.0441748198562752,0.00969148695756745,-0.005));
#1473=CARTESIAN_POINT('',(-0.0441748198562752,-0.00969148695756744,-0.005));
#1474=CARTESIAN_POINT('',(-0.104417004409449,0.148111642115825,-0.0155));
#1475=CARTESIAN_POINT('',(-0.104417004409449,0.148111642115825,-0.0045));
#1476=CARTESIAN_POINT('',(-0.11520317861516,0.148582576652021,-0.0155));
#1477=CARTESIAN_POINT('',(-0.11520317861516,0.148582576652021,-0.0045));
#1478=CARTESIAN_POINT('',(-0.104907285055163,0.148133048231106,-0.005));
#1479=CARTESIAN_POINT('',(-0.104907285055163,0.148133048231106,-0.005));
#1480=CARTESIAN_POINT('',(-0.109810091512304,0.148347109383923,-0.005));
#1481=CARTESIAN_POINT('',(-0.114712897969446,0.14856117053674,-0.005));
#1482=CARTESIAN_POINT('',(-0.114712897969446,0.14856117053674,-0.005));
#1483=CARTESIAN_POINT('',(-0.1001486413074,0.138991778643031,-0.0155));
#1484=CARTESIAN_POINT('',(-0.1001486413074,0.138991778643031,-0.0045));
#1485=CARTESIAN_POINT('',(-0.10513388713839,0.148568346782919,-0.0155));
#1486=CARTESIAN_POINT('',(-0.10513388713839,0.148568346782919,-0.0045));
#1487=CARTESIAN_POINT('',(-0.100375243390627,0.139427077194844,-0.005));
#1488=CARTESIAN_POINT('',(-0.100375243390627,0.139427077194844,-0.005));
#1489=CARTESIAN_POINT('',(-0.102641264222895,0.143780062712975,-0.005));
#1490=CARTESIAN_POINT('',(-0.105912493202861,0.130735336027683,-0.0155));
#1491=CARTESIAN_POINT('',(-0.105912493202861,0.130735336027683,-0.0045));
#1492=CARTESIAN_POINT('',(-0.10011156482814,0.139840969631375,-0.0155));
#1493=CARTESIAN_POINT('',(-0.10011156482814,0.139840969631375,-0.0045));
#1494=CARTESIAN_POINT('',(-0.105648814640374,0.131149228464215,-0.005));
#1495=CARTESIAN_POINT('',(-0.105648814640374,0.131149228464215,-0.005));
#1496=CARTESIAN_POINT('',(-0.1030120290155,0.135288152829529,-0.005));
#1497=CARTESIAN_POINT('',(-0.115944708200371,0.13159875688513,-0.0155));
#1498=CARTESIAN_POINT('',(-0.115944708200371,0.13159875688513,-0.0045));
#1499=CARTESIAN_POINT('',(-0.105158533994659,0.131127822348933,-0.0155));
#1500=CARTESIAN_POINT('',(-0.105158533994659,0.131127822348933,-0.0045));
#1501=CARTESIAN_POINT('',(-0.115454427554657,0.131577350769848,-0.005));
#1502=CARTESIAN_POINT('',(-0.115454427554657,0.131577350769848,-0.005));
#1503=CARTESIAN_POINT('',(-0.110551621097515,0.131363289617031,-0.005));
#1504=CARTESIAN_POINT('',(-0.120213071302419,0.140718620357924,-0.0155));
#1505=CARTESIAN_POINT('',(-0.120213071302419,0.140718620357924,-0.0045));
#1506=CARTESIAN_POINT('',(-0.11522782547143,0.131142052218035,-0.0155));
#1507=CARTESIAN_POINT('',(-0.11522782547143,0.131142052218035,-0.0045));
#1508=CARTESIAN_POINT('',(-0.119986469219193,0.14028332180611,-0.005));
#1509=CARTESIAN_POINT('',(-0.119986469219193,0.14028332180611,-0.005));
#1510=CARTESIAN_POINT('',(-0.117720448386925,0.135930336287979,-0.005));
#1511=CARTESIAN_POINT('',(-0.114449219406959,0.148975062973271,-0.0155));
#1512=CARTESIAN_POINT('',(-0.114449219406959,0.148975062973271,-0.0045));
#1513=CARTESIAN_POINT('',(-0.12025014778168,0.139869429369579,-0.0155));
#1514=CARTESIAN_POINT('',(-0.12025014778168,0.139869429369579,-0.0045));
#1515=CARTESIAN_POINT('',(-0.117349683594319,0.144422246171425,-0.005));
#1516=CARTESIAN_POINT('',(-0.12109646460109,0.149546686458045,-0.005));
#1517=CARTESIAN_POINT('',(-0.12109646460109,0.13016371254291,-0.005));
#1518=CARTESIAN_POINT('',(-0.0992652480087302,0.149546686458045,-0.005));
#1519=CARTESIAN_POINT('',(-0.0992652480087302,0.13016371254291,-0.005));
#1520=CARTESIAN_POINT('',(0.00934897274539384,-0.152161072873155,-0.01245));
#1521=CARTESIAN_POINT('',(0.00934897274539384,-0.152161072873155,-0.00255));
#1522=CARTESIAN_POINT('',(0.0147053315878497,-0.151148978362919,-0.01245));
#1523=CARTESIAN_POINT('',(0.0147053315878497,-0.151148978362919,-0.00255));
#1524=CARTESIAN_POINT('',(0.0168789681502594,-0.146149956514461,-0.01245));
#1525=CARTESIAN_POINT('',(0.0168789681502594,-0.146149956514461,-0.00255));
#1526=CARTESIAN_POINT('',(0.0139661392702478,-0.141542316851621,-0.01245));
#1527=CARTESIAN_POINT('',(0.0139661392702478,-0.141542316851621,-0.00255));
#1528=CARTESIAN_POINT('',(0.00804930643769476,-0.14528278329735,-0.012));
#1529=CARTESIAN_POINT('',(0.0150493064376948,-0.14528278329735,-0.012));
#1530=CARTESIAN_POINT('',(0.00804930643769476,-0.14528278329735,-0.012));
#1531=CARTESIAN_POINT('',(0.00804930643769476,-0.14528278329735,-0.003));
#1532=CARTESIAN_POINT('',(0.0150493064376948,-0.14528278329735,-0.003));
#1533=CARTESIAN_POINT('',(0.00804930643769476,-0.14528278329735,-0.003));
#1534=CARTESIAN_POINT('',(-0.00906357638591199,-0.150613963099016,-0.01245));
#1535=CARTESIAN_POINT('',(-0.00906357638591199,-0.150613963099016,-0.00255));
#1536=CARTESIAN_POINT('',(-0.00805148187567607,-0.155970321941472,-0.01245));
#1537=CARTESIAN_POINT('',(-0.00805148187567607,-0.155970321941472,-0.00255));
#1538=CARTESIAN_POINT('',(-0.00305246002721784,-0.158143958503882,-0.01245));
#1539=CARTESIAN_POINT('',(-0.00305246002721784,-0.158143958503882,-0.00255));
#1540=CARTESIAN_POINT('',(0.00155517963562216,-0.15523112962387,-0.01245));
#1541=CARTESIAN_POINT('',(0.00155517963562216,-0.15523112962387,-0.00255));
#1542=CARTESIAN_POINT('',(-0.00218528681010667,-0.149314296791317,-0.012));
#1543=CARTESIAN_POINT('',(-0.00218528681010667,-0.149314296791317,-0.003));
#1544=CARTESIAN_POINT('',(-0.124146995575158,0.141542316851621,-0.00255));
#1545=CARTESIAN_POINT('',(-0.124146995575158,0.141542316851621,-0.01245));
#1546=CARTESIAN_POINT('',(-0.12705982445517,0.146149956514461,-0.00255));
#1547=CARTESIAN_POINT('',(-0.12705982445517,0.146149956514461,-0.01245));
#1548=CARTESIAN_POINT('',(-0.12488618789276,0.151148978362919,-0.00255));
#1549=CARTESIAN_POINT('',(-0.12488618789276,0.151148978362919,-0.01245));
#1550=CARTESIAN_POINT('',(-0.119529829050304,0.152161072873155,-0.00255));
#1551=CARTESIAN_POINT('',(-0.119529829050304,0.152161072873155,-0.01245));
#1552=CARTESIAN_POINT('',(-0.118230162742605,0.14528278329735,-0.012));
#1553=CARTESIAN_POINT('',(-0.118230162742605,0.14528278329735,-0.003));
#1554=CARTESIAN_POINT('',(-0.111736035940532,0.15523112962387,-0.00255));
#1555=CARTESIAN_POINT('',(-0.111736035940532,0.15523112962387,-0.01245));
#1556=CARTESIAN_POINT('',(-0.107128396277692,0.158143958503882,-0.00255));
#1557=CARTESIAN_POINT('',(-0.107128396277692,0.158143958503882,-0.01245));
#1558=CARTESIAN_POINT('',(-0.102129374429234,0.155970321941472,-0.00255));
#1559=CARTESIAN_POINT('',(-0.102129374429234,0.155970321941472,-0.01245));
#1560=CARTESIAN_POINT('',(-0.101117279918998,0.150613963099016,-0.00255));
#1561=CARTESIAN_POINT('',(-0.101117279918998,0.150613963099016,-0.01245));
#1562=CARTESIAN_POINT('',(-0.107995569494803,0.149314296791317,-0.012));
#1563=CARTESIAN_POINT('',(-0.107995569494803,0.149314296791317,-0.003));
#1564=CARTESIAN_POINT('',(-0.00901136206362416,-0.150604097100397,-0.0114378560562428));
#1565=CARTESIAN_POINT('',(-0.00800695054323069,-0.15591979486806,-0.0114378560562428));
#1566=CARTESIAN_POINT('',(-0.0030458771607453,-0.158076930967854,-0.0114378560562428));
#1567=CARTESIAN_POINT('',(0.00152678508806034,-0.155186213891109,-0.0114378560562428));
#1568=CARTESIAN_POINT('',(-0.00944151130417801,-0.150685374643174,-0.0137326778763854));
#1569=CARTESIAN_POINT('',(-0.00837380618729538,-0.156336044305059,-0.0137326778763854));
#1570=CARTESIAN_POINT('',(-0.00310010777965978,-0.158629113634511,-0.0137326778763854));
#1571=CARTESIAN_POINT('',(0.00176070353293173,-0.15555623628132,-0.0137326778763854));
#1572=CARTESIAN_POINT('',(-0.00781828944990543,-0.150378663689721,-0.0153846224266521));
#1573=CARTESIAN_POINT('',(-0.00698943062024263,-0.154765275094597,-0.0153846224266521));
#1574=CARTESIAN_POINT('',(-0.00289546176963917,-0.156545383413544,-0.0153846224266521));
#1575=CARTESIAN_POINT('',(0.000877983081434997,-0.154159910602381,-0.0153846224266521));
#1576=CARTESIAN_POINT('',(-0.00556336816364578,-0.149952591889462,-0.0149468617521861));
#1577=CARTESIAN_POINT('',(-0.00506630598628807,-0.152583219130312,-0.0149468617521861));
#1578=CARTESIAN_POINT('',(-0.00261117490957202,-0.153650740504619,-0.0149468617521861));
#1579=CARTESIAN_POINT('',(-0.000348260349589291,-0.15222018530377,-0.0149468617521861));
#1580=CARTESIAN_POINT('',(-0.000719281903209495,-0.153035967063245,-0.012));
#1581=CARTESIAN_POINT('',(-0.00590695708203478,-0.150780301698214,-0.012));
#1582=CARTESIAN_POINT('',(0.000418315315596681,-0.165304129257665,-0.0149468617521861));
#1583=CARTESIAN_POINT('',(-0.127231048210152,0.158752658839869,-0.0149468617521861));
#1584=CARTESIAN_POINT('',(-0.00171682722125249,-0.166145184269861,-0.0153846224266521));
#1585=CARTESIAN_POINT('',(-0.129366190747001,0.157911603827673,-0.0153846224266521));
#1586=CARTESIAN_POINT('',(-0.0032538254521528,-0.166750623974014,-0.0137326778763854));
#1587=CARTESIAN_POINT('',(-0.130903188977902,0.15730616412352,-0.0137326778763854));
#1588=CARTESIAN_POINT('',(-0.00284652523005799,-0.166590184149811,-0.0114378560562428));
#1589=CARTESIAN_POINT('',(-0.130495888755807,0.157466603947723,-0.0114378560562428));
#1590=CARTESIAN_POINT('',(-0.121951833014533,0.143816778390453,-0.012));
#1591=CARTESIAN_POINT('',(0.00982101456199937,-0.148279849293573,-0.014946861752186));
#1592=CARTESIAN_POINT('',(-0.00143703801058228,-0.152714514136937,-0.014946861752186));
#1593=CARTESIAN_POINT('',(0.0106620695741953,-0.150414991830422,-0.0153846224266521));
#1594=CARTESIAN_POINT('',(-0.000595982998386327,-0.154849656673786,-0.0153846224266521));
#1595=CARTESIAN_POINT('',(0.0112675092783486,-0.151951990061323,-0.0137326778763855));
#1596=CARTESIAN_POINT('',(9.45670576694912E-06,-0.156386654904686,-0.0137326778763855));
#1597=CARTESIAN_POINT('',(0.0111070694541452,-0.151544689839228,-0.0114378560562428));
#1598=CARTESIAN_POINT('',(-0.000150983118436492,-0.155979354682592,-0.0114378560562428));
#1599=CARTESIAN_POINT('',(0.00951531134459195,-0.149004453569278,-0.012));
#1600=CARTESIAN_POINT('',(-0.119519963051685,0.152108858550867,-0.0114378560562428));
#1601=CARTESIAN_POINT('',(-0.124835660819348,0.151104447030473,-0.0114378560562428));
#1602=CARTESIAN_POINT('',(-0.126992796919142,0.146143373647988,-0.0114378560562428));
#1603=CARTESIAN_POINT('',(-0.124102079842397,0.141570711399183,-0.0114378560562428));
#1604=CARTESIAN_POINT('',(-0.119601240594462,0.152539007791421,-0.0137326778763855));
#1605=CARTESIAN_POINT('',(-0.125251910256347,0.151471302674538,-0.0137326778763855));
#1606=CARTESIAN_POINT('',(-0.127544979585799,0.146197604266903,-0.0137326778763855));
#1607=CARTESIAN_POINT('',(-0.124472102232609,0.141336792954311,-0.0137326778763855));
#1608=CARTESIAN_POINT('',(-0.11929452964101,0.150915785937148,-0.0153846224266522));
#1609=CARTESIAN_POINT('',(-0.123681141045885,0.150086927107485,-0.0153846224266522));
#1610=CARTESIAN_POINT('',(-0.125461249364832,0.145992958256882,-0.0153846224266522));
#1611=CARTESIAN_POINT('',(-0.123075776553669,0.142219513405808,-0.0153846224266522));
#1612=CARTESIAN_POINT('',(-0.118868457840751,0.148660864650889,-0.014946861752186));
#1613=CARTESIAN_POINT('',(-0.1214990850816,0.148163802473531,-0.014946861752186));
#1614=CARTESIAN_POINT('',(-0.122566606455908,0.145708671396815,-0.014946861752186));
#1615=CARTESIAN_POINT('',(-0.121136051255058,0.143445756836832,-0.014946861752186));
#1616=CARTESIAN_POINT('',(-0.119696167649503,0.149004453569278,-0.012));
#1617=CARTESIAN_POINT('',(0.00933910674677469,-0.152108858550867,-0.0114378560562428));
#1618=CARTESIAN_POINT('',(0.0146548045144377,-0.151104447030474,-0.0114378560562428));
#1619=CARTESIAN_POINT('',(0.0168119406142316,-0.146143373647989,-0.0114378560562428));
#1620=CARTESIAN_POINT('',(0.0139212235374864,-0.141570711399183,-0.0114378560562428));
#1621=CARTESIAN_POINT('',(0.0094203842895517,-0.152539007791421,-0.0137326778763854));
#1622=CARTESIAN_POINT('',(0.0150710539514369,-0.151471302674538,-0.0137326778763854));
#1623=CARTESIAN_POINT('',(0.0173641232808885,-0.146197604266903,-0.0137326778763854));
#1624=CARTESIAN_POINT('',(0.0142912459276979,-0.141336792954312,-0.0137326778763854));
#1625=CARTESIAN_POINT('',(0.00911367333609902,-0.150915785937149,-0.0153846224266521));
#1626=CARTESIAN_POINT('',(0.0135002847409745,-0.150086927107486,-0.0153846224266521));
#1627=CARTESIAN_POINT('',(0.0152803930599214,-0.145992958256882,-0.0153846224266521));
#1628=CARTESIAN_POINT('',(0.0128949202487586,-0.142219513405808,-0.0153846224266521));
#1629=CARTESIAN_POINT('',(0.00868760153584017,-0.148660864650889,-0.0149468617521861));
#1630=CARTESIAN_POINT('',(0.0113182287766897,-0.148163802473531,-0.0149468617521861));
#1631=CARTESIAN_POINT('',(0.012385750150997,-0.145708671396815,-0.0149468617521861));
#1632=CARTESIAN_POINT('',(0.0109551949501474,-0.143445756836833,-0.0149468617521861));
#1633=CARTESIAN_POINT('',(0.0117709767096229,-0.143816778390453,-0.012));
#1634=CARTESIAN_POINT('',(-0.12000187086691,0.148279849293573,-0.0149468617521861));
#1635=CARTESIAN_POINT('',(-0.108743818294328,0.152714514136937,-0.0149468617521861));
#1636=CARTESIAN_POINT('',(-0.120842925879106,0.150414991830422,-0.0153846224266521));
#1637=CARTESIAN_POINT('',(-0.109584873306523,0.154849656673786,-0.0153846224266521));
#1638=CARTESIAN_POINT('',(-0.121448365583259,0.151951990061322,-0.0137326778763854));
#1639=CARTESIAN_POINT('',(-0.110190313010677,0.156386654904686,-0.0137326778763854));
#1640=CARTESIAN_POINT('',(-0.121287925759056,0.151544689839228,-0.0114378560562428));
#1641=CARTESIAN_POINT('',(-0.110029873186473,0.155979354682592,-0.0114378560562428));
#1642=CARTESIAN_POINT('',(-0.1094615744017,0.153035967063245,-0.012));
#1643=CARTESIAN_POINT('',(-0.110599171620506,0.165304129257665,-0.0149468617521861));
#1644=CARTESIAN_POINT('',(0.0170501919052415,-0.158752658839869,-0.0149468617521861));
#1645=CARTESIAN_POINT('',(-0.108464029083657,0.166145184269861,-0.0153846224266521));
#1646=CARTESIAN_POINT('',(0.0191853344420906,-0.157911603827673,-0.0153846224266521));
#1647=CARTESIAN_POINT('',(-0.106927030852757,0.166750623974014,-0.0137326778763854));
#1648=CARTESIAN_POINT('',(0.0207223326729909,-0.15730616412352,-0.0137326778763854));
#1649=CARTESIAN_POINT('',(-0.107334331074852,0.166590184149811,-0.0114378560562428));
#1650=CARTESIAN_POINT('',(0.0203150324508961,-0.157466603947723,-0.0114378560562428));
#1651=CARTESIAN_POINT('',(-0.104273899222875,0.150780301698214,-0.012));
#1652=CARTESIAN_POINT('',(-0.101169494241286,0.150604097100397,-0.0114378560562428));
#1653=CARTESIAN_POINT('',(-0.102173905761679,0.15591979486806,-0.0114378560562428));
#1654=CARTESIAN_POINT('',(-0.107134979144165,0.158076930967854,-0.0114378560562428));
#1655=CARTESIAN_POINT('',(-0.11170764139297,0.155186213891109,-0.0114378560562428));
#1656=CARTESIAN_POINT('',(-0.100739345000732,0.150685374643173,-0.0137326778763854));
#1657=CARTESIAN_POINT('',(-0.101807050117614,0.156336044305059,-0.0137326778763854));
#1658=CARTESIAN_POINT('',(-0.10708074852525,0.158629113634511,-0.0137326778763854));
#1659=CARTESIAN_POINT('',(-0.111941559837842,0.15555623628132,-0.0137326778763854));
#1660=CARTESIAN_POINT('',(-0.102362566855004,0.150378663689721,-0.0153846224266521));
#1661=CARTESIAN_POINT('',(-0.103191425684667,0.154765275094597,-0.0153846224266521));
#1662=CARTESIAN_POINT('',(-0.107285394535271,0.156545383413544,-0.0153846224266521));
#1663=CARTESIAN_POINT('',(-0.111058839386345,0.154159910602381,-0.0153846224266521));
#1664=CARTESIAN_POINT('',(-0.104617488141264,0.149952591889462,-0.014946861752186));
#1665=CARTESIAN_POINT('',(-0.105114550318622,0.152583219130312,-0.014946861752186));
#1666=CARTESIAN_POINT('',(-0.107569681395338,0.153650740504619,-0.014946861752186));
#1667=CARTESIAN_POINT('',(-0.109832595955321,0.15222018530377,-0.014946861752186));
#1668=CARTESIAN_POINT('',(-0.00556336816364577,-0.149952591889462,-5.31382478139524E-05));
#1669=CARTESIAN_POINT('',(-0.00506630598628806,-0.152583219130312,-5.31382478139524E-05));
#1670=CARTESIAN_POINT('',(-0.00261117490957205,-0.153650740504619,-5.31382478139524E-05));
#1671=CARTESIAN_POINT('',(-0.000348260349589319,-0.15222018530377,-5.31382478139524E-05));
#1672=CARTESIAN_POINT('',(-0.00781828944990543,-0.150378663689721,0.000384622426652113));
#1673=CARTESIAN_POINT('',(-0.00698943062024263,-0.154765275094597,0.000384622426652113));
#1674=CARTESIAN_POINT('',(-0.00289546176963919,-0.156545383413544,0.000384622426652113));
#1675=CARTESIAN_POINT('',(0.000877983081434969,-0.154159910602381,0.000384622426652113));
#1676=CARTESIAN_POINT('',(-0.00944151130417801,-0.150685374643174,-0.00126732212361455));
#1677=CARTESIAN_POINT('',(-0.00837380618729539,-0.156336044305059,-0.00126732212361455));
#1678=CARTESIAN_POINT('',(-0.00310010777965982,-0.158629113634511,-0.00126732212361455));
#1679=CARTESIAN_POINT('',(0.0017607035329317,-0.15555623628132,-0.00126732212361455));
#1680=CARTESIAN_POINT('',(-0.00901136206362416,-0.150604097100397,-0.00356214394375717));
#1681=CARTESIAN_POINT('',(-0.0080069505432307,-0.15591979486806,-0.00356214394375717));
#1682=CARTESIAN_POINT('',(-0.00304587716074534,-0.158076930967854,-0.00356214394375717));
#1683=CARTESIAN_POINT('',(0.00152678508806031,-0.155186213891109,-0.00356214394375717));
#1684=CARTESIAN_POINT('',(-0.00590695708203478,-0.150780301698214,-0.003));
#1685=CARTESIAN_POINT('',(-0.000719281903209492,-0.153035967063245,-0.003));
#1686=CARTESIAN_POINT('',(-0.00143703801058223,-0.152714514136937,-5.3138247813942E-05));
#1687=CARTESIAN_POINT('',(0.00982101456199942,-0.148279849293573,-5.3138247813942E-05));
#1688=CARTESIAN_POINT('',(-0.00059598299838629,-0.154849656673786,0.000384622426652078));
#1689=CARTESIAN_POINT('',(0.0106620695741954,-0.150414991830422,0.000384622426652078));
#1690=CARTESIAN_POINT('',(9.45670576696196E-06,-0.156386654904686,-0.00126732212361458));
#1691=CARTESIAN_POINT('',(0.0112675092783486,-0.151951990061323,-0.00126732212361458));
#1692=CARTESIAN_POINT('',(-0.000150983118436475,-0.155979354682592,-0.00356214394375717));
#1693=CARTESIAN_POINT('',(0.0111070694541452,-0.151544689839228,-0.00356214394375717));
#1694=CARTESIAN_POINT('',(0.00951531134459195,-0.149004453569278,-0.003));
#1695=CARTESIAN_POINT('',(-0.127231048210152,0.158752658839869,-5.31382478139641E-05));
#1696=CARTESIAN_POINT('',(0.000418315315596718,-0.165304129257665,-5.31382478139641E-05));
#1697=CARTESIAN_POINT('',(-0.129366190747001,0.157911603827673,0.000384622426652157));
#1698=CARTESIAN_POINT('',(-0.0017168272212525,-0.166145184269861,0.000384622426652157));
#1699=CARTESIAN_POINT('',(-0.130903188977902,0.157306164123519,-0.00126732212361451));
#1700=CARTESIAN_POINT('',(-0.00325382545215283,-0.166750623974014,-0.00126732212361451));
#1701=CARTESIAN_POINT('',(-0.130495888755807,0.157466603947723,-0.00356214394375717));
#1702=CARTESIAN_POINT('',(-0.00284652523005802,-0.166590184149811,-0.00356214394375717));
#1703=CARTESIAN_POINT('',(-0.121951833014533,0.143816778390453,-0.003));
#1704=CARTESIAN_POINT('',(0.00868760153584017,-0.148660864650889,-5.31382478139494E-05));
#1705=CARTESIAN_POINT('',(0.0113182287766897,-0.148163802473531,-5.31382478139494E-05));
#1706=CARTESIAN_POINT('',(0.012385750150997,-0.145708671396815,-5.31382478139494E-05));
#1707=CARTESIAN_POINT('',(0.0109551949501474,-0.143445756836833,-5.31382478139494E-05));
#1708=CARTESIAN_POINT('',(0.00911367333609903,-0.150915785937149,0.000384622426652098));
#1709=CARTESIAN_POINT('',(0.0135002847409745,-0.150086927107486,0.000384622426652098));
#1710=CARTESIAN_POINT('',(0.0152803930599214,-0.145992958256882,0.000384622426652098));
#1711=CARTESIAN_POINT('',(0.0128949202487586,-0.142219513405808,0.000384622426652098));
#1712=CARTESIAN_POINT('',(0.0094203842895517,-0.152539007791421,-0.00126732212361456));
#1713=CARTESIAN_POINT('',(0.0150710539514369,-0.151471302674538,-0.00126732212361456));
#1714=CARTESIAN_POINT('',(0.0173641232808886,-0.146197604266903,-0.00126732212361456));
#1715=CARTESIAN_POINT('',(0.0142912459276979,-0.141336792954312,-0.00126732212361456));
#1716=CARTESIAN_POINT('',(0.0093391067467747,-0.152108858550867,-0.00356214394375718));
#1717=CARTESIAN_POINT('',(0.0146548045144377,-0.151104447030474,-0.00356214394375718));
#1718=CARTESIAN_POINT('',(0.0168119406142316,-0.146143373647989,-0.00356214394375718));
#1719=CARTESIAN_POINT('',(0.0139212235374864,-0.141570711399183,-0.00356214394375718));
#1720=CARTESIAN_POINT('',(0.0117709767096229,-0.143816778390453,-0.003));
#1721=CARTESIAN_POINT('',(-0.118868457840751,0.148660864650889,-5.3138247813965E-05));
#1722=CARTESIAN_POINT('',(-0.1214990850816,0.148163802473531,-5.3138247813965E-05));
#1723=CARTESIAN_POINT('',(-0.122566606455908,0.145708671396815,-5.3138247813965E-05));
#1724=CARTESIAN_POINT('',(-0.121136051255058,0.143445756836832,-5.3138247813965E-05));
#1725=CARTESIAN_POINT('',(-0.119294529641009,0.150915785937148,0.000384622426652156));
#1726=CARTESIAN_POINT('',(-0.123681141045885,0.150086927107485,0.000384622426652156));
#1727=CARTESIAN_POINT('',(-0.125461249364832,0.145992958256882,0.000384622426652156));
#1728=CARTESIAN_POINT('',(-0.123075776553669,0.142219513405808,0.000384622426652156));
#1729=CARTESIAN_POINT('',(-0.119601240594462,0.152539007791421,-0.00126732212361451));
#1730=CARTESIAN_POINT('',(-0.125251910256347,0.151471302674538,-0.00126732212361451));
#1731=CARTESIAN_POINT('',(-0.127544979585799,0.146197604266903,-0.00126732212361451));
#1732=CARTESIAN_POINT('',(-0.124472102232609,0.141336792954311,-0.00126732212361451));
#1733=CARTESIAN_POINT('',(-0.119519963051685,0.152108858550867,-0.00356214394375717));
#1734=CARTESIAN_POINT('',(-0.124835660819348,0.151104447030473,-0.00356214394375717));
#1735=CARTESIAN_POINT('',(-0.126992796919142,0.146143373647988,-0.00356214394375717));
#1736=CARTESIAN_POINT('',(-0.124102079842397,0.141570711399183,-0.00356214394375717));
#1737=CARTESIAN_POINT('',(-0.119696167649503,0.149004453569278,-0.003));
#1738=CARTESIAN_POINT('',(0.0170501919052415,-0.158752658839869,-5.31382478139459E-05));
#1739=CARTESIAN_POINT('',(-0.110599171620506,0.165304129257665,-5.31382478139459E-05));
#1740=CARTESIAN_POINT('',(0.0191853344420906,-0.157911603827673,0.000384622426652089));
#1741=CARTESIAN_POINT('',(-0.108464029083657,0.166145184269861,0.000384622426652089));
#1742=CARTESIAN_POINT('',(0.0207223326729909,-0.15730616412352,-0.00126732212361457));
#1743=CARTESIAN_POINT('',(-0.106927030852757,0.166750623974014,-0.00126732212361457));
#1744=CARTESIAN_POINT('',(0.0203150324508961,-0.157466603947723,-0.00356214394375717));
#1745=CARTESIAN_POINT('',(-0.107334331074852,0.166590184149811,-0.00356214394375717));
#1746=CARTESIAN_POINT('',(-0.104273899222875,0.150780301698214,-0.003));
#1747=CARTESIAN_POINT('',(-0.108743818294328,0.152714514136937,-5.31382478139697E-05));
#1748=CARTESIAN_POINT('',(-0.12000187086691,0.148279849293573,-5.31382478139697E-05));
#1749=CARTESIAN_POINT('',(-0.109584873306524,0.154849656673786,0.000384622426652179));
#1750=CARTESIAN_POINT('',(-0.120842925879106,0.150414991830422,0.000384622426652179));
#1751=CARTESIAN_POINT('',(-0.110190313010677,0.156386654904687,-0.0012673221236145));
#1752=CARTESIAN_POINT('',(-0.121448365583259,0.151951990061323,-0.0012673221236145));
#1753=CARTESIAN_POINT('',(-0.110029873186473,0.155979354682592,-0.00356214394375717));
#1754=CARTESIAN_POINT('',(-0.121287925759056,0.151544689839228,-0.00356214394375717));
#1755=CARTESIAN_POINT('',(-0.1094615744017,0.153035967063245,-0.003));
#1756=CARTESIAN_POINT('',(-0.104617488141264,0.149952591889462,-5.31382478139533E-05));
#1757=CARTESIAN_POINT('',(-0.105114550318622,0.152583219130312,-5.31382478139533E-05));
#1758=CARTESIAN_POINT('',(-0.107569681395338,0.153650740504619,-5.31382478139533E-05));
#1759=CARTESIAN_POINT('',(-0.109832595955321,0.15222018530377,-5.31382478139533E-05));
#1760=CARTESIAN_POINT('',(-0.102362566855004,0.150378663689721,0.000384622426652112));
#1761=CARTESIAN_POINT('',(-0.103191425684667,0.154765275094597,0.000384622426652112));
#1762=CARTESIAN_POINT('',(-0.107285394535271,0.156545383413544,0.000384622426652112));
#1763=CARTESIAN_POINT('',(-0.111058839386345,0.154159910602381,0.000384622426652112));
#1764=CARTESIAN_POINT('',(-0.100739345000732,0.150685374643173,-0.00126732212361455));
#1765=CARTESIAN_POINT('',(-0.101807050117614,0.156336044305059,-0.00126732212361455));
#1766=CARTESIAN_POINT('',(-0.10708074852525,0.158629113634511,-0.00126732212361455));
#1767=CARTESIAN_POINT('',(-0.111941559837842,0.15555623628132,-0.00126732212361455));
#1768=CARTESIAN_POINT('',(-0.101169494241286,0.150604097100397,-0.00356214394375717));
#1769=CARTESIAN_POINT('',(-0.102173905761679,0.15591979486806,-0.00356214394375717));
#1770=CARTESIAN_POINT('',(-0.107134979144165,0.158076930967854,-0.00356214394375717));
#1771=CARTESIAN_POINT('',(-0.11170764139297,0.155186213891109,-0.00356214394375717));
#1772=MECHANICAL_DESIGN_GEOMETRIC_PRESENTATION_REPRESENTATION('',(#933),#1773);
#1773=(
GEOMETRIC_REPRESENTATION_CONTEXT(3)
GLOBAL_UNCERTAINTY_ASSIGNED_CONTEXT((#1774))
GLOBAL_UNIT_ASSIGNED_CONTEXT((#1777,#1776,#1775))
REPRESENTATION_CONTEXT('Joint_Bottom','TOP_LEVEL_ASSEMBLY_PART')
);
#1774=UNCERTAINTY_MEASURE_WITH_UNIT(LENGTH_MEASURE(1.E-08),#1777,'DISTANCE_ACCURACY_VALUE','Maximum Tolerance applied to model');
#1775=(
NAMED_UNIT(*)
SI_UNIT($,.STERADIAN.)
SOLID_ANGLE_UNIT()
);
#1776=(
NAMED_UNIT(*)
PLANE_ANGLE_UNIT()
SI_UNIT($,.RADIAN.)
);
#1777=(
LENGTH_UNIT()
NAMED_UNIT(*)
SI_UNIT($,.METRE.)
);
#1778=PRODUCT_DEFINITION_SHAPE('','',#1779);
#1779=PRODUCT_DEFINITION('','',#1781,#1780);
#1780=PRODUCT_DEFINITION_CONTEXT('',#1787,'design');
#1781=PRODUCT_DEFINITION_FORMATION_WITH_SPECIFIED_SOURCE('','',#1783,.NOT_KNOWN.);
#1782=PRODUCT_RELATED_PRODUCT_CATEGORY('','',(#1783));
#1783=PRODUCT('Joint_Bottom','Joint_Bottom','Joint_Bottom',(#1785));
#1784=PRODUCT_CATEGORY('','');
#1785=PRODUCT_CONTEXT('',#1787,'mechanical');
#1786=APPLICATION_PROTOCOL_DEFINITION('international standard','ap242_managed_model_based_3d_engineering',2020,#1787);
#1787=APPLICATION_CONTEXT('managed model based 3d engineering');
ENDSEC;
END-ISO-10303-21;
